Command line invocation:
    /Applications/Xcode.app/Contents/Developer/usr/bin/xcodebuild build -workspace Madabank.xcworkspace -scheme Transactions -destination "platform=iOS Simulator,name=iPhone 17 Pro"

Build Preparation
Build task concurrency set to 8 via user default IDEBuildOperationMaxNumberOfConcurrentCompileTasks

ComputePackagePrebuildTargetDependencyGraph

Prepare packages

CreateBuildRequest

SendProjectDescription

CreateBuildOperation

ComputeTargetDependencyGraph
note: Building targets in dependency order
note: Target dependency graph (12 targets)
    Target 'Transactions' in project 'Transactions'
        ➜ Implicit dependency on target 'CommonUI' in project 'CommonUI' via file 'CommonUI.framework' in build phase 'Link Binary'
        ➜ Implicit dependency on target 'Data' in project 'Data' via file 'Data.framework' in build phase 'Link Binary'
        ➜ Implicit dependency on target 'Domain' in project 'Domain' via file 'Domain.framework' in build phase 'Link Binary'
        ➜ Implicit dependency on target 'RxCocoa' in project 'RxSwift' via file 'RxCocoa.framework' in build phase 'Link Binary'
        ➜ Implicit dependency on target 'RxSwift' in project 'RxSwift' via file 'RxSwift.framework' in build phase 'Link Binary'
    Target 'Data' in project 'Data'
        ➜ Implicit dependency on target 'Domain' in project 'Domain' via file 'Domain.framework' in build phase 'Link Binary'
        ➜ Implicit dependency on target 'Networking' in project 'Networking' via file 'Networking.framework' in build phase 'Link Binary'
        ➜ Implicit dependency on target 'RxSwift' in project 'RxSwift' via file 'RxSwift.framework' in build phase 'Link Binary'
    Target 'Domain' in project 'Domain'
        ➜ Implicit dependency on target 'Core' in project 'Core' via file 'Core.framework' in build phase 'Link Binary'
        ➜ Implicit dependency on target 'Networking' in project 'Networking' via file 'Networking.framework' in build phase 'Link Binary'
        ➜ Implicit dependency on target 'RxSwift' in project 'RxSwift' via file 'RxSwift.framework' in build phase 'Link Binary'
    Target 'Networking' in project 'Networking'
        ➜ Implicit dependency on target 'Alamofire' in project 'Alamofire' via file 'Alamofire.framework' in build phase 'Link Binary'
        ➜ Implicit dependency on target 'Core' in project 'Core' via file 'Core.framework' in build phase 'Link Binary'
    Target 'Alamofire' in project 'Alamofire' (no dependencies)
    Target 'CommonUI' in project 'CommonUI'
        ➜ Implicit dependency on target 'Core' in project 'Core' via file 'Core.framework' in build phase 'Link Binary'
        ➜ Implicit dependency on target 'RxCocoa' in project 'RxSwift' via file 'RxCocoa.framework' in build phase 'Link Binary'
        ➜ Implicit dependency on target 'RxSwift' in project 'RxSwift' via file 'RxSwift.framework' in build phase 'Link Binary'
        ➜ Implicit dependency on target 'SnapKit' in project 'SnapKit' via file 'SnapKit.framework' in build phase 'Link Binary'
    Target 'SnapKit' in project 'SnapKit' (no dependencies)
    Target 'RxCocoa' in project 'RxSwift'
        ➜ Explicit dependency on target 'RxCocoaRuntime' in project 'RxSwift'
        ➜ Explicit dependency on target 'RxRelay' in project 'RxSwift'
        ➜ Explicit dependency on target 'RxSwift' in project 'RxSwift'
    Target 'RxRelay' in project 'RxSwift'
        ➜ Explicit dependency on target 'RxSwift' in project 'RxSwift'
    Target 'RxCocoaRuntime' in project 'RxSwift'
        ➜ Explicit dependency on target 'RxSwift' in project 'RxSwift'
    Target 'RxSwift' in project 'RxSwift' (no dependencies)
    Target 'Core' in project 'Core' (no dependencies)

GatherProvisioningInputs

CreateBuildDescription

ExecuteExternalTool /Applications/Xcode.app/Contents/Developer/Toolchains/XcodeDefault.xctoolchain/usr/bin/clang -v -E -dM -arch arm64 -isysroot /Applications/Xcode.app/Contents/Developer/Platforms/iPhoneSimulator.platform/Developer/SDKs/iPhoneSimulator26.1.sdk -x c -c /dev/null

ExecuteExternalTool /Applications/Xcode.app/Contents/Developer/Toolchains/XcodeDefault.xctoolchain/usr/bin/clang -v -E -dM -isysroot /Applications/Xcode.app/Contents/Developer/Platforms/iPhoneSimulator.platform/Developer/SDKs/iPhoneSimulator26.1.sdk -x c -c /dev/null

ExecuteExternalTool /Applications/Xcode.app/Contents/Developer/Toolchains/XcodeDefault.xctoolchain/usr/bin/swiftc --version

ExecuteExternalTool /Applications/Xcode.app/Contents/Developer/Toolchains/XcodeDefault.xctoolchain/usr/bin/clang -v -E -dM -arch arm64 -isysroot /Applications/Xcode.app/Contents/Developer/Platforms/iPhoneSimulator.platform/Developer/SDKs/iPhoneSimulator26.1.sdk -x objective-c -c /dev/null

ExecuteExternalTool /Applications/Xcode.app/Contents/Developer/Toolchains/XcodeDefault.xctoolchain/usr/bin/ld -version_details

Build description signature: f49b3c28968e565ef3dd6fa5f9e05932
Build description path: /Users/darisadam/Library/Developer/Xcode/DerivedData/Madabank-hkohthnbjtgnoechirsoymtykttx/Build/Intermediates.noindex/XCBuildData/f49b3c28968e565ef3dd6fa5f9e05932.xcbuilddata
ClangStatCache /Applications/Xcode.app/Contents/Developer/Toolchains/XcodeDefault.xctoolchain/usr/bin/clang-stat-cache /Applications/Xcode.app/Contents/Developer/Platforms/iPhoneSimulator.platform/Developer/SDKs/iPhoneSimulator26.1.sdk /Users/darisadam/Library/Developer/Xcode/DerivedData/SDKStatCaches.noindex/iphonesimulator26.1-23B77-3885c01c3e6b6a337905948deab2002e90cf18a4295e390e64c810bc6bd7acbc.sdkstatcache
    cd /Users/darisadam/Documents/Projects/iOS\ Apps/madabank-ios/Madabank
    /Applications/Xcode.app/Contents/Developer/Toolchains/XcodeDefault.xctoolchain/usr/bin/clang-stat-cache /Applications/Xcode.app/Contents/Developer/Platforms/iPhoneSimulator.platform/Developer/SDKs/iPhoneSimulator26.1.sdk -o /Users/darisadam/Library/Developer/Xcode/DerivedData/SDKStatCaches.noindex/iphonesimulator26.1-23B77-3885c01c3e6b6a337905948deab2002e90cf18a4295e390e64c810bc6bd7acbc.sdkstatcache

WriteAuxiliaryFile /Users/darisadam/Library/Developer/Xcode/DerivedData/Madabank-hkohthnbjtgnoechirsoymtykttx/Build/Intermediates.noindex/Data.build/Debug-iphonesimulator/Data-6330774ec221515250ab6759f27e1669-VFS-iphonesimulator/all-product-headers.yaml
    cd /Users/darisadam/Documents/Projects/iOS\ Apps/madabank-ios/Madabank
    write-file /Users/darisadam/Library/Developer/Xcode/DerivedData/Madabank-hkohthnbjtgnoechirsoymtykttx/Build/Intermediates.noindex/Data.build/Debug-iphonesimulator/Data-6330774ec221515250ab6759f27e1669-VFS-iphonesimulator/all-product-headers.yaml

WriteAuxiliaryFile /Users/darisadam/Library/Developer/Xcode/DerivedData/Madabank-hkohthnbjtgnoechirsoymtykttx/Build/Intermediates.noindex/CommonUI.build/Debug-iphonesimulator/CommonUI-9a7bd76207b7ee6cd2c05a9907929af9-VFS-iphonesimulator/all-product-headers.yaml
    cd /Users/darisadam/Documents/Projects/iOS\ Apps/madabank-ios/Madabank
    write-file /Users/darisadam/Library/Developer/Xcode/DerivedData/Madabank-hkohthnbjtgnoechirsoymtykttx/Build/Intermediates.noindex/CommonUI.build/Debug-iphonesimulator/CommonUI-9a7bd76207b7ee6cd2c05a9907929af9-VFS-iphonesimulator/all-product-headers.yaml

WriteAuxiliaryFile /Users/darisadam/Library/Developer/Xcode/DerivedData/Madabank-hkohthnbjtgnoechirsoymtykttx/Build/Intermediates.noindex/Transactions.build/Debug-iphonesimulator/Transactions-5088c79df1e1ae7b914a571ab0fbf32c-VFS-iphonesimulator/all-product-headers.yaml
    cd /Users/darisadam/Documents/Projects/iOS\ Apps/madabank-ios/Madabank
    write-file /Users/darisadam/Library/Developer/Xcode/DerivedData/Madabank-hkohthnbjtgnoechirsoymtykttx/Build/Intermediates.noindex/Transactions.build/Debug-iphonesimulator/Transactions-5088c79df1e1ae7b914a571ab0fbf32c-VFS-iphonesimulator/all-product-headers.yaml

ProcessInfoPlistFile /Users/darisadam/Library/Developer/Xcode/DerivedData/Madabank-hkohthnbjtgnoechirsoymtykttx/Build/Products/Debug-iphonesimulator/Core.framework/Info.plist /Users/darisadam/Documents/Projects/iOS\ Apps/madabank-ios/Madabank/Modules/Shared/Core/Derived/InfoPlists/Core-Info.plist (in target 'Core' from project 'Core')
    cd /Users/darisadam/Documents/Projects/iOS\ Apps/madabank-ios/Madabank/Modules/Shared/Core
    builtin-infoPlistUtility /Users/darisadam/Documents/Projects/iOS\ Apps/madabank-ios/Madabank/Modules/Shared/Core/Derived/InfoPlists/Core-Info.plist -producttype com.apple.product-type.framework -expandbuildsettings -format binary -platform iphonesimulator -o /Users/darisadam/Library/Developer/Xcode/DerivedData/Madabank-hkohthnbjtgnoechirsoymtykttx/Build/Products/Debug-iphonesimulator/Core.framework/Info.plist

ProcessInfoPlistFile /Users/darisadam/Library/Developer/Xcode/DerivedData/Madabank-hkohthnbjtgnoechirsoymtykttx/Build/Products/Debug-iphonesimulator/RxSwift.framework/Info.plist /Users/darisadam/Documents/Projects/iOS\ Apps/madabank-ios/Madabank/Tuist/.build/tuist-derived/RxSwift/InfoPlists/RxSwift-Info.plist (in target 'RxSwift' from project 'RxSwift')
    cd /Users/darisadam/Documents/Projects/iOS\ Apps/madabank-ios/Madabank/Tuist/.build/tuist-derived/RxSwift
    builtin-infoPlistUtility /Users/darisadam/Documents/Projects/iOS\ Apps/madabank-ios/Madabank/Tuist/.build/tuist-derived/RxSwift/InfoPlists/RxSwift-Info.plist -producttype com.apple.product-type.framework -expandbuildsettings -format binary -platform iphonesimulator -o /Users/darisadam/Library/Developer/Xcode/DerivedData/Madabank-hkohthnbjtgnoechirsoymtykttx/Build/Products/Debug-iphonesimulator/RxSwift.framework/Info.plist

ProcessInfoPlistFile /Users/darisadam/Library/Developer/Xcode/DerivedData/Madabank-hkohthnbjtgnoechirsoymtykttx/Build/Products/Debug-iphonesimulator/Alamofire.framework/Info.plist /Users/darisadam/Documents/Projects/iOS\ Apps/madabank-ios/Madabank/Tuist/.build/tuist-derived/Alamofire/InfoPlists/Alamofire-Info.plist (in target 'Alamofire' from project 'Alamofire')
    cd /Users/darisadam/Documents/Projects/iOS\ Apps/madabank-ios/Madabank/Tuist/.build/tuist-derived/Alamofire
    builtin-infoPlistUtility /Users/darisadam/Documents/Projects/iOS\ Apps/madabank-ios/Madabank/Tuist/.build/tuist-derived/Alamofire/InfoPlists/Alamofire-Info.plist -producttype com.apple.product-type.framework -expandbuildsettings -format binary -platform iphonesimulator -o /Users/darisadam/Library/Developer/Xcode/DerivedData/Madabank-hkohthnbjtgnoechirsoymtykttx/Build/Products/Debug-iphonesimulator/Alamofire.framework/Info.plist

WriteAuxiliaryFile /Users/darisadam/Library/Developer/Xcode/DerivedData/Madabank-hkohthnbjtgnoechirsoymtykttx/Build/Intermediates.noindex/Domain.build/Debug-iphonesimulator/Domain.build/Objects-normal/arm64/Domain.SwiftFileList (in target 'Domain' from project 'Domain')
    cd /Users/darisadam/Documents/Projects/iOS\ Apps/madabank-ios/Madabank/Modules/Shared/Domain
    write-file /Users/darisadam/Library/Developer/Xcode/DerivedData/Madabank-hkohthnbjtgnoechirsoymtykttx/Build/Intermediates.noindex/Domain.build/Debug-iphonesimulator/Domain.build/Objects-normal/arm64/Domain.SwiftFileList

WriteAuxiliaryFile /Users/darisadam/Library/Developer/Xcode/DerivedData/Madabank-hkohthnbjtgnoechirsoymtykttx/Build/Intermediates.noindex/Domain.build/Debug-iphonesimulator/Domain.build/Objects-normal/arm64/Domain.SwiftConstValuesFileList (in target 'Domain' from project 'Domain')
    cd /Users/darisadam/Documents/Projects/iOS\ Apps/madabank-ios/Madabank/Modules/Shared/Domain
    write-file /Users/darisadam/Library/Developer/Xcode/DerivedData/Madabank-hkohthnbjtgnoechirsoymtykttx/Build/Intermediates.noindex/Domain.build/Debug-iphonesimulator/Domain.build/Objects-normal/arm64/Domain.SwiftConstValuesFileList

WriteAuxiliaryFile /Users/darisadam/Library/Developer/Xcode/DerivedData/Madabank-hkohthnbjtgnoechirsoymtykttx/Build/Intermediates.noindex/Domain.build/Debug-iphonesimulator/Domain.build/Objects-normal/arm64/Domain-OutputFileMap.json (in target 'Domain' from project 'Domain')
    cd /Users/darisadam/Documents/Projects/iOS\ Apps/madabank-ios/Madabank/Modules/Shared/Domain
    write-file /Users/darisadam/Library/Developer/Xcode/DerivedData/Madabank-hkohthnbjtgnoechirsoymtykttx/Build/Intermediates.noindex/Domain.build/Debug-iphonesimulator/Domain.build/Objects-normal/arm64/Domain-OutputFileMap.json

WriteAuxiliaryFile /Users/darisadam/Library/Developer/Xcode/DerivedData/Madabank-hkohthnbjtgnoechirsoymtykttx/Build/Intermediates.noindex/Domain.build/Debug-iphonesimulator/Domain.build/Objects-normal/arm64/Domain.LinkFileList (in target 'Domain' from project 'Domain')
    cd /Users/darisadam/Documents/Projects/iOS\ Apps/madabank-ios/Madabank/Modules/Shared/Domain
    write-file /Users/darisadam/Library/Developer/Xcode/DerivedData/Madabank-hkohthnbjtgnoechirsoymtykttx/Build/Intermediates.noindex/Domain.build/Debug-iphonesimulator/Domain.build/Objects-normal/arm64/Domain.LinkFileList

WriteAuxiliaryFile /Users/darisadam/Library/Developer/Xcode/DerivedData/Madabank-hkohthnbjtgnoechirsoymtykttx/Build/Intermediates.noindex/Transactions.build/Debug-iphonesimulator/Transactions.build/module.modulemap (in target 'Transactions' from project 'Transactions')
    cd /Users/darisadam/Documents/Projects/iOS\ Apps/madabank-ios/Madabank/Modules/Features/Transactions
    write-file /Users/darisadam/Library/Developer/Xcode/DerivedData/Madabank-hkohthnbjtgnoechirsoymtykttx/Build/Intermediates.noindex/Transactions.build/Debug-iphonesimulator/Transactions.build/module.modulemap

WriteAuxiliaryFile /Users/darisadam/Library/Developer/Xcode/DerivedData/Madabank-hkohthnbjtgnoechirsoymtykttx/Build/Intermediates.noindex/Transactions.build/Debug-iphonesimulator/Transactions.build/Transactions.hmap (in target 'Transactions' from project 'Transactions')
    cd /Users/darisadam/Documents/Projects/iOS\ Apps/madabank-ios/Madabank/Modules/Features/Transactions
    write-file /Users/darisadam/Library/Developer/Xcode/DerivedData/Madabank-hkohthnbjtgnoechirsoymtykttx/Build/Intermediates.noindex/Transactions.build/Debug-iphonesimulator/Transactions.build/Transactions.hmap

WriteAuxiliaryFile /Users/darisadam/Library/Developer/Xcode/DerivedData/Madabank-hkohthnbjtgnoechirsoymtykttx/Build/Intermediates.noindex/Transactions.build/Debug-iphonesimulator/Transactions.build/Transactions.DependencyStaticMetadataFileList (in target 'Transactions' from project 'Transactions')
    cd /Users/darisadam/Documents/Projects/iOS\ Apps/madabank-ios/Madabank/Modules/Features/Transactions
    write-file /Users/darisadam/Library/Developer/Xcode/DerivedData/Madabank-hkohthnbjtgnoechirsoymtykttx/Build/Intermediates.noindex/Transactions.build/Debug-iphonesimulator/Transactions.build/Transactions.DependencyStaticMetadataFileList

WriteAuxiliaryFile /Users/darisadam/Library/Developer/Xcode/DerivedData/Madabank-hkohthnbjtgnoechirsoymtykttx/Build/Intermediates.noindex/Transactions.build/Debug-iphonesimulator/Transactions.build/Transactions.DependencyMetadataFileList (in target 'Transactions' from project 'Transactions')
    cd /Users/darisadam/Documents/Projects/iOS\ Apps/madabank-ios/Madabank/Modules/Features/Transactions
    write-file /Users/darisadam/Library/Developer/Xcode/DerivedData/Madabank-hkohthnbjtgnoechirsoymtykttx/Build/Intermediates.noindex/Transactions.build/Debug-iphonesimulator/Transactions.build/Transactions.DependencyMetadataFileList

WriteAuxiliaryFile /Users/darisadam/Library/Developer/Xcode/DerivedData/Madabank-hkohthnbjtgnoechirsoymtykttx/Build/Intermediates.noindex/Transactions.build/Debug-iphonesimulator/Transactions.build/Transactions-project-headers.hmap (in target 'Transactions' from project 'Transactions')
    cd /Users/darisadam/Documents/Projects/iOS\ Apps/madabank-ios/Madabank/Modules/Features/Transactions
    write-file /Users/darisadam/Library/Developer/Xcode/DerivedData/Madabank-hkohthnbjtgnoechirsoymtykttx/Build/Intermediates.noindex/Transactions.build/Debug-iphonesimulator/Transactions.build/Transactions-project-headers.hmap

WriteAuxiliaryFile /Users/darisadam/Library/Developer/Xcode/DerivedData/Madabank-hkohthnbjtgnoechirsoymtykttx/Build/Intermediates.noindex/Transactions.build/Debug-iphonesimulator/Transactions.build/Transactions-own-target-headers.hmap (in target 'Transactions' from project 'Transactions')
    cd /Users/darisadam/Documents/Projects/iOS\ Apps/madabank-ios/Madabank/Modules/Features/Transactions
    write-file /Users/darisadam/Library/Developer/Xcode/DerivedData/Madabank-hkohthnbjtgnoechirsoymtykttx/Build/Intermediates.noindex/Transactions.build/Debug-iphonesimulator/Transactions.build/Transactions-own-target-headers.hmap

WriteAuxiliaryFile /Users/darisadam/Library/Developer/Xcode/DerivedData/Madabank-hkohthnbjtgnoechirsoymtykttx/Build/Intermediates.noindex/Transactions.build/Debug-iphonesimulator/Transactions.build/Transactions-generated-files.hmap (in target 'Transactions' from project 'Transactions')
    cd /Users/darisadam/Documents/Projects/iOS\ Apps/madabank-ios/Madabank/Modules/Features/Transactions
    write-file /Users/darisadam/Library/Developer/Xcode/DerivedData/Madabank-hkohthnbjtgnoechirsoymtykttx/Build/Intermediates.noindex/Transactions.build/Debug-iphonesimulator/Transactions.build/Transactions-generated-files.hmap

WriteAuxiliaryFile /Users/darisadam/Library/Developer/Xcode/DerivedData/Madabank-hkohthnbjtgnoechirsoymtykttx/Build/Intermediates.noindex/Transactions.build/Debug-iphonesimulator/Transactions.build/Transactions-all-target-headers.hmap (in target 'Transactions' from project 'Transactions')
    cd /Users/darisadam/Documents/Projects/iOS\ Apps/madabank-ios/Madabank/Modules/Features/Transactions
    write-file /Users/darisadam/Library/Developer/Xcode/DerivedData/Madabank-hkohthnbjtgnoechirsoymtykttx/Build/Intermediates.noindex/Transactions.build/Debug-iphonesimulator/Transactions.build/Transactions-all-target-headers.hmap

WriteAuxiliaryFile /Users/darisadam/Library/Developer/Xcode/DerivedData/Madabank-hkohthnbjtgnoechirsoymtykttx/Build/Intermediates.noindex/Transactions.build/Debug-iphonesimulator/Transactions.build/Transactions-all-non-framework-target-headers.hmap (in target 'Transactions' from project 'Transactions')
    cd /Users/darisadam/Documents/Projects/iOS\ Apps/madabank-ios/Madabank/Modules/Features/Transactions
    write-file /Users/darisadam/Library/Developer/Xcode/DerivedData/Madabank-hkohthnbjtgnoechirsoymtykttx/Build/Intermediates.noindex/Transactions.build/Debug-iphonesimulator/Transactions.build/Transactions-all-non-framework-target-headers.hmap

WriteAuxiliaryFile /Users/darisadam/Library/Developer/Xcode/DerivedData/Madabank-hkohthnbjtgnoechirsoymtykttx/Build/Intermediates.noindex/Transactions.build/Debug-iphonesimulator/Transactions.build/Objects-normal/arm64/Transactions_const_extract_protocols.json (in target 'Transactions' from project 'Transactions')
    cd /Users/darisadam/Documents/Projects/iOS\ Apps/madabank-ios/Madabank/Modules/Features/Transactions
    write-file /Users/darisadam/Library/Developer/Xcode/DerivedData/Madabank-hkohthnbjtgnoechirsoymtykttx/Build/Intermediates.noindex/Transactions.build/Debug-iphonesimulator/Transactions.build/Objects-normal/arm64/Transactions_const_extract_protocols.json

WriteAuxiliaryFile /Users/darisadam/Library/Developer/Xcode/DerivedData/Madabank-hkohthnbjtgnoechirsoymtykttx/Build/Intermediates.noindex/Transactions.build/Debug-iphonesimulator/Transactions.build/Objects-normal/arm64/Transactions.SwiftFileList (in target 'Transactions' from project 'Transactions')
    cd /Users/darisadam/Documents/Projects/iOS\ Apps/madabank-ios/Madabank/Modules/Features/Transactions
    write-file /Users/darisadam/Library/Developer/Xcode/DerivedData/Madabank-hkohthnbjtgnoechirsoymtykttx/Build/Intermediates.noindex/Transactions.build/Debug-iphonesimulator/Transactions.build/Objects-normal/arm64/Transactions.SwiftFileList

WriteAuxiliaryFile /Users/darisadam/Library/Developer/Xcode/DerivedData/Madabank-hkohthnbjtgnoechirsoymtykttx/Build/Intermediates.noindex/Transactions.build/Debug-iphonesimulator/Transactions.build/Objects-normal/arm64/Transactions.SwiftConstValuesFileList (in target 'Transactions' from project 'Transactions')
    cd /Users/darisadam/Documents/Projects/iOS\ Apps/madabank-ios/Madabank/Modules/Features/Transactions
    write-file /Users/darisadam/Library/Developer/Xcode/DerivedData/Madabank-hkohthnbjtgnoechirsoymtykttx/Build/Intermediates.noindex/Transactions.build/Debug-iphonesimulator/Transactions.build/Objects-normal/arm64/Transactions.SwiftConstValuesFileList

WriteAuxiliaryFile /Users/darisadam/Library/Developer/Xcode/DerivedData/Madabank-hkohthnbjtgnoechirsoymtykttx/Build/Intermediates.noindex/Transactions.build/Debug-iphonesimulator/Transactions.build/Objects-normal/arm64/Transactions.LinkFileList (in target 'Transactions' from project 'Transactions')
    cd /Users/darisadam/Documents/Projects/iOS\ Apps/madabank-ios/Madabank/Modules/Features/Transactions
    write-file /Users/darisadam/Library/Developer/Xcode/DerivedData/Madabank-hkohthnbjtgnoechirsoymtykttx/Build/Intermediates.noindex/Transactions.build/Debug-iphonesimulator/Transactions.build/Objects-normal/arm64/Transactions.LinkFileList

WriteAuxiliaryFile /Users/darisadam/Library/Developer/Xcode/DerivedData/Madabank-hkohthnbjtgnoechirsoymtykttx/Build/Intermediates.noindex/Transactions.build/Debug-iphonesimulator/Transactions.build/Objects-normal/arm64/Transactions-OutputFileMap.json (in target 'Transactions' from project 'Transactions')
    cd /Users/darisadam/Documents/Projects/iOS\ Apps/madabank-ios/Madabank/Modules/Features/Transactions
    write-file /Users/darisadam/Library/Developer/Xcode/DerivedData/Madabank-hkohthnbjtgnoechirsoymtykttx/Build/Intermediates.noindex/Transactions.build/Debug-iphonesimulator/Transactions.build/Objects-normal/arm64/Transactions-OutputFileMap.json

WriteAuxiliaryFile /Users/darisadam/Library/Developer/Xcode/DerivedData/Madabank-hkohthnbjtgnoechirsoymtykttx/Build/Intermediates.noindex/Transactions.build/Debug-iphonesimulator/Transactions.build/Objects-normal/arm64/7187679823f38a2a940e0043cdf9d637-common-args.resp (in target 'Transactions' from project 'Transactions')
    cd /Users/darisadam/Documents/Projects/iOS\ Apps/madabank-ios/Madabank/Modules/Features/Transactions
    write-file /Users/darisadam/Library/Developer/Xcode/DerivedData/Madabank-hkohthnbjtgnoechirsoymtykttx/Build/Intermediates.noindex/Transactions.build/Debug-iphonesimulator/Transactions.build/Objects-normal/arm64/7187679823f38a2a940e0043cdf9d637-common-args.resp
-target arm64-apple-ios15.0-simulator '-std=gnu11' -fmodules -gmodules '-fmodules-cache-path=/Users/darisadam/Library/Developer/Xcode/DerivedData/ModuleCache.noindex' '-fmodule-name=Transactions' -fpascal-strings -O0 -fno-common '-DDEBUG=1' -isysroot /Applications/Xcode.app/Contents/Developer/Platforms/iPhoneSimulator.platform/Developer/SDKs/iPhoneSimulator26.1.sdk -g -iquote /Users/darisadam/Library/Developer/Xcode/DerivedData/Madabank-hkohthnbjtgnoechirsoymtykttx/Build/Intermediates.noindex/Transactions.build/Debug-iphonesimulator/Transactions.build/Transactions-generated-files.hmap -I/Users/darisadam/Library/Developer/Xcode/DerivedData/Madabank-hkohthnbjtgnoechirsoymtykttx/Build/Intermediates.noindex/Transactions.build/Debug-iphonesimulator/Transactions.build/Transactions-own-target-headers.hmap -I/Users/darisadam/Library/Developer/Xcode/DerivedData/Madabank-hkohthnbjtgnoechirsoymtykttx/Build/Intermediates.noindex/Transactions.build/Debug-iphonesimulator/Transactions.build/Transactions-all-non-framework-target-headers.hmap -ivfsoverlay /Users/darisadam/Library/Developer/Xcode/DerivedData/Madabank-hkohthnbjtgnoechirsoymtykttx/Build/Intermediates.noindex/Transactions.build/Debug-iphonesimulator/Transactions-5088c79df1e1ae7b914a571ab0fbf32c-VFS-iphonesimulator/all-product-headers.yaml -iquote /Users/darisadam/Library/Developer/Xcode/DerivedData/Madabank-hkohthnbjtgnoechirsoymtykttx/Build/Intermediates.noindex/Transactions.build/Debug-iphonesimulator/Transactions.build/Transactions-project-headers.hmap -I/Users/darisadam/Library/Developer/Xcode/DerivedData/Madabank-hkohthnbjtgnoechirsoymtykttx/Build/Products/Debug-iphonesimulator/include '-I/Users/darisadam/Documents/Projects/iOS Apps/madabank-ios/Madabank/Tuist/.build/checkouts/RxSwift/Sources/RxCocoaRuntime/include' -I/Users/darisadam/Library/Developer/Xcode/DerivedData/Madabank-hkohthnbjtgnoechirsoymtykttx/Build/Intermediates.noindex/Transactions.build/Debug-iphonesimulator/Transactions.build/DerivedSources-normal/arm64 -I/Users/darisadam/Library/Developer/Xcode/DerivedData/Madabank-hkohthnbjtgnoechirsoymtykttx/Build/Intermediates.noindex/Transactions.build/Debug-iphonesimulator/Transactions.build/DerivedSources/arm64 -I/Users/darisadam/Library/Developer/Xcode/DerivedData/Madabank-hkohthnbjtgnoechirsoymtykttx/Build/Intermediates.noindex/Transactions.build/Debug-iphonesimulator/Transactions.build/DerivedSources -F/Users/darisadam/Library/Developer/Xcode/DerivedData/Madabank-hkohthnbjtgnoechirsoymtykttx/Build/Products/Debug-iphonesimulator '-fmodule-map-file=/Users/darisadam/Documents/Projects/iOS Apps/madabank-ios/Madabank/Modules/Features/Transactions/../../../Tuist/.build/tuist-derived/RxCocoaRuntime/RxCocoaRuntime.modulemap'

WriteAuxiliaryFile /Users/darisadam/Library/Developer/Xcode/DerivedData/Madabank-hkohthnbjtgnoechirsoymtykttx/Build/Intermediates.noindex/Transactions.build/Debug-iphonesimulator/Transactions.build/DerivedSources/Transactions_vers.c (in target 'Transactions' from project 'Transactions')
    cd /Users/darisadam/Documents/Projects/iOS\ Apps/madabank-ios/Madabank/Modules/Features/Transactions
    write-file /Users/darisadam/Library/Developer/Xcode/DerivedData/Madabank-hkohthnbjtgnoechirsoymtykttx/Build/Intermediates.noindex/Transactions.build/Debug-iphonesimulator/Transactions.build/DerivedSources/Transactions_vers.c

Copy /Users/darisadam/Library/Developer/Xcode/DerivedData/Madabank-hkohthnbjtgnoechirsoymtykttx/Build/Products/Debug-iphonesimulator/Transactions.framework/Modules/module.modulemap /Users/darisadam/Library/Developer/Xcode/DerivedData/Madabank-hkohthnbjtgnoechirsoymtykttx/Build/Intermediates.noindex/Transactions.build/Debug-iphonesimulator/Transactions.build/module.modulemap (in target 'Transactions' from project 'Transactions')
    cd /Users/darisadam/Documents/Projects/iOS\ Apps/madabank-ios/Madabank/Modules/Features/Transactions
    builtin-copy -exclude .DS_Store -exclude CVS -exclude .svn -exclude .git -exclude .hg -resolve-src-symlinks /Users/darisadam/Library/Developer/Xcode/DerivedData/Madabank-hkohthnbjtgnoechirsoymtykttx/Build/Intermediates.noindex/Transactions.build/Debug-iphonesimulator/Transactions.build/module.modulemap /Users/darisadam/Library/Developer/Xcode/DerivedData/Madabank-hkohthnbjtgnoechirsoymtykttx/Build/Products/Debug-iphonesimulator/Transactions.framework/Modules

WriteAuxiliaryFile /Users/darisadam/Library/Developer/Xcode/DerivedData/Madabank-hkohthnbjtgnoechirsoymtykttx/Build/Intermediates.noindex/SnapKit.build/Debug-iphonesimulator/SnapKit.build/SnapKit.DependencyStaticMetadataFileList (in target 'SnapKit' from project 'SnapKit')
    cd /Users/darisadam/Documents/Projects/iOS\ Apps/madabank-ios/Madabank/Tuist/.build/tuist-derived/SnapKit
    write-file /Users/darisadam/Library/Developer/Xcode/DerivedData/Madabank-hkohthnbjtgnoechirsoymtykttx/Build/Intermediates.noindex/SnapKit.build/Debug-iphonesimulator/SnapKit.build/SnapKit.DependencyStaticMetadataFileList

WriteAuxiliaryFile /Users/darisadam/Library/Developer/Xcode/DerivedData/Madabank-hkohthnbjtgnoechirsoymtykttx/Build/Intermediates.noindex/SnapKit.build/Debug-iphonesimulator/SnapKit.build/module.modulemap (in target 'SnapKit' from project 'SnapKit')
    cd /Users/darisadam/Documents/Projects/iOS\ Apps/madabank-ios/Madabank/Tuist/.build/tuist-derived/SnapKit
    write-file /Users/darisadam/Library/Developer/Xcode/DerivedData/Madabank-hkohthnbjtgnoechirsoymtykttx/Build/Intermediates.noindex/SnapKit.build/Debug-iphonesimulator/SnapKit.build/module.modulemap

WriteAuxiliaryFile /Users/darisadam/Library/Developer/Xcode/DerivedData/Madabank-hkohthnbjtgnoechirsoymtykttx/Build/Intermediates.noindex/SnapKit.build/Debug-iphonesimulator/SnapKit.build/SnapKit.DependencyMetadataFileList (in target 'SnapKit' from project 'SnapKit')
    cd /Users/darisadam/Documents/Projects/iOS\ Apps/madabank-ios/Madabank/Tuist/.build/tuist-derived/SnapKit
    write-file /Users/darisadam/Library/Developer/Xcode/DerivedData/Madabank-hkohthnbjtgnoechirsoymtykttx/Build/Intermediates.noindex/SnapKit.build/Debug-iphonesimulator/SnapKit.build/SnapKit.DependencyMetadataFileList

WriteAuxiliaryFile /Users/darisadam/Library/Developer/Xcode/DerivedData/Madabank-hkohthnbjtgnoechirsoymtykttx/Build/Intermediates.noindex/SnapKit.build/Debug-iphonesimulator/SnapKit.build/Objects-normal/arm64/SnapKit_const_extract_protocols.json (in target 'SnapKit' from project 'SnapKit')
    cd /Users/darisadam/Documents/Projects/iOS\ Apps/madabank-ios/Madabank/Tuist/.build/tuist-derived/SnapKit
    write-file /Users/darisadam/Library/Developer/Xcode/DerivedData/Madabank-hkohthnbjtgnoechirsoymtykttx/Build/Intermediates.noindex/SnapKit.build/Debug-iphonesimulator/SnapKit.build/Objects-normal/arm64/SnapKit_const_extract_protocols.json

WriteAuxiliaryFile /Users/darisadam/Library/Developer/Xcode/DerivedData/Madabank-hkohthnbjtgnoechirsoymtykttx/Build/Intermediates.noindex/SnapKit.build/Debug-iphonesimulator/SnapKit.build/Objects-normal/arm64/SnapKit.SwiftFileList (in target 'SnapKit' from project 'SnapKit')
    cd /Users/darisadam/Documents/Projects/iOS\ Apps/madabank-ios/Madabank/Tuist/.build/tuist-derived/SnapKit
    write-file /Users/darisadam/Library/Developer/Xcode/DerivedData/Madabank-hkohthnbjtgnoechirsoymtykttx/Build/Intermediates.noindex/SnapKit.build/Debug-iphonesimulator/SnapKit.build/Objects-normal/arm64/SnapKit.SwiftFileList

WriteAuxiliaryFile /Users/darisadam/Library/Developer/Xcode/DerivedData/Madabank-hkohthnbjtgnoechirsoymtykttx/Build/Intermediates.noindex/SnapKit.build/Debug-iphonesimulator/SnapKit.build/Objects-normal/arm64/SnapKit.SwiftConstValuesFileList (in target 'SnapKit' from project 'SnapKit')
    cd /Users/darisadam/Documents/Projects/iOS\ Apps/madabank-ios/Madabank/Tuist/.build/tuist-derived/SnapKit
    write-file /Users/darisadam/Library/Developer/Xcode/DerivedData/Madabank-hkohthnbjtgnoechirsoymtykttx/Build/Intermediates.noindex/SnapKit.build/Debug-iphonesimulator/SnapKit.build/Objects-normal/arm64/SnapKit.SwiftConstValuesFileList

WriteAuxiliaryFile /Users/darisadam/Library/Developer/Xcode/DerivedData/Madabank-hkohthnbjtgnoechirsoymtykttx/Build/Intermediates.noindex/SnapKit.build/Debug-iphonesimulator/SnapKit.build/Objects-normal/arm64/SnapKit.LinkFileList (in target 'SnapKit' from project 'SnapKit')
    cd /Users/darisadam/Documents/Projects/iOS\ Apps/madabank-ios/Madabank/Tuist/.build/tuist-derived/SnapKit
    write-file /Users/darisadam/Library/Developer/Xcode/DerivedData/Madabank-hkohthnbjtgnoechirsoymtykttx/Build/Intermediates.noindex/SnapKit.build/Debug-iphonesimulator/SnapKit.build/Objects-normal/arm64/SnapKit.LinkFileList

WriteAuxiliaryFile /Users/darisadam/Library/Developer/Xcode/DerivedData/Madabank-hkohthnbjtgnoechirsoymtykttx/Build/Intermediates.noindex/SnapKit.build/Debug-iphonesimulator/SnapKit.build/Objects-normal/arm64/SnapKit-OutputFileMap.json (in target 'SnapKit' from project 'SnapKit')
    cd /Users/darisadam/Documents/Projects/iOS\ Apps/madabank-ios/Madabank/Tuist/.build/tuist-derived/SnapKit
    write-file /Users/darisadam/Library/Developer/Xcode/DerivedData/Madabank-hkohthnbjtgnoechirsoymtykttx/Build/Intermediates.noindex/SnapKit.build/Debug-iphonesimulator/SnapKit.build/Objects-normal/arm64/SnapKit-OutputFileMap.json

WriteAuxiliaryFile /Users/darisadam/Library/Developer/Xcode/DerivedData/Madabank-hkohthnbjtgnoechirsoymtykttx/Build/Intermediates.noindex/SnapKit.build/Debug-iphonesimulator/SnapKit.build/Objects-normal/arm64/7187679823f38a2a940e0043cdf9d637-common-args.resp (in target 'SnapKit' from project 'SnapKit')
    cd /Users/darisadam/Documents/Projects/iOS\ Apps/madabank-ios/Madabank/Tuist/.build/tuist-derived/SnapKit
    write-file /Users/darisadam/Library/Developer/Xcode/DerivedData/Madabank-hkohthnbjtgnoechirsoymtykttx/Build/Intermediates.noindex/SnapKit.build/Debug-iphonesimulator/SnapKit.build/Objects-normal/arm64/7187679823f38a2a940e0043cdf9d637-common-args.resp
-target arm64-apple-ios12.0-simulator '-std=gnu11' -fmodules -gmodules '-fmodules-cache-path=/Users/darisadam/Library/Developer/Xcode/DerivedData/ModuleCache.noindex' '-fmodule-name=SnapKit' -fpascal-strings -O0 '-DDEBUG=1' '-DSWIFT_PACKAGE=1' -isysroot /Applications/Xcode.app/Contents/Developer/Platforms/iPhoneSimulator.platform/Developer/SDKs/iPhoneSimulator26.1.sdk -g -I/Users/darisadam/Library/Developer/Xcode/DerivedData/Madabank-hkohthnbjtgnoechirsoymtykttx/Build/Products/Debug-iphonesimulator/include -I/Users/darisadam/Library/Developer/Xcode/DerivedData/Madabank-hkohthnbjtgnoechirsoymtykttx/Build/Intermediates.noindex/SnapKit.build/Debug-iphonesimulator/SnapKit.build/DerivedSources-normal/arm64 -I/Users/darisadam/Library/Developer/Xcode/DerivedData/Madabank-hkohthnbjtgnoechirsoymtykttx/Build/Intermediates.noindex/SnapKit.build/Debug-iphonesimulator/SnapKit.build/DerivedSources/arm64 -I/Users/darisadam/Library/Developer/Xcode/DerivedData/Madabank-hkohthnbjtgnoechirsoymtykttx/Build/Intermediates.noindex/SnapKit.build/Debug-iphonesimulator/SnapKit.build/DerivedSources -F/Users/darisadam/Library/Developer/Xcode/DerivedData/Madabank-hkohthnbjtgnoechirsoymtykttx/Build/Products/Debug-iphonesimulator -F/Applications/Xcode.app/Contents/Developer/Platforms/iPhoneSimulator.platform/Developer/Library/Frameworks

WriteAuxiliaryFile /Users/darisadam/Library/Developer/Xcode/DerivedData/Madabank-hkohthnbjtgnoechirsoymtykttx/Build/Intermediates.noindex/SnapKit.build/Debug-iphonesimulator/SnapKit.build/DerivedSources/SnapKit_vers.c (in target 'SnapKit' from project 'SnapKit')
    cd /Users/darisadam/Documents/Projects/iOS\ Apps/madabank-ios/Madabank/Tuist/.build/tuist-derived/SnapKit
    write-file /Users/darisadam/Library/Developer/Xcode/DerivedData/Madabank-hkohthnbjtgnoechirsoymtykttx/Build/Intermediates.noindex/SnapKit.build/Debug-iphonesimulator/SnapKit.build/DerivedSources/SnapKit_vers.c

Copy /Users/darisadam/Library/Developer/Xcode/DerivedData/Madabank-hkohthnbjtgnoechirsoymtykttx/Build/Products/Debug-iphonesimulator/SnapKit.framework/Modules/module.modulemap /Users/darisadam/Library/Developer/Xcode/DerivedData/Madabank-hkohthnbjtgnoechirsoymtykttx/Build/Intermediates.noindex/SnapKit.build/Debug-iphonesimulator/SnapKit.build/module.modulemap (in target 'SnapKit' from project 'SnapKit')
    cd /Users/darisadam/Documents/Projects/iOS\ Apps/madabank-ios/Madabank/Tuist/.build/tuist-derived/SnapKit
    builtin-copy -exclude .DS_Store -exclude CVS -exclude .svn -exclude .git -exclude .hg -resolve-src-symlinks /Users/darisadam/Library/Developer/Xcode/DerivedData/Madabank-hkohthnbjtgnoechirsoymtykttx/Build/Intermediates.noindex/SnapKit.build/Debug-iphonesimulator/SnapKit.build/module.modulemap /Users/darisadam/Library/Developer/Xcode/DerivedData/Madabank-hkohthnbjtgnoechirsoymtykttx/Build/Products/Debug-iphonesimulator/SnapKit.framework/Modules

WriteAuxiliaryFile /Users/darisadam/Library/Developer/Xcode/DerivedData/Madabank-hkohthnbjtgnoechirsoymtykttx/Build/Intermediates.noindex/RxSwift.build/Debug-iphonesimulator/RxRelay.build/module.modulemap (in target 'RxRelay' from project 'RxSwift')
    cd /Users/darisadam/Documents/Projects/iOS\ Apps/madabank-ios/Madabank/Tuist/.build/tuist-derived/RxSwift
    write-file /Users/darisadam/Library/Developer/Xcode/DerivedData/Madabank-hkohthnbjtgnoechirsoymtykttx/Build/Intermediates.noindex/RxSwift.build/Debug-iphonesimulator/RxRelay.build/module.modulemap

WriteAuxiliaryFile /Users/darisadam/Library/Developer/Xcode/DerivedData/Madabank-hkohthnbjtgnoechirsoymtykttx/Build/Intermediates.noindex/RxSwift.build/Debug-iphonesimulator/RxRelay.build/RxRelay.DependencyStaticMetadataFileList (in target 'RxRelay' from project 'RxSwift')
    cd /Users/darisadam/Documents/Projects/iOS\ Apps/madabank-ios/Madabank/Tuist/.build/tuist-derived/RxSwift
    write-file /Users/darisadam/Library/Developer/Xcode/DerivedData/Madabank-hkohthnbjtgnoechirsoymtykttx/Build/Intermediates.noindex/RxSwift.build/Debug-iphonesimulator/RxRelay.build/RxRelay.DependencyStaticMetadataFileList

WriteAuxiliaryFile /Users/darisadam/Library/Developer/Xcode/DerivedData/Madabank-hkohthnbjtgnoechirsoymtykttx/Build/Intermediates.noindex/RxSwift.build/Debug-iphonesimulator/RxRelay.build/RxRelay.DependencyMetadataFileList (in target 'RxRelay' from project 'RxSwift')
    cd /Users/darisadam/Documents/Projects/iOS\ Apps/madabank-ios/Madabank/Tuist/.build/tuist-derived/RxSwift
    write-file /Users/darisadam/Library/Developer/Xcode/DerivedData/Madabank-hkohthnbjtgnoechirsoymtykttx/Build/Intermediates.noindex/RxSwift.build/Debug-iphonesimulator/RxRelay.build/RxRelay.DependencyMetadataFileList

WriteAuxiliaryFile /Users/darisadam/Library/Developer/Xcode/DerivedData/Madabank-hkohthnbjtgnoechirsoymtykttx/Build/Intermediates.noindex/RxSwift.build/Debug-iphonesimulator/RxRelay.build/Objects-normal/arm64/RxRelay.SwiftFileList (in target 'RxRelay' from project 'RxSwift')
    cd /Users/darisadam/Documents/Projects/iOS\ Apps/madabank-ios/Madabank/Tuist/.build/tuist-derived/RxSwift
    write-file /Users/darisadam/Library/Developer/Xcode/DerivedData/Madabank-hkohthnbjtgnoechirsoymtykttx/Build/Intermediates.noindex/RxSwift.build/Debug-iphonesimulator/RxRelay.build/Objects-normal/arm64/RxRelay.SwiftFileList

WriteAuxiliaryFile /Users/darisadam/Library/Developer/Xcode/DerivedData/Madabank-hkohthnbjtgnoechirsoymtykttx/Build/Intermediates.noindex/RxSwift.build/Debug-iphonesimulator/RxRelay.build/Objects-normal/arm64/RxRelay_const_extract_protocols.json (in target 'RxRelay' from project 'RxSwift')
    cd /Users/darisadam/Documents/Projects/iOS\ Apps/madabank-ios/Madabank/Tuist/.build/tuist-derived/RxSwift
    write-file /Users/darisadam/Library/Developer/Xcode/DerivedData/Madabank-hkohthnbjtgnoechirsoymtykttx/Build/Intermediates.noindex/RxSwift.build/Debug-iphonesimulator/RxRelay.build/Objects-normal/arm64/RxRelay_const_extract_protocols.json

WriteAuxiliaryFile /Users/darisadam/Library/Developer/Xcode/DerivedData/Madabank-hkohthnbjtgnoechirsoymtykttx/Build/Intermediates.noindex/RxSwift.build/Debug-iphonesimulator/RxRelay.build/Objects-normal/arm64/RxRelay.SwiftConstValuesFileList (in target 'RxRelay' from project 'RxSwift')
    cd /Users/darisadam/Documents/Projects/iOS\ Apps/madabank-ios/Madabank/Tuist/.build/tuist-derived/RxSwift
    write-file /Users/darisadam/Library/Developer/Xcode/DerivedData/Madabank-hkohthnbjtgnoechirsoymtykttx/Build/Intermediates.noindex/RxSwift.build/Debug-iphonesimulator/RxRelay.build/Objects-normal/arm64/RxRelay.SwiftConstValuesFileList

WriteAuxiliaryFile /Users/darisadam/Library/Developer/Xcode/DerivedData/Madabank-hkohthnbjtgnoechirsoymtykttx/Build/Intermediates.noindex/RxSwift.build/Debug-iphonesimulator/RxRelay.build/Objects-normal/arm64/RxRelay.LinkFileList (in target 'RxRelay' from project 'RxSwift')
    cd /Users/darisadam/Documents/Projects/iOS\ Apps/madabank-ios/Madabank/Tuist/.build/tuist-derived/RxSwift
    write-file /Users/darisadam/Library/Developer/Xcode/DerivedData/Madabank-hkohthnbjtgnoechirsoymtykttx/Build/Intermediates.noindex/RxSwift.build/Debug-iphonesimulator/RxRelay.build/Objects-normal/arm64/RxRelay.LinkFileList

WriteAuxiliaryFile /Users/darisadam/Library/Developer/Xcode/DerivedData/Madabank-hkohthnbjtgnoechirsoymtykttx/Build/Intermediates.noindex/RxSwift.build/Debug-iphonesimulator/RxRelay.build/Objects-normal/arm64/RxRelay-OutputFileMap.json (in target 'RxRelay' from project 'RxSwift')
    cd /Users/darisadam/Documents/Projects/iOS\ Apps/madabank-ios/Madabank/Tuist/.build/tuist-derived/RxSwift
    write-file /Users/darisadam/Library/Developer/Xcode/DerivedData/Madabank-hkohthnbjtgnoechirsoymtykttx/Build/Intermediates.noindex/RxSwift.build/Debug-iphonesimulator/RxRelay.build/Objects-normal/arm64/RxRelay-OutputFileMap.json

WriteAuxiliaryFile /Users/darisadam/Library/Developer/Xcode/DerivedData/Madabank-hkohthnbjtgnoechirsoymtykttx/Build/Intermediates.noindex/RxSwift.build/Debug-iphonesimulator/RxRelay.build/Objects-normal/arm64/7187679823f38a2a940e0043cdf9d637-common-args.resp (in target 'RxRelay' from project 'RxSwift')
    cd /Users/darisadam/Documents/Projects/iOS\ Apps/madabank-ios/Madabank/Tuist/.build/tuist-derived/RxSwift
    write-file /Users/darisadam/Library/Developer/Xcode/DerivedData/Madabank-hkohthnbjtgnoechirsoymtykttx/Build/Intermediates.noindex/RxSwift.build/Debug-iphonesimulator/RxRelay.build/Objects-normal/arm64/7187679823f38a2a940e0043cdf9d637-common-args.resp
-target arm64-apple-ios12.0-simulator '-std=gnu11' -fmodules -gmodules '-fmodules-cache-path=/Users/darisadam/Library/Developer/Xcode/DerivedData/ModuleCache.noindex' '-fmodule-name=RxRelay' -fpascal-strings -O0 '-DDEBUG=1' '-DSWIFT_PACKAGE=1' -isysroot /Applications/Xcode.app/Contents/Developer/Platforms/iPhoneSimulator.platform/Developer/SDKs/iPhoneSimulator26.1.sdk -g -I/Users/darisadam/Library/Developer/Xcode/DerivedData/Madabank-hkohthnbjtgnoechirsoymtykttx/Build/Products/Debug-iphonesimulator/include -I/Users/darisadam/Library/Developer/Xcode/DerivedData/Madabank-hkohthnbjtgnoechirsoymtykttx/Build/Intermediates.noindex/RxSwift.build/Debug-iphonesimulator/RxRelay.build/DerivedSources-normal/arm64 -I/Users/darisadam/Library/Developer/Xcode/DerivedData/Madabank-hkohthnbjtgnoechirsoymtykttx/Build/Intermediates.noindex/RxSwift.build/Debug-iphonesimulator/RxRelay.build/DerivedSources/arm64 -I/Users/darisadam/Library/Developer/Xcode/DerivedData/Madabank-hkohthnbjtgnoechirsoymtykttx/Build/Intermediates.noindex/RxSwift.build/Debug-iphonesimulator/RxRelay.build/DerivedSources -F/Users/darisadam/Library/Developer/Xcode/DerivedData/Madabank-hkohthnbjtgnoechirsoymtykttx/Build/Products/Debug-iphonesimulator -F/Applications/Xcode.app/Contents/Developer/Platforms/iPhoneSimulator.platform/Developer/Library/Frameworks

WriteAuxiliaryFile /Users/darisadam/Library/Developer/Xcode/DerivedData/Madabank-hkohthnbjtgnoechirsoymtykttx/Build/Intermediates.noindex/RxSwift.build/Debug-iphonesimulator/RxCocoaRuntime.build/RxCocoaRuntime.DependencyStaticMetadataFileList (in target 'RxCocoaRuntime' from project 'RxSwift')
    cd /Users/darisadam/Documents/Projects/iOS\ Apps/madabank-ios/Madabank/Tuist/.build/tuist-derived/RxSwift
    write-file /Users/darisadam/Library/Developer/Xcode/DerivedData/Madabank-hkohthnbjtgnoechirsoymtykttx/Build/Intermediates.noindex/RxSwift.build/Debug-iphonesimulator/RxCocoaRuntime.build/RxCocoaRuntime.DependencyStaticMetadataFileList

WriteAuxiliaryFile /Users/darisadam/Library/Developer/Xcode/DerivedData/Madabank-hkohthnbjtgnoechirsoymtykttx/Build/Intermediates.noindex/RxSwift.build/Debug-iphonesimulator/RxCocoaRuntime.build/RxCocoaRuntime.DependencyMetadataFileList (in target 'RxCocoaRuntime' from project 'RxSwift')
    cd /Users/darisadam/Documents/Projects/iOS\ Apps/madabank-ios/Madabank/Tuist/.build/tuist-derived/RxSwift
    write-file /Users/darisadam/Library/Developer/Xcode/DerivedData/Madabank-hkohthnbjtgnoechirsoymtykttx/Build/Intermediates.noindex/RxSwift.build/Debug-iphonesimulator/RxCocoaRuntime.build/RxCocoaRuntime.DependencyMetadataFileList

WriteAuxiliaryFile /Users/darisadam/Library/Developer/Xcode/DerivedData/Madabank-hkohthnbjtgnoechirsoymtykttx/Build/Intermediates.noindex/RxSwift.build/Debug-iphonesimulator/RxRelay.build/DerivedSources/RxRelay_vers.c (in target 'RxRelay' from project 'RxSwift')
    cd /Users/darisadam/Documents/Projects/iOS\ Apps/madabank-ios/Madabank/Tuist/.build/tuist-derived/RxSwift
    write-file /Users/darisadam/Library/Developer/Xcode/DerivedData/Madabank-hkohthnbjtgnoechirsoymtykttx/Build/Intermediates.noindex/RxSwift.build/Debug-iphonesimulator/RxRelay.build/DerivedSources/RxRelay_vers.c

Copy /Users/darisadam/Library/Developer/Xcode/DerivedData/Madabank-hkohthnbjtgnoechirsoymtykttx/Build/Products/Debug-iphonesimulator/RxRelay.framework/Modules/module.modulemap /Users/darisadam/Library/Developer/Xcode/DerivedData/Madabank-hkohthnbjtgnoechirsoymtykttx/Build/Intermediates.noindex/RxSwift.build/Debug-iphonesimulator/RxRelay.build/module.modulemap (in target 'RxRelay' from project 'RxSwift')
    cd /Users/darisadam/Documents/Projects/iOS\ Apps/madabank-ios/Madabank/Tuist/.build/tuist-derived/RxSwift
    builtin-copy -exclude .DS_Store -exclude CVS -exclude .svn -exclude .git -exclude .hg -resolve-src-symlinks /Users/darisadam/Library/Developer/Xcode/DerivedData/Madabank-hkohthnbjtgnoechirsoymtykttx/Build/Intermediates.noindex/RxSwift.build/Debug-iphonesimulator/RxRelay.build/module.modulemap /Users/darisadam/Library/Developer/Xcode/DerivedData/Madabank-hkohthnbjtgnoechirsoymtykttx/Build/Products/Debug-iphonesimulator/RxRelay.framework/Modules

WriteAuxiliaryFile /Users/darisadam/Library/Developer/Xcode/DerivedData/Madabank-hkohthnbjtgnoechirsoymtykttx/Build/Intermediates.noindex/RxSwift.build/Debug-iphonesimulator/RxCocoaRuntime.build/Objects-normal/arm64/e6072d4f65d7061329687fe24e3d63a7-common-args.resp (in target 'RxCocoaRuntime' from project 'RxSwift')
    cd /Users/darisadam/Documents/Projects/iOS\ Apps/madabank-ios/Madabank/Tuist/.build/tuist-derived/RxSwift
    write-file /Users/darisadam/Library/Developer/Xcode/DerivedData/Madabank-hkohthnbjtgnoechirsoymtykttx/Build/Intermediates.noindex/RxSwift.build/Debug-iphonesimulator/RxCocoaRuntime.build/Objects-normal/arm64/e6072d4f65d7061329687fe24e3d63a7-common-args.resp
-target arm64-apple-ios12.0-simulator '-std=gnu11' -fobjc-arc -fmodules -gmodules '-fmodules-cache-path=/Users/darisadam/Library/Developer/Xcode/DerivedData/ModuleCache.noindex' -fpascal-strings -O0 '-DDEBUG=1' '-DSWIFT_PACKAGE=1' '-DOBJC_OLD_DISPATCH_PROTOTYPES=1' -isysroot /Applications/Xcode.app/Contents/Developer/Platforms/iPhoneSimulator.platform/Developer/SDKs/iPhoneSimulator26.1.sdk -g '-fobjc-abi-version=2' -fobjc-legacy-dispatch -I/Users/darisadam/Library/Developer/Xcode/DerivedData/Madabank-hkohthnbjtgnoechirsoymtykttx/Build/Products/Debug-iphonesimulator/include '-I/Users/darisadam/Documents/Projects/iOS Apps/madabank-ios/Madabank/Tuist/.build/checkouts/RxSwift/Sources/RxCocoaRuntime/include' -I/Users/darisadam/Library/Developer/Xcode/DerivedData/Madabank-hkohthnbjtgnoechirsoymtykttx/Build/Intermediates.noindex/RxSwift.build/Debug-iphonesimulator/RxCocoaRuntime.build/DerivedSources-normal/arm64 -I/Users/darisadam/Library/Developer/Xcode/DerivedData/Madabank-hkohthnbjtgnoechirsoymtykttx/Build/Intermediates.noindex/RxSwift.build/Debug-iphonesimulator/RxCocoaRuntime.build/DerivedSources/arm64 -I/Users/darisadam/Library/Developer/Xcode/DerivedData/Madabank-hkohthnbjtgnoechirsoymtykttx/Build/Intermediates.noindex/RxSwift.build/Debug-iphonesimulator/RxCocoaRuntime.build/DerivedSources -F/Users/darisadam/Library/Developer/Xcode/DerivedData/Madabank-hkohthnbjtgnoechirsoymtykttx/Build/Products/Debug-iphonesimulator -F/Applications/Xcode.app/Contents/Developer/Platforms/iPhoneSimulator.platform/Developer/Library/Frameworks '-fmodule-name=RxCocoaRuntime'

WriteAuxiliaryFile /Users/darisadam/Library/Developer/Xcode/DerivedData/Madabank-hkohthnbjtgnoechirsoymtykttx/Build/Intermediates.noindex/RxSwift.build/Debug-iphonesimulator/RxCocoaRuntime.build/Objects-normal/arm64/RxCocoaRuntime.LinkFileList (in target 'RxCocoaRuntime' from project 'RxSwift')
    cd /Users/darisadam/Documents/Projects/iOS\ Apps/madabank-ios/Madabank/Tuist/.build/tuist-derived/RxSwift
    write-file /Users/darisadam/Library/Developer/Xcode/DerivedData/Madabank-hkohthnbjtgnoechirsoymtykttx/Build/Intermediates.noindex/RxSwift.build/Debug-iphonesimulator/RxCocoaRuntime.build/Objects-normal/arm64/RxCocoaRuntime.LinkFileList

WriteAuxiliaryFile /Users/darisadam/Library/Developer/Xcode/DerivedData/Madabank-hkohthnbjtgnoechirsoymtykttx/Build/Intermediates.noindex/RxSwift.build/Debug-iphonesimulator/RxCocoaRuntime.build/Objects-normal/arm64/7187679823f38a2a940e0043cdf9d637-common-args.resp (in target 'RxCocoaRuntime' from project 'RxSwift')
    cd /Users/darisadam/Documents/Projects/iOS\ Apps/madabank-ios/Madabank/Tuist/.build/tuist-derived/RxSwift
    write-file /Users/darisadam/Library/Developer/Xcode/DerivedData/Madabank-hkohthnbjtgnoechirsoymtykttx/Build/Intermediates.noindex/RxSwift.build/Debug-iphonesimulator/RxCocoaRuntime.build/Objects-normal/arm64/7187679823f38a2a940e0043cdf9d637-common-args.resp
-target arm64-apple-ios12.0-simulator '-std=gnu11' -fmodules -gmodules '-fmodules-cache-path=/Users/darisadam/Library/Developer/Xcode/DerivedData/ModuleCache.noindex' -fpascal-strings -O0 '-DDEBUG=1' '-DSWIFT_PACKAGE=1' -isysroot /Applications/Xcode.app/Contents/Developer/Platforms/iPhoneSimulator.platform/Developer/SDKs/iPhoneSimulator26.1.sdk -g -I/Users/darisadam/Library/Developer/Xcode/DerivedData/Madabank-hkohthnbjtgnoechirsoymtykttx/Build/Products/Debug-iphonesimulator/include '-I/Users/darisadam/Documents/Projects/iOS Apps/madabank-ios/Madabank/Tuist/.build/checkouts/RxSwift/Sources/RxCocoaRuntime/include' -I/Users/darisadam/Library/Developer/Xcode/DerivedData/Madabank-hkohthnbjtgnoechirsoymtykttx/Build/Intermediates.noindex/RxSwift.build/Debug-iphonesimulator/RxCocoaRuntime.build/DerivedSources-normal/arm64 -I/Users/darisadam/Library/Developer/Xcode/DerivedData/Madabank-hkohthnbjtgnoechirsoymtykttx/Build/Intermediates.noindex/RxSwift.build/Debug-iphonesimulator/RxCocoaRuntime.build/DerivedSources/arm64 -I/Users/darisadam/Library/Developer/Xcode/DerivedData/Madabank-hkohthnbjtgnoechirsoymtykttx/Build/Intermediates.noindex/RxSwift.build/Debug-iphonesimulator/RxCocoaRuntime.build/DerivedSources -F/Users/darisadam/Library/Developer/Xcode/DerivedData/Madabank-hkohthnbjtgnoechirsoymtykttx/Build/Products/Debug-iphonesimulator -F/Applications/Xcode.app/Contents/Developer/Platforms/iPhoneSimulator.platform/Developer/Library/Frameworks '-fmodule-name=RxCocoaRuntime'

WriteAuxiliaryFile /Users/darisadam/Library/Developer/Xcode/DerivedData/Madabank-hkohthnbjtgnoechirsoymtykttx/Build/Intermediates.noindex/RxSwift.build/Debug-iphonesimulator/RxCocoaRuntime.build/DerivedSources/RxCocoaRuntime_vers.c (in target 'RxCocoaRuntime' from project 'RxSwift')
    cd /Users/darisadam/Documents/Projects/iOS\ Apps/madabank-ios/Madabank/Tuist/.build/tuist-derived/RxSwift
    write-file /Users/darisadam/Library/Developer/Xcode/DerivedData/Madabank-hkohthnbjtgnoechirsoymtykttx/Build/Intermediates.noindex/RxSwift.build/Debug-iphonesimulator/RxCocoaRuntime.build/DerivedSources/RxCocoaRuntime_vers.c

WriteAuxiliaryFile /Users/darisadam/Library/Developer/Xcode/DerivedData/Madabank-hkohthnbjtgnoechirsoymtykttx/Build/Intermediates.noindex/RxSwift.build/Debug-iphonesimulator/RxCocoa.build/RxCocoa.DependencyStaticMetadataFileList (in target 'RxCocoa' from project 'RxSwift')
    cd /Users/darisadam/Documents/Projects/iOS\ Apps/madabank-ios/Madabank/Tuist/.build/tuist-derived/RxSwift
    write-file /Users/darisadam/Library/Developer/Xcode/DerivedData/Madabank-hkohthnbjtgnoechirsoymtykttx/Build/Intermediates.noindex/RxSwift.build/Debug-iphonesimulator/RxCocoa.build/RxCocoa.DependencyStaticMetadataFileList

WriteAuxiliaryFile /Users/darisadam/Library/Developer/Xcode/DerivedData/Madabank-hkohthnbjtgnoechirsoymtykttx/Build/Intermediates.noindex/RxSwift.build/Debug-iphonesimulator/RxCocoa.build/module.modulemap (in target 'RxCocoa' from project 'RxSwift')
    cd /Users/darisadam/Documents/Projects/iOS\ Apps/madabank-ios/Madabank/Tuist/.build/tuist-derived/RxSwift
    write-file /Users/darisadam/Library/Developer/Xcode/DerivedData/Madabank-hkohthnbjtgnoechirsoymtykttx/Build/Intermediates.noindex/RxSwift.build/Debug-iphonesimulator/RxCocoa.build/module.modulemap

WriteAuxiliaryFile /Users/darisadam/Library/Developer/Xcode/DerivedData/Madabank-hkohthnbjtgnoechirsoymtykttx/Build/Intermediates.noindex/RxSwift.build/Debug-iphonesimulator/RxCocoa.build/RxCocoa.DependencyMetadataFileList (in target 'RxCocoa' from project 'RxSwift')
    cd /Users/darisadam/Documents/Projects/iOS\ Apps/madabank-ios/Madabank/Tuist/.build/tuist-derived/RxSwift
    write-file /Users/darisadam/Library/Developer/Xcode/DerivedData/Madabank-hkohthnbjtgnoechirsoymtykttx/Build/Intermediates.noindex/RxSwift.build/Debug-iphonesimulator/RxCocoa.build/RxCocoa.DependencyMetadataFileList

WriteAuxiliaryFile /Users/darisadam/Library/Developer/Xcode/DerivedData/Madabank-hkohthnbjtgnoechirsoymtykttx/Build/Intermediates.noindex/RxSwift.build/Debug-iphonesimulator/RxCocoa.build/Objects-normal/arm64/RxCocoa_const_extract_protocols.json (in target 'RxCocoa' from project 'RxSwift')
    cd /Users/darisadam/Documents/Projects/iOS\ Apps/madabank-ios/Madabank/Tuist/.build/tuist-derived/RxSwift
    write-file /Users/darisadam/Library/Developer/Xcode/DerivedData/Madabank-hkohthnbjtgnoechirsoymtykttx/Build/Intermediates.noindex/RxSwift.build/Debug-iphonesimulator/RxCocoa.build/Objects-normal/arm64/RxCocoa_const_extract_protocols.json

WriteAuxiliaryFile /Users/darisadam/Library/Developer/Xcode/DerivedData/Madabank-hkohthnbjtgnoechirsoymtykttx/Build/Intermediates.noindex/RxSwift.build/Debug-iphonesimulator/RxCocoa.build/Objects-normal/arm64/RxCocoa.SwiftFileList (in target 'RxCocoa' from project 'RxSwift')
    cd /Users/darisadam/Documents/Projects/iOS\ Apps/madabank-ios/Madabank/Tuist/.build/tuist-derived/RxSwift
    write-file /Users/darisadam/Library/Developer/Xcode/DerivedData/Madabank-hkohthnbjtgnoechirsoymtykttx/Build/Intermediates.noindex/RxSwift.build/Debug-iphonesimulator/RxCocoa.build/Objects-normal/arm64/RxCocoa.SwiftFileList

WriteAuxiliaryFile /Users/darisadam/Library/Developer/Xcode/DerivedData/Madabank-hkohthnbjtgnoechirsoymtykttx/Build/Intermediates.noindex/RxSwift.build/Debug-iphonesimulator/RxCocoa.build/Objects-normal/arm64/RxCocoa.SwiftConstValuesFileList (in target 'RxCocoa' from project 'RxSwift')
    cd /Users/darisadam/Documents/Projects/iOS\ Apps/madabank-ios/Madabank/Tuist/.build/tuist-derived/RxSwift
    write-file /Users/darisadam/Library/Developer/Xcode/DerivedData/Madabank-hkohthnbjtgnoechirsoymtykttx/Build/Intermediates.noindex/RxSwift.build/Debug-iphonesimulator/RxCocoa.build/Objects-normal/arm64/RxCocoa.SwiftConstValuesFileList

WriteAuxiliaryFile /Users/darisadam/Library/Developer/Xcode/DerivedData/Madabank-hkohthnbjtgnoechirsoymtykttx/Build/Intermediates.noindex/RxSwift.build/Debug-iphonesimulator/RxCocoa.build/Objects-normal/arm64/RxCocoa.LinkFileList (in target 'RxCocoa' from project 'RxSwift')
    cd /Users/darisadam/Documents/Projects/iOS\ Apps/madabank-ios/Madabank/Tuist/.build/tuist-derived/RxSwift
    write-file /Users/darisadam/Library/Developer/Xcode/DerivedData/Madabank-hkohthnbjtgnoechirsoymtykttx/Build/Intermediates.noindex/RxSwift.build/Debug-iphonesimulator/RxCocoa.build/Objects-normal/arm64/RxCocoa.LinkFileList

WriteAuxiliaryFile /Users/darisadam/Library/Developer/Xcode/DerivedData/Madabank-hkohthnbjtgnoechirsoymtykttx/Build/Intermediates.noindex/RxSwift.build/Debug-iphonesimulator/RxCocoa.build/Objects-normal/arm64/RxCocoa-OutputFileMap.json (in target 'RxCocoa' from project 'RxSwift')
    cd /Users/darisadam/Documents/Projects/iOS\ Apps/madabank-ios/Madabank/Tuist/.build/tuist-derived/RxSwift
    write-file /Users/darisadam/Library/Developer/Xcode/DerivedData/Madabank-hkohthnbjtgnoechirsoymtykttx/Build/Intermediates.noindex/RxSwift.build/Debug-iphonesimulator/RxCocoa.build/Objects-normal/arm64/RxCocoa-OutputFileMap.json

WriteAuxiliaryFile /Users/darisadam/Library/Developer/Xcode/DerivedData/Madabank-hkohthnbjtgnoechirsoymtykttx/Build/Intermediates.noindex/RxSwift.build/Debug-iphonesimulator/RxCocoa.build/Objects-normal/arm64/7187679823f38a2a940e0043cdf9d637-common-args.resp (in target 'RxCocoa' from project 'RxSwift')
    cd /Users/darisadam/Documents/Projects/iOS\ Apps/madabank-ios/Madabank/Tuist/.build/tuist-derived/RxSwift
    write-file /Users/darisadam/Library/Developer/Xcode/DerivedData/Madabank-hkohthnbjtgnoechirsoymtykttx/Build/Intermediates.noindex/RxSwift.build/Debug-iphonesimulator/RxCocoa.build/Objects-normal/arm64/7187679823f38a2a940e0043cdf9d637-common-args.resp
-target arm64-apple-ios12.0-simulator '-std=gnu11' -fmodules -gmodules '-fmodules-cache-path=/Users/darisadam/Library/Developer/Xcode/DerivedData/ModuleCache.noindex' '-fmodule-name=RxCocoa' -fpascal-strings -O0 '-DDEBUG=1' '-DSWIFT_PACKAGE=1' -isysroot /Applications/Xcode.app/Contents/Developer/Platforms/iPhoneSimulator.platform/Developer/SDKs/iPhoneSimulator26.1.sdk -g -I/Users/darisadam/Library/Developer/Xcode/DerivedData/Madabank-hkohthnbjtgnoechirsoymtykttx/Build/Products/Debug-iphonesimulator/include '-I/Users/darisadam/Documents/Projects/iOS Apps/madabank-ios/Madabank/Tuist/.build/checkouts/RxSwift/Sources/RxCocoaRuntime/include' -I/Users/darisadam/Library/Developer/Xcode/DerivedData/Madabank-hkohthnbjtgnoechirsoymtykttx/Build/Intermediates.noindex/RxSwift.build/Debug-iphonesimulator/RxCocoa.build/DerivedSources-normal/arm64 -I/Users/darisadam/Library/Developer/Xcode/DerivedData/Madabank-hkohthnbjtgnoechirsoymtykttx/Build/Intermediates.noindex/RxSwift.build/Debug-iphonesimulator/RxCocoa.build/DerivedSources/arm64 -I/Users/darisadam/Library/Developer/Xcode/DerivedData/Madabank-hkohthnbjtgnoechirsoymtykttx/Build/Intermediates.noindex/RxSwift.build/Debug-iphonesimulator/RxCocoa.build/DerivedSources -F/Users/darisadam/Library/Developer/Xcode/DerivedData/Madabank-hkohthnbjtgnoechirsoymtykttx/Build/Products/Debug-iphonesimulator -F/Applications/Xcode.app/Contents/Developer/Platforms/iPhoneSimulator.platform/Developer/Library/Frameworks '-fmodule-map-file=/Users/darisadam/Documents/Projects/iOS Apps/madabank-ios/Madabank/Tuist/.build/checkouts/RxSwift/../../tuist-derived/RxCocoaRuntime/RxCocoaRuntime.modulemap'

WriteAuxiliaryFile /Users/darisadam/Library/Developer/Xcode/DerivedData/Madabank-hkohthnbjtgnoechirsoymtykttx/Build/Intermediates.noindex/RxSwift.build/Debug-iphonesimulator/RxCocoa.build/DerivedSources/RxCocoa_vers.c (in target 'RxCocoa' from project 'RxSwift')
    cd /Users/darisadam/Documents/Projects/iOS\ Apps/madabank-ios/Madabank/Tuist/.build/tuist-derived/RxSwift
    write-file /Users/darisadam/Library/Developer/Xcode/DerivedData/Madabank-hkohthnbjtgnoechirsoymtykttx/Build/Intermediates.noindex/RxSwift.build/Debug-iphonesimulator/RxCocoa.build/DerivedSources/RxCocoa_vers.c

Copy /Users/darisadam/Library/Developer/Xcode/DerivedData/Madabank-hkohthnbjtgnoechirsoymtykttx/Build/Products/Debug-iphonesimulator/RxCocoa.framework/Modules/module.modulemap /Users/darisadam/Library/Developer/Xcode/DerivedData/Madabank-hkohthnbjtgnoechirsoymtykttx/Build/Intermediates.noindex/RxSwift.build/Debug-iphonesimulator/RxCocoa.build/module.modulemap (in target 'RxCocoa' from project 'RxSwift')
    cd /Users/darisadam/Documents/Projects/iOS\ Apps/madabank-ios/Madabank/Tuist/.build/tuist-derived/RxSwift
    builtin-copy -exclude .DS_Store -exclude CVS -exclude .svn -exclude .git -exclude .hg -resolve-src-symlinks /Users/darisadam/Library/Developer/Xcode/DerivedData/Madabank-hkohthnbjtgnoechirsoymtykttx/Build/Intermediates.noindex/RxSwift.build/Debug-iphonesimulator/RxCocoa.build/module.modulemap /Users/darisadam/Library/Developer/Xcode/DerivedData/Madabank-hkohthnbjtgnoechirsoymtykttx/Build/Products/Debug-iphonesimulator/RxCocoa.framework/Modules

WriteAuxiliaryFile /Users/darisadam/Library/Developer/Xcode/DerivedData/Madabank-hkohthnbjtgnoechirsoymtykttx/Build/Intermediates.noindex/Data.build/Debug-iphonesimulator/Data.build/module.modulemap (in target 'Data' from project 'Data')
    cd /Users/darisadam/Documents/Projects/iOS\ Apps/madabank-ios/Madabank/Modules/Shared/Data
    write-file /Users/darisadam/Library/Developer/Xcode/DerivedData/Madabank-hkohthnbjtgnoechirsoymtykttx/Build/Intermediates.noindex/Data.build/Debug-iphonesimulator/Data.build/module.modulemap

WriteAuxiliaryFile /Users/darisadam/Library/Developer/Xcode/DerivedData/Madabank-hkohthnbjtgnoechirsoymtykttx/Build/Intermediates.noindex/Data.build/Debug-iphonesimulator/Data.build/Objects-normal/arm64/Data_const_extract_protocols.json (in target 'Data' from project 'Data')
    cd /Users/darisadam/Documents/Projects/iOS\ Apps/madabank-ios/Madabank/Modules/Shared/Data
    write-file /Users/darisadam/Library/Developer/Xcode/DerivedData/Madabank-hkohthnbjtgnoechirsoymtykttx/Build/Intermediates.noindex/Data.build/Debug-iphonesimulator/Data.build/Objects-normal/arm64/Data_const_extract_protocols.json

WriteAuxiliaryFile /Users/darisadam/Library/Developer/Xcode/DerivedData/Madabank-hkohthnbjtgnoechirsoymtykttx/Build/Intermediates.noindex/Data.build/Debug-iphonesimulator/Data.build/Objects-normal/arm64/Data.SwiftFileList (in target 'Data' from project 'Data')
    cd /Users/darisadam/Documents/Projects/iOS\ Apps/madabank-ios/Madabank/Modules/Shared/Data
    write-file /Users/darisadam/Library/Developer/Xcode/DerivedData/Madabank-hkohthnbjtgnoechirsoymtykttx/Build/Intermediates.noindex/Data.build/Debug-iphonesimulator/Data.build/Objects-normal/arm64/Data.SwiftFileList

WriteAuxiliaryFile /Users/darisadam/Library/Developer/Xcode/DerivedData/Madabank-hkohthnbjtgnoechirsoymtykttx/Build/Intermediates.noindex/Data.build/Debug-iphonesimulator/Data.build/Objects-normal/arm64/Data.SwiftConstValuesFileList (in target 'Data' from project 'Data')
    cd /Users/darisadam/Documents/Projects/iOS\ Apps/madabank-ios/Madabank/Modules/Shared/Data
    write-file /Users/darisadam/Library/Developer/Xcode/DerivedData/Madabank-hkohthnbjtgnoechirsoymtykttx/Build/Intermediates.noindex/Data.build/Debug-iphonesimulator/Data.build/Objects-normal/arm64/Data.SwiftConstValuesFileList

WriteAuxiliaryFile /Users/darisadam/Library/Developer/Xcode/DerivedData/Madabank-hkohthnbjtgnoechirsoymtykttx/Build/Intermediates.noindex/Data.build/Debug-iphonesimulator/Data.build/Objects-normal/arm64/Data.LinkFileList (in target 'Data' from project 'Data')
    cd /Users/darisadam/Documents/Projects/iOS\ Apps/madabank-ios/Madabank/Modules/Shared/Data
    write-file /Users/darisadam/Library/Developer/Xcode/DerivedData/Madabank-hkohthnbjtgnoechirsoymtykttx/Build/Intermediates.noindex/Data.build/Debug-iphonesimulator/Data.build/Objects-normal/arm64/Data.LinkFileList

WriteAuxiliaryFile /Users/darisadam/Library/Developer/Xcode/DerivedData/Madabank-hkohthnbjtgnoechirsoymtykttx/Build/Intermediates.noindex/Data.build/Debug-iphonesimulator/Data.build/Objects-normal/arm64/Data-OutputFileMap.json (in target 'Data' from project 'Data')
    cd /Users/darisadam/Documents/Projects/iOS\ Apps/madabank-ios/Madabank/Modules/Shared/Data
    write-file /Users/darisadam/Library/Developer/Xcode/DerivedData/Madabank-hkohthnbjtgnoechirsoymtykttx/Build/Intermediates.noindex/Data.build/Debug-iphonesimulator/Data.build/Objects-normal/arm64/Data-OutputFileMap.json

WriteAuxiliaryFile /Users/darisadam/Library/Developer/Xcode/DerivedData/Madabank-hkohthnbjtgnoechirsoymtykttx/Build/Intermediates.noindex/Data.build/Debug-iphonesimulator/Data.build/DerivedSources/Data_vers.c (in target 'Data' from project 'Data')
    cd /Users/darisadam/Documents/Projects/iOS\ Apps/madabank-ios/Madabank/Modules/Shared/Data
    write-file /Users/darisadam/Library/Developer/Xcode/DerivedData/Madabank-hkohthnbjtgnoechirsoymtykttx/Build/Intermediates.noindex/Data.build/Debug-iphonesimulator/Data.build/DerivedSources/Data_vers.c

WriteAuxiliaryFile /Users/darisadam/Library/Developer/Xcode/DerivedData/Madabank-hkohthnbjtgnoechirsoymtykttx/Build/Intermediates.noindex/Data.build/Debug-iphonesimulator/Data.build/Data.hmap (in target 'Data' from project 'Data')
    cd /Users/darisadam/Documents/Projects/iOS\ Apps/madabank-ios/Madabank/Modules/Shared/Data
    write-file /Users/darisadam/Library/Developer/Xcode/DerivedData/Madabank-hkohthnbjtgnoechirsoymtykttx/Build/Intermediates.noindex/Data.build/Debug-iphonesimulator/Data.build/Data.hmap

WriteAuxiliaryFile /Users/darisadam/Library/Developer/Xcode/DerivedData/Madabank-hkohthnbjtgnoechirsoymtykttx/Build/Intermediates.noindex/Data.build/Debug-iphonesimulator/Data.build/Objects-normal/arm64/7187679823f38a2a940e0043cdf9d637-common-args.resp (in target 'Data' from project 'Data')
    cd /Users/darisadam/Documents/Projects/iOS\ Apps/madabank-ios/Madabank/Modules/Shared/Data
    write-file /Users/darisadam/Library/Developer/Xcode/DerivedData/Madabank-hkohthnbjtgnoechirsoymtykttx/Build/Intermediates.noindex/Data.build/Debug-iphonesimulator/Data.build/Objects-normal/arm64/7187679823f38a2a940e0043cdf9d637-common-args.resp
-target arm64-apple-ios15.0-simulator '-std=gnu11' -fmodules -gmodules '-fmodules-cache-path=/Users/darisadam/Library/Developer/Xcode/DerivedData/ModuleCache.noindex' '-fmodule-name=Data' -fpascal-strings -O0 -fno-common '-DDEBUG=1' -isysroot /Applications/Xcode.app/Contents/Developer/Platforms/iPhoneSimulator.platform/Developer/SDKs/iPhoneSimulator26.1.sdk -g -iquote /Users/darisadam/Library/Developer/Xcode/DerivedData/Madabank-hkohthnbjtgnoechirsoymtykttx/Build/Intermediates.noindex/Data.build/Debug-iphonesimulator/Data.build/Data-generated-files.hmap -I/Users/darisadam/Library/Developer/Xcode/DerivedData/Madabank-hkohthnbjtgnoechirsoymtykttx/Build/Intermediates.noindex/Data.build/Debug-iphonesimulator/Data.build/Data-own-target-headers.hmap -I/Users/darisadam/Library/Developer/Xcode/DerivedData/Madabank-hkohthnbjtgnoechirsoymtykttx/Build/Intermediates.noindex/Data.build/Debug-iphonesimulator/Data.build/Data-all-non-framework-target-headers.hmap -ivfsoverlay /Users/darisadam/Library/Developer/Xcode/DerivedData/Madabank-hkohthnbjtgnoechirsoymtykttx/Build/Intermediates.noindex/Data.build/Debug-iphonesimulator/Data-6330774ec221515250ab6759f27e1669-VFS-iphonesimulator/all-product-headers.yaml -iquote /Users/darisadam/Library/Developer/Xcode/DerivedData/Madabank-hkohthnbjtgnoechirsoymtykttx/Build/Intermediates.noindex/Data.build/Debug-iphonesimulator/Data.build/Data-project-headers.hmap -I/Users/darisadam/Library/Developer/Xcode/DerivedData/Madabank-hkohthnbjtgnoechirsoymtykttx/Build/Products/Debug-iphonesimulator/include -I/Users/darisadam/Library/Developer/Xcode/DerivedData/Madabank-hkohthnbjtgnoechirsoymtykttx/Build/Intermediates.noindex/Data.build/Debug-iphonesimulator/Data.build/DerivedSources-normal/arm64 -I/Users/darisadam/Library/Developer/Xcode/DerivedData/Madabank-hkohthnbjtgnoechirsoymtykttx/Build/Intermediates.noindex/Data.build/Debug-iphonesimulator/Data.build/DerivedSources/arm64 -I/Users/darisadam/Library/Developer/Xcode/DerivedData/Madabank-hkohthnbjtgnoechirsoymtykttx/Build/Intermediates.noindex/Data.build/Debug-iphonesimulator/Data.build/DerivedSources -F/Users/darisadam/Library/Developer/Xcode/DerivedData/Madabank-hkohthnbjtgnoechirsoymtykttx/Build/Products/Debug-iphonesimulator

WriteAuxiliaryFile /Users/darisadam/Library/Developer/Xcode/DerivedData/Madabank-hkohthnbjtgnoechirsoymtykttx/Build/Intermediates.noindex/Data.build/Debug-iphonesimulator/Data.build/Data.DependencyStaticMetadataFileList (in target 'Data' from project 'Data')
    cd /Users/darisadam/Documents/Projects/iOS\ Apps/madabank-ios/Madabank/Modules/Shared/Data
    write-file /Users/darisadam/Library/Developer/Xcode/DerivedData/Madabank-hkohthnbjtgnoechirsoymtykttx/Build/Intermediates.noindex/Data.build/Debug-iphonesimulator/Data.build/Data.DependencyStaticMetadataFileList

WriteAuxiliaryFile /Users/darisadam/Library/Developer/Xcode/DerivedData/Madabank-hkohthnbjtgnoechirsoymtykttx/Build/Intermediates.noindex/Data.build/Debug-iphonesimulator/Data.build/Data.DependencyMetadataFileList (in target 'Data' from project 'Data')
    cd /Users/darisadam/Documents/Projects/iOS\ Apps/madabank-ios/Madabank/Modules/Shared/Data
    write-file /Users/darisadam/Library/Developer/Xcode/DerivedData/Madabank-hkohthnbjtgnoechirsoymtykttx/Build/Intermediates.noindex/Data.build/Debug-iphonesimulator/Data.build/Data.DependencyMetadataFileList

WriteAuxiliaryFile /Users/darisadam/Library/Developer/Xcode/DerivedData/Madabank-hkohthnbjtgnoechirsoymtykttx/Build/Intermediates.noindex/Data.build/Debug-iphonesimulator/Data.build/Data-project-headers.hmap (in target 'Data' from project 'Data')
    cd /Users/darisadam/Documents/Projects/iOS\ Apps/madabank-ios/Madabank/Modules/Shared/Data
    write-file /Users/darisadam/Library/Developer/Xcode/DerivedData/Madabank-hkohthnbjtgnoechirsoymtykttx/Build/Intermediates.noindex/Data.build/Debug-iphonesimulator/Data.build/Data-project-headers.hmap

WriteAuxiliaryFile /Users/darisadam/Library/Developer/Xcode/DerivedData/Madabank-hkohthnbjtgnoechirsoymtykttx/Build/Intermediates.noindex/Data.build/Debug-iphonesimulator/Data.build/Data-own-target-headers.hmap (in target 'Data' from project 'Data')
    cd /Users/darisadam/Documents/Projects/iOS\ Apps/madabank-ios/Madabank/Modules/Shared/Data
    write-file /Users/darisadam/Library/Developer/Xcode/DerivedData/Madabank-hkohthnbjtgnoechirsoymtykttx/Build/Intermediates.noindex/Data.build/Debug-iphonesimulator/Data.build/Data-own-target-headers.hmap

WriteAuxiliaryFile /Users/darisadam/Library/Developer/Xcode/DerivedData/Madabank-hkohthnbjtgnoechirsoymtykttx/Build/Intermediates.noindex/Data.build/Debug-iphonesimulator/Data.build/Data-generated-files.hmap (in target 'Data' from project 'Data')
    cd /Users/darisadam/Documents/Projects/iOS\ Apps/madabank-ios/Madabank/Modules/Shared/Data
    write-file /Users/darisadam/Library/Developer/Xcode/DerivedData/Madabank-hkohthnbjtgnoechirsoymtykttx/Build/Intermediates.noindex/Data.build/Debug-iphonesimulator/Data.build/Data-generated-files.hmap

WriteAuxiliaryFile /Users/darisadam/Library/Developer/Xcode/DerivedData/Madabank-hkohthnbjtgnoechirsoymtykttx/Build/Intermediates.noindex/Data.build/Debug-iphonesimulator/Data.build/Data-all-target-headers.hmap (in target 'Data' from project 'Data')
    cd /Users/darisadam/Documents/Projects/iOS\ Apps/madabank-ios/Madabank/Modules/Shared/Data
    write-file /Users/darisadam/Library/Developer/Xcode/DerivedData/Madabank-hkohthnbjtgnoechirsoymtykttx/Build/Intermediates.noindex/Data.build/Debug-iphonesimulator/Data.build/Data-all-target-headers.hmap

WriteAuxiliaryFile /Users/darisadam/Library/Developer/Xcode/DerivedData/Madabank-hkohthnbjtgnoechirsoymtykttx/Build/Intermediates.noindex/Data.build/Debug-iphonesimulator/Data.build/Data-all-non-framework-target-headers.hmap (in target 'Data' from project 'Data')
    cd /Users/darisadam/Documents/Projects/iOS\ Apps/madabank-ios/Madabank/Modules/Shared/Data
    write-file /Users/darisadam/Library/Developer/Xcode/DerivedData/Madabank-hkohthnbjtgnoechirsoymtykttx/Build/Intermediates.noindex/Data.build/Debug-iphonesimulator/Data.build/Data-all-non-framework-target-headers.hmap

Copy /Users/darisadam/Library/Developer/Xcode/DerivedData/Madabank-hkohthnbjtgnoechirsoymtykttx/Build/Products/Debug-iphonesimulator/Data.framework/Modules/module.modulemap /Users/darisadam/Library/Developer/Xcode/DerivedData/Madabank-hkohthnbjtgnoechirsoymtykttx/Build/Intermediates.noindex/Data.build/Debug-iphonesimulator/Data.build/module.modulemap (in target 'Data' from project 'Data')
    cd /Users/darisadam/Documents/Projects/iOS\ Apps/madabank-ios/Madabank/Modules/Shared/Data
    builtin-copy -exclude .DS_Store -exclude CVS -exclude .svn -exclude .git -exclude .hg -resolve-src-symlinks /Users/darisadam/Library/Developer/Xcode/DerivedData/Madabank-hkohthnbjtgnoechirsoymtykttx/Build/Intermediates.noindex/Data.build/Debug-iphonesimulator/Data.build/module.modulemap /Users/darisadam/Library/Developer/Xcode/DerivedData/Madabank-hkohthnbjtgnoechirsoymtykttx/Build/Products/Debug-iphonesimulator/Data.framework/Modules

WriteAuxiliaryFile /Users/darisadam/Library/Developer/Xcode/DerivedData/Madabank-hkohthnbjtgnoechirsoymtykttx/Build/Intermediates.noindex/CommonUI.build/Debug-iphonesimulator/CommonUI.build/module.modulemap (in target 'CommonUI' from project 'CommonUI')
    cd /Users/darisadam/Documents/Projects/iOS\ Apps/madabank-ios/Madabank/Modules/Shared/CommonUI
    write-file /Users/darisadam/Library/Developer/Xcode/DerivedData/Madabank-hkohthnbjtgnoechirsoymtykttx/Build/Intermediates.noindex/CommonUI.build/Debug-iphonesimulator/CommonUI.build/module.modulemap

WriteAuxiliaryFile /Users/darisadam/Library/Developer/Xcode/DerivedData/Madabank-hkohthnbjtgnoechirsoymtykttx/Build/Intermediates.noindex/CommonUI.build/Debug-iphonesimulator/CommonUI.build/Objects-normal/arm64/CommonUI.SwiftFileList (in target 'CommonUI' from project 'CommonUI')
    cd /Users/darisadam/Documents/Projects/iOS\ Apps/madabank-ios/Madabank/Modules/Shared/CommonUI
    write-file /Users/darisadam/Library/Developer/Xcode/DerivedData/Madabank-hkohthnbjtgnoechirsoymtykttx/Build/Intermediates.noindex/CommonUI.build/Debug-iphonesimulator/CommonUI.build/Objects-normal/arm64/CommonUI.SwiftFileList

WriteAuxiliaryFile /Users/darisadam/Library/Developer/Xcode/DerivedData/Madabank-hkohthnbjtgnoechirsoymtykttx/Build/Intermediates.noindex/CommonUI.build/Debug-iphonesimulator/CommonUI.build/Objects-normal/arm64/CommonUI_const_extract_protocols.json (in target 'CommonUI' from project 'CommonUI')
    cd /Users/darisadam/Documents/Projects/iOS\ Apps/madabank-ios/Madabank/Modules/Shared/CommonUI
    write-file /Users/darisadam/Library/Developer/Xcode/DerivedData/Madabank-hkohthnbjtgnoechirsoymtykttx/Build/Intermediates.noindex/CommonUI.build/Debug-iphonesimulator/CommonUI.build/Objects-normal/arm64/CommonUI_const_extract_protocols.json

WriteAuxiliaryFile /Users/darisadam/Library/Developer/Xcode/DerivedData/Madabank-hkohthnbjtgnoechirsoymtykttx/Build/Intermediates.noindex/CommonUI.build/Debug-iphonesimulator/CommonUI.build/Objects-normal/arm64/CommonUI.SwiftConstValuesFileList (in target 'CommonUI' from project 'CommonUI')
    cd /Users/darisadam/Documents/Projects/iOS\ Apps/madabank-ios/Madabank/Modules/Shared/CommonUI
    write-file /Users/darisadam/Library/Developer/Xcode/DerivedData/Madabank-hkohthnbjtgnoechirsoymtykttx/Build/Intermediates.noindex/CommonUI.build/Debug-iphonesimulator/CommonUI.build/Objects-normal/arm64/CommonUI.SwiftConstValuesFileList

WriteAuxiliaryFile /Users/darisadam/Library/Developer/Xcode/DerivedData/Madabank-hkohthnbjtgnoechirsoymtykttx/Build/Intermediates.noindex/CommonUI.build/Debug-iphonesimulator/CommonUI.build/Objects-normal/arm64/CommonUI.LinkFileList (in target 'CommonUI' from project 'CommonUI')
    cd /Users/darisadam/Documents/Projects/iOS\ Apps/madabank-ios/Madabank/Modules/Shared/CommonUI
    write-file /Users/darisadam/Library/Developer/Xcode/DerivedData/Madabank-hkohthnbjtgnoechirsoymtykttx/Build/Intermediates.noindex/CommonUI.build/Debug-iphonesimulator/CommonUI.build/Objects-normal/arm64/CommonUI.LinkFileList

WriteAuxiliaryFile /Users/darisadam/Library/Developer/Xcode/DerivedData/Madabank-hkohthnbjtgnoechirsoymtykttx/Build/Intermediates.noindex/CommonUI.build/Debug-iphonesimulator/CommonUI.build/Objects-normal/arm64/CommonUI-OutputFileMap.json (in target 'CommonUI' from project 'CommonUI')
    cd /Users/darisadam/Documents/Projects/iOS\ Apps/madabank-ios/Madabank/Modules/Shared/CommonUI
    write-file /Users/darisadam/Library/Developer/Xcode/DerivedData/Madabank-hkohthnbjtgnoechirsoymtykttx/Build/Intermediates.noindex/CommonUI.build/Debug-iphonesimulator/CommonUI.build/Objects-normal/arm64/CommonUI-OutputFileMap.json

WriteAuxiliaryFile /Users/darisadam/Library/Developer/Xcode/DerivedData/Madabank-hkohthnbjtgnoechirsoymtykttx/Build/Intermediates.noindex/CommonUI.build/Debug-iphonesimulator/CommonUI.build/Objects-normal/arm64/7187679823f38a2a940e0043cdf9d637-common-args.resp (in target 'CommonUI' from project 'CommonUI')
    cd /Users/darisadam/Documents/Projects/iOS\ Apps/madabank-ios/Madabank/Modules/Shared/CommonUI
    write-file /Users/darisadam/Library/Developer/Xcode/DerivedData/Madabank-hkohthnbjtgnoechirsoymtykttx/Build/Intermediates.noindex/CommonUI.build/Debug-iphonesimulator/CommonUI.build/Objects-normal/arm64/7187679823f38a2a940e0043cdf9d637-common-args.resp
-target arm64-apple-ios15.0-simulator '-std=gnu11' -fmodules -gmodules '-fmodules-cache-path=/Users/darisadam/Library/Developer/Xcode/DerivedData/ModuleCache.noindex' '-fmodule-name=CommonUI' -fpascal-strings -O0 -fno-common '-DDEBUG=1' -isysroot /Applications/Xcode.app/Contents/Developer/Platforms/iPhoneSimulator.platform/Developer/SDKs/iPhoneSimulator26.1.sdk -g -iquote /Users/darisadam/Library/Developer/Xcode/DerivedData/Madabank-hkohthnbjtgnoechirsoymtykttx/Build/Intermediates.noindex/CommonUI.build/Debug-iphonesimulator/CommonUI.build/CommonUI-generated-files.hmap -I/Users/darisadam/Library/Developer/Xcode/DerivedData/Madabank-hkohthnbjtgnoechirsoymtykttx/Build/Intermediates.noindex/CommonUI.build/Debug-iphonesimulator/CommonUI.build/CommonUI-own-target-headers.hmap -I/Users/darisadam/Library/Developer/Xcode/DerivedData/Madabank-hkohthnbjtgnoechirsoymtykttx/Build/Intermediates.noindex/CommonUI.build/Debug-iphonesimulator/CommonUI.build/CommonUI-all-non-framework-target-headers.hmap -ivfsoverlay /Users/darisadam/Library/Developer/Xcode/DerivedData/Madabank-hkohthnbjtgnoechirsoymtykttx/Build/Intermediates.noindex/CommonUI.build/Debug-iphonesimulator/CommonUI-9a7bd76207b7ee6cd2c05a9907929af9-VFS-iphonesimulator/all-product-headers.yaml -iquote /Users/darisadam/Library/Developer/Xcode/DerivedData/Madabank-hkohthnbjtgnoechirsoymtykttx/Build/Intermediates.noindex/CommonUI.build/Debug-iphonesimulator/CommonUI.build/CommonUI-project-headers.hmap -I/Users/darisadam/Library/Developer/Xcode/DerivedData/Madabank-hkohthnbjtgnoechirsoymtykttx/Build/Products/Debug-iphonesimulator/include '-I/Users/darisadam/Documents/Projects/iOS Apps/madabank-ios/Madabank/Tuist/.build/checkouts/RxSwift/Sources/RxCocoaRuntime/include' -I/Users/darisadam/Library/Developer/Xcode/DerivedData/Madabank-hkohthnbjtgnoechirsoymtykttx/Build/Intermediates.noindex/CommonUI.build/Debug-iphonesimulator/CommonUI.build/DerivedSources-normal/arm64 -I/Users/darisadam/Library/Developer/Xcode/DerivedData/Madabank-hkohthnbjtgnoechirsoymtykttx/Build/Intermediates.noindex/CommonUI.build/Debug-iphonesimulator/CommonUI.build/DerivedSources/arm64 -I/Users/darisadam/Library/Developer/Xcode/DerivedData/Madabank-hkohthnbjtgnoechirsoymtykttx/Build/Intermediates.noindex/CommonUI.build/Debug-iphonesimulator/CommonUI.build/DerivedSources -F/Users/darisadam/Library/Developer/Xcode/DerivedData/Madabank-hkohthnbjtgnoechirsoymtykttx/Build/Products/Debug-iphonesimulator '-fmodule-map-file=/Users/darisadam/Documents/Projects/iOS Apps/madabank-ios/Madabank/Modules/Shared/CommonUI/../../../Tuist/.build/tuist-derived/RxCocoaRuntime/RxCocoaRuntime.modulemap'

WriteAuxiliaryFile /Users/darisadam/Library/Developer/Xcode/DerivedData/Madabank-hkohthnbjtgnoechirsoymtykttx/Build/Intermediates.noindex/CommonUI.build/Debug-iphonesimulator/CommonUI.build/DerivedSources/CommonUI_vers.c (in target 'CommonUI' from project 'CommonUI')
    cd /Users/darisadam/Documents/Projects/iOS\ Apps/madabank-ios/Madabank/Modules/Shared/CommonUI
    write-file /Users/darisadam/Library/Developer/Xcode/DerivedData/Madabank-hkohthnbjtgnoechirsoymtykttx/Build/Intermediates.noindex/CommonUI.build/Debug-iphonesimulator/CommonUI.build/DerivedSources/CommonUI_vers.c

WriteAuxiliaryFile /Users/darisadam/Library/Developer/Xcode/DerivedData/Madabank-hkohthnbjtgnoechirsoymtykttx/Build/Intermediates.noindex/CommonUI.build/Debug-iphonesimulator/CommonUI.build/CommonUI.DependencyStaticMetadataFileList (in target 'CommonUI' from project 'CommonUI')
    cd /Users/darisadam/Documents/Projects/iOS\ Apps/madabank-ios/Madabank/Modules/Shared/CommonUI
    write-file /Users/darisadam/Library/Developer/Xcode/DerivedData/Madabank-hkohthnbjtgnoechirsoymtykttx/Build/Intermediates.noindex/CommonUI.build/Debug-iphonesimulator/CommonUI.build/CommonUI.DependencyStaticMetadataFileList

WriteAuxiliaryFile /Users/darisadam/Library/Developer/Xcode/DerivedData/Madabank-hkohthnbjtgnoechirsoymtykttx/Build/Intermediates.noindex/CommonUI.build/Debug-iphonesimulator/CommonUI.build/CommonUI.hmap (in target 'CommonUI' from project 'CommonUI')
    cd /Users/darisadam/Documents/Projects/iOS\ Apps/madabank-ios/Madabank/Modules/Shared/CommonUI
    write-file /Users/darisadam/Library/Developer/Xcode/DerivedData/Madabank-hkohthnbjtgnoechirsoymtykttx/Build/Intermediates.noindex/CommonUI.build/Debug-iphonesimulator/CommonUI.build/CommonUI.hmap

WriteAuxiliaryFile /Users/darisadam/Library/Developer/Xcode/DerivedData/Madabank-hkohthnbjtgnoechirsoymtykttx/Build/Intermediates.noindex/CommonUI.build/Debug-iphonesimulator/CommonUI.build/CommonUI.DependencyMetadataFileList (in target 'CommonUI' from project 'CommonUI')
    cd /Users/darisadam/Documents/Projects/iOS\ Apps/madabank-ios/Madabank/Modules/Shared/CommonUI
    write-file /Users/darisadam/Library/Developer/Xcode/DerivedData/Madabank-hkohthnbjtgnoechirsoymtykttx/Build/Intermediates.noindex/CommonUI.build/Debug-iphonesimulator/CommonUI.build/CommonUI.DependencyMetadataFileList

WriteAuxiliaryFile /Users/darisadam/Library/Developer/Xcode/DerivedData/Madabank-hkohthnbjtgnoechirsoymtykttx/Build/Intermediates.noindex/CommonUI.build/Debug-iphonesimulator/CommonUI.build/CommonUI-project-headers.hmap (in target 'CommonUI' from project 'CommonUI')
    cd /Users/darisadam/Documents/Projects/iOS\ Apps/madabank-ios/Madabank/Modules/Shared/CommonUI
    write-file /Users/darisadam/Library/Developer/Xcode/DerivedData/Madabank-hkohthnbjtgnoechirsoymtykttx/Build/Intermediates.noindex/CommonUI.build/Debug-iphonesimulator/CommonUI.build/CommonUI-project-headers.hmap

WriteAuxiliaryFile /Users/darisadam/Library/Developer/Xcode/DerivedData/Madabank-hkohthnbjtgnoechirsoymtykttx/Build/Intermediates.noindex/CommonUI.build/Debug-iphonesimulator/CommonUI.build/CommonUI-own-target-headers.hmap (in target 'CommonUI' from project 'CommonUI')
    cd /Users/darisadam/Documents/Projects/iOS\ Apps/madabank-ios/Madabank/Modules/Shared/CommonUI
    write-file /Users/darisadam/Library/Developer/Xcode/DerivedData/Madabank-hkohthnbjtgnoechirsoymtykttx/Build/Intermediates.noindex/CommonUI.build/Debug-iphonesimulator/CommonUI.build/CommonUI-own-target-headers.hmap

WriteAuxiliaryFile /Users/darisadam/Library/Developer/Xcode/DerivedData/Madabank-hkohthnbjtgnoechirsoymtykttx/Build/Intermediates.noindex/CommonUI.build/Debug-iphonesimulator/CommonUI.build/CommonUI-generated-files.hmap (in target 'CommonUI' from project 'CommonUI')
    cd /Users/darisadam/Documents/Projects/iOS\ Apps/madabank-ios/Madabank/Modules/Shared/CommonUI
    write-file /Users/darisadam/Library/Developer/Xcode/DerivedData/Madabank-hkohthnbjtgnoechirsoymtykttx/Build/Intermediates.noindex/CommonUI.build/Debug-iphonesimulator/CommonUI.build/CommonUI-generated-files.hmap

WriteAuxiliaryFile /Users/darisadam/Library/Developer/Xcode/DerivedData/Madabank-hkohthnbjtgnoechirsoymtykttx/Build/Intermediates.noindex/CommonUI.build/Debug-iphonesimulator/CommonUI.build/CommonUI-all-target-headers.hmap (in target 'CommonUI' from project 'CommonUI')
    cd /Users/darisadam/Documents/Projects/iOS\ Apps/madabank-ios/Madabank/Modules/Shared/CommonUI
    write-file /Users/darisadam/Library/Developer/Xcode/DerivedData/Madabank-hkohthnbjtgnoechirsoymtykttx/Build/Intermediates.noindex/CommonUI.build/Debug-iphonesimulator/CommonUI.build/CommonUI-all-target-headers.hmap

WriteAuxiliaryFile /Users/darisadam/Library/Developer/Xcode/DerivedData/Madabank-hkohthnbjtgnoechirsoymtykttx/Build/Intermediates.noindex/CommonUI.build/Debug-iphonesimulator/CommonUI.build/CommonUI-all-non-framework-target-headers.hmap (in target 'CommonUI' from project 'CommonUI')
    cd /Users/darisadam/Documents/Projects/iOS\ Apps/madabank-ios/Madabank/Modules/Shared/CommonUI
    write-file /Users/darisadam/Library/Developer/Xcode/DerivedData/Madabank-hkohthnbjtgnoechirsoymtykttx/Build/Intermediates.noindex/CommonUI.build/Debug-iphonesimulator/CommonUI.build/CommonUI-all-non-framework-target-headers.hmap

MkDir /Users/darisadam/Library/Developer/Xcode/DerivedData/Madabank-hkohthnbjtgnoechirsoymtykttx/Build/Products/Debug-iphonesimulator/Transactions.framework/Headers (in target 'Transactions' from project 'Transactions')
    cd /Users/darisadam/Documents/Projects/iOS\ Apps/madabank-ios/Madabank/Modules/Features/Transactions
    /bin/mkdir -p /Users/darisadam/Library/Developer/Xcode/DerivedData/Madabank-hkohthnbjtgnoechirsoymtykttx/Build/Products/Debug-iphonesimulator/Transactions.framework/Headers

Copy /Users/darisadam/Library/Developer/Xcode/DerivedData/Madabank-hkohthnbjtgnoechirsoymtykttx/Build/Products/Debug-iphonesimulator/CommonUI.framework/Modules/module.modulemap /Users/darisadam/Library/Developer/Xcode/DerivedData/Madabank-hkohthnbjtgnoechirsoymtykttx/Build/Intermediates.noindex/CommonUI.build/Debug-iphonesimulator/CommonUI.build/module.modulemap (in target 'CommonUI' from project 'CommonUI')
    cd /Users/darisadam/Documents/Projects/iOS\ Apps/madabank-ios/Madabank/Modules/Shared/CommonUI
    builtin-copy -exclude .DS_Store -exclude CVS -exclude .svn -exclude .git -exclude .hg -resolve-src-symlinks /Users/darisadam/Library/Developer/Xcode/DerivedData/Madabank-hkohthnbjtgnoechirsoymtykttx/Build/Intermediates.noindex/CommonUI.build/Debug-iphonesimulator/CommonUI.build/module.modulemap /Users/darisadam/Library/Developer/Xcode/DerivedData/Madabank-hkohthnbjtgnoechirsoymtykttx/Build/Products/Debug-iphonesimulator/CommonUI.framework/Modules

MkDir /Users/darisadam/Library/Developer/Xcode/DerivedData/Madabank-hkohthnbjtgnoechirsoymtykttx/Build/Products/Debug-iphonesimulator/Transactions.framework (in target 'Transactions' from project 'Transactions')
    cd /Users/darisadam/Documents/Projects/iOS\ Apps/madabank-ios/Madabank/Modules/Features/Transactions
    /bin/mkdir -p /Users/darisadam/Library/Developer/Xcode/DerivedData/Madabank-hkohthnbjtgnoechirsoymtykttx/Build/Products/Debug-iphonesimulator/Transactions.framework

MkDir /Users/darisadam/Library/Developer/Xcode/DerivedData/Madabank-hkohthnbjtgnoechirsoymtykttx/Build/Products/Debug-iphonesimulator/SnapKit.framework/Headers (in target 'SnapKit' from project 'SnapKit')
    cd /Users/darisadam/Documents/Projects/iOS\ Apps/madabank-ios/Madabank/Tuist/.build/tuist-derived/SnapKit
    /bin/mkdir -p /Users/darisadam/Library/Developer/Xcode/DerivedData/Madabank-hkohthnbjtgnoechirsoymtykttx/Build/Products/Debug-iphonesimulator/SnapKit.framework/Headers

MkDir /Users/darisadam/Library/Developer/Xcode/DerivedData/Madabank-hkohthnbjtgnoechirsoymtykttx/Build/Products/Debug-iphonesimulator/SnapKit.framework (in target 'SnapKit' from project 'SnapKit')
    cd /Users/darisadam/Documents/Projects/iOS\ Apps/madabank-ios/Madabank/Tuist/.build/tuist-derived/SnapKit
    /bin/mkdir -p /Users/darisadam/Library/Developer/Xcode/DerivedData/Madabank-hkohthnbjtgnoechirsoymtykttx/Build/Products/Debug-iphonesimulator/SnapKit.framework

MkDir /Users/darisadam/Library/Developer/Xcode/DerivedData/Madabank-hkohthnbjtgnoechirsoymtykttx/Build/Products/Debug-iphonesimulator/RxRelay.framework/Headers (in target 'RxRelay' from project 'RxSwift')
    cd /Users/darisadam/Documents/Projects/iOS\ Apps/madabank-ios/Madabank/Tuist/.build/tuist-derived/RxSwift
    /bin/mkdir -p /Users/darisadam/Library/Developer/Xcode/DerivedData/Madabank-hkohthnbjtgnoechirsoymtykttx/Build/Products/Debug-iphonesimulator/RxRelay.framework/Headers

MkDir /Users/darisadam/Library/Developer/Xcode/DerivedData/Madabank-hkohthnbjtgnoechirsoymtykttx/Build/Products/Debug-iphonesimulator/RxRelay.framework (in target 'RxRelay' from project 'RxSwift')
    cd /Users/darisadam/Documents/Projects/iOS\ Apps/madabank-ios/Madabank/Tuist/.build/tuist-derived/RxSwift
    /bin/mkdir -p /Users/darisadam/Library/Developer/Xcode/DerivedData/Madabank-hkohthnbjtgnoechirsoymtykttx/Build/Products/Debug-iphonesimulator/RxRelay.framework

MkDir /Users/darisadam/Library/Developer/Xcode/DerivedData/Madabank-hkohthnbjtgnoechirsoymtykttx/Build/Products/Debug-iphonesimulator/RxCocoaRuntime.framework (in target 'RxCocoaRuntime' from project 'RxSwift')
    cd /Users/darisadam/Documents/Projects/iOS\ Apps/madabank-ios/Madabank/Tuist/.build/tuist-derived/RxSwift
    /bin/mkdir -p /Users/darisadam/Library/Developer/Xcode/DerivedData/Madabank-hkohthnbjtgnoechirsoymtykttx/Build/Products/Debug-iphonesimulator/RxCocoaRuntime.framework

MkDir /Users/darisadam/Library/Developer/Xcode/DerivedData/Madabank-hkohthnbjtgnoechirsoymtykttx/Build/Products/Debug-iphonesimulator/RxCocoa.framework/Headers (in target 'RxCocoa' from project 'RxSwift')
    cd /Users/darisadam/Documents/Projects/iOS\ Apps/madabank-ios/Madabank/Tuist/.build/tuist-derived/RxSwift
    /bin/mkdir -p /Users/darisadam/Library/Developer/Xcode/DerivedData/Madabank-hkohthnbjtgnoechirsoymtykttx/Build/Products/Debug-iphonesimulator/RxCocoa.framework/Headers

MkDir /Users/darisadam/Library/Developer/Xcode/DerivedData/Madabank-hkohthnbjtgnoechirsoymtykttx/Build/Products/Debug-iphonesimulator/RxCocoa.framework (in target 'RxCocoa' from project 'RxSwift')
    cd /Users/darisadam/Documents/Projects/iOS\ Apps/madabank-ios/Madabank/Tuist/.build/tuist-derived/RxSwift
    /bin/mkdir -p /Users/darisadam/Library/Developer/Xcode/DerivedData/Madabank-hkohthnbjtgnoechirsoymtykttx/Build/Products/Debug-iphonesimulator/RxCocoa.framework

MkDir /Users/darisadam/Library/Developer/Xcode/DerivedData/Madabank-hkohthnbjtgnoechirsoymtykttx/Build/Products/Debug-iphonesimulator/Data.framework/Headers (in target 'Data' from project 'Data')
    cd /Users/darisadam/Documents/Projects/iOS\ Apps/madabank-ios/Madabank/Modules/Shared/Data
    /bin/mkdir -p /Users/darisadam/Library/Developer/Xcode/DerivedData/Madabank-hkohthnbjtgnoechirsoymtykttx/Build/Products/Debug-iphonesimulator/Data.framework/Headers

MkDir /Users/darisadam/Library/Developer/Xcode/DerivedData/Madabank-hkohthnbjtgnoechirsoymtykttx/Build/Products/Debug-iphonesimulator/Data.framework (in target 'Data' from project 'Data')
    cd /Users/darisadam/Documents/Projects/iOS\ Apps/madabank-ios/Madabank/Modules/Shared/Data
    /bin/mkdir -p /Users/darisadam/Library/Developer/Xcode/DerivedData/Madabank-hkohthnbjtgnoechirsoymtykttx/Build/Products/Debug-iphonesimulator/Data.framework

MkDir /Users/darisadam/Library/Developer/Xcode/DerivedData/Madabank-hkohthnbjtgnoechirsoymtykttx/Build/Products/Debug-iphonesimulator/CommonUI.framework/Headers (in target 'CommonUI' from project 'CommonUI')
    cd /Users/darisadam/Documents/Projects/iOS\ Apps/madabank-ios/Madabank/Modules/Shared/CommonUI
    /bin/mkdir -p /Users/darisadam/Library/Developer/Xcode/DerivedData/Madabank-hkohthnbjtgnoechirsoymtykttx/Build/Products/Debug-iphonesimulator/CommonUI.framework/Headers

MkDir /Users/darisadam/Library/Developer/Xcode/DerivedData/Madabank-hkohthnbjtgnoechirsoymtykttx/Build/Products/Debug-iphonesimulator/CommonUI.framework (in target 'CommonUI' from project 'CommonUI')
    cd /Users/darisadam/Documents/Projects/iOS\ Apps/madabank-ios/Madabank/Modules/Shared/CommonUI
    /bin/mkdir -p /Users/darisadam/Library/Developer/Xcode/DerivedData/Madabank-hkohthnbjtgnoechirsoymtykttx/Build/Products/Debug-iphonesimulator/CommonUI.framework

CpResource /Users/darisadam/Library/Developer/Xcode/DerivedData/Madabank-hkohthnbjtgnoechirsoymtykttx/Build/Products/Debug-iphonesimulator/SnapKit.framework/PrivacyInfo.xcprivacy /Users/darisadam/Documents/Projects/iOS\ Apps/madabank-ios/Madabank/Tuist/.build/checkouts/SnapKit/Sources/PrivacyInfo.xcprivacy (in target 'SnapKit' from project 'SnapKit')
    cd /Users/darisadam/Documents/Projects/iOS\ Apps/madabank-ios/Madabank/Tuist/.build/tuist-derived/SnapKit
    builtin-copy -exclude .DS_Store -exclude CVS -exclude .svn -exclude .git -exclude .hg -resolve-src-symlinks /Users/darisadam/Documents/Projects/iOS\ Apps/madabank-ios/Madabank/Tuist/.build/checkouts/SnapKit/Sources/PrivacyInfo.xcprivacy /Users/darisadam/Library/Developer/Xcode/DerivedData/Madabank-hkohthnbjtgnoechirsoymtykttx/Build/Products/Debug-iphonesimulator/SnapKit.framework

ProcessInfoPlistFile /Users/darisadam/Library/Developer/Xcode/DerivedData/Madabank-hkohthnbjtgnoechirsoymtykttx/Build/Products/Debug-iphonesimulator/SnapKit.framework/Info.plist /Users/darisadam/Documents/Projects/iOS\ Apps/madabank-ios/Madabank/Tuist/.build/tuist-derived/SnapKit/InfoPlists/SnapKit-Info.plist (in target 'SnapKit' from project 'SnapKit')
    cd /Users/darisadam/Documents/Projects/iOS\ Apps/madabank-ios/Madabank/Tuist/.build/tuist-derived/SnapKit
    builtin-infoPlistUtility /Users/darisadam/Documents/Projects/iOS\ Apps/madabank-ios/Madabank/Tuist/.build/tuist-derived/SnapKit/InfoPlists/SnapKit-Info.plist -producttype com.apple.product-type.framework -expandbuildsettings -format binary -platform iphonesimulator -o /Users/darisadam/Library/Developer/Xcode/DerivedData/Madabank-hkohthnbjtgnoechirsoymtykttx/Build/Products/Debug-iphonesimulator/SnapKit.framework/Info.plist

SwiftDriver Alamofire normal arm64 com.apple.xcode.tools.swift.compiler (in target 'Alamofire' from project 'Alamofire')
    cd /Users/darisadam/Documents/Projects/iOS\ Apps/madabank-ios/Madabank/Tuist/.build/tuist-derived/Alamofire
    builtin-SwiftDriver -- /Applications/Xcode.app/Contents/Developer/Toolchains/XcodeDefault.xctoolchain/usr/bin/swiftc -module-name Alamofire -Onone -enforce-exclusivity\=checked @/Users/darisadam/Library/Developer/Xcode/DerivedData/Madabank-hkohthnbjtgnoechirsoymtykttx/Build/Intermediates.noindex/Alamofire.build/Debug-iphonesimulator/Alamofire.build/Objects-normal/arm64/Alamofire.SwiftFileList -DSWIFT_PACKAGE -DDEBUG -package-name Alamofire -enable-upcoming-feature ExistentialAny -enable-bare-slash-regex -enable-experimental-feature DebugDescriptionMacro -sdk /Applications/Xcode.app/Contents/Developer/Platforms/iPhoneSimulator.platform/Developer/SDKs/iPhoneSimulator26.1.sdk -target arm64-apple-ios12.0-simulator -g -module-cache-path /Users/darisadam/Library/Developer/Xcode/DerivedData/ModuleCache.noindex -Xfrontend -serialize-debugging-options -enable-testing -suppress-warnings -index-store-path /Users/darisadam/Library/Developer/Xcode/DerivedData/Madabank-hkohthnbjtgnoechirsoymtykttx/Index.noindex/DataStore -Xcc -D_LIBCPP_HARDENING_MODE\=_LIBCPP_HARDENING_MODE_DEBUG -swift-version 5 -I /Users/darisadam/Library/Developer/Xcode/DerivedData/Madabank-hkohthnbjtgnoechirsoymtykttx/Build/Products/Debug-iphonesimulator -F /Users/darisadam/Library/Developer/Xcode/DerivedData/Madabank-hkohthnbjtgnoechirsoymtykttx/Build/Products/Debug-iphonesimulator -F /Applications/Xcode.app/Contents/Developer/Platforms/iPhoneSimulator.platform/Developer/Library/Frameworks -c -j8 -enable-batch-mode -incremental -Xcc -ivfsstatcache -Xcc /Users/darisadam/Library/Developer/Xcode/DerivedData/SDKStatCaches.noindex/iphonesimulator26.1-23B77-3885c01c3e6b6a337905948deab2002e90cf18a4295e390e64c810bc6bd7acbc.sdkstatcache -output-file-map /Users/darisadam/Library/Developer/Xcode/DerivedData/Madabank-hkohthnbjtgnoechirsoymtykttx/Build/Intermediates.noindex/Alamofire.build/Debug-iphonesimulator/Alamofire.build/Objects-normal/arm64/Alamofire-OutputFileMap.json -use-frontend-parseable-output -save-temps -no-color-diagnostics -explicit-module-build -module-cache-path /Users/darisadam/Library/Developer/Xcode/DerivedData/Madabank-hkohthnbjtgnoechirsoymtykttx/Build/Intermediates.noindex/SwiftExplicitPrecompiledModules -clang-scanner-module-cache-path /Users/darisadam/Library/Developer/Xcode/DerivedData/ModuleCache.noindex -sdk-module-cache-path /Users/darisadam/Library/Developer/Xcode/DerivedData/ModuleCache.noindex -serialize-diagnostics -emit-dependencies -emit-module -emit-module-path /Users/darisadam/Library/Developer/Xcode/DerivedData/Madabank-hkohthnbjtgnoechirsoymtykttx/Build/Intermediates.noindex/Alamofire.build/Debug-iphonesimulator/Alamofire.build/Objects-normal/arm64/Alamofire.swiftmodule -validate-clang-modules-once -clang-build-session-file /Users/darisadam/Library/Developer/Xcode/DerivedData/ModuleCache.noindex/Session.modulevalidation -Xcc -I/Users/darisadam/Library/Developer/Xcode/DerivedData/Madabank-hkohthnbjtgnoechirsoymtykttx/Build/Intermediates.noindex/Alamofire.build/Debug-iphonesimulator/Alamofire.build/swift-overrides.hmap -emit-const-values -Xfrontend -const-gather-protocols-file -Xfrontend /Users/darisadam/Library/Developer/Xcode/DerivedData/Madabank-hkohthnbjtgnoechirsoymtykttx/Build/Intermediates.noindex/Alamofire.build/Debug-iphonesimulator/Alamofire.build/Objects-normal/arm64/Alamofire_const_extract_protocols.json -Xcc -I/Users/darisadam/Library/Developer/Xcode/DerivedData/Madabank-hkohthnbjtgnoechirsoymtykttx/Build/Products/Debug-iphonesimulator/include -Xcc -I/Users/darisadam/Library/Developer/Xcode/DerivedData/Madabank-hkohthnbjtgnoechirsoymtykttx/Build/Intermediates.noindex/Alamofire.build/Debug-iphonesimulator/Alamofire.build/DerivedSources-normal/arm64 -Xcc -I/Users/darisadam/Library/Developer/Xcode/DerivedData/Madabank-hkohthnbjtgnoechirsoymtykttx/Build/Intermediates.noindex/Alamofire.build/Debug-iphonesimulator/Alamofire.build/DerivedSources/arm64 -Xcc -I/Users/darisadam/Library/Developer/Xcode/DerivedData/Madabank-hkohthnbjtgnoechirsoymtykttx/Build/Intermediates.noindex/Alamofire.build/Debug-iphonesimulator/Alamofire.build/DerivedSources -Xcc -DDEBUG\=1 -Xcc -DSWIFT_PACKAGE\=1 -emit-objc-header -emit-objc-header-path /Users/darisadam/Library/Developer/Xcode/DerivedData/Madabank-hkohthnbjtgnoechirsoymtykttx/Build/Intermediates.noindex/Alamofire.build/Debug-iphonesimulator/Alamofire.build/Objects-normal/arm64/Alamofire-Swift.h -working-directory /Users/darisadam/Documents/Projects/iOS\ Apps/madabank-ios/Madabank/Tuist/.build/tuist-derived/Alamofire -experimental-emit-module-separately -disable-cmo

SwiftDriver SnapKit normal arm64 com.apple.xcode.tools.swift.compiler (in target 'SnapKit' from project 'SnapKit')
    cd /Users/darisadam/Documents/Projects/iOS\ Apps/madabank-ios/Madabank/Tuist/.build/tuist-derived/SnapKit
    builtin-SwiftDriver -- /Applications/Xcode.app/Contents/Developer/Toolchains/XcodeDefault.xctoolchain/usr/bin/swiftc -module-name SnapKit -Onone -enforce-exclusivity\=checked @/Users/darisadam/Library/Developer/Xcode/DerivedData/Madabank-hkohthnbjtgnoechirsoymtykttx/Build/Intermediates.noindex/SnapKit.build/Debug-iphonesimulator/SnapKit.build/Objects-normal/arm64/SnapKit.SwiftFileList -DSWIFT_PACKAGE -DDEBUG -enable-bare-slash-regex -enable-experimental-feature DebugDescriptionMacro -sdk /Applications/Xcode.app/Contents/Developer/Platforms/iPhoneSimulator.platform/Developer/SDKs/iPhoneSimulator26.1.sdk -target arm64-apple-ios12.0-simulator -g -module-cache-path /Users/darisadam/Library/Developer/Xcode/DerivedData/ModuleCache.noindex -Xfrontend -serialize-debugging-options -enable-testing -suppress-warnings -index-store-path /Users/darisadam/Library/Developer/Xcode/DerivedData/Madabank-hkohthnbjtgnoechirsoymtykttx/Index.noindex/DataStore -Xcc -D_LIBCPP_HARDENING_MODE\=_LIBCPP_HARDENING_MODE_DEBUG -swift-version 5 -I /Users/darisadam/Library/Developer/Xcode/DerivedData/Madabank-hkohthnbjtgnoechirsoymtykttx/Build/Products/Debug-iphonesimulator -F /Users/darisadam/Library/Developer/Xcode/DerivedData/Madabank-hkohthnbjtgnoechirsoymtykttx/Build/Products/Debug-iphonesimulator -F /Applications/Xcode.app/Contents/Developer/Platforms/iPhoneSimulator.platform/Developer/Library/Frameworks -c -j8 -enable-batch-mode -incremental -Xcc -ivfsstatcache -Xcc /Users/darisadam/Library/Developer/Xcode/DerivedData/SDKStatCaches.noindex/iphonesimulator26.1-23B77-3885c01c3e6b6a337905948deab2002e90cf18a4295e390e64c810bc6bd7acbc.sdkstatcache -output-file-map /Users/darisadam/Library/Developer/Xcode/DerivedData/Madabank-hkohthnbjtgnoechirsoymtykttx/Build/Intermediates.noindex/SnapKit.build/Debug-iphonesimulator/SnapKit.build/Objects-normal/arm64/SnapKit-OutputFileMap.json -use-frontend-parseable-output -save-temps -no-color-diagnostics -explicit-module-build -module-cache-path /Users/darisadam/Library/Developer/Xcode/DerivedData/Madabank-hkohthnbjtgnoechirsoymtykttx/Build/Intermediates.noindex/SwiftExplicitPrecompiledModules -clang-scanner-module-cache-path /Users/darisadam/Library/Developer/Xcode/DerivedData/ModuleCache.noindex -sdk-module-cache-path /Users/darisadam/Library/Developer/Xcode/DerivedData/ModuleCache.noindex -serialize-diagnostics -emit-dependencies -emit-module -emit-module-path /Users/darisadam/Library/Developer/Xcode/DerivedData/Madabank-hkohthnbjtgnoechirsoymtykttx/Build/Intermediates.noindex/SnapKit.build/Debug-iphonesimulator/SnapKit.build/Objects-normal/arm64/SnapKit.swiftmodule -validate-clang-modules-once -clang-build-session-file /Users/darisadam/Library/Developer/Xcode/DerivedData/ModuleCache.noindex/Session.modulevalidation -Xcc -I/Users/darisadam/Library/Developer/Xcode/DerivedData/Madabank-hkohthnbjtgnoechirsoymtykttx/Build/Intermediates.noindex/SnapKit.build/Debug-iphonesimulator/SnapKit.build/swift-overrides.hmap -emit-const-values -Xfrontend -const-gather-protocols-file -Xfrontend /Users/darisadam/Library/Developer/Xcode/DerivedData/Madabank-hkohthnbjtgnoechirsoymtykttx/Build/Intermediates.noindex/SnapKit.build/Debug-iphonesimulator/SnapKit.build/Objects-normal/arm64/SnapKit_const_extract_protocols.json -Xcc -I/Users/darisadam/Library/Developer/Xcode/DerivedData/Madabank-hkohthnbjtgnoechirsoymtykttx/Build/Products/Debug-iphonesimulator/include -Xcc -I/Users/darisadam/Library/Developer/Xcode/DerivedData/Madabank-hkohthnbjtgnoechirsoymtykttx/Build/Intermediates.noindex/SnapKit.build/Debug-iphonesimulator/SnapKit.build/DerivedSources-normal/arm64 -Xcc -I/Users/darisadam/Library/Developer/Xcode/DerivedData/Madabank-hkohthnbjtgnoechirsoymtykttx/Build/Intermediates.noindex/SnapKit.build/Debug-iphonesimulator/SnapKit.build/DerivedSources/arm64 -Xcc -I/Users/darisadam/Library/Developer/Xcode/DerivedData/Madabank-hkohthnbjtgnoechirsoymtykttx/Build/Intermediates.noindex/SnapKit.build/Debug-iphonesimulator/SnapKit.build/DerivedSources -Xcc -DDEBUG\=1 -Xcc -DSWIFT_PACKAGE\=1 -emit-objc-header -emit-objc-header-path /Users/darisadam/Library/Developer/Xcode/DerivedData/Madabank-hkohthnbjtgnoechirsoymtykttx/Build/Intermediates.noindex/SnapKit.build/Debug-iphonesimulator/SnapKit.build/Objects-normal/arm64/SnapKit-Swift.h -working-directory /Users/darisadam/Documents/Projects/iOS\ Apps/madabank-ios/Madabank/Tuist/.build/tuist-derived/SnapKit -experimental-emit-module-separately -disable-cmo

SwiftDriver RxSwift normal arm64 com.apple.xcode.tools.swift.compiler (in target 'RxSwift' from project 'RxSwift')
    cd /Users/darisadam/Documents/Projects/iOS\ Apps/madabank-ios/Madabank/Tuist/.build/tuist-derived/RxSwift
    builtin-SwiftDriver -- /Applications/Xcode.app/Contents/Developer/Toolchains/XcodeDefault.xctoolchain/usr/bin/swiftc -module-name RxSwift -Onone -enforce-exclusivity\=checked @/Users/darisadam/Library/Developer/Xcode/DerivedData/Madabank-hkohthnbjtgnoechirsoymtykttx/Build/Intermediates.noindex/RxSwift.build/Debug-iphonesimulator/RxSwift.build/Objects-normal/arm64/RxSwift.SwiftFileList -DSWIFT_PACKAGE -DDEBUG -package-name RxSwift -enable-bare-slash-regex -enable-experimental-feature DebugDescriptionMacro -sdk /Applications/Xcode.app/Contents/Developer/Platforms/iPhoneSimulator.platform/Developer/SDKs/iPhoneSimulator26.1.sdk -target arm64-apple-ios12.0-simulator -g -module-cache-path /Users/darisadam/Library/Developer/Xcode/DerivedData/ModuleCache.noindex -Xfrontend -serialize-debugging-options -enable-testing -suppress-warnings -index-store-path /Users/darisadam/Library/Developer/Xcode/DerivedData/Madabank-hkohthnbjtgnoechirsoymtykttx/Index.noindex/DataStore -Xcc -D_LIBCPP_HARDENING_MODE\=_LIBCPP_HARDENING_MODE_DEBUG -swift-version 5 -I /Users/darisadam/Library/Developer/Xcode/DerivedData/Madabank-hkohthnbjtgnoechirsoymtykttx/Build/Products/Debug-iphonesimulator -F /Users/darisadam/Library/Developer/Xcode/DerivedData/Madabank-hkohthnbjtgnoechirsoymtykttx/Build/Products/Debug-iphonesimulator -F /Applications/Xcode.app/Contents/Developer/Platforms/iPhoneSimulator.platform/Developer/Library/Frameworks -c -j8 -enable-batch-mode -incremental -Xcc -ivfsstatcache -Xcc /Users/darisadam/Library/Developer/Xcode/DerivedData/SDKStatCaches.noindex/iphonesimulator26.1-23B77-3885c01c3e6b6a337905948deab2002e90cf18a4295e390e64c810bc6bd7acbc.sdkstatcache -output-file-map /Users/darisadam/Library/Developer/Xcode/DerivedData/Madabank-hkohthnbjtgnoechirsoymtykttx/Build/Intermediates.noindex/RxSwift.build/Debug-iphonesimulator/RxSwift.build/Objects-normal/arm64/RxSwift-OutputFileMap.json -use-frontend-parseable-output -save-temps -no-color-diagnostics -explicit-module-build -module-cache-path /Users/darisadam/Library/Developer/Xcode/DerivedData/Madabank-hkohthnbjtgnoechirsoymtykttx/Build/Intermediates.noindex/SwiftExplicitPrecompiledModules -clang-scanner-module-cache-path /Users/darisadam/Library/Developer/Xcode/DerivedData/ModuleCache.noindex -sdk-module-cache-path /Users/darisadam/Library/Developer/Xcode/DerivedData/ModuleCache.noindex -serialize-diagnostics -emit-dependencies -emit-module -emit-module-path /Users/darisadam/Library/Developer/Xcode/DerivedData/Madabank-hkohthnbjtgnoechirsoymtykttx/Build/Intermediates.noindex/RxSwift.build/Debug-iphonesimulator/RxSwift.build/Objects-normal/arm64/RxSwift.swiftmodule -validate-clang-modules-once -clang-build-session-file /Users/darisadam/Library/Developer/Xcode/DerivedData/ModuleCache.noindex/Session.modulevalidation -Xcc -I/Users/darisadam/Library/Developer/Xcode/DerivedData/Madabank-hkohthnbjtgnoechirsoymtykttx/Build/Intermediates.noindex/RxSwift.build/Debug-iphonesimulator/RxSwift.build/swift-overrides.hmap -emit-const-values -Xfrontend -const-gather-protocols-file -Xfrontend /Users/darisadam/Library/Developer/Xcode/DerivedData/Madabank-hkohthnbjtgnoechirsoymtykttx/Build/Intermediates.noindex/RxSwift.build/Debug-iphonesimulator/RxSwift.build/Objects-normal/arm64/RxSwift_const_extract_protocols.json -Xcc -I/Users/darisadam/Library/Developer/Xcode/DerivedData/Madabank-hkohthnbjtgnoechirsoymtykttx/Build/Products/Debug-iphonesimulator/include -Xcc -I/Users/darisadam/Library/Developer/Xcode/DerivedData/Madabank-hkohthnbjtgnoechirsoymtykttx/Build/Intermediates.noindex/RxSwift.build/Debug-iphonesimulator/RxSwift.build/DerivedSources-normal/arm64 -Xcc -I/Users/darisadam/Library/Developer/Xcode/DerivedData/Madabank-hkohthnbjtgnoechirsoymtykttx/Build/Intermediates.noindex/RxSwift.build/Debug-iphonesimulator/RxSwift.build/DerivedSources/arm64 -Xcc -I/Users/darisadam/Library/Developer/Xcode/DerivedData/Madabank-hkohthnbjtgnoechirsoymtykttx/Build/Intermediates.noindex/RxSwift.build/Debug-iphonesimulator/RxSwift.build/DerivedSources -Xcc -DDEBUG\=1 -Xcc -DSWIFT_PACKAGE\=1 -emit-objc-header -emit-objc-header-path /Users/darisadam/Library/Developer/Xcode/DerivedData/Madabank-hkohthnbjtgnoechirsoymtykttx/Build/Intermediates.noindex/RxSwift.build/Debug-iphonesimulator/RxSwift.build/Objects-normal/arm64/RxSwift-Swift.h -working-directory /Users/darisadam/Documents/Projects/iOS\ Apps/madabank-ios/Madabank/Tuist/.build/tuist-derived/RxSwift -experimental-emit-module-separately -disable-cmo

SwiftCompile normal arm64 Compiling\ TuistBundle+RxSwift.swift /Users/darisadam/Documents/Projects/iOS\ Apps/madabank-ios/Madabank/Tuist/.build/tuist-derived/RxSwift/Sources/TuistBundle+RxSwift.swift (in target 'RxSwift' from project 'RxSwift')
SwiftCompile normal arm64 /Users/darisadam/Documents/Projects/iOS\ Apps/madabank-ios/Madabank/Tuist/.build/tuist-derived/RxSwift/Sources/TuistBundle+RxSwift.swift (in target 'RxSwift' from project 'RxSwift')
    cd /Users/darisadam/Documents/Projects/iOS\ Apps/madabank-ios/Madabank/Tuist/.build/tuist-derived/RxSwift
    

SwiftEmitModule normal arm64 Emitting\ module\ for\ RxSwift (in target 'RxSwift' from project 'RxSwift')
EmitSwiftModule normal arm64 (in target 'RxSwift' from project 'RxSwift')
    cd /Users/darisadam/Documents/Projects/iOS\ Apps/madabank-ios/Madabank/Tuist/.build/tuist-derived/RxSwift
    

SwiftCompile normal arm64 Compiling\ ConstraintItem.swift,\ ConstraintLayoutGuide+Extensions.swift,\ ConstraintLayoutGuide.swift,\ ConstraintLayoutGuideDSL.swift,\ ConstraintLayoutSupport.swift /Users/darisadam/Documents/Projects/iOS\ Apps/madabank-ios/Madabank/Tuist/.build/checkouts/SnapKit/Sources/ConstraintItem.swift /Users/darisadam/Documents/Projects/iOS\ Apps/madabank-ios/Madabank/Tuist/.build/checkouts/SnapKit/Sources/ConstraintLayoutGuide+Extensions.swift /Users/darisadam/Documents/Projects/iOS\ Apps/madabank-ios/Madabank/Tuist/.build/checkouts/SnapKit/Sources/ConstraintLayoutGuide.swift /Users/darisadam/Documents/Projects/iOS\ Apps/madabank-ios/Madabank/Tuist/.build/checkouts/SnapKit/Sources/ConstraintLayoutGuideDSL.swift /Users/darisadam/Documents/Projects/iOS\ Apps/madabank-ios/Madabank/Tuist/.build/checkouts/SnapKit/Sources/ConstraintLayoutSupport.swift (in target 'SnapKit' from project 'SnapKit')

SwiftCompile normal arm64 /Users/darisadam/Documents/Projects/iOS\ Apps/madabank-ios/Madabank/Tuist/.build/checkouts/SnapKit/Sources/ConstraintItem.swift (in target 'SnapKit' from project 'SnapKit')
    cd /Users/darisadam/Documents/Projects/iOS\ Apps/madabank-ios/Madabank/Tuist/.build/tuist-derived/SnapKit
    

SwiftCompile normal arm64 /Users/darisadam/Documents/Projects/iOS\ Apps/madabank-ios/Madabank/Tuist/.build/checkouts/SnapKit/Sources/ConstraintLayoutGuide+Extensions.swift (in target 'SnapKit' from project 'SnapKit')
    cd /Users/darisadam/Documents/Projects/iOS\ Apps/madabank-ios/Madabank/Tuist/.build/tuist-derived/SnapKit
    

SwiftCompile normal arm64 /Users/darisadam/Documents/Projects/iOS\ Apps/madabank-ios/Madabank/Tuist/.build/checkouts/SnapKit/Sources/ConstraintLayoutGuide.swift (in target 'SnapKit' from project 'SnapKit')
    cd /Users/darisadam/Documents/Projects/iOS\ Apps/madabank-ios/Madabank/Tuist/.build/tuist-derived/SnapKit
    

SwiftCompile normal arm64 /Users/darisadam/Documents/Projects/iOS\ Apps/madabank-ios/Madabank/Tuist/.build/checkouts/SnapKit/Sources/ConstraintLayoutGuideDSL.swift (in target 'SnapKit' from project 'SnapKit')
    cd /Users/darisadam/Documents/Projects/iOS\ Apps/madabank-ios/Madabank/Tuist/.build/tuist-derived/SnapKit
    

SwiftCompile normal arm64 /Users/darisadam/Documents/Projects/iOS\ Apps/madabank-ios/Madabank/Tuist/.build/checkouts/SnapKit/Sources/ConstraintLayoutSupport.swift (in target 'SnapKit' from project 'SnapKit')
    cd /Users/darisadam/Documents/Projects/iOS\ Apps/madabank-ios/Madabank/Tuist/.build/tuist-derived/SnapKit
    

SwiftCompile normal arm64 Compiling\ ConstraintLayoutSupportDSL.swift,\ ConstraintMaker.swift,\ ConstraintMakerEditable.swift,\ ConstraintMakerExtendable.swift,\ ConstraintMakerFinalizable.swift /Users/darisadam/Documents/Projects/iOS\ Apps/madabank-ios/Madabank/Tuist/.build/checkouts/SnapKit/Sources/ConstraintLayoutSupportDSL.swift /Users/darisadam/Documents/Projects/iOS\ Apps/madabank-ios/Madabank/Tuist/.build/checkouts/SnapKit/Sources/ConstraintMaker.swift /Users/darisadam/Documents/Projects/iOS\ Apps/madabank-ios/Madabank/Tuist/.build/checkouts/SnapKit/Sources/ConstraintMakerEditable.swift /Users/darisadam/Documents/Projects/iOS\ Apps/madabank-ios/Madabank/Tuist/.build/checkouts/SnapKit/Sources/ConstraintMakerExtendable.swift /Users/darisadam/Documents/Projects/iOS\ Apps/madabank-ios/Madabank/Tuist/.build/checkouts/SnapKit/Sources/ConstraintMakerFinalizable.swift (in target 'SnapKit' from project 'SnapKit')

SwiftCompile normal arm64 /Users/darisadam/Documents/Projects/iOS\ Apps/madabank-ios/Madabank/Tuist/.build/checkouts/SnapKit/Sources/ConstraintLayoutSupportDSL.swift (in target 'SnapKit' from project 'SnapKit')
    cd /Users/darisadam/Documents/Projects/iOS\ Apps/madabank-ios/Madabank/Tuist/.build/tuist-derived/SnapKit
    

SwiftCompile normal arm64 /Users/darisadam/Documents/Projects/iOS\ Apps/madabank-ios/Madabank/Tuist/.build/checkouts/SnapKit/Sources/ConstraintMaker.swift (in target 'SnapKit' from project 'SnapKit')
    cd /Users/darisadam/Documents/Projects/iOS\ Apps/madabank-ios/Madabank/Tuist/.build/tuist-derived/SnapKit
    

SwiftCompile normal arm64 /Users/darisadam/Documents/Projects/iOS\ Apps/madabank-ios/Madabank/Tuist/.build/checkouts/SnapKit/Sources/ConstraintMakerEditable.swift (in target 'SnapKit' from project 'SnapKit')
    cd /Users/darisadam/Documents/Projects/iOS\ Apps/madabank-ios/Madabank/Tuist/.build/tuist-derived/SnapKit
    

SwiftCompile normal arm64 /Users/darisadam/Documents/Projects/iOS\ Apps/madabank-ios/Madabank/Tuist/.build/checkouts/SnapKit/Sources/ConstraintMakerExtendable.swift (in target 'SnapKit' from project 'SnapKit')
    cd /Users/darisadam/Documents/Projects/iOS\ Apps/madabank-ios/Madabank/Tuist/.build/tuist-derived/SnapKit
    

SwiftCompile normal arm64 /Users/darisadam/Documents/Projects/iOS\ Apps/madabank-ios/Madabank/Tuist/.build/checkouts/SnapKit/Sources/ConstraintMakerFinalizable.swift (in target 'SnapKit' from project 'SnapKit')
    cd /Users/darisadam/Documents/Projects/iOS\ Apps/madabank-ios/Madabank/Tuist/.build/tuist-derived/SnapKit
    

SwiftCompile normal arm64 Compiling\ ConstraintDescription.swift,\ ConstraintDirectionalInsetTarget.swift,\ ConstraintDirectionalInsets.swift,\ ConstraintInsetTarget.swift,\ ConstraintInsets.swift /Users/darisadam/Documents/Projects/iOS\ Apps/madabank-ios/Madabank/Tuist/.build/checkouts/SnapKit/Sources/ConstraintDescription.swift /Users/darisadam/Documents/Projects/iOS\ Apps/madabank-ios/Madabank/Tuist/.build/checkouts/SnapKit/Sources/ConstraintDirectionalInsetTarget.swift /Users/darisadam/Documents/Projects/iOS\ Apps/madabank-ios/Madabank/Tuist/.build/checkouts/SnapKit/Sources/ConstraintDirectionalInsets.swift /Users/darisadam/Documents/Projects/iOS\ Apps/madabank-ios/Madabank/Tuist/.build/checkouts/SnapKit/Sources/ConstraintInsetTarget.swift /Users/darisadam/Documents/Projects/iOS\ Apps/madabank-ios/Madabank/Tuist/.build/checkouts/SnapKit/Sources/ConstraintInsets.swift (in target 'SnapKit' from project 'SnapKit')

SwiftCompile normal arm64 /Users/darisadam/Documents/Projects/iOS\ Apps/madabank-ios/Madabank/Tuist/.build/checkouts/SnapKit/Sources/ConstraintDescription.swift (in target 'SnapKit' from project 'SnapKit')
    cd /Users/darisadam/Documents/Projects/iOS\ Apps/madabank-ios/Madabank/Tuist/.build/tuist-derived/SnapKit
    

SwiftCompile normal arm64 /Users/darisadam/Documents/Projects/iOS\ Apps/madabank-ios/Madabank/Tuist/.build/checkouts/SnapKit/Sources/ConstraintDirectionalInsetTarget.swift (in target 'SnapKit' from project 'SnapKit')
    cd /Users/darisadam/Documents/Projects/iOS\ Apps/madabank-ios/Madabank/Tuist/.build/tuist-derived/SnapKit
    

SwiftCompile normal arm64 /Users/darisadam/Documents/Projects/iOS\ Apps/madabank-ios/Madabank/Tuist/.build/checkouts/SnapKit/Sources/ConstraintDirectionalInsets.swift (in target 'SnapKit' from project 'SnapKit')
    cd /Users/darisadam/Documents/Projects/iOS\ Apps/madabank-ios/Madabank/Tuist/.build/tuist-derived/SnapKit
    

SwiftCompile normal arm64 /Users/darisadam/Documents/Projects/iOS\ Apps/madabank-ios/Madabank/Tuist/.build/checkouts/SnapKit/Sources/ConstraintInsetTarget.swift (in target 'SnapKit' from project 'SnapKit')
    cd /Users/darisadam/Documents/Projects/iOS\ Apps/madabank-ios/Madabank/Tuist/.build/tuist-derived/SnapKit
    

SwiftCompile normal arm64 /Users/darisadam/Documents/Projects/iOS\ Apps/madabank-ios/Madabank/Tuist/.build/checkouts/SnapKit/Sources/ConstraintInsets.swift (in target 'SnapKit' from project 'SnapKit')
    cd /Users/darisadam/Documents/Projects/iOS\ Apps/madabank-ios/Madabank/Tuist/.build/tuist-derived/SnapKit
    

SwiftCompile normal arm64 Compiling\ ConstraintMakerPrioritizable.swift,\ ConstraintMakerRelatable+Extensions.swift,\ ConstraintMakerRelatable.swift,\ ConstraintMultiplierTarget.swift,\ ConstraintOffsetTarget.swift /Users/darisadam/Documents/Projects/iOS\ Apps/madabank-ios/Madabank/Tuist/.build/checkouts/SnapKit/Sources/ConstraintMakerPrioritizable.swift /Users/darisadam/Documents/Projects/iOS\ Apps/madabank-ios/Madabank/Tuist/.build/checkouts/SnapKit/Sources/ConstraintMakerRelatable+Extensions.swift /Users/darisadam/Documents/Projects/iOS\ Apps/madabank-ios/Madabank/Tuist/.build/checkouts/SnapKit/Sources/ConstraintMakerRelatable.swift /Users/darisadam/Documents/Projects/iOS\ Apps/madabank-ios/Madabank/Tuist/.build/checkouts/SnapKit/Sources/ConstraintMultiplierTarget.swift /Users/darisadam/Documents/Projects/iOS\ Apps/madabank-ios/Madabank/Tuist/.build/checkouts/SnapKit/Sources/ConstraintOffsetTarget.swift (in target 'SnapKit' from project 'SnapKit')

SwiftCompile normal arm64 /Users/darisadam/Documents/Projects/iOS\ Apps/madabank-ios/Madabank/Tuist/.build/checkouts/SnapKit/Sources/ConstraintMakerPrioritizable.swift (in target 'SnapKit' from project 'SnapKit')
    cd /Users/darisadam/Documents/Projects/iOS\ Apps/madabank-ios/Madabank/Tuist/.build/tuist-derived/SnapKit
    

SwiftCompile normal arm64 /Users/darisadam/Documents/Projects/iOS\ Apps/madabank-ios/Madabank/Tuist/.build/checkouts/SnapKit/Sources/ConstraintMakerRelatable+Extensions.swift (in target 'SnapKit' from project 'SnapKit')
    cd /Users/darisadam/Documents/Projects/iOS\ Apps/madabank-ios/Madabank/Tuist/.build/tuist-derived/SnapKit
    

SwiftCompile normal arm64 /Users/darisadam/Documents/Projects/iOS\ Apps/madabank-ios/Madabank/Tuist/.build/checkouts/SnapKit/Sources/ConstraintMakerRelatable.swift (in target 'SnapKit' from project 'SnapKit')
    cd /Users/darisadam/Documents/Projects/iOS\ Apps/madabank-ios/Madabank/Tuist/.build/tuist-derived/SnapKit
    

SwiftCompile normal arm64 /Users/darisadam/Documents/Projects/iOS\ Apps/madabank-ios/Madabank/Tuist/.build/checkouts/SnapKit/Sources/ConstraintMultiplierTarget.swift (in target 'SnapKit' from project 'SnapKit')
    cd /Users/darisadam/Documents/Projects/iOS\ Apps/madabank-ios/Madabank/Tuist/.build/tuist-derived/SnapKit
    

SwiftCompile normal arm64 /Users/darisadam/Documents/Projects/iOS\ Apps/madabank-ios/Madabank/Tuist/.build/checkouts/SnapKit/Sources/ConstraintOffsetTarget.swift (in target 'SnapKit' from project 'SnapKit')
    cd /Users/darisadam/Documents/Projects/iOS\ Apps/madabank-ios/Madabank/Tuist/.build/tuist-derived/SnapKit
    

SwiftCompile normal arm64 Compiling\ Constraint.swift,\ ConstraintAttributes.swift,\ ConstraintConfig.swift,\ ConstraintConstantTarget.swift,\ ConstraintDSL.swift /Users/darisadam/Documents/Projects/iOS\ Apps/madabank-ios/Madabank/Tuist/.build/checkouts/SnapKit/Sources/Constraint.swift /Users/darisadam/Documents/Projects/iOS\ Apps/madabank-ios/Madabank/Tuist/.build/checkouts/SnapKit/Sources/ConstraintAttributes.swift /Users/darisadam/Documents/Projects/iOS\ Apps/madabank-ios/Madabank/Tuist/.build/checkouts/SnapKit/Sources/ConstraintConfig.swift /Users/darisadam/Documents/Projects/iOS\ Apps/madabank-ios/Madabank/Tuist/.build/checkouts/SnapKit/Sources/ConstraintConstantTarget.swift /Users/darisadam/Documents/Projects/iOS\ Apps/madabank-ios/Madabank/Tuist/.build/checkouts/SnapKit/Sources/ConstraintDSL.swift (in target 'SnapKit' from project 'SnapKit')

SwiftCompile normal arm64 /Users/darisadam/Documents/Projects/iOS\ Apps/madabank-ios/Madabank/Tuist/.build/checkouts/SnapKit/Sources/Constraint.swift (in target 'SnapKit' from project 'SnapKit')
    cd /Users/darisadam/Documents/Projects/iOS\ Apps/madabank-ios/Madabank/Tuist/.build/tuist-derived/SnapKit
    

SwiftCompile normal arm64 /Users/darisadam/Documents/Projects/iOS\ Apps/madabank-ios/Madabank/Tuist/.build/checkouts/SnapKit/Sources/ConstraintAttributes.swift (in target 'SnapKit' from project 'SnapKit')
    cd /Users/darisadam/Documents/Projects/iOS\ Apps/madabank-ios/Madabank/Tuist/.build/tuist-derived/SnapKit
    

SwiftCompile normal arm64 /Users/darisadam/Documents/Projects/iOS\ Apps/madabank-ios/Madabank/Tuist/.build/checkouts/SnapKit/Sources/ConstraintConfig.swift (in target 'SnapKit' from project 'SnapKit')
    cd /Users/darisadam/Documents/Projects/iOS\ Apps/madabank-ios/Madabank/Tuist/.build/tuist-derived/SnapKit
    

SwiftCompile normal arm64 /Users/darisadam/Documents/Projects/iOS\ Apps/madabank-ios/Madabank/Tuist/.build/checkouts/SnapKit/Sources/ConstraintConstantTarget.swift (in target 'SnapKit' from project 'SnapKit')
    cd /Users/darisadam/Documents/Projects/iOS\ Apps/madabank-ios/Madabank/Tuist/.build/tuist-derived/SnapKit
    

SwiftCompile normal arm64 /Users/darisadam/Documents/Projects/iOS\ Apps/madabank-ios/Madabank/Tuist/.build/checkouts/SnapKit/Sources/ConstraintDSL.swift (in target 'SnapKit' from project 'SnapKit')
    cd /Users/darisadam/Documents/Projects/iOS\ Apps/madabank-ios/Madabank/Tuist/.build/tuist-derived/SnapKit
    

SwiftEmitModule normal arm64 Emitting\ module\ for\ SnapKit (in target 'SnapKit' from project 'SnapKit')

EmitSwiftModule normal arm64 (in target 'SnapKit' from project 'SnapKit')
    cd /Users/darisadam/Documents/Projects/iOS\ Apps/madabank-ios/Madabank/Tuist/.build/tuist-derived/SnapKit
    

SwiftEmitModule normal arm64 Emitting\ module\ for\ Alamofire (in target 'Alamofire' from project 'Alamofire')
EmitSwiftModule normal arm64 (in target 'Alamofire' from project 'Alamofire')
    cd /Users/darisadam/Documents/Projects/iOS\ Apps/madabank-ios/Madabank/Tuist/.build/tuist-derived/Alamofire
    

SwiftDriverJobDiscovery normal arm64 Compiling TuistBundle+RxSwift.swift (in target 'RxSwift' from project 'RxSwift')

SwiftCompile normal arm64 Compiling\ LayoutConstraintItem.swift,\ Typealiases.swift,\ UILayoutSupport+Extensions.swift,\ TuistBundle+SnapKit.swift /Users/darisadam/Documents/Projects/iOS\ Apps/madabank-ios/Madabank/Tuist/.build/checkouts/SnapKit/Sources/LayoutConstraintItem.swift /Users/darisadam/Documents/Projects/iOS\ Apps/madabank-ios/Madabank/Tuist/.build/checkouts/SnapKit/Sources/Typealiases.swift /Users/darisadam/Documents/Projects/iOS\ Apps/madabank-ios/Madabank/Tuist/.build/checkouts/SnapKit/Sources/UILayoutSupport+Extensions.swift /Users/darisadam/Documents/Projects/iOS\ Apps/madabank-ios/Madabank/Tuist/.build/tuist-derived/SnapKit/Sources/TuistBundle+SnapKit.swift (in target 'SnapKit' from project 'SnapKit')

SwiftCompile normal arm64 /Users/darisadam/Documents/Projects/iOS\ Apps/madabank-ios/Madabank/Tuist/.build/checkouts/SnapKit/Sources/LayoutConstraintItem.swift (in target 'SnapKit' from project 'SnapKit')
    cd /Users/darisadam/Documents/Projects/iOS\ Apps/madabank-ios/Madabank/Tuist/.build/tuist-derived/SnapKit
    

SwiftCompile normal arm64 /Users/darisadam/Documents/Projects/iOS\ Apps/madabank-ios/Madabank/Tuist/.build/checkouts/SnapKit/Sources/Typealiases.swift (in target 'SnapKit' from project 'SnapKit')
    cd /Users/darisadam/Documents/Projects/iOS\ Apps/madabank-ios/Madabank/Tuist/.build/tuist-derived/SnapKit
    

SwiftCompile normal arm64 /Users/darisadam/Documents/Projects/iOS\ Apps/madabank-ios/Madabank/Tuist/.build/checkouts/SnapKit/Sources/UILayoutSupport+Extensions.swift (in target 'SnapKit' from project 'SnapKit')
    cd /Users/darisadam/Documents/Projects/iOS\ Apps/madabank-ios/Madabank/Tuist/.build/tuist-derived/SnapKit
    

SwiftCompile normal arm64 /Users/darisadam/Documents/Projects/iOS\ Apps/madabank-ios/Madabank/Tuist/.build/tuist-derived/SnapKit/Sources/TuistBundle+SnapKit.swift (in target 'SnapKit' from project 'SnapKit')
    cd /Users/darisadam/Documents/Projects/iOS\ Apps/madabank-ios/Madabank/Tuist/.build/tuist-derived/SnapKit
    

SwiftDriverJobDiscovery normal arm64 Compiling ConstraintItem.swift, ConstraintLayoutGuide+Extensions.swift, ConstraintLayoutGuide.swift, ConstraintLayoutGuideDSL.swift, ConstraintLayoutSupport.swift (in target 'SnapKit' from project 'SnapKit')

SwiftCompile normal arm64 Compiling\ ConstraintView.swift,\ ConstraintViewDSL.swift,\ Debugging.swift,\ LayoutConstraint.swift /Users/darisadam/Documents/Projects/iOS\ Apps/madabank-ios/Madabank/Tuist/.build/checkouts/SnapKit/Sources/ConstraintView.swift /Users/darisadam/Documents/Projects/iOS\ Apps/madabank-ios/Madabank/Tuist/.build/checkouts/SnapKit/Sources/ConstraintViewDSL.swift /Users/darisadam/Documents/Projects/iOS\ Apps/madabank-ios/Madabank/Tuist/.build/checkouts/SnapKit/Sources/Debugging.swift /Users/darisadam/Documents/Projects/iOS\ Apps/madabank-ios/Madabank/Tuist/.build/checkouts/SnapKit/Sources/LayoutConstraint.swift (in target 'SnapKit' from project 'SnapKit')

SwiftCompile normal arm64 /Users/darisadam/Documents/Projects/iOS\ Apps/madabank-ios/Madabank/Tuist/.build/checkouts/SnapKit/Sources/ConstraintView.swift (in target 'SnapKit' from project 'SnapKit')
    cd /Users/darisadam/Documents/Projects/iOS\ Apps/madabank-ios/Madabank/Tuist/.build/tuist-derived/SnapKit
    

SwiftCompile normal arm64 /Users/darisadam/Documents/Projects/iOS\ Apps/madabank-ios/Madabank/Tuist/.build/checkouts/SnapKit/Sources/ConstraintViewDSL.swift (in target 'SnapKit' from project 'SnapKit')
    cd /Users/darisadam/Documents/Projects/iOS\ Apps/madabank-ios/Madabank/Tuist/.build/tuist-derived/SnapKit
    

SwiftCompile normal arm64 /Users/darisadam/Documents/Projects/iOS\ Apps/madabank-ios/Madabank/Tuist/.build/checkouts/SnapKit/Sources/Debugging.swift (in target 'SnapKit' from project 'SnapKit')
    cd /Users/darisadam/Documents/Projects/iOS\ Apps/madabank-ios/Madabank/Tuist/.build/tuist-derived/SnapKit
    

SwiftCompile normal arm64 /Users/darisadam/Documents/Projects/iOS\ Apps/madabank-ios/Madabank/Tuist/.build/checkouts/SnapKit/Sources/LayoutConstraint.swift (in target 'SnapKit' from project 'SnapKit')
    cd /Users/darisadam/Documents/Projects/iOS\ Apps/madabank-ios/Madabank/Tuist/.build/tuist-derived/SnapKit
    

SwiftDriverJobDiscovery normal arm64 Compiling ConstraintDescription.swift, ConstraintDirectionalInsetTarget.swift, ConstraintDirectionalInsets.swift, ConstraintInsetTarget.swift, ConstraintInsets.swift (in target 'SnapKit' from project 'SnapKit')

SwiftCompile normal arm64 Compiling\ ConstraintPriority.swift,\ ConstraintPriorityTarget.swift,\ ConstraintRelatableTarget.swift,\ ConstraintRelation.swift,\ ConstraintView+Extensions.swift /Users/darisadam/Documents/Projects/iOS\ Apps/madabank-ios/Madabank/Tuist/.build/checkouts/SnapKit/Sources/ConstraintPriority.swift /Users/darisadam/Documents/Projects/iOS\ Apps/madabank-ios/Madabank/Tuist/.build/checkouts/SnapKit/Sources/ConstraintPriorityTarget.swift /Users/darisadam/Documents/Projects/iOS\ Apps/madabank-ios/Madabank/Tuist/.build/checkouts/SnapKit/Sources/ConstraintRelatableTarget.swift /Users/darisadam/Documents/Projects/iOS\ Apps/madabank-ios/Madabank/Tuist/.build/checkouts/SnapKit/Sources/ConstraintRelation.swift /Users/darisadam/Documents/Projects/iOS\ Apps/madabank-ios/Madabank/Tuist/.build/checkouts/SnapKit/Sources/ConstraintView+Extensions.swift (in target 'SnapKit' from project 'SnapKit')

SwiftCompile normal arm64 /Users/darisadam/Documents/Projects/iOS\ Apps/madabank-ios/Madabank/Tuist/.build/checkouts/SnapKit/Sources/ConstraintPriority.swift (in target 'SnapKit' from project 'SnapKit')
    cd /Users/darisadam/Documents/Projects/iOS\ Apps/madabank-ios/Madabank/Tuist/.build/tuist-derived/SnapKit
    

SwiftCompile normal arm64 /Users/darisadam/Documents/Projects/iOS\ Apps/madabank-ios/Madabank/Tuist/.build/checkouts/SnapKit/Sources/ConstraintPriorityTarget.swift (in target 'SnapKit' from project 'SnapKit')
    cd /Users/darisadam/Documents/Projects/iOS\ Apps/madabank-ios/Madabank/Tuist/.build/tuist-derived/SnapKit
    

SwiftCompile normal arm64 /Users/darisadam/Documents/Projects/iOS\ Apps/madabank-ios/Madabank/Tuist/.build/checkouts/SnapKit/Sources/ConstraintRelatableTarget.swift (in target 'SnapKit' from project 'SnapKit')
    cd /Users/darisadam/Documents/Projects/iOS\ Apps/madabank-ios/Madabank/Tuist/.build/tuist-derived/SnapKit
    

SwiftCompile normal arm64 /Users/darisadam/Documents/Projects/iOS\ Apps/madabank-ios/Madabank/Tuist/.build/checkouts/SnapKit/Sources/ConstraintRelation.swift (in target 'SnapKit' from project 'SnapKit')
    cd /Users/darisadam/Documents/Projects/iOS\ Apps/madabank-ios/Madabank/Tuist/.build/tuist-derived/SnapKit
    

SwiftCompile normal arm64 /Users/darisadam/Documents/Projects/iOS\ Apps/madabank-ios/Madabank/Tuist/.build/checkouts/SnapKit/Sources/ConstraintView+Extensions.swift (in target 'SnapKit' from project 'SnapKit')
    cd /Users/darisadam/Documents/Projects/iOS\ Apps/madabank-ios/Madabank/Tuist/.build/tuist-derived/SnapKit
    

SwiftDriverJobDiscovery normal arm64 Compiling ConstraintLayoutSupportDSL.swift, ConstraintMaker.swift, ConstraintMakerEditable.swift, ConstraintMakerExtendable.swift, ConstraintMakerFinalizable.swift (in target 'SnapKit' from project 'SnapKit')

SwiftCompile normal arm64 Compiling\ TuistBundle+Alamofire.swift /Users/darisadam/Documents/Projects/iOS\ Apps/madabank-ios/Madabank/Tuist/.build/tuist-derived/Alamofire/Sources/TuistBundle+Alamofire.swift (in target 'Alamofire' from project 'Alamofire')

SwiftCompile normal arm64 /Users/darisadam/Documents/Projects/iOS\ Apps/madabank-ios/Madabank/Tuist/.build/tuist-derived/Alamofire/Sources/TuistBundle+Alamofire.swift (in target 'Alamofire' from project 'Alamofire')
    cd /Users/darisadam/Documents/Projects/iOS\ Apps/madabank-ios/Madabank/Tuist/.build/tuist-derived/Alamofire
    

SwiftDriverJobDiscovery normal arm64 Compiling ConstraintMakerPrioritizable.swift, ConstraintMakerRelatable+Extensions.swift, ConstraintMakerRelatable.swift, ConstraintMultiplierTarget.swift, ConstraintOffsetTarget.swift (in target 'SnapKit' from project 'SnapKit')

SwiftDriverJobDiscovery normal arm64 Emitting module for SnapKit (in target 'SnapKit' from project 'SnapKit')

SwiftDriver\ Compilation\ Requirements SnapKit normal arm64 com.apple.xcode.tools.swift.compiler (in target 'SnapKit' from project 'SnapKit')
    cd /Users/darisadam/Documents/Projects/iOS\ Apps/madabank-ios/Madabank/Tuist/.build/tuist-derived/SnapKit
    builtin-Swift-Compilation-Requirements -- /Applications/Xcode.app/Contents/Developer/Toolchains/XcodeDefault.xctoolchain/usr/bin/swiftc -module-name SnapKit -Onone -enforce-exclusivity\=checked @/Users/darisadam/Library/Developer/Xcode/DerivedData/Madabank-hkohthnbjtgnoechirsoymtykttx/Build/Intermediates.noindex/SnapKit.build/Debug-iphonesimulator/SnapKit.build/Objects-normal/arm64/SnapKit.SwiftFileList -DSWIFT_PACKAGE -DDEBUG -enable-bare-slash-regex -enable-experimental-feature DebugDescriptionMacro -sdk /Applications/Xcode.app/Contents/Developer/Platforms/iPhoneSimulator.platform/Developer/SDKs/iPhoneSimulator26.1.sdk -target arm64-apple-ios12.0-simulator -g -module-cache-path /Users/darisadam/Library/Developer/Xcode/DerivedData/ModuleCache.noindex -Xfrontend -serialize-debugging-options -enable-testing -suppress-warnings -index-store-path /Users/darisadam/Library/Developer/Xcode/DerivedData/Madabank-hkohthnbjtgnoechirsoymtykttx/Index.noindex/DataStore -Xcc -D_LIBCPP_HARDENING_MODE\=_LIBCPP_HARDENING_MODE_DEBUG -swift-version 5 -I /Users/darisadam/Library/Developer/Xcode/DerivedData/Madabank-hkohthnbjtgnoechirsoymtykttx/Build/Products/Debug-iphonesimulator -F /Users/darisadam/Library/Developer/Xcode/DerivedData/Madabank-hkohthnbjtgnoechirsoymtykttx/Build/Products/Debug-iphonesimulator -F /Applications/Xcode.app/Contents/Developer/Platforms/iPhoneSimulator.platform/Developer/Library/Frameworks -c -j8 -enable-batch-mode -incremental -Xcc -ivfsstatcache -Xcc /Users/darisadam/Library/Developer/Xcode/DerivedData/SDKStatCaches.noindex/iphonesimulator26.1-23B77-3885c01c3e6b6a337905948deab2002e90cf18a4295e390e64c810bc6bd7acbc.sdkstatcache -output-file-map /Users/darisadam/Library/Developer/Xcode/DerivedData/Madabank-hkohthnbjtgnoechirsoymtykttx/Build/Intermediates.noindex/SnapKit.build/Debug-iphonesimulator/SnapKit.build/Objects-normal/arm64/SnapKit-OutputFileMap.json -use-frontend-parseable-output -save-temps -no-color-diagnostics -explicit-module-build -module-cache-path /Users/darisadam/Library/Developer/Xcode/DerivedData/Madabank-hkohthnbjtgnoechirsoymtykttx/Build/Intermediates.noindex/SwiftExplicitPrecompiledModules -clang-scanner-module-cache-path /Users/darisadam/Library/Developer/Xcode/DerivedData/ModuleCache.noindex -sdk-module-cache-path /Users/darisadam/Library/Developer/Xcode/DerivedData/ModuleCache.noindex -serialize-diagnostics -emit-dependencies -emit-module -emit-module-path /Users/darisadam/Library/Developer/Xcode/DerivedData/Madabank-hkohthnbjtgnoechirsoymtykttx/Build/Intermediates.noindex/SnapKit.build/Debug-iphonesimulator/SnapKit.build/Objects-normal/arm64/SnapKit.swiftmodule -validate-clang-modules-once -clang-build-session-file /Users/darisadam/Library/Developer/Xcode/DerivedData/ModuleCache.noindex/Session.modulevalidation -Xcc -I/Users/darisadam/Library/Developer/Xcode/DerivedData/Madabank-hkohthnbjtgnoechirsoymtykttx/Build/Intermediates.noindex/SnapKit.build/Debug-iphonesimulator/SnapKit.build/swift-overrides.hmap -emit-const-values -Xfrontend -const-gather-protocols-file -Xfrontend /Users/darisadam/Library/Developer/Xcode/DerivedData/Madabank-hkohthnbjtgnoechirsoymtykttx/Build/Intermediates.noindex/SnapKit.build/Debug-iphonesimulator/SnapKit.build/Objects-normal/arm64/SnapKit_const_extract_protocols.json -Xcc -I/Users/darisadam/Library/Developer/Xcode/DerivedData/Madabank-hkohthnbjtgnoechirsoymtykttx/Build/Products/Debug-iphonesimulator/include -Xcc -I/Users/darisadam/Library/Developer/Xcode/DerivedData/Madabank-hkohthnbjtgnoechirsoymtykttx/Build/Intermediates.noindex/SnapKit.build/Debug-iphonesimulator/SnapKit.build/DerivedSources-normal/arm64 -Xcc -I/Users/darisadam/Library/Developer/Xcode/DerivedData/Madabank-hkohthnbjtgnoechirsoymtykttx/Build/Intermediates.noindex/SnapKit.build/Debug-iphonesimulator/SnapKit.build/DerivedSources/arm64 -Xcc -I/Users/darisadam/Library/Developer/Xcode/DerivedData/Madabank-hkohthnbjtgnoechirsoymtykttx/Build/Intermediates.noindex/SnapKit.build/Debug-iphonesimulator/SnapKit.build/DerivedSources -Xcc -DDEBUG\=1 -Xcc -DSWIFT_PACKAGE\=1 -emit-objc-header -emit-objc-header-path /Users/darisadam/Library/Developer/Xcode/DerivedData/Madabank-hkohthnbjtgnoechirsoymtykttx/Build/Intermediates.noindex/SnapKit.build/Debug-iphonesimulator/SnapKit.build/Objects-normal/arm64/SnapKit-Swift.h -working-directory /Users/darisadam/Documents/Projects/iOS\ Apps/madabank-ios/Madabank/Tuist/.build/tuist-derived/SnapKit -experimental-emit-module-separately -disable-cmo

SwiftMergeGeneratedHeaders /Users/darisadam/Library/Developer/Xcode/DerivedData/Madabank-hkohthnbjtgnoechirsoymtykttx/Build/Products/Debug-iphonesimulator/SnapKit.framework/Headers/SnapKit-Swift.h /Users/darisadam/Library/Developer/Xcode/DerivedData/Madabank-hkohthnbjtgnoechirsoymtykttx/Build/Intermediates.noindex/SnapKit.build/Debug-iphonesimulator/SnapKit.build/Objects-normal/arm64/SnapKit-Swift.h (in target 'SnapKit' from project 'SnapKit')
    cd /Users/darisadam/Documents/Projects/iOS\ Apps/madabank-ios/Madabank/Tuist/.build/tuist-derived/SnapKit
    builtin-swiftHeaderTool -arch arm64 /Users/darisadam/Library/Developer/Xcode/DerivedData/Madabank-hkohthnbjtgnoechirsoymtykttx/Build/Intermediates.noindex/SnapKit.build/Debug-iphonesimulator/SnapKit.build/Objects-normal/arm64/SnapKit-Swift.h -o /Users/darisadam/Library/Developer/Xcode/DerivedData/Madabank-hkohthnbjtgnoechirsoymtykttx/Build/Products/Debug-iphonesimulator/SnapKit.framework/Headers/SnapKit-Swift.h

Copy /Users/darisadam/Library/Developer/Xcode/DerivedData/Madabank-hkohthnbjtgnoechirsoymtykttx/Build/Products/Debug-iphonesimulator/SnapKit.framework/Modules/SnapKit.swiftmodule/arm64-apple-ios-simulator.swiftmodule /Users/darisadam/Library/Developer/Xcode/DerivedData/Madabank-hkohthnbjtgnoechirsoymtykttx/Build/Intermediates.noindex/SnapKit.build/Debug-iphonesimulator/SnapKit.build/Objects-normal/arm64/SnapKit.swiftmodule (in target 'SnapKit' from project 'SnapKit')
    cd /Users/darisadam/Documents/Projects/iOS\ Apps/madabank-ios/Madabank/Tuist/.build/tuist-derived/SnapKit
    builtin-copy -exclude .DS_Store -exclude CVS -exclude .svn -exclude .git -exclude .hg -resolve-src-symlinks -rename /Users/darisadam/Library/Developer/Xcode/DerivedData/Madabank-hkohthnbjtgnoechirsoymtykttx/Build/Intermediates.noindex/SnapKit.build/Debug-iphonesimulator/SnapKit.build/Objects-normal/arm64/SnapKit.swiftmodule /Users/darisadam/Library/Developer/Xcode/DerivedData/Madabank-hkohthnbjtgnoechirsoymtykttx/Build/Products/Debug-iphonesimulator/SnapKit.framework/Modules/SnapKit.swiftmodule/arm64-apple-ios-simulator.swiftmodule

Copy /Users/darisadam/Library/Developer/Xcode/DerivedData/Madabank-hkohthnbjtgnoechirsoymtykttx/Build/Products/Debug-iphonesimulator/SnapKit.framework/Modules/SnapKit.swiftmodule/arm64-apple-ios-simulator.swiftdoc /Users/darisadam/Library/Developer/Xcode/DerivedData/Madabank-hkohthnbjtgnoechirsoymtykttx/Build/Intermediates.noindex/SnapKit.build/Debug-iphonesimulator/SnapKit.build/Objects-normal/arm64/SnapKit.swiftdoc (in target 'SnapKit' from project 'SnapKit')
    cd /Users/darisadam/Documents/Projects/iOS\ Apps/madabank-ios/Madabank/Tuist/.build/tuist-derived/SnapKit
    builtin-copy -exclude .DS_Store -exclude CVS -exclude .svn -exclude .git -exclude .hg -resolve-src-symlinks -rename /Users/darisadam/Library/Developer/Xcode/DerivedData/Madabank-hkohthnbjtgnoechirsoymtykttx/Build/Intermediates.noindex/SnapKit.build/Debug-iphonesimulator/SnapKit.build/Objects-normal/arm64/SnapKit.swiftdoc /Users/darisadam/Library/Developer/Xcode/DerivedData/Madabank-hkohthnbjtgnoechirsoymtykttx/Build/Products/Debug-iphonesimulator/SnapKit.framework/Modules/SnapKit.swiftmodule/arm64-apple-ios-simulator.swiftdoc

SwiftDriverJobDiscovery normal arm64 Compiling LayoutConstraintItem.swift, Typealiases.swift, UILayoutSupport+Extensions.swift, TuistBundle+SnapKit.swift (in target 'SnapKit' from project 'SnapKit')

Copy /Users/darisadam/Library/Developer/Xcode/DerivedData/Madabank-hkohthnbjtgnoechirsoymtykttx/Build/Products/Debug-iphonesimulator/SnapKit.framework/Modules/SnapKit.swiftmodule/arm64-apple-ios-simulator.abi.json /Users/darisadam/Library/Developer/Xcode/DerivedData/Madabank-hkohthnbjtgnoechirsoymtykttx/Build/Intermediates.noindex/SnapKit.build/Debug-iphonesimulator/SnapKit.build/Objects-normal/arm64/SnapKit.abi.json (in target 'SnapKit' from project 'SnapKit')
    cd /Users/darisadam/Documents/Projects/iOS\ Apps/madabank-ios/Madabank/Tuist/.build/tuist-derived/SnapKit
    builtin-copy -exclude .DS_Store -exclude CVS -exclude .svn -exclude .git -exclude .hg -resolve-src-symlinks -rename /Users/darisadam/Library/Developer/Xcode/DerivedData/Madabank-hkohthnbjtgnoechirsoymtykttx/Build/Intermediates.noindex/SnapKit.build/Debug-iphonesimulator/SnapKit.build/Objects-normal/arm64/SnapKit.abi.json /Users/darisadam/Library/Developer/Xcode/DerivedData/Madabank-hkohthnbjtgnoechirsoymtykttx/Build/Products/Debug-iphonesimulator/SnapKit.framework/Modules/SnapKit.swiftmodule/arm64-apple-ios-simulator.abi.json

Copy /Users/darisadam/Library/Developer/Xcode/DerivedData/Madabank-hkohthnbjtgnoechirsoymtykttx/Build/Products/Debug-iphonesimulator/SnapKit.framework/Modules/SnapKit.swiftmodule/Project/arm64-apple-ios-simulator.swiftsourceinfo /Users/darisadam/Library/Developer/Xcode/DerivedData/Madabank-hkohthnbjtgnoechirsoymtykttx/Build/Intermediates.noindex/SnapKit.build/Debug-iphonesimulator/SnapKit.build/Objects-normal/arm64/SnapKit.swiftsourceinfo (in target 'SnapKit' from project 'SnapKit')
    cd /Users/darisadam/Documents/Projects/iOS\ Apps/madabank-ios/Madabank/Tuist/.build/tuist-derived/SnapKit
    builtin-copy -exclude .DS_Store -exclude CVS -exclude .svn -exclude .git -exclude .hg -resolve-src-symlinks -rename /Users/darisadam/Library/Developer/Xcode/DerivedData/Madabank-hkohthnbjtgnoechirsoymtykttx/Build/Intermediates.noindex/SnapKit.build/Debug-iphonesimulator/SnapKit.build/Objects-normal/arm64/SnapKit.swiftsourceinfo /Users/darisadam/Library/Developer/Xcode/DerivedData/Madabank-hkohthnbjtgnoechirsoymtykttx/Build/Products/Debug-iphonesimulator/SnapKit.framework/Modules/SnapKit.swiftmodule/Project/arm64-apple-ios-simulator.swiftsourceinfo

ScanDependencies /Users/darisadam/Library/Developer/Xcode/DerivedData/Madabank-hkohthnbjtgnoechirsoymtykttx/Build/Intermediates.noindex/SnapKit.build/Debug-iphonesimulator/SnapKit.build/Objects-normal/arm64/SnapKit_vers.o /Users/darisadam/Library/Developer/Xcode/DerivedData/Madabank-hkohthnbjtgnoechirsoymtykttx/Build/Intermediates.noindex/SnapKit.build/Debug-iphonesimulator/SnapKit.build/DerivedSources/SnapKit_vers.c normal arm64 c com.apple.compilers.llvm.clang.1_0.compiler (in target 'SnapKit' from project 'SnapKit')
    cd /Users/darisadam/Documents/Projects/iOS\ Apps/madabank-ios/Madabank/Tuist/.build/tuist-derived/SnapKit
    
    Using response file: /Users/darisadam/Library/Developer/Xcode/DerivedData/Madabank-hkohthnbjtgnoechirsoymtykttx/Build/Intermediates.noindex/SnapKit.build/Debug-iphonesimulator/SnapKit.build/Objects-normal/arm64/7187679823f38a2a940e0043cdf9d637-common-args.resp
    
    builtin-ScanDependencies -o /Users/darisadam/Library/Developer/Xcode/DerivedData/Madabank-hkohthnbjtgnoechirsoymtykttx/Build/Intermediates.noindex/SnapKit.build/Debug-iphonesimulator/SnapKit.build/Objects-normal/arm64/SnapKit_vers.o.scan -- /Applications/Xcode.app/Contents/Developer/Toolchains/XcodeDefault.xctoolchain/usr/bin/clang -x c -ivfsstatcache /Users/darisadam/Library/Developer/Xcode/DerivedData/SDKStatCaches.noindex/iphonesimulator26.1-23B77-3885c01c3e6b6a337905948deab2002e90cf18a4295e390e64c810bc6bd7acbc.sdkstatcache -fmessage-length\=0 -fdiagnostics-show-note-include-stack -fmacro-backtrace-limit\=0 -fno-color-diagnostics -fmodules-prune-interval\=86400 -fmodules-prune-after\=345600 -fbuild-session-file\=/Users/darisadam/Library/Developer/Xcode/DerivedData/ModuleCache.noindex/Session.modulevalidation -fmodules-validate-once-per-build-session -Wnon-modular-include-in-framework-module -Werror\=non-modular-include-in-framework-module -Wno-trigraphs -Wno-missing-field-initializers -Wno-missing-prototypes -Werror\=return-type -Wdocumentation -Wunreachable-code -Werror\=deprecated-objc-isa-usage -Werror\=objc-root-class -Wno-missing-braces -Wparentheses -Wswitch -Wunused-function -Wno-unused-label -Wno-unused-parameter -Wunused-variable -Wunused-value -Wempty-body -Wuninitialized -Wconditional-uninitialized -Wno-unknown-pragmas -w -Wno-shadow -Wno-four-char-constants -Wno-conversion -Wconstant-conversion -Wint-conversion -Wbool-conversion -Wenum-conversion -Wno-float-conversion -Wnon-literal-null-conversion -Wobjc-literal-conversion -Wshorten-64-to-32 -Wpointer-sign -Wno-newline-eof -Wno-implicit-fallthrough -fstrict-aliasing -Wdeprecated-declarations -Wno-sign-conversion -Winfinite-recursion -Wcomma -Wblock-capture-autoreleasing -Wstrict-prototypes -Wno-semicolon-before-method-body -Wunguarded-availability -index-store-path /Users/darisadam/Library/Developer/Xcode/DerivedData/Madabank-hkohthnbjtgnoechirsoymtykttx/Index.noindex/DataStore @/Users/darisadam/Library/Developer/Xcode/DerivedData/Madabank-hkohthnbjtgnoechirsoymtykttx/Build/Intermediates.noindex/SnapKit.build/Debug-iphonesimulator/SnapKit.build/Objects-normal/arm64/7187679823f38a2a940e0043cdf9d637-common-args.resp -MMD -MT dependencies -MF /Users/darisadam/Library/Developer/Xcode/DerivedData/Madabank-hkohthnbjtgnoechirsoymtykttx/Build/Intermediates.noindex/SnapKit.build/Debug-iphonesimulator/SnapKit.build/Objects-normal/arm64/SnapKit_vers.d --serialize-diagnostics /Users/darisadam/Library/Developer/Xcode/DerivedData/Madabank-hkohthnbjtgnoechirsoymtykttx/Build/Intermediates.noindex/SnapKit.build/Debug-iphonesimulator/SnapKit.build/Objects-normal/arm64/SnapKit_vers.dia -c /Users/darisadam/Library/Developer/Xcode/DerivedData/Madabank-hkohthnbjtgnoechirsoymtykttx/Build/Intermediates.noindex/SnapKit.build/Debug-iphonesimulator/SnapKit.build/DerivedSources/SnapKit_vers.c -o /Users/darisadam/Library/Developer/Xcode/DerivedData/Madabank-hkohthnbjtgnoechirsoymtykttx/Build/Intermediates.noindex/SnapKit.build/Debug-iphonesimulator/SnapKit.build/Objects-normal/arm64/SnapKit_vers.o -index-unit-output-path /SnapKit.build/Debug-iphonesimulator/SnapKit.build/Objects-normal/arm64/SnapKit_vers.o

CompileC /Users/darisadam/Library/Developer/Xcode/DerivedData/Madabank-hkohthnbjtgnoechirsoymtykttx/Build/Intermediates.noindex/SnapKit.build/Debug-iphonesimulator/SnapKit.build/Objects-normal/arm64/SnapKit_vers.o /Users/darisadam/Library/Developer/Xcode/DerivedData/Madabank-hkohthnbjtgnoechirsoymtykttx/Build/Intermediates.noindex/SnapKit.build/Debug-iphonesimulator/SnapKit.build/DerivedSources/SnapKit_vers.c normal arm64 c com.apple.compilers.llvm.clang.1_0.compiler (in target 'SnapKit' from project 'SnapKit')
    cd /Users/darisadam/Documents/Projects/iOS\ Apps/madabank-ios/Madabank/Tuist/.build/tuist-derived/SnapKit
    
    Using response file: /Users/darisadam/Library/Developer/Xcode/DerivedData/Madabank-hkohthnbjtgnoechirsoymtykttx/Build/Intermediates.noindex/SnapKit.build/Debug-iphonesimulator/SnapKit.build/Objects-normal/arm64/7187679823f38a2a940e0043cdf9d637-common-args.resp
    
    /Applications/Xcode.app/Contents/Developer/Toolchains/XcodeDefault.xctoolchain/usr/bin/clang -x c -ivfsstatcache /Users/darisadam/Library/Developer/Xcode/DerivedData/SDKStatCaches.noindex/iphonesimulator26.1-23B77-3885c01c3e6b6a337905948deab2002e90cf18a4295e390e64c810bc6bd7acbc.sdkstatcache -fmessage-length\=0 -fdiagnostics-show-note-include-stack -fmacro-backtrace-limit\=0 -fno-color-diagnostics -fmodules-prune-interval\=86400 -fmodules-prune-after\=345600 -fbuild-session-file\=/Users/darisadam/Library/Developer/Xcode/DerivedData/ModuleCache.noindex/Session.modulevalidation -fmodules-validate-once-per-build-session -Wnon-modular-include-in-framework-module -Werror\=non-modular-include-in-framework-module -Wno-trigraphs -Wno-missing-field-initializers -Wno-missing-prototypes -Werror\=return-type -Wdocumentation -Wunreachable-code -Werror\=deprecated-objc-isa-usage -Werror\=objc-root-class -Wno-missing-braces -Wparentheses -Wswitch -Wunused-function -Wno-unused-label -Wno-unused-parameter -Wunused-variable -Wunused-value -Wempty-body -Wuninitialized -Wconditional-uninitialized -Wno-unknown-pragmas -w -Wno-shadow -Wno-four-char-constants -Wno-conversion -Wconstant-conversion -Wint-conversion -Wbool-conversion -Wenum-conversion -Wno-float-conversion -Wnon-literal-null-conversion -Wobjc-literal-conversion -Wshorten-64-to-32 -Wpointer-sign -Wno-newline-eof -Wno-implicit-fallthrough -fstrict-aliasing -Wdeprecated-declarations -Wno-sign-conversion -Winfinite-recursion -Wcomma -Wblock-capture-autoreleasing -Wstrict-prototypes -Wno-semicolon-before-method-body -Wunguarded-availability -index-store-path /Users/darisadam/Library/Developer/Xcode/DerivedData/Madabank-hkohthnbjtgnoechirsoymtykttx/Index.noindex/DataStore @/Users/darisadam/Library/Developer/Xcode/DerivedData/Madabank-hkohthnbjtgnoechirsoymtykttx/Build/Intermediates.noindex/SnapKit.build/Debug-iphonesimulator/SnapKit.build/Objects-normal/arm64/7187679823f38a2a940e0043cdf9d637-common-args.resp -MMD -MT dependencies -MF /Users/darisadam/Library/Developer/Xcode/DerivedData/Madabank-hkohthnbjtgnoechirsoymtykttx/Build/Intermediates.noindex/SnapKit.build/Debug-iphonesimulator/SnapKit.build/Objects-normal/arm64/SnapKit_vers.d --serialize-diagnostics /Users/darisadam/Library/Developer/Xcode/DerivedData/Madabank-hkohthnbjtgnoechirsoymtykttx/Build/Intermediates.noindex/SnapKit.build/Debug-iphonesimulator/SnapKit.build/Objects-normal/arm64/SnapKit_vers.dia -c /Users/darisadam/Library/Developer/Xcode/DerivedData/Madabank-hkohthnbjtgnoechirsoymtykttx/Build/Intermediates.noindex/SnapKit.build/Debug-iphonesimulator/SnapKit.build/DerivedSources/SnapKit_vers.c -o /Users/darisadam/Library/Developer/Xcode/DerivedData/Madabank-hkohthnbjtgnoechirsoymtykttx/Build/Intermediates.noindex/SnapKit.build/Debug-iphonesimulator/SnapKit.build/Objects-normal/arm64/SnapKit_vers.o -index-unit-output-path /SnapKit.build/Debug-iphonesimulator/SnapKit.build/Objects-normal/arm64/SnapKit_vers.o

SwiftDriverJobDiscovery normal arm64 Compiling TuistBundle+Alamofire.swift (in target 'Alamofire' from project 'Alamofire')

SwiftDriverJobDiscovery normal arm64 Compiling ConstraintPriority.swift, ConstraintPriorityTarget.swift, ConstraintRelatableTarget.swift, ConstraintRelation.swift, ConstraintView+Extensions.swift (in target 'SnapKit' from project 'SnapKit')

SwiftDriverJobDiscovery normal arm64 Compiling Constraint.swift, ConstraintAttributes.swift, ConstraintConfig.swift, ConstraintConstantTarget.swift, ConstraintDSL.swift (in target 'SnapKit' from project 'SnapKit')

SwiftDriverJobDiscovery normal arm64 Compiling ConstraintView.swift, ConstraintViewDSL.swift, Debugging.swift, LayoutConstraint.swift (in target 'SnapKit' from project 'SnapKit')

SwiftDriver\ Compilation SnapKit normal arm64 com.apple.xcode.tools.swift.compiler (in target 'SnapKit' from project 'SnapKit')
    cd /Users/darisadam/Documents/Projects/iOS\ Apps/madabank-ios/Madabank/Tuist/.build/tuist-derived/SnapKit
    builtin-Swift-Compilation -- /Applications/Xcode.app/Contents/Developer/Toolchains/XcodeDefault.xctoolchain/usr/bin/swiftc -module-name SnapKit -Onone -enforce-exclusivity\=checked @/Users/darisadam/Library/Developer/Xcode/DerivedData/Madabank-hkohthnbjtgnoechirsoymtykttx/Build/Intermediates.noindex/SnapKit.build/Debug-iphonesimulator/SnapKit.build/Objects-normal/arm64/SnapKit.SwiftFileList -DSWIFT_PACKAGE -DDEBUG -enable-bare-slash-regex -enable-experimental-feature DebugDescriptionMacro -sdk /Applications/Xcode.app/Contents/Developer/Platforms/iPhoneSimulator.platform/Developer/SDKs/iPhoneSimulator26.1.sdk -target arm64-apple-ios12.0-simulator -g -module-cache-path /Users/darisadam/Library/Developer/Xcode/DerivedData/ModuleCache.noindex -Xfrontend -serialize-debugging-options -enable-testing -suppress-warnings -index-store-path /Users/darisadam/Library/Developer/Xcode/DerivedData/Madabank-hkohthnbjtgnoechirsoymtykttx/Index.noindex/DataStore -Xcc -D_LIBCPP_HARDENING_MODE\=_LIBCPP_HARDENING_MODE_DEBUG -swift-version 5 -I /Users/darisadam/Library/Developer/Xcode/DerivedData/Madabank-hkohthnbjtgnoechirsoymtykttx/Build/Products/Debug-iphonesimulator -F /Users/darisadam/Library/Developer/Xcode/DerivedData/Madabank-hkohthnbjtgnoechirsoymtykttx/Build/Products/Debug-iphonesimulator -F /Applications/Xcode.app/Contents/Developer/Platforms/iPhoneSimulator.platform/Developer/Library/Frameworks -c -j8 -enable-batch-mode -incremental -Xcc -ivfsstatcache -Xcc /Users/darisadam/Library/Developer/Xcode/DerivedData/SDKStatCaches.noindex/iphonesimulator26.1-23B77-3885c01c3e6b6a337905948deab2002e90cf18a4295e390e64c810bc6bd7acbc.sdkstatcache -output-file-map /Users/darisadam/Library/Developer/Xcode/DerivedData/Madabank-hkohthnbjtgnoechirsoymtykttx/Build/Intermediates.noindex/SnapKit.build/Debug-iphonesimulator/SnapKit.build/Objects-normal/arm64/SnapKit-OutputFileMap.json -use-frontend-parseable-output -save-temps -no-color-diagnostics -explicit-module-build -module-cache-path /Users/darisadam/Library/Developer/Xcode/DerivedData/Madabank-hkohthnbjtgnoechirsoymtykttx/Build/Intermediates.noindex/SwiftExplicitPrecompiledModules -clang-scanner-module-cache-path /Users/darisadam/Library/Developer/Xcode/DerivedData/ModuleCache.noindex -sdk-module-cache-path /Users/darisadam/Library/Developer/Xcode/DerivedData/ModuleCache.noindex -serialize-diagnostics -emit-dependencies -emit-module -emit-module-path /Users/darisadam/Library/Developer/Xcode/DerivedData/Madabank-hkohthnbjtgnoechirsoymtykttx/Build/Intermediates.noindex/SnapKit.build/Debug-iphonesimulator/SnapKit.build/Objects-normal/arm64/SnapKit.swiftmodule -validate-clang-modules-once -clang-build-session-file /Users/darisadam/Library/Developer/Xcode/DerivedData/ModuleCache.noindex/Session.modulevalidation -Xcc -I/Users/darisadam/Library/Developer/Xcode/DerivedData/Madabank-hkohthnbjtgnoechirsoymtykttx/Build/Intermediates.noindex/SnapKit.build/Debug-iphonesimulator/SnapKit.build/swift-overrides.hmap -emit-const-values -Xfrontend -const-gather-protocols-file -Xfrontend /Users/darisadam/Library/Developer/Xcode/DerivedData/Madabank-hkohthnbjtgnoechirsoymtykttx/Build/Intermediates.noindex/SnapKit.build/Debug-iphonesimulator/SnapKit.build/Objects-normal/arm64/SnapKit_const_extract_protocols.json -Xcc -I/Users/darisadam/Library/Developer/Xcode/DerivedData/Madabank-hkohthnbjtgnoechirsoymtykttx/Build/Products/Debug-iphonesimulator/include -Xcc -I/Users/darisadam/Library/Developer/Xcode/DerivedData/Madabank-hkohthnbjtgnoechirsoymtykttx/Build/Intermediates.noindex/SnapKit.build/Debug-iphonesimulator/SnapKit.build/DerivedSources-normal/arm64 -Xcc -I/Users/darisadam/Library/Developer/Xcode/DerivedData/Madabank-hkohthnbjtgnoechirsoymtykttx/Build/Intermediates.noindex/SnapKit.build/Debug-iphonesimulator/SnapKit.build/DerivedSources/arm64 -Xcc -I/Users/darisadam/Library/Developer/Xcode/DerivedData/Madabank-hkohthnbjtgnoechirsoymtykttx/Build/Intermediates.noindex/SnapKit.build/Debug-iphonesimulator/SnapKit.build/DerivedSources -Xcc -DDEBUG\=1 -Xcc -DSWIFT_PACKAGE\=1 -emit-objc-header -emit-objc-header-path /Users/darisadam/Library/Developer/Xcode/DerivedData/Madabank-hkohthnbjtgnoechirsoymtykttx/Build/Intermediates.noindex/SnapKit.build/Debug-iphonesimulator/SnapKit.build/Objects-normal/arm64/SnapKit-Swift.h -working-directory /Users/darisadam/Documents/Projects/iOS\ Apps/madabank-ios/Madabank/Tuist/.build/tuist-derived/SnapKit -experimental-emit-module-separately -disable-cmo

Ld /Users/darisadam/Library/Developer/Xcode/DerivedData/Madabank-hkohthnbjtgnoechirsoymtykttx/Build/Products/Debug-iphonesimulator/SnapKit.framework/SnapKit normal (in target 'SnapKit' from project 'SnapKit')
    cd /Users/darisadam/Documents/Projects/iOS\ Apps/madabank-ios/Madabank/Tuist/.build/tuist-derived/SnapKit
    /Applications/Xcode.app/Contents/Developer/Toolchains/XcodeDefault.xctoolchain/usr/bin/clang -Xlinker -reproducible -target arm64-apple-ios12.0-simulator -dynamiclib -isysroot /Applications/Xcode.app/Contents/Developer/Platforms/iPhoneSimulator.platform/Developer/SDKs/iPhoneSimulator26.1.sdk -O0 -L/Users/darisadam/Library/Developer/Xcode/DerivedData/Madabank-hkohthnbjtgnoechirsoymtykttx/Build/Intermediates.noindex/EagerLinkingTBDs/Debug-iphonesimulator -L/Users/darisadam/Library/Developer/Xcode/DerivedData/Madabank-hkohthnbjtgnoechirsoymtykttx/Build/Products/Debug-iphonesimulator -F/Users/darisadam/Library/Developer/Xcode/DerivedData/Madabank-hkohthnbjtgnoechirsoymtykttx/Build/Intermediates.noindex/EagerLinkingTBDs/Debug-iphonesimulator -F/Users/darisadam/Library/Developer/Xcode/DerivedData/Madabank-hkohthnbjtgnoechirsoymtykttx/Build/Products/Debug-iphonesimulator -F/Applications/Xcode.app/Contents/Developer/Platforms/iPhoneSimulator.platform/Developer/Library/Frameworks -filelist /Users/darisadam/Library/Developer/Xcode/DerivedData/Madabank-hkohthnbjtgnoechirsoymtykttx/Build/Intermediates.noindex/SnapKit.build/Debug-iphonesimulator/SnapKit.build/Objects-normal/arm64/SnapKit.LinkFileList -install_name @rpath/SnapKit.framework/SnapKit -Xlinker -rpath -Xlinker /usr/lib/swift -Xlinker -rpath -Xlinker @executable_path/Frameworks -Xlinker -rpath -Xlinker @loader_path/Frameworks -dead_strip -Xlinker -object_path_lto -Xlinker /Users/darisadam/Library/Developer/Xcode/DerivedData/Madabank-hkohthnbjtgnoechirsoymtykttx/Build/Intermediates.noindex/SnapKit.build/Debug-iphonesimulator/SnapKit.build/Objects-normal/arm64/SnapKit_lto.o -rdynamic -Xlinker -no_deduplicate -Xlinker -objc_abi_version -Xlinker 2 -Xlinker -dependency_info -Xlinker /Users/darisadam/Library/Developer/Xcode/DerivedData/Madabank-hkohthnbjtgnoechirsoymtykttx/Build/Intermediates.noindex/SnapKit.build/Debug-iphonesimulator/SnapKit.build/Objects-normal/arm64/SnapKit_dependency_info.dat -fobjc-link-runtime -L/Applications/Xcode.app/Contents/Developer/Toolchains/XcodeDefault.xctoolchain/usr/lib/swift/iphonesimulator -L/usr/lib/swift -Xlinker -add_ast_path -Xlinker /Users/darisadam/Library/Developer/Xcode/DerivedData/Madabank-hkohthnbjtgnoechirsoymtykttx/Build/Intermediates.noindex/SnapKit.build/Debug-iphonesimulator/SnapKit.build/Objects-normal/arm64/SnapKit.swiftmodule @/Users/darisadam/Library/Developer/Xcode/DerivedData/Madabank-hkohthnbjtgnoechirsoymtykttx/Build/Intermediates.noindex/SnapKit.build/Debug-iphonesimulator/SnapKit.build/Objects-normal/arm64/SnapKit-linker-args.resp -Xlinker -no_adhoc_codesign -compatibility_version 1 -current_version 1 -o /Users/darisadam/Library/Developer/Xcode/DerivedData/Madabank-hkohthnbjtgnoechirsoymtykttx/Build/Products/Debug-iphonesimulator/SnapKit.framework/SnapKit

SwiftDriverJobDiscovery normal arm64 Emitting module for RxSwift (in target 'RxSwift' from project 'RxSwift')

SwiftDriver\ Compilation\ Requirements RxSwift normal arm64 com.apple.xcode.tools.swift.compiler (in target 'RxSwift' from project 'RxSwift')
    cd /Users/darisadam/Documents/Projects/iOS\ Apps/madabank-ios/Madabank/Tuist/.build/tuist-derived/RxSwift
    builtin-Swift-Compilation-Requirements -- /Applications/Xcode.app/Contents/Developer/Toolchains/XcodeDefault.xctoolchain/usr/bin/swiftc -module-name RxSwift -Onone -enforce-exclusivity\=checked @/Users/darisadam/Library/Developer/Xcode/DerivedData/Madabank-hkohthnbjtgnoechirsoymtykttx/Build/Intermediates.noindex/RxSwift.build/Debug-iphonesimulator/RxSwift.build/Objects-normal/arm64/RxSwift.SwiftFileList -DSWIFT_PACKAGE -DDEBUG -package-name RxSwift -enable-bare-slash-regex -enable-experimental-feature DebugDescriptionMacro -sdk /Applications/Xcode.app/Contents/Developer/Platforms/iPhoneSimulator.platform/Developer/SDKs/iPhoneSimulator26.1.sdk -target arm64-apple-ios12.0-simulator -g -module-cache-path /Users/darisadam/Library/Developer/Xcode/DerivedData/ModuleCache.noindex -Xfrontend -serialize-debugging-options -enable-testing -suppress-warnings -index-store-path /Users/darisadam/Library/Developer/Xcode/DerivedData/Madabank-hkohthnbjtgnoechirsoymtykttx/Index.noindex/DataStore -Xcc -D_LIBCPP_HARDENING_MODE\=_LIBCPP_HARDENING_MODE_DEBUG -swift-version 5 -I /Users/darisadam/Library/Developer/Xcode/DerivedData/Madabank-hkohthnbjtgnoechirsoymtykttx/Build/Products/Debug-iphonesimulator -F /Users/darisadam/Library/Developer/Xcode/DerivedData/Madabank-hkohthnbjtgnoechirsoymtykttx/Build/Products/Debug-iphonesimulator -F /Applications/Xcode.app/Contents/Developer/Platforms/iPhoneSimulator.platform/Developer/Library/Frameworks -c -j8 -enable-batch-mode -incremental -Xcc -ivfsstatcache -Xcc /Users/darisadam/Library/Developer/Xcode/DerivedData/SDKStatCaches.noindex/iphonesimulator26.1-23B77-3885c01c3e6b6a337905948deab2002e90cf18a4295e390e64c810bc6bd7acbc.sdkstatcache -output-file-map /Users/darisadam/Library/Developer/Xcode/DerivedData/Madabank-hkohthnbjtgnoechirsoymtykttx/Build/Intermediates.noindex/RxSwift.build/Debug-iphonesimulator/RxSwift.build/Objects-normal/arm64/RxSwift-OutputFileMap.json -use-frontend-parseable-output -save-temps -no-color-diagnostics -explicit-module-build -module-cache-path /Users/darisadam/Library/Developer/Xcode/DerivedData/Madabank-hkohthnbjtgnoechirsoymtykttx/Build/Intermediates.noindex/SwiftExplicitPrecompiledModules -clang-scanner-module-cache-path /Users/darisadam/Library/Developer/Xcode/DerivedData/ModuleCache.noindex -sdk-module-cache-path /Users/darisadam/Library/Developer/Xcode/DerivedData/ModuleCache.noindex -serialize-diagnostics -emit-dependencies -emit-module -emit-module-path /Users/darisadam/Library/Developer/Xcode/DerivedData/Madabank-hkohthnbjtgnoechirsoymtykttx/Build/Intermediates.noindex/RxSwift.build/Debug-iphonesimulator/RxSwift.build/Objects-normal/arm64/RxSwift.swiftmodule -validate-clang-modules-once -clang-build-session-file /Users/darisadam/Library/Developer/Xcode/DerivedData/ModuleCache.noindex/Session.modulevalidation -Xcc -I/Users/darisadam/Library/Developer/Xcode/DerivedData/Madabank-hkohthnbjtgnoechirsoymtykttx/Build/Intermediates.noindex/RxSwift.build/Debug-iphonesimulator/RxSwift.build/swift-overrides.hmap -emit-const-values -Xfrontend -const-gather-protocols-file -Xfrontend /Users/darisadam/Library/Developer/Xcode/DerivedData/Madabank-hkohthnbjtgnoechirsoymtykttx/Build/Intermediates.noindex/RxSwift.build/Debug-iphonesimulator/RxSwift.build/Objects-normal/arm64/RxSwift_const_extract_protocols.json -Xcc -I/Users/darisadam/Library/Developer/Xcode/DerivedData/Madabank-hkohthnbjtgnoechirsoymtykttx/Build/Products/Debug-iphonesimulator/include -Xcc -I/Users/darisadam/Library/Developer/Xcode/DerivedData/Madabank-hkohthnbjtgnoechirsoymtykttx/Build/Intermediates.noindex/RxSwift.build/Debug-iphonesimulator/RxSwift.build/DerivedSources-normal/arm64 -Xcc -I/Users/darisadam/Library/Developer/Xcode/DerivedData/Madabank-hkohthnbjtgnoechirsoymtykttx/Build/Intermediates.noindex/RxSwift.build/Debug-iphonesimulator/RxSwift.build/DerivedSources/arm64 -Xcc -I/Users/darisadam/Library/Developer/Xcode/DerivedData/Madabank-hkohthnbjtgnoechirsoymtykttx/Build/Intermediates.noindex/RxSwift.build/Debug-iphonesimulator/RxSwift.build/DerivedSources -Xcc -DDEBUG\=1 -Xcc -DSWIFT_PACKAGE\=1 -emit-objc-header -emit-objc-header-path /Users/darisadam/Library/Developer/Xcode/DerivedData/Madabank-hkohthnbjtgnoechirsoymtykttx/Build/Intermediates.noindex/RxSwift.build/Debug-iphonesimulator/RxSwift.build/Objects-normal/arm64/RxSwift-Swift.h -working-directory /Users/darisadam/Documents/Projects/iOS\ Apps/madabank-ios/Madabank/Tuist/.build/tuist-derived/RxSwift -experimental-emit-module-separately -disable-cmo

SwiftDriver\ Compilation RxSwift normal arm64 com.apple.xcode.tools.swift.compiler (in target 'RxSwift' from project 'RxSwift')
    cd /Users/darisadam/Documents/Projects/iOS\ Apps/madabank-ios/Madabank/Tuist/.build/tuist-derived/RxSwift
    builtin-Swift-Compilation -- /Applications/Xcode.app/Contents/Developer/Toolchains/XcodeDefault.xctoolchain/usr/bin/swiftc -module-name RxSwift -Onone -enforce-exclusivity\=checked @/Users/darisadam/Library/Developer/Xcode/DerivedData/Madabank-hkohthnbjtgnoechirsoymtykttx/Build/Intermediates.noindex/RxSwift.build/Debug-iphonesimulator/RxSwift.build/Objects-normal/arm64/RxSwift.SwiftFileList -DSWIFT_PACKAGE -DDEBUG -package-name RxSwift -enable-bare-slash-regex -enable-experimental-feature DebugDescriptionMacro -sdk /Applications/Xcode.app/Contents/Developer/Platforms/iPhoneSimulator.platform/Developer/SDKs/iPhoneSimulator26.1.sdk -target arm64-apple-ios12.0-simulator -g -module-cache-path /Users/darisadam/Library/Developer/Xcode/DerivedData/ModuleCache.noindex -Xfrontend -serialize-debugging-options -enable-testing -suppress-warnings -index-store-path /Users/darisadam/Library/Developer/Xcode/DerivedData/Madabank-hkohthnbjtgnoechirsoymtykttx/Index.noindex/DataStore -Xcc -D_LIBCPP_HARDENING_MODE\=_LIBCPP_HARDENING_MODE_DEBUG -swift-version 5 -I /Users/darisadam/Library/Developer/Xcode/DerivedData/Madabank-hkohthnbjtgnoechirsoymtykttx/Build/Products/Debug-iphonesimulator -F /Users/darisadam/Library/Developer/Xcode/DerivedData/Madabank-hkohthnbjtgnoechirsoymtykttx/Build/Products/Debug-iphonesimulator -F /Applications/Xcode.app/Contents/Developer/Platforms/iPhoneSimulator.platform/Developer/Library/Frameworks -c -j8 -enable-batch-mode -incremental -Xcc -ivfsstatcache -Xcc /Users/darisadam/Library/Developer/Xcode/DerivedData/SDKStatCaches.noindex/iphonesimulator26.1-23B77-3885c01c3e6b6a337905948deab2002e90cf18a4295e390e64c810bc6bd7acbc.sdkstatcache -output-file-map /Users/darisadam/Library/Developer/Xcode/DerivedData/Madabank-hkohthnbjtgnoechirsoymtykttx/Build/Intermediates.noindex/RxSwift.build/Debug-iphonesimulator/RxSwift.build/Objects-normal/arm64/RxSwift-OutputFileMap.json -use-frontend-parseable-output -save-temps -no-color-diagnostics -explicit-module-build -module-cache-path /Users/darisadam/Library/Developer/Xcode/DerivedData/Madabank-hkohthnbjtgnoechirsoymtykttx/Build/Intermediates.noindex/SwiftExplicitPrecompiledModules -clang-scanner-module-cache-path /Users/darisadam/Library/Developer/Xcode/DerivedData/ModuleCache.noindex -sdk-module-cache-path /Users/darisadam/Library/Developer/Xcode/DerivedData/ModuleCache.noindex -serialize-diagnostics -emit-dependencies -emit-module -emit-module-path /Users/darisadam/Library/Developer/Xcode/DerivedData/Madabank-hkohthnbjtgnoechirsoymtykttx/Build/Intermediates.noindex/RxSwift.build/Debug-iphonesimulator/RxSwift.build/Objects-normal/arm64/RxSwift.swiftmodule -validate-clang-modules-once -clang-build-session-file /Users/darisadam/Library/Developer/Xcode/DerivedData/ModuleCache.noindex/Session.modulevalidation -Xcc -I/Users/darisadam/Library/Developer/Xcode/DerivedData/Madabank-hkohthnbjtgnoechirsoymtykttx/Build/Intermediates.noindex/RxSwift.build/Debug-iphonesimulator/RxSwift.build/swift-overrides.hmap -emit-const-values -Xfrontend -const-gather-protocols-file -Xfrontend /Users/darisadam/Library/Developer/Xcode/DerivedData/Madabank-hkohthnbjtgnoechirsoymtykttx/Build/Intermediates.noindex/RxSwift.build/Debug-iphonesimulator/RxSwift.build/Objects-normal/arm64/RxSwift_const_extract_protocols.json -Xcc -I/Users/darisadam/Library/Developer/Xcode/DerivedData/Madabank-hkohthnbjtgnoechirsoymtykttx/Build/Products/Debug-iphonesimulator/include -Xcc -I/Users/darisadam/Library/Developer/Xcode/DerivedData/Madabank-hkohthnbjtgnoechirsoymtykttx/Build/Intermediates.noindex/RxSwift.build/Debug-iphonesimulator/RxSwift.build/DerivedSources-normal/arm64 -Xcc -I/Users/darisadam/Library/Developer/Xcode/DerivedData/Madabank-hkohthnbjtgnoechirsoymtykttx/Build/Intermediates.noindex/RxSwift.build/Debug-iphonesimulator/RxSwift.build/DerivedSources/arm64 -Xcc -I/Users/darisadam/Library/Developer/Xcode/DerivedData/Madabank-hkohthnbjtgnoechirsoymtykttx/Build/Intermediates.noindex/RxSwift.build/Debug-iphonesimulator/RxSwift.build/DerivedSources -Xcc -DDEBUG\=1 -Xcc -DSWIFT_PACKAGE\=1 -emit-objc-header -emit-objc-header-path /Users/darisadam/Library/Developer/Xcode/DerivedData/Madabank-hkohthnbjtgnoechirsoymtykttx/Build/Intermediates.noindex/RxSwift.build/Debug-iphonesimulator/RxSwift.build/Objects-normal/arm64/RxSwift-Swift.h -working-directory /Users/darisadam/Documents/Projects/iOS\ Apps/madabank-ios/Madabank/Tuist/.build/tuist-derived/RxSwift -experimental-emit-module-separately -disable-cmo

Copy /Users/darisadam/Library/Developer/Xcode/DerivedData/Madabank-hkohthnbjtgnoechirsoymtykttx/Build/Products/Debug-iphonesimulator/RxSwift.framework/Modules/RxSwift.swiftmodule/Project/arm64-apple-ios-simulator.swiftsourceinfo /Users/darisadam/Library/Developer/Xcode/DerivedData/Madabank-hkohthnbjtgnoechirsoymtykttx/Build/Intermediates.noindex/RxSwift.build/Debug-iphonesimulator/RxSwift.build/Objects-normal/arm64/RxSwift.swiftsourceinfo (in target 'RxSwift' from project 'RxSwift')
    cd /Users/darisadam/Documents/Projects/iOS\ Apps/madabank-ios/Madabank/Tuist/.build/tuist-derived/RxSwift
    builtin-copy -exclude .DS_Store -exclude CVS -exclude .svn -exclude .git -exclude .hg -resolve-src-symlinks -rename /Users/darisadam/Library/Developer/Xcode/DerivedData/Madabank-hkohthnbjtgnoechirsoymtykttx/Build/Intermediates.noindex/RxSwift.build/Debug-iphonesimulator/RxSwift.build/Objects-normal/arm64/RxSwift.swiftsourceinfo /Users/darisadam/Library/Developer/Xcode/DerivedData/Madabank-hkohthnbjtgnoechirsoymtykttx/Build/Products/Debug-iphonesimulator/RxSwift.framework/Modules/RxSwift.swiftmodule/Project/arm64-apple-ios-simulator.swiftsourceinfo

Copy /Users/darisadam/Library/Developer/Xcode/DerivedData/Madabank-hkohthnbjtgnoechirsoymtykttx/Build/Products/Debug-iphonesimulator/RxSwift.framework/Modules/RxSwift.swiftmodule/arm64-apple-ios-simulator.abi.json /Users/darisadam/Library/Developer/Xcode/DerivedData/Madabank-hkohthnbjtgnoechirsoymtykttx/Build/Intermediates.noindex/RxSwift.build/Debug-iphonesimulator/RxSwift.build/Objects-normal/arm64/RxSwift.abi.json (in target 'RxSwift' from project 'RxSwift')
    cd /Users/darisadam/Documents/Projects/iOS\ Apps/madabank-ios/Madabank/Tuist/.build/tuist-derived/RxSwift
    builtin-copy -exclude .DS_Store -exclude CVS -exclude .svn -exclude .git -exclude .hg -resolve-src-symlinks -rename /Users/darisadam/Library/Developer/Xcode/DerivedData/Madabank-hkohthnbjtgnoechirsoymtykttx/Build/Intermediates.noindex/RxSwift.build/Debug-iphonesimulator/RxSwift.build/Objects-normal/arm64/RxSwift.abi.json /Users/darisadam/Library/Developer/Xcode/DerivedData/Madabank-hkohthnbjtgnoechirsoymtykttx/Build/Products/Debug-iphonesimulator/RxSwift.framework/Modules/RxSwift.swiftmodule/arm64-apple-ios-simulator.abi.json

SwiftDriver RxRelay normal arm64 com.apple.xcode.tools.swift.compiler (in target 'RxRelay' from project 'RxSwift')
    cd /Users/darisadam/Documents/Projects/iOS\ Apps/madabank-ios/Madabank/Tuist/.build/tuist-derived/RxSwift
    builtin-SwiftDriver -- /Applications/Xcode.app/Contents/Developer/Toolchains/XcodeDefault.xctoolchain/usr/bin/swiftc -module-name RxRelay -Onone -enforce-exclusivity\=checked @/Users/darisadam/Library/Developer/Xcode/DerivedData/Madabank-hkohthnbjtgnoechirsoymtykttx/Build/Intermediates.noindex/RxSwift.build/Debug-iphonesimulator/RxRelay.build/Objects-normal/arm64/RxRelay.SwiftFileList -DSWIFT_PACKAGE -DDEBUG -package-name RxSwift -enable-bare-slash-regex -enable-experimental-feature DebugDescriptionMacro -sdk /Applications/Xcode.app/Contents/Developer/Platforms/iPhoneSimulator.platform/Developer/SDKs/iPhoneSimulator26.1.sdk -target arm64-apple-ios12.0-simulator -g -module-cache-path /Users/darisadam/Library/Developer/Xcode/DerivedData/ModuleCache.noindex -Xfrontend -serialize-debugging-options -enable-testing -suppress-warnings -index-store-path /Users/darisadam/Library/Developer/Xcode/DerivedData/Madabank-hkohthnbjtgnoechirsoymtykttx/Index.noindex/DataStore -Xcc -D_LIBCPP_HARDENING_MODE\=_LIBCPP_HARDENING_MODE_DEBUG -swift-version 5 -I /Users/darisadam/Library/Developer/Xcode/DerivedData/Madabank-hkohthnbjtgnoechirsoymtykttx/Build/Products/Debug-iphonesimulator -F /Users/darisadam/Library/Developer/Xcode/DerivedData/Madabank-hkohthnbjtgnoechirsoymtykttx/Build/Products/Debug-iphonesimulator -F /Applications/Xcode.app/Contents/Developer/Platforms/iPhoneSimulator.platform/Developer/Library/Frameworks -c -j8 -enable-batch-mode -incremental -Xcc -ivfsstatcache -Xcc /Users/darisadam/Library/Developer/Xcode/DerivedData/SDKStatCaches.noindex/iphonesimulator26.1-23B77-3885c01c3e6b6a337905948deab2002e90cf18a4295e390e64c810bc6bd7acbc.sdkstatcache -output-file-map /Users/darisadam/Library/Developer/Xcode/DerivedData/Madabank-hkohthnbjtgnoechirsoymtykttx/Build/Intermediates.noindex/RxSwift.build/Debug-iphonesimulator/RxRelay.build/Objects-normal/arm64/RxRelay-OutputFileMap.json -use-frontend-parseable-output -save-temps -no-color-diagnostics -explicit-module-build -module-cache-path /Users/darisadam/Library/Developer/Xcode/DerivedData/Madabank-hkohthnbjtgnoechirsoymtykttx/Build/Intermediates.noindex/SwiftExplicitPrecompiledModules -clang-scanner-module-cache-path /Users/darisadam/Library/Developer/Xcode/DerivedData/ModuleCache.noindex -sdk-module-cache-path /Users/darisadam/Library/Developer/Xcode/DerivedData/ModuleCache.noindex -serialize-diagnostics -emit-dependencies -emit-module -emit-module-path /Users/darisadam/Library/Developer/Xcode/DerivedData/Madabank-hkohthnbjtgnoechirsoymtykttx/Build/Intermediates.noindex/RxSwift.build/Debug-iphonesimulator/RxRelay.build/Objects-normal/arm64/RxRelay.swiftmodule -validate-clang-modules-once -clang-build-session-file /Users/darisadam/Library/Developer/Xcode/DerivedData/ModuleCache.noindex/Session.modulevalidation -Xcc -I/Users/darisadam/Library/Developer/Xcode/DerivedData/Madabank-hkohthnbjtgnoechirsoymtykttx/Build/Intermediates.noindex/RxSwift.build/Debug-iphonesimulator/RxRelay.build/swift-overrides.hmap -emit-const-values -Xfrontend -const-gather-protocols-file -Xfrontend /Users/darisadam/Library/Developer/Xcode/DerivedData/Madabank-hkohthnbjtgnoechirsoymtykttx/Build/Intermediates.noindex/RxSwift.build/Debug-iphonesimulator/RxRelay.build/Objects-normal/arm64/RxRelay_const_extract_protocols.json -Xcc -I/Users/darisadam/Library/Developer/Xcode/DerivedData/Madabank-hkohthnbjtgnoechirsoymtykttx/Build/Products/Debug-iphonesimulator/include -Xcc -I/Users/darisadam/Library/Developer/Xcode/DerivedData/Madabank-hkohthnbjtgnoechirsoymtykttx/Build/Intermediates.noindex/RxSwift.build/Debug-iphonesimulator/RxRelay.build/DerivedSources-normal/arm64 -Xcc -I/Users/darisadam/Library/Developer/Xcode/DerivedData/Madabank-hkohthnbjtgnoechirsoymtykttx/Build/Intermediates.noindex/RxSwift.build/Debug-iphonesimulator/RxRelay.build/DerivedSources/arm64 -Xcc -I/Users/darisadam/Library/Developer/Xcode/DerivedData/Madabank-hkohthnbjtgnoechirsoymtykttx/Build/Intermediates.noindex/RxSwift.build/Debug-iphonesimulator/RxRelay.build/DerivedSources -Xcc -DDEBUG\=1 -Xcc -DSWIFT_PACKAGE\=1 -emit-objc-header -emit-objc-header-path /Users/darisadam/Library/Developer/Xcode/DerivedData/Madabank-hkohthnbjtgnoechirsoymtykttx/Build/Intermediates.noindex/RxSwift.build/Debug-iphonesimulator/RxRelay.build/Objects-normal/arm64/RxRelay-Swift.h -working-directory /Users/darisadam/Documents/Projects/iOS\ Apps/madabank-ios/Madabank/Tuist/.build/tuist-derived/RxSwift -experimental-emit-module-separately -disable-cmo

ScanDependencies /Users/darisadam/Library/Developer/Xcode/DerivedData/Madabank-hkohthnbjtgnoechirsoymtykttx/Build/Intermediates.noindex/RxSwift.build/Debug-iphonesimulator/RxCocoaRuntime.build/Objects-normal/arm64/_RXKVOObserver.o /Users/darisadam/Documents/Projects/iOS\ Apps/madabank-ios/Madabank/Tuist/.build/checkouts/RxSwift/Sources/RxCocoaRuntime/_RXKVOObserver.m normal arm64 objective-c com.apple.compilers.llvm.clang.1_0.compiler (in target 'RxCocoaRuntime' from project 'RxSwift')
    cd /Users/darisadam/Documents/Projects/iOS\ Apps/madabank-ios/Madabank/Tuist/.build/tuist-derived/RxSwift
    
    Using response file: /Users/darisadam/Library/Developer/Xcode/DerivedData/Madabank-hkohthnbjtgnoechirsoymtykttx/Build/Intermediates.noindex/RxSwift.build/Debug-iphonesimulator/RxCocoaRuntime.build/Objects-normal/arm64/e6072d4f65d7061329687fe24e3d63a7-common-args.resp
    
    builtin-ScanDependencies -o /Users/darisadam/Library/Developer/Xcode/DerivedData/Madabank-hkohthnbjtgnoechirsoymtykttx/Build/Intermediates.noindex/RxSwift.build/Debug-iphonesimulator/RxCocoaRuntime.build/Objects-normal/arm64/_RXKVOObserver.o.scan -- /Applications/Xcode.app/Contents/Developer/Toolchains/XcodeDefault.xctoolchain/usr/bin/clang -x objective-c -ivfsstatcache /Users/darisadam/Library/Developer/Xcode/DerivedData/SDKStatCaches.noindex/iphonesimulator26.1-23B77-3885c01c3e6b6a337905948deab2002e90cf18a4295e390e64c810bc6bd7acbc.sdkstatcache -fmessage-length\=0 -fdiagnostics-show-note-include-stack -fmacro-backtrace-limit\=0 -fno-color-diagnostics -fmodules-prune-interval\=86400 -fmodules-prune-after\=345600 -fbuild-session-file\=/Users/darisadam/Library/Developer/Xcode/DerivedData/ModuleCache.noindex/Session.modulevalidation -fmodules-validate-once-per-build-session -Wnon-modular-include-in-framework-module -Werror\=non-modular-include-in-framework-module -Wno-trigraphs -Wno-missing-field-initializers -Wno-missing-prototypes -Werror\=return-type -Wdocumentation -Wunreachable-code -Wno-implicit-atomic-properties -Werror\=deprecated-objc-isa-usage -Wno-objc-interface-ivars -Werror\=objc-root-class -Wno-arc-repeated-use-of-weak -Wimplicit-retain-self -Wduplicate-method-match -Wno-missing-braces -Wparentheses -Wswitch -Wunused-function -Wno-unused-label -Wno-unused-parameter -Wunused-variable -Wunused-value -Wempty-body -Wuninitialized -Wconditional-uninitialized -Wno-unknown-pragmas -w -Wno-shadow -Wno-four-char-constants -Wno-conversion -Wconstant-conversion -Wint-conversion -Wbool-conversion -Wenum-conversion -Wno-float-conversion -Wnon-literal-null-conversion -Wobjc-literal-conversion -Wshorten-64-to-32 -Wpointer-sign -Wno-newline-eof -Wno-selector -Wno-strict-selector-match -Wundeclared-selector -Wdeprecated-implementations -Wno-implicit-fallthrough -fstrict-aliasing -Wprotocol -Wdeprecated-declarations -Wno-sign-conversion -Winfinite-recursion -Wcomma -Wblock-capture-autoreleasing -Wstrict-prototypes -Wno-semicolon-before-method-body -Wunguarded-availability -index-store-path /Users/darisadam/Library/Developer/Xcode/DerivedData/Madabank-hkohthnbjtgnoechirsoymtykttx/Index.noindex/DataStore @/Users/darisadam/Library/Developer/Xcode/DerivedData/Madabank-hkohthnbjtgnoechirsoymtykttx/Build/Intermediates.noindex/RxSwift.build/Debug-iphonesimulator/RxCocoaRuntime.build/Objects-normal/arm64/e6072d4f65d7061329687fe24e3d63a7-common-args.resp -MMD -MT dependencies -MF /Users/darisadam/Library/Developer/Xcode/DerivedData/Madabank-hkohthnbjtgnoechirsoymtykttx/Build/Intermediates.noindex/RxSwift.build/Debug-iphonesimulator/RxCocoaRuntime.build/Objects-normal/arm64/_RXKVOObserver.d --serialize-diagnostics /Users/darisadam/Library/Developer/Xcode/DerivedData/Madabank-hkohthnbjtgnoechirsoymtykttx/Build/Intermediates.noindex/RxSwift.build/Debug-iphonesimulator/RxCocoaRuntime.build/Objects-normal/arm64/_RXKVOObserver.dia -c /Users/darisadam/Documents/Projects/iOS\ Apps/madabank-ios/Madabank/Tuist/.build/checkouts/RxSwift/Sources/RxCocoaRuntime/_RXKVOObserver.m -o /Users/darisadam/Library/Developer/Xcode/DerivedData/Madabank-hkohthnbjtgnoechirsoymtykttx/Build/Intermediates.noindex/RxSwift.build/Debug-iphonesimulator/RxCocoaRuntime.build/Objects-normal/arm64/_RXKVOObserver.o -index-unit-output-path /RxSwift.build/Debug-iphonesimulator/RxCocoaRuntime.build/Objects-normal/arm64/_RXKVOObserver.o

ScanDependencies /Users/darisadam/Library/Developer/Xcode/DerivedData/Madabank-hkohthnbjtgnoechirsoymtykttx/Build/Intermediates.noindex/RxSwift.build/Debug-iphonesimulator/RxCocoaRuntime.build/Objects-normal/arm64/_RXObjCRuntime.o /Users/darisadam/Documents/Projects/iOS\ Apps/madabank-ios/Madabank/Tuist/.build/checkouts/RxSwift/Sources/RxCocoaRuntime/_RXObjCRuntime.m normal arm64 objective-c com.apple.compilers.llvm.clang.1_0.compiler (in target 'RxCocoaRuntime' from project 'RxSwift')
    cd /Users/darisadam/Documents/Projects/iOS\ Apps/madabank-ios/Madabank/Tuist/.build/tuist-derived/RxSwift
    
    Using response file: /Users/darisadam/Library/Developer/Xcode/DerivedData/Madabank-hkohthnbjtgnoechirsoymtykttx/Build/Intermediates.noindex/RxSwift.build/Debug-iphonesimulator/RxCocoaRuntime.build/Objects-normal/arm64/e6072d4f65d7061329687fe24e3d63a7-common-args.resp
    
    builtin-ScanDependencies -o /Users/darisadam/Library/Developer/Xcode/DerivedData/Madabank-hkohthnbjtgnoechirsoymtykttx/Build/Intermediates.noindex/RxSwift.build/Debug-iphonesimulator/RxCocoaRuntime.build/Objects-normal/arm64/_RXObjCRuntime.o.scan -- /Applications/Xcode.app/Contents/Developer/Toolchains/XcodeDefault.xctoolchain/usr/bin/clang -x objective-c -ivfsstatcache /Users/darisadam/Library/Developer/Xcode/DerivedData/SDKStatCaches.noindex/iphonesimulator26.1-23B77-3885c01c3e6b6a337905948deab2002e90cf18a4295e390e64c810bc6bd7acbc.sdkstatcache -fmessage-length\=0 -fdiagnostics-show-note-include-stack -fmacro-backtrace-limit\=0 -fno-color-diagnostics -fmodules-prune-interval\=86400 -fmodules-prune-after\=345600 -fbuild-session-file\=/Users/darisadam/Library/Developer/Xcode/DerivedData/ModuleCache.noindex/Session.modulevalidation -fmodules-validate-once-per-build-session -Wnon-modular-include-in-framework-module -Werror\=non-modular-include-in-framework-module -Wno-trigraphs -Wno-missing-field-initializers -Wno-missing-prototypes -Werror\=return-type -Wdocumentation -Wunreachable-code -Wno-implicit-atomic-properties -Werror\=deprecated-objc-isa-usage -Wno-objc-interface-ivars -Werror\=objc-root-class -Wno-arc-repeated-use-of-weak -Wimplicit-retain-self -Wduplicate-method-match -Wno-missing-braces -Wparentheses -Wswitch -Wunused-function -Wno-unused-label -Wno-unused-parameter -Wunused-variable -Wunused-value -Wempty-body -Wuninitialized -Wconditional-uninitialized -Wno-unknown-pragmas -w -Wno-shadow -Wno-four-char-constants -Wno-conversion -Wconstant-conversion -Wint-conversion -Wbool-conversion -Wenum-conversion -Wno-float-conversion -Wnon-literal-null-conversion -Wobjc-literal-conversion -Wshorten-64-to-32 -Wpointer-sign -Wno-newline-eof -Wno-selector -Wno-strict-selector-match -Wundeclared-selector -Wdeprecated-implementations -Wno-implicit-fallthrough -fstrict-aliasing -Wprotocol -Wdeprecated-declarations -Wno-sign-conversion -Winfinite-recursion -Wcomma -Wblock-capture-autoreleasing -Wstrict-prototypes -Wno-semicolon-before-method-body -Wunguarded-availability -index-store-path /Users/darisadam/Library/Developer/Xcode/DerivedData/Madabank-hkohthnbjtgnoechirsoymtykttx/Index.noindex/DataStore @/Users/darisadam/Library/Developer/Xcode/DerivedData/Madabank-hkohthnbjtgnoechirsoymtykttx/Build/Intermediates.noindex/RxSwift.build/Debug-iphonesimulator/RxCocoaRuntime.build/Objects-normal/arm64/e6072d4f65d7061329687fe24e3d63a7-common-args.resp -MMD -MT dependencies -MF /Users/darisadam/Library/Developer/Xcode/DerivedData/Madabank-hkohthnbjtgnoechirsoymtykttx/Build/Intermediates.noindex/RxSwift.build/Debug-iphonesimulator/RxCocoaRuntime.build/Objects-normal/arm64/_RXObjCRuntime.d --serialize-diagnostics /Users/darisadam/Library/Developer/Xcode/DerivedData/Madabank-hkohthnbjtgnoechirsoymtykttx/Build/Intermediates.noindex/RxSwift.build/Debug-iphonesimulator/RxCocoaRuntime.build/Objects-normal/arm64/_RXObjCRuntime.dia -c /Users/darisadam/Documents/Projects/iOS\ Apps/madabank-ios/Madabank/Tuist/.build/checkouts/RxSwift/Sources/RxCocoaRuntime/_RXObjCRuntime.m -o /Users/darisadam/Library/Developer/Xcode/DerivedData/Madabank-hkohthnbjtgnoechirsoymtykttx/Build/Intermediates.noindex/RxSwift.build/Debug-iphonesimulator/RxCocoaRuntime.build/Objects-normal/arm64/_RXObjCRuntime.o -index-unit-output-path /RxSwift.build/Debug-iphonesimulator/RxCocoaRuntime.build/Objects-normal/arm64/_RXObjCRuntime.o

ScanDependencies /Users/darisadam/Library/Developer/Xcode/DerivedData/Madabank-hkohthnbjtgnoechirsoymtykttx/Build/Intermediates.noindex/RxSwift.build/Debug-iphonesimulator/RxCocoaRuntime.build/Objects-normal/arm64/_RX.o /Users/darisadam/Documents/Projects/iOS\ Apps/madabank-ios/Madabank/Tuist/.build/checkouts/RxSwift/Sources/RxCocoaRuntime/_RX.m normal arm64 objective-c com.apple.compilers.llvm.clang.1_0.compiler (in target 'RxCocoaRuntime' from project 'RxSwift')
    cd /Users/darisadam/Documents/Projects/iOS\ Apps/madabank-ios/Madabank/Tuist/.build/tuist-derived/RxSwift
    
    Using response file: /Users/darisadam/Library/Developer/Xcode/DerivedData/Madabank-hkohthnbjtgnoechirsoymtykttx/Build/Intermediates.noindex/RxSwift.build/Debug-iphonesimulator/RxCocoaRuntime.build/Objects-normal/arm64/e6072d4f65d7061329687fe24e3d63a7-common-args.resp
    
    builtin-ScanDependencies -o /Users/darisadam/Library/Developer/Xcode/DerivedData/Madabank-hkohthnbjtgnoechirsoymtykttx/Build/Intermediates.noindex/RxSwift.build/Debug-iphonesimulator/RxCocoaRuntime.build/Objects-normal/arm64/_RX.o.scan -- /Applications/Xcode.app/Contents/Developer/Toolchains/XcodeDefault.xctoolchain/usr/bin/clang -x objective-c -ivfsstatcache /Users/darisadam/Library/Developer/Xcode/DerivedData/SDKStatCaches.noindex/iphonesimulator26.1-23B77-3885c01c3e6b6a337905948deab2002e90cf18a4295e390e64c810bc6bd7acbc.sdkstatcache -fmessage-length\=0 -fdiagnostics-show-note-include-stack -fmacro-backtrace-limit\=0 -fno-color-diagnostics -fmodules-prune-interval\=86400 -fmodules-prune-after\=345600 -fbuild-session-file\=/Users/darisadam/Library/Developer/Xcode/DerivedData/ModuleCache.noindex/Session.modulevalidation -fmodules-validate-once-per-build-session -Wnon-modular-include-in-framework-module -Werror\=non-modular-include-in-framework-module -Wno-trigraphs -Wno-missing-field-initializers -Wno-missing-prototypes -Werror\=return-type -Wdocumentation -Wunreachable-code -Wno-implicit-atomic-properties -Werror\=deprecated-objc-isa-usage -Wno-objc-interface-ivars -Werror\=objc-root-class -Wno-arc-repeated-use-of-weak -Wimplicit-retain-self -Wduplicate-method-match -Wno-missing-braces -Wparentheses -Wswitch -Wunused-function -Wno-unused-label -Wno-unused-parameter -Wunused-variable -Wunused-value -Wempty-body -Wuninitialized -Wconditional-uninitialized -Wno-unknown-pragmas -w -Wno-shadow -Wno-four-char-constants -Wno-conversion -Wconstant-conversion -Wint-conversion -Wbool-conversion -Wenum-conversion -Wno-float-conversion -Wnon-literal-null-conversion -Wobjc-literal-conversion -Wshorten-64-to-32 -Wpointer-sign -Wno-newline-eof -Wno-selector -Wno-strict-selector-match -Wundeclared-selector -Wdeprecated-implementations -Wno-implicit-fallthrough -fstrict-aliasing -Wprotocol -Wdeprecated-declarations -Wno-sign-conversion -Winfinite-recursion -Wcomma -Wblock-capture-autoreleasing -Wstrict-prototypes -Wno-semicolon-before-method-body -Wunguarded-availability -index-store-path /Users/darisadam/Library/Developer/Xcode/DerivedData/Madabank-hkohthnbjtgnoechirsoymtykttx/Index.noindex/DataStore @/Users/darisadam/Library/Developer/Xcode/DerivedData/Madabank-hkohthnbjtgnoechirsoymtykttx/Build/Intermediates.noindex/RxSwift.build/Debug-iphonesimulator/RxCocoaRuntime.build/Objects-normal/arm64/e6072d4f65d7061329687fe24e3d63a7-common-args.resp -MMD -MT dependencies -MF /Users/darisadam/Library/Developer/Xcode/DerivedData/Madabank-hkohthnbjtgnoechirsoymtykttx/Build/Intermediates.noindex/RxSwift.build/Debug-iphonesimulator/RxCocoaRuntime.build/Objects-normal/arm64/_RX.d --serialize-diagnostics /Users/darisadam/Library/Developer/Xcode/DerivedData/Madabank-hkohthnbjtgnoechirsoymtykttx/Build/Intermediates.noindex/RxSwift.build/Debug-iphonesimulator/RxCocoaRuntime.build/Objects-normal/arm64/_RX.dia -c /Users/darisadam/Documents/Projects/iOS\ Apps/madabank-ios/Madabank/Tuist/.build/checkouts/RxSwift/Sources/RxCocoaRuntime/_RX.m -o /Users/darisadam/Library/Developer/Xcode/DerivedData/Madabank-hkohthnbjtgnoechirsoymtykttx/Build/Intermediates.noindex/RxSwift.build/Debug-iphonesimulator/RxCocoaRuntime.build/Objects-normal/arm64/_RX.o -index-unit-output-path /RxSwift.build/Debug-iphonesimulator/RxCocoaRuntime.build/Objects-normal/arm64/_RX.o

ScanDependencies /Users/darisadam/Library/Developer/Xcode/DerivedData/Madabank-hkohthnbjtgnoechirsoymtykttx/Build/Intermediates.noindex/RxSwift.build/Debug-iphonesimulator/RxCocoaRuntime.build/Objects-normal/arm64/_RXDelegateProxy.o /Users/darisadam/Documents/Projects/iOS\ Apps/madabank-ios/Madabank/Tuist/.build/checkouts/RxSwift/Sources/RxCocoaRuntime/_RXDelegateProxy.m normal arm64 objective-c com.apple.compilers.llvm.clang.1_0.compiler (in target 'RxCocoaRuntime' from project 'RxSwift')
    cd /Users/darisadam/Documents/Projects/iOS\ Apps/madabank-ios/Madabank/Tuist/.build/tuist-derived/RxSwift
    
    Using response file: /Users/darisadam/Library/Developer/Xcode/DerivedData/Madabank-hkohthnbjtgnoechirsoymtykttx/Build/Intermediates.noindex/RxSwift.build/Debug-iphonesimulator/RxCocoaRuntime.build/Objects-normal/arm64/e6072d4f65d7061329687fe24e3d63a7-common-args.resp
    
    builtin-ScanDependencies -o /Users/darisadam/Library/Developer/Xcode/DerivedData/Madabank-hkohthnbjtgnoechirsoymtykttx/Build/Intermediates.noindex/RxSwift.build/Debug-iphonesimulator/RxCocoaRuntime.build/Objects-normal/arm64/_RXDelegateProxy.o.scan -- /Applications/Xcode.app/Contents/Developer/Toolchains/XcodeDefault.xctoolchain/usr/bin/clang -x objective-c -ivfsstatcache /Users/darisadam/Library/Developer/Xcode/DerivedData/SDKStatCaches.noindex/iphonesimulator26.1-23B77-3885c01c3e6b6a337905948deab2002e90cf18a4295e390e64c810bc6bd7acbc.sdkstatcache -fmessage-length\=0 -fdiagnostics-show-note-include-stack -fmacro-backtrace-limit\=0 -fno-color-diagnostics -fmodules-prune-interval\=86400 -fmodules-prune-after\=345600 -fbuild-session-file\=/Users/darisadam/Library/Developer/Xcode/DerivedData/ModuleCache.noindex/Session.modulevalidation -fmodules-validate-once-per-build-session -Wnon-modular-include-in-framework-module -Werror\=non-modular-include-in-framework-module -Wno-trigraphs -Wno-missing-field-initializers -Wno-missing-prototypes -Werror\=return-type -Wdocumentation -Wunreachable-code -Wno-implicit-atomic-properties -Werror\=deprecated-objc-isa-usage -Wno-objc-interface-ivars -Werror\=objc-root-class -Wno-arc-repeated-use-of-weak -Wimplicit-retain-self -Wduplicate-method-match -Wno-missing-braces -Wparentheses -Wswitch -Wunused-function -Wno-unused-label -Wno-unused-parameter -Wunused-variable -Wunused-value -Wempty-body -Wuninitialized -Wconditional-uninitialized -Wno-unknown-pragmas -w -Wno-shadow -Wno-four-char-constants -Wno-conversion -Wconstant-conversion -Wint-conversion -Wbool-conversion -Wenum-conversion -Wno-float-conversion -Wnon-literal-null-conversion -Wobjc-literal-conversion -Wshorten-64-to-32 -Wpointer-sign -Wno-newline-eof -Wno-selector -Wno-strict-selector-match -Wundeclared-selector -Wdeprecated-implementations -Wno-implicit-fallthrough -fstrict-aliasing -Wprotocol -Wdeprecated-declarations -Wno-sign-conversion -Winfinite-recursion -Wcomma -Wblock-capture-autoreleasing -Wstrict-prototypes -Wno-semicolon-before-method-body -Wunguarded-availability -index-store-path /Users/darisadam/Library/Developer/Xcode/DerivedData/Madabank-hkohthnbjtgnoechirsoymtykttx/Index.noindex/DataStore @/Users/darisadam/Library/Developer/Xcode/DerivedData/Madabank-hkohthnbjtgnoechirsoymtykttx/Build/Intermediates.noindex/RxSwift.build/Debug-iphonesimulator/RxCocoaRuntime.build/Objects-normal/arm64/e6072d4f65d7061329687fe24e3d63a7-common-args.resp -MMD -MT dependencies -MF /Users/darisadam/Library/Developer/Xcode/DerivedData/Madabank-hkohthnbjtgnoechirsoymtykttx/Build/Intermediates.noindex/RxSwift.build/Debug-iphonesimulator/RxCocoaRuntime.build/Objects-normal/arm64/_RXDelegateProxy.d --serialize-diagnostics /Users/darisadam/Library/Developer/Xcode/DerivedData/Madabank-hkohthnbjtgnoechirsoymtykttx/Build/Intermediates.noindex/RxSwift.build/Debug-iphonesimulator/RxCocoaRuntime.build/Objects-normal/arm64/_RXDelegateProxy.dia -c /Users/darisadam/Documents/Projects/iOS\ Apps/madabank-ios/Madabank/Tuist/.build/checkouts/RxSwift/Sources/RxCocoaRuntime/_RXDelegateProxy.m -o /Users/darisadam/Library/Developer/Xcode/DerivedData/Madabank-hkohthnbjtgnoechirsoymtykttx/Build/Intermediates.noindex/RxSwift.build/Debug-iphonesimulator/RxCocoaRuntime.build/Objects-normal/arm64/_RXDelegateProxy.o -index-unit-output-path /RxSwift.build/Debug-iphonesimulator/RxCocoaRuntime.build/Objects-normal/arm64/_RXDelegateProxy.o

ScanDependencies /Users/darisadam/Library/Developer/Xcode/DerivedData/Madabank-hkohthnbjtgnoechirsoymtykttx/Build/Intermediates.noindex/RxSwift.build/Debug-iphonesimulator/RxCocoaRuntime.build/Objects-normal/arm64/RxCocoaRuntime_vers.o /Users/darisadam/Library/Developer/Xcode/DerivedData/Madabank-hkohthnbjtgnoechirsoymtykttx/Build/Intermediates.noindex/RxSwift.build/Debug-iphonesimulator/RxCocoaRuntime.build/DerivedSources/RxCocoaRuntime_vers.c normal arm64 c com.apple.compilers.llvm.clang.1_0.compiler (in target 'RxCocoaRuntime' from project 'RxSwift')
    cd /Users/darisadam/Documents/Projects/iOS\ Apps/madabank-ios/Madabank/Tuist/.build/tuist-derived/RxSwift
    
    Using response file: /Users/darisadam/Library/Developer/Xcode/DerivedData/Madabank-hkohthnbjtgnoechirsoymtykttx/Build/Intermediates.noindex/RxSwift.build/Debug-iphonesimulator/RxCocoaRuntime.build/Objects-normal/arm64/7187679823f38a2a940e0043cdf9d637-common-args.resp
    
    builtin-ScanDependencies -o /Users/darisadam/Library/Developer/Xcode/DerivedData/Madabank-hkohthnbjtgnoechirsoymtykttx/Build/Intermediates.noindex/RxSwift.build/Debug-iphonesimulator/RxCocoaRuntime.build/Objects-normal/arm64/RxCocoaRuntime_vers.o.scan -- /Applications/Xcode.app/Contents/Developer/Toolchains/XcodeDefault.xctoolchain/usr/bin/clang -x c -ivfsstatcache /Users/darisadam/Library/Developer/Xcode/DerivedData/SDKStatCaches.noindex/iphonesimulator26.1-23B77-3885c01c3e6b6a337905948deab2002e90cf18a4295e390e64c810bc6bd7acbc.sdkstatcache -fmessage-length\=0 -fdiagnostics-show-note-include-stack -fmacro-backtrace-limit\=0 -fno-color-diagnostics -fmodules-prune-interval\=86400 -fmodules-prune-after\=345600 -fbuild-session-file\=/Users/darisadam/Library/Developer/Xcode/DerivedData/ModuleCache.noindex/Session.modulevalidation -fmodules-validate-once-per-build-session -Wnon-modular-include-in-framework-module -Werror\=non-modular-include-in-framework-module -Wno-trigraphs -Wno-missing-field-initializers -Wno-missing-prototypes -Werror\=return-type -Wdocumentation -Wunreachable-code -Werror\=deprecated-objc-isa-usage -Werror\=objc-root-class -Wno-missing-braces -Wparentheses -Wswitch -Wunused-function -Wno-unused-label -Wno-unused-parameter -Wunused-variable -Wunused-value -Wempty-body -Wuninitialized -Wconditional-uninitialized -Wno-unknown-pragmas -w -Wno-shadow -Wno-four-char-constants -Wno-conversion -Wconstant-conversion -Wint-conversion -Wbool-conversion -Wenum-conversion -Wno-float-conversion -Wnon-literal-null-conversion -Wobjc-literal-conversion -Wshorten-64-to-32 -Wpointer-sign -Wno-newline-eof -Wno-implicit-fallthrough -fstrict-aliasing -Wdeprecated-declarations -Wno-sign-conversion -Winfinite-recursion -Wcomma -Wblock-capture-autoreleasing -Wstrict-prototypes -Wno-semicolon-before-method-body -Wunguarded-availability -index-store-path /Users/darisadam/Library/Developer/Xcode/DerivedData/Madabank-hkohthnbjtgnoechirsoymtykttx/Index.noindex/DataStore @/Users/darisadam/Library/Developer/Xcode/DerivedData/Madabank-hkohthnbjtgnoechirsoymtykttx/Build/Intermediates.noindex/RxSwift.build/Debug-iphonesimulator/RxCocoaRuntime.build/Objects-normal/arm64/7187679823f38a2a940e0043cdf9d637-common-args.resp -MMD -MT dependencies -MF /Users/darisadam/Library/Developer/Xcode/DerivedData/Madabank-hkohthnbjtgnoechirsoymtykttx/Build/Intermediates.noindex/RxSwift.build/Debug-iphonesimulator/RxCocoaRuntime.build/Objects-normal/arm64/RxCocoaRuntime_vers.d --serialize-diagnostics /Users/darisadam/Library/Developer/Xcode/DerivedData/Madabank-hkohthnbjtgnoechirsoymtykttx/Build/Intermediates.noindex/RxSwift.build/Debug-iphonesimulator/RxCocoaRuntime.build/Objects-normal/arm64/RxCocoaRuntime_vers.dia -c /Users/darisadam/Library/Developer/Xcode/DerivedData/Madabank-hkohthnbjtgnoechirsoymtykttx/Build/Intermediates.noindex/RxSwift.build/Debug-iphonesimulator/RxCocoaRuntime.build/DerivedSources/RxCocoaRuntime_vers.c -o /Users/darisadam/Library/Developer/Xcode/DerivedData/Madabank-hkohthnbjtgnoechirsoymtykttx/Build/Intermediates.noindex/RxSwift.build/Debug-iphonesimulator/RxCocoaRuntime.build/Objects-normal/arm64/RxCocoaRuntime_vers.o -index-unit-output-path /RxSwift.build/Debug-iphonesimulator/RxCocoaRuntime.build/Objects-normal/arm64/RxCocoaRuntime_vers.o

CompileC /Users/darisadam/Library/Developer/Xcode/DerivedData/Madabank-hkohthnbjtgnoechirsoymtykttx/Build/Intermediates.noindex/RxSwift.build/Debug-iphonesimulator/RxCocoaRuntime.build/Objects-normal/arm64/RxCocoaRuntime_vers.o /Users/darisadam/Library/Developer/Xcode/DerivedData/Madabank-hkohthnbjtgnoechirsoymtykttx/Build/Intermediates.noindex/RxSwift.build/Debug-iphonesimulator/RxCocoaRuntime.build/DerivedSources/RxCocoaRuntime_vers.c normal arm64 c com.apple.compilers.llvm.clang.1_0.compiler (in target 'RxCocoaRuntime' from project 'RxSwift')
    cd /Users/darisadam/Documents/Projects/iOS\ Apps/madabank-ios/Madabank/Tuist/.build/tuist-derived/RxSwift
    
    Using response file: /Users/darisadam/Library/Developer/Xcode/DerivedData/Madabank-hkohthnbjtgnoechirsoymtykttx/Build/Intermediates.noindex/RxSwift.build/Debug-iphonesimulator/RxCocoaRuntime.build/Objects-normal/arm64/7187679823f38a2a940e0043cdf9d637-common-args.resp
    
    /Applications/Xcode.app/Contents/Developer/Toolchains/XcodeDefault.xctoolchain/usr/bin/clang -x c -ivfsstatcache /Users/darisadam/Library/Developer/Xcode/DerivedData/SDKStatCaches.noindex/iphonesimulator26.1-23B77-3885c01c3e6b6a337905948deab2002e90cf18a4295e390e64c810bc6bd7acbc.sdkstatcache -fmessage-length\=0 -fdiagnostics-show-note-include-stack -fmacro-backtrace-limit\=0 -fno-color-diagnostics -fmodules-prune-interval\=86400 -fmodules-prune-after\=345600 -fbuild-session-file\=/Users/darisadam/Library/Developer/Xcode/DerivedData/ModuleCache.noindex/Session.modulevalidation -fmodules-validate-once-per-build-session -Wnon-modular-include-in-framework-module -Werror\=non-modular-include-in-framework-module -Wno-trigraphs -Wno-missing-field-initializers -Wno-missing-prototypes -Werror\=return-type -Wdocumentation -Wunreachable-code -Werror\=deprecated-objc-isa-usage -Werror\=objc-root-class -Wno-missing-braces -Wparentheses -Wswitch -Wunused-function -Wno-unused-label -Wno-unused-parameter -Wunused-variable -Wunused-value -Wempty-body -Wuninitialized -Wconditional-uninitialized -Wno-unknown-pragmas -w -Wno-shadow -Wno-four-char-constants -Wno-conversion -Wconstant-conversion -Wint-conversion -Wbool-conversion -Wenum-conversion -Wno-float-conversion -Wnon-literal-null-conversion -Wobjc-literal-conversion -Wshorten-64-to-32 -Wpointer-sign -Wno-newline-eof -Wno-implicit-fallthrough -fstrict-aliasing -Wdeprecated-declarations -Wno-sign-conversion -Winfinite-recursion -Wcomma -Wblock-capture-autoreleasing -Wstrict-prototypes -Wno-semicolon-before-method-body -Wunguarded-availability -index-store-path /Users/darisadam/Library/Developer/Xcode/DerivedData/Madabank-hkohthnbjtgnoechirsoymtykttx/Index.noindex/DataStore @/Users/darisadam/Library/Developer/Xcode/DerivedData/Madabank-hkohthnbjtgnoechirsoymtykttx/Build/Intermediates.noindex/RxSwift.build/Debug-iphonesimulator/RxCocoaRuntime.build/Objects-normal/arm64/7187679823f38a2a940e0043cdf9d637-common-args.resp -MMD -MT dependencies -MF /Users/darisadam/Library/Developer/Xcode/DerivedData/Madabank-hkohthnbjtgnoechirsoymtykttx/Build/Intermediates.noindex/RxSwift.build/Debug-iphonesimulator/RxCocoaRuntime.build/Objects-normal/arm64/RxCocoaRuntime_vers.d --serialize-diagnostics /Users/darisadam/Library/Developer/Xcode/DerivedData/Madabank-hkohthnbjtgnoechirsoymtykttx/Build/Intermediates.noindex/RxSwift.build/Debug-iphonesimulator/RxCocoaRuntime.build/Objects-normal/arm64/RxCocoaRuntime_vers.dia -c /Users/darisadam/Library/Developer/Xcode/DerivedData/Madabank-hkohthnbjtgnoechirsoymtykttx/Build/Intermediates.noindex/RxSwift.build/Debug-iphonesimulator/RxCocoaRuntime.build/DerivedSources/RxCocoaRuntime_vers.c -o /Users/darisadam/Library/Developer/Xcode/DerivedData/Madabank-hkohthnbjtgnoechirsoymtykttx/Build/Intermediates.noindex/RxSwift.build/Debug-iphonesimulator/RxCocoaRuntime.build/Objects-normal/arm64/RxCocoaRuntime_vers.o -index-unit-output-path /RxSwift.build/Debug-iphonesimulator/RxCocoaRuntime.build/Objects-normal/arm64/RxCocoaRuntime_vers.o

PrecompileModule /Users/darisadam/Library/Developer/Xcode/DerivedData/Madabank-hkohthnbjtgnoechirsoymtykttx/Build/Intermediates.noindex/ExplicitPrecompiledModules/_Builtin_stddef-2XL2OL49RZLITNWBJE48OX527.scan
    cd /
    builtin-precompileModule /Users/darisadam/Library/Developer/Xcode/DerivedData/Madabank-hkohthnbjtgnoechirsoymtykttx/Build/Intermediates.noindex/ExplicitPrecompiledModules/_Builtin_stddef-2XL2OL49RZLITNWBJE48OX527.scan

PrecompileModule /Users/darisadam/Library/Developer/Xcode/DerivedData/Madabank-hkohthnbjtgnoechirsoymtykttx/Build/Intermediates.noindex/ExplicitPrecompiledModules/_AvailabilityInternal-9GBSSM6Y9R1W36NQA3DFSIUGM.scan
    cd /
    builtin-precompileModule /Users/darisadam/Library/Developer/Xcode/DerivedData/Madabank-hkohthnbjtgnoechirsoymtykttx/Build/Intermediates.noindex/ExplicitPrecompiledModules/_AvailabilityInternal-9GBSSM6Y9R1W36NQA3DFSIUGM.scan

PrecompileModule /Users/darisadam/Library/Developer/Xcode/DerivedData/Madabank-hkohthnbjtgnoechirsoymtykttx/Build/Intermediates.noindex/ExplicitPrecompiledModules/ptrcheck-21L59BKMJVEWDMIG790FWVZX3.scan
    cd /
    builtin-precompileModule /Users/darisadam/Library/Developer/Xcode/DerivedData/Madabank-hkohthnbjtgnoechirsoymtykttx/Build/Intermediates.noindex/ExplicitPrecompiledModules/ptrcheck-21L59BKMJVEWDMIG790FWVZX3.scan

PrecompileModule /Users/darisadam/Library/Developer/Xcode/DerivedData/Madabank-hkohthnbjtgnoechirsoymtykttx/Build/Intermediates.noindex/ExplicitPrecompiledModules/_Builtin_float-KX7ITE9K15HFFNTKBJ076BGD.scan
    cd /
    builtin-precompileModule /Users/darisadam/Library/Developer/Xcode/DerivedData/Madabank-hkohthnbjtgnoechirsoymtykttx/Build/Intermediates.noindex/ExplicitPrecompiledModules/_Builtin_float-KX7ITE9K15HFFNTKBJ076BGD.scan

PrecompileModule /Users/darisadam/Library/Developer/Xcode/DerivedData/Madabank-hkohthnbjtgnoechirsoymtykttx/Build/Intermediates.noindex/ExplicitPrecompiledModules/ptrauth-E4C2K5TPAAHTKJ94Q978T11FI.scan
    cd /
    builtin-precompileModule /Users/darisadam/Library/Developer/Xcode/DerivedData/Madabank-hkohthnbjtgnoechirsoymtykttx/Build/Intermediates.noindex/ExplicitPrecompiledModules/ptrauth-E4C2K5TPAAHTKJ94Q978T11FI.scan

PrecompileModule /Users/darisadam/Library/Developer/Xcode/DerivedData/Madabank-hkohthnbjtgnoechirsoymtykttx/Build/Intermediates.noindex/ExplicitPrecompiledModules/_Builtin_stdarg-3UELDJARH9Q8J31QKT8YLGAVC.scan
    cd /
    builtin-precompileModule /Users/darisadam/Library/Developer/Xcode/DerivedData/Madabank-hkohthnbjtgnoechirsoymtykttx/Build/Intermediates.noindex/ExplicitPrecompiledModules/_Builtin_stdarg-3UELDJARH9Q8J31QKT8YLGAVC.scan

SwiftDriverJobDiscovery normal arm64 Emitting module for Alamofire (in target 'Alamofire' from project 'Alamofire')

SwiftDriver\ Compilation\ Requirements Alamofire normal arm64 com.apple.xcode.tools.swift.compiler (in target 'Alamofire' from project 'Alamofire')
    cd /Users/darisadam/Documents/Projects/iOS\ Apps/madabank-ios/Madabank/Tuist/.build/tuist-derived/Alamofire
    builtin-Swift-Compilation-Requirements -- /Applications/Xcode.app/Contents/Developer/Toolchains/XcodeDefault.xctoolchain/usr/bin/swiftc -module-name Alamofire -Onone -enforce-exclusivity\=checked @/Users/darisadam/Library/Developer/Xcode/DerivedData/Madabank-hkohthnbjtgnoechirsoymtykttx/Build/Intermediates.noindex/Alamofire.build/Debug-iphonesimulator/Alamofire.build/Objects-normal/arm64/Alamofire.SwiftFileList -DSWIFT_PACKAGE -DDEBUG -package-name Alamofire -enable-upcoming-feature ExistentialAny -enable-bare-slash-regex -enable-experimental-feature DebugDescriptionMacro -sdk /Applications/Xcode.app/Contents/Developer/Platforms/iPhoneSimulator.platform/Developer/SDKs/iPhoneSimulator26.1.sdk -target arm64-apple-ios12.0-simulator -g -module-cache-path /Users/darisadam/Library/Developer/Xcode/DerivedData/ModuleCache.noindex -Xfrontend -serialize-debugging-options -enable-testing -suppress-warnings -index-store-path /Users/darisadam/Library/Developer/Xcode/DerivedData/Madabank-hkohthnbjtgnoechirsoymtykttx/Index.noindex/DataStore -Xcc -D_LIBCPP_HARDENING_MODE\=_LIBCPP_HARDENING_MODE_DEBUG -swift-version 5 -I /Users/darisadam/Library/Developer/Xcode/DerivedData/Madabank-hkohthnbjtgnoechirsoymtykttx/Build/Products/Debug-iphonesimulator -F /Users/darisadam/Library/Developer/Xcode/DerivedData/Madabank-hkohthnbjtgnoechirsoymtykttx/Build/Products/Debug-iphonesimulator -F /Applications/Xcode.app/Contents/Developer/Platforms/iPhoneSimulator.platform/Developer/Library/Frameworks -c -j8 -enable-batch-mode -incremental -Xcc -ivfsstatcache -Xcc /Users/darisadam/Library/Developer/Xcode/DerivedData/SDKStatCaches.noindex/iphonesimulator26.1-23B77-3885c01c3e6b6a337905948deab2002e90cf18a4295e390e64c810bc6bd7acbc.sdkstatcache -output-file-map /Users/darisadam/Library/Developer/Xcode/DerivedData/Madabank-hkohthnbjtgnoechirsoymtykttx/Build/Intermediates.noindex/Alamofire.build/Debug-iphonesimulator/Alamofire.build/Objects-normal/arm64/Alamofire-OutputFileMap.json -use-frontend-parseable-output -save-temps -no-color-diagnostics -explicit-module-build -module-cache-path /Users/darisadam/Library/Developer/Xcode/DerivedData/Madabank-hkohthnbjtgnoechirsoymtykttx/Build/Intermediates.noindex/SwiftExplicitPrecompiledModules -clang-scanner-module-cache-path /Users/darisadam/Library/Developer/Xcode/DerivedData/ModuleCache.noindex -sdk-module-cache-path /Users/darisadam/Library/Developer/Xcode/DerivedData/ModuleCache.noindex -serialize-diagnostics -emit-dependencies -emit-module -emit-module-path /Users/darisadam/Library/Developer/Xcode/DerivedData/Madabank-hkohthnbjtgnoechirsoymtykttx/Build/Intermediates.noindex/Alamofire.build/Debug-iphonesimulator/Alamofire.build/Objects-normal/arm64/Alamofire.swiftmodule -validate-clang-modules-once -clang-build-session-file /Users/darisadam/Library/Developer/Xcode/DerivedData/ModuleCache.noindex/Session.modulevalidation -Xcc -I/Users/darisadam/Library/Developer/Xcode/DerivedData/Madabank-hkohthnbjtgnoechirsoymtykttx/Build/Intermediates.noindex/Alamofire.build/Debug-iphonesimulator/Alamofire.build/swift-overrides.hmap -emit-const-values -Xfrontend -const-gather-protocols-file -Xfrontend /Users/darisadam/Library/Developer/Xcode/DerivedData/Madabank-hkohthnbjtgnoechirsoymtykttx/Build/Intermediates.noindex/Alamofire.build/Debug-iphonesimulator/Alamofire.build/Objects-normal/arm64/Alamofire_const_extract_protocols.json -Xcc -I/Users/darisadam/Library/Developer/Xcode/DerivedData/Madabank-hkohthnbjtgnoechirsoymtykttx/Build/Products/Debug-iphonesimulator/include -Xcc -I/Users/darisadam/Library/Developer/Xcode/DerivedData/Madabank-hkohthnbjtgnoechirsoymtykttx/Build/Intermediates.noindex/Alamofire.build/Debug-iphonesimulator/Alamofire.build/DerivedSources-normal/arm64 -Xcc -I/Users/darisadam/Library/Developer/Xcode/DerivedData/Madabank-hkohthnbjtgnoechirsoymtykttx/Build/Intermediates.noindex/Alamofire.build/Debug-iphonesimulator/Alamofire.build/DerivedSources/arm64 -Xcc -I/Users/darisadam/Library/Developer/Xcode/DerivedData/Madabank-hkohthnbjtgnoechirsoymtykttx/Build/Intermediates.noindex/Alamofire.build/Debug-iphonesimulator/Alamofire.build/DerivedSources -Xcc -DDEBUG\=1 -Xcc -DSWIFT_PACKAGE\=1 -emit-objc-header -emit-objc-header-path /Users/darisadam/Library/Developer/Xcode/DerivedData/Madabank-hkohthnbjtgnoechirsoymtykttx/Build/Intermediates.noindex/Alamofire.build/Debug-iphonesimulator/Alamofire.build/Objects-normal/arm64/Alamofire-Swift.h -working-directory /Users/darisadam/Documents/Projects/iOS\ Apps/madabank-ios/Madabank/Tuist/.build/tuist-derived/Alamofire -experimental-emit-module-separately -disable-cmo

PrecompileModule /Users/darisadam/Library/Developer/Xcode/DerivedData/Madabank-hkohthnbjtgnoechirsoymtykttx/Build/Intermediates.noindex/ExplicitPrecompiledModules/_Builtin_stdbool-BHFW5BL7FMBJ7B4BE3JDZ0H5J.scan
    cd /
    builtin-precompileModule /Users/darisadam/Library/Developer/Xcode/DerivedData/Madabank-hkohthnbjtgnoechirsoymtykttx/Build/Intermediates.noindex/ExplicitPrecompiledModules/_Builtin_stdbool-BHFW5BL7FMBJ7B4BE3JDZ0H5J.scan

ExtractAppIntentsMetadata (in target 'RxSwift' from project 'RxSwift')
    cd /Users/darisadam/Documents/Projects/iOS\ Apps/madabank-ios/Madabank/Tuist/.build/tuist-derived/RxSwift
    /Applications/Xcode.app/Contents/Developer/Toolchains/XcodeDefault.xctoolchain/usr/bin/appintentsmetadataprocessor --toolchain-dir /var/run/com.apple.security.cryptexd/mnt/com.apple.MobileAsset.MetalToolchain-v17.2.54.0.wH8bUi/Metal.xctoolchain --module-name RxSwift --sdk-root /Applications/Xcode.app/Contents/Developer/Platforms/iPhoneSimulator.platform/Developer/SDKs/iPhoneSimulator26.1.sdk --xcode-version 17B100 --platform-family iOS --deployment-target 12.0 --bundle-identifier dev.tuist.RxSwift --output /Users/darisadam/Library/Developer/Xcode/DerivedData/Madabank-hkohthnbjtgnoechirsoymtykttx/Build/Products/Debug-iphonesimulator/RxSwift.framework --target-triple arm64-apple-ios12.0-simulator --binary-file /Users/darisadam/Library/Developer/Xcode/DerivedData/Madabank-hkohthnbjtgnoechirsoymtykttx/Build/Products/Debug-iphonesimulator/RxSwift.framework/RxSwift --dependency-file /Users/darisadam/Library/Developer/Xcode/DerivedData/Madabank-hkohthnbjtgnoechirsoymtykttx/Build/Intermediates.noindex/RxSwift.build/Debug-iphonesimulator/RxSwift.build/Objects-normal/arm64/RxSwift_dependency_info.dat --stringsdata-file /Users/darisadam/Library/Developer/Xcode/DerivedData/Madabank-hkohthnbjtgnoechirsoymtykttx/Build/Intermediates.noindex/RxSwift.build/Debug-iphonesimulator/RxSwift.build/Objects-normal/arm64/ExtractedAppShortcutsMetadata.stringsdata --source-file-list /Users/darisadam/Library/Developer/Xcode/DerivedData/Madabank-hkohthnbjtgnoechirsoymtykttx/Build/Intermediates.noindex/RxSwift.build/Debug-iphonesimulator/RxSwift.build/Objects-normal/arm64/RxSwift.SwiftFileList --metadata-file-list /Users/darisadam/Library/Developer/Xcode/DerivedData/Madabank-hkohthnbjtgnoechirsoymtykttx/Build/Intermediates.noindex/RxSwift.build/Debug-iphonesimulator/RxSwift.build/RxSwift.DependencyMetadataFileList --static-metadata-file-list /Users/darisadam/Library/Developer/Xcode/DerivedData/Madabank-hkohthnbjtgnoechirsoymtykttx/Build/Intermediates.noindex/RxSwift.build/Debug-iphonesimulator/RxSwift.build/RxSwift.DependencyStaticMetadataFileList --swift-const-vals-list /Users/darisadam/Library/Developer/Xcode/DerivedData/Madabank-hkohthnbjtgnoechirsoymtykttx/Build/Intermediates.noindex/RxSwift.build/Debug-iphonesimulator/RxSwift.build/Objects-normal/arm64/RxSwift.SwiftConstValuesFileList --compile-time-extraction --deployment-aware-processing --validate-assistant-intents --no-app-shortcuts-localization
2026-02-04 20:01:39.042 appintentsmetadataprocessor[11546:2539577] Starting appintentsmetadataprocessor export
2026-02-04 20:01:39.044 appintentsmetadataprocessor[11546:2539577] warning: Metadata extraction skipped. No AppIntents.framework dependency found.

Copy /Users/darisadam/Library/Developer/Xcode/DerivedData/Madabank-hkohthnbjtgnoechirsoymtykttx/Build/Products/Debug-iphonesimulator/Alamofire.framework/Modules/Alamofire.swiftmodule/Project/arm64-apple-ios-simulator.swiftsourceinfo /Users/darisadam/Library/Developer/Xcode/DerivedData/Madabank-hkohthnbjtgnoechirsoymtykttx/Build/Intermediates.noindex/Alamofire.build/Debug-iphonesimulator/Alamofire.build/Objects-normal/arm64/Alamofire.swiftsourceinfo (in target 'Alamofire' from project 'Alamofire')
    cd /Users/darisadam/Documents/Projects/iOS\ Apps/madabank-ios/Madabank/Tuist/.build/tuist-derived/Alamofire
    builtin-copy -exclude .DS_Store -exclude CVS -exclude .svn -exclude .git -exclude .hg -resolve-src-symlinks -rename /Users/darisadam/Library/Developer/Xcode/DerivedData/Madabank-hkohthnbjtgnoechirsoymtykttx/Build/Intermediates.noindex/Alamofire.build/Debug-iphonesimulator/Alamofire.build/Objects-normal/arm64/Alamofire.swiftsourceinfo /Users/darisadam/Library/Developer/Xcode/DerivedData/Madabank-hkohthnbjtgnoechirsoymtykttx/Build/Products/Debug-iphonesimulator/Alamofire.framework/Modules/Alamofire.swiftmodule/Project/arm64-apple-ios-simulator.swiftsourceinfo

SwiftDriver\ Compilation Alamofire normal arm64 com.apple.xcode.tools.swift.compiler (in target 'Alamofire' from project 'Alamofire')
    cd /Users/darisadam/Documents/Projects/iOS\ Apps/madabank-ios/Madabank/Tuist/.build/tuist-derived/Alamofire
    builtin-Swift-Compilation -- /Applications/Xcode.app/Contents/Developer/Toolchains/XcodeDefault.xctoolchain/usr/bin/swiftc -module-name Alamofire -Onone -enforce-exclusivity\=checked @/Users/darisadam/Library/Developer/Xcode/DerivedData/Madabank-hkohthnbjtgnoechirsoymtykttx/Build/Intermediates.noindex/Alamofire.build/Debug-iphonesimulator/Alamofire.build/Objects-normal/arm64/Alamofire.SwiftFileList -DSWIFT_PACKAGE -DDEBUG -package-name Alamofire -enable-upcoming-feature ExistentialAny -enable-bare-slash-regex -enable-experimental-feature DebugDescriptionMacro -sdk /Applications/Xcode.app/Contents/Developer/Platforms/iPhoneSimulator.platform/Developer/SDKs/iPhoneSimulator26.1.sdk -target arm64-apple-ios12.0-simulator -g -module-cache-path /Users/darisadam/Library/Developer/Xcode/DerivedData/ModuleCache.noindex -Xfrontend -serialize-debugging-options -enable-testing -suppress-warnings -index-store-path /Users/darisadam/Library/Developer/Xcode/DerivedData/Madabank-hkohthnbjtgnoechirsoymtykttx/Index.noindex/DataStore -Xcc -D_LIBCPP_HARDENING_MODE\=_LIBCPP_HARDENING_MODE_DEBUG -swift-version 5 -I /Users/darisadam/Library/Developer/Xcode/DerivedData/Madabank-hkohthnbjtgnoechirsoymtykttx/Build/Products/Debug-iphonesimulator -F /Users/darisadam/Library/Developer/Xcode/DerivedData/Madabank-hkohthnbjtgnoechirsoymtykttx/Build/Products/Debug-iphonesimulator -F /Applications/Xcode.app/Contents/Developer/Platforms/iPhoneSimulator.platform/Developer/Library/Frameworks -c -j8 -enable-batch-mode -incremental -Xcc -ivfsstatcache -Xcc /Users/darisadam/Library/Developer/Xcode/DerivedData/SDKStatCaches.noindex/iphonesimulator26.1-23B77-3885c01c3e6b6a337905948deab2002e90cf18a4295e390e64c810bc6bd7acbc.sdkstatcache -output-file-map /Users/darisadam/Library/Developer/Xcode/DerivedData/Madabank-hkohthnbjtgnoechirsoymtykttx/Build/Intermediates.noindex/Alamofire.build/Debug-iphonesimulator/Alamofire.build/Objects-normal/arm64/Alamofire-OutputFileMap.json -use-frontend-parseable-output -save-temps -no-color-diagnostics -explicit-module-build -module-cache-path /Users/darisadam/Library/Developer/Xcode/DerivedData/Madabank-hkohthnbjtgnoechirsoymtykttx/Build/Intermediates.noindex/SwiftExplicitPrecompiledModules -clang-scanner-module-cache-path /Users/darisadam/Library/Developer/Xcode/DerivedData/ModuleCache.noindex -sdk-module-cache-path /Users/darisadam/Library/Developer/Xcode/DerivedData/ModuleCache.noindex -serialize-diagnostics -emit-dependencies -emit-module -emit-module-path /Users/darisadam/Library/Developer/Xcode/DerivedData/Madabank-hkohthnbjtgnoechirsoymtykttx/Build/Intermediates.noindex/Alamofire.build/Debug-iphonesimulator/Alamofire.build/Objects-normal/arm64/Alamofire.swiftmodule -validate-clang-modules-once -clang-build-session-file /Users/darisadam/Library/Developer/Xcode/DerivedData/ModuleCache.noindex/Session.modulevalidation -Xcc -I/Users/darisadam/Library/Developer/Xcode/DerivedData/Madabank-hkohthnbjtgnoechirsoymtykttx/Build/Intermediates.noindex/Alamofire.build/Debug-iphonesimulator/Alamofire.build/swift-overrides.hmap -emit-const-values -Xfrontend -const-gather-protocols-file -Xfrontend /Users/darisadam/Library/Developer/Xcode/DerivedData/Madabank-hkohthnbjtgnoechirsoymtykttx/Build/Intermediates.noindex/Alamofire.build/Debug-iphonesimulator/Alamofire.build/Objects-normal/arm64/Alamofire_const_extract_protocols.json -Xcc -I/Users/darisadam/Library/Developer/Xcode/DerivedData/Madabank-hkohthnbjtgnoechirsoymtykttx/Build/Products/Debug-iphonesimulator/include -Xcc -I/Users/darisadam/Library/Developer/Xcode/DerivedData/Madabank-hkohthnbjtgnoechirsoymtykttx/Build/Intermediates.noindex/Alamofire.build/Debug-iphonesimulator/Alamofire.build/DerivedSources-normal/arm64 -Xcc -I/Users/darisadam/Library/Developer/Xcode/DerivedData/Madabank-hkohthnbjtgnoechirsoymtykttx/Build/Intermediates.noindex/Alamofire.build/Debug-iphonesimulator/Alamofire.build/DerivedSources/arm64 -Xcc -I/Users/darisadam/Library/Developer/Xcode/DerivedData/Madabank-hkohthnbjtgnoechirsoymtykttx/Build/Intermediates.noindex/Alamofire.build/Debug-iphonesimulator/Alamofire.build/DerivedSources -Xcc -DDEBUG\=1 -Xcc -DSWIFT_PACKAGE\=1 -emit-objc-header -emit-objc-header-path /Users/darisadam/Library/Developer/Xcode/DerivedData/Madabank-hkohthnbjtgnoechirsoymtykttx/Build/Intermediates.noindex/Alamofire.build/Debug-iphonesimulator/Alamofire.build/Objects-normal/arm64/Alamofire-Swift.h -working-directory /Users/darisadam/Documents/Projects/iOS\ Apps/madabank-ios/Madabank/Tuist/.build/tuist-derived/Alamofire -experimental-emit-module-separately -disable-cmo

PrecompileModule /Users/darisadam/Library/Developer/Xcode/DerivedData/Madabank-hkohthnbjtgnoechirsoymtykttx/Build/Intermediates.noindex/ExplicitPrecompiledModules/_DarwinFoundation1-APCX1NI0WWZZMDJNBPS93CFOV.scan
    cd /
    builtin-precompileModule /Users/darisadam/Library/Developer/Xcode/DerivedData/Madabank-hkohthnbjtgnoechirsoymtykttx/Build/Intermediates.noindex/ExplicitPrecompiledModules/_DarwinFoundation1-APCX1NI0WWZZMDJNBPS93CFOV.scan

Copy /Users/darisadam/Library/Developer/Xcode/DerivedData/Madabank-hkohthnbjtgnoechirsoymtykttx/Build/Products/Debug-iphonesimulator/Alamofire.framework/Modules/Alamofire.swiftmodule/arm64-apple-ios-simulator.abi.json /Users/darisadam/Library/Developer/Xcode/DerivedData/Madabank-hkohthnbjtgnoechirsoymtykttx/Build/Intermediates.noindex/Alamofire.build/Debug-iphonesimulator/Alamofire.build/Objects-normal/arm64/Alamofire.abi.json (in target 'Alamofire' from project 'Alamofire')
    cd /Users/darisadam/Documents/Projects/iOS\ Apps/madabank-ios/Madabank/Tuist/.build/tuist-derived/Alamofire
    builtin-copy -exclude .DS_Store -exclude CVS -exclude .svn -exclude .git -exclude .hg -resolve-src-symlinks -rename /Users/darisadam/Library/Developer/Xcode/DerivedData/Madabank-hkohthnbjtgnoechirsoymtykttx/Build/Intermediates.noindex/Alamofire.build/Debug-iphonesimulator/Alamofire.build/Objects-normal/arm64/Alamofire.abi.json /Users/darisadam/Library/Developer/Xcode/DerivedData/Madabank-hkohthnbjtgnoechirsoymtykttx/Build/Products/Debug-iphonesimulator/Alamofire.framework/Modules/Alamofire.swiftmodule/arm64-apple-ios-simulator.abi.json

SwiftDriver Domain normal arm64 com.apple.xcode.tools.swift.compiler (in target 'Domain' from project 'Domain')
    cd /Users/darisadam/Documents/Projects/iOS\ Apps/madabank-ios/Madabank/Modules/Shared/Domain
    builtin-SwiftDriver -- /Applications/Xcode.app/Contents/Developer/Toolchains/XcodeDefault.xctoolchain/usr/bin/swiftc -module-name Domain -Onone -enforce-exclusivity\=checked @/Users/darisadam/Library/Developer/Xcode/DerivedData/Madabank-hkohthnbjtgnoechirsoymtykttx/Build/Intermediates.noindex/Domain.build/Debug-iphonesimulator/Domain.build/Objects-normal/arm64/Domain.SwiftFileList -DDEBUG -enable-bare-slash-regex -enable-experimental-feature DebugDescriptionMacro -sdk /Applications/Xcode.app/Contents/Developer/Platforms/iPhoneSimulator.platform/Developer/SDKs/iPhoneSimulator26.1.sdk -target arm64-apple-ios15.0-simulator -g -module-cache-path /Users/darisadam/Library/Developer/Xcode/DerivedData/ModuleCache.noindex -Xfrontend -serialize-debugging-options -enable-testing -index-store-path /Users/darisadam/Library/Developer/Xcode/DerivedData/Madabank-hkohthnbjtgnoechirsoymtykttx/Index.noindex/DataStore -Xcc -D_LIBCPP_HARDENING_MODE\=_LIBCPP_HARDENING_MODE_DEBUG -swift-version 5 -I /Users/darisadam/Library/Developer/Xcode/DerivedData/Madabank-hkohthnbjtgnoechirsoymtykttx/Build/Products/Debug-iphonesimulator -F /Users/darisadam/Library/Developer/Xcode/DerivedData/Madabank-hkohthnbjtgnoechirsoymtykttx/Build/Products/Debug-iphonesimulator -c -j8 -enable-batch-mode -incremental -Xcc -ivfsstatcache -Xcc /Users/darisadam/Library/Developer/Xcode/DerivedData/SDKStatCaches.noindex/iphonesimulator26.1-23B77-3885c01c3e6b6a337905948deab2002e90cf18a4295e390e64c810bc6bd7acbc.sdkstatcache -output-file-map /Users/darisadam/Library/Developer/Xcode/DerivedData/Madabank-hkohthnbjtgnoechirsoymtykttx/Build/Intermediates.noindex/Domain.build/Debug-iphonesimulator/Domain.build/Objects-normal/arm64/Domain-OutputFileMap.json -use-frontend-parseable-output -save-temps -no-color-diagnostics -explicit-module-build -module-cache-path /Users/darisadam/Library/Developer/Xcode/DerivedData/Madabank-hkohthnbjtgnoechirsoymtykttx/Build/Intermediates.noindex/SwiftExplicitPrecompiledModules -clang-scanner-module-cache-path /Users/darisadam/Library/Developer/Xcode/DerivedData/ModuleCache.noindex -sdk-module-cache-path /Users/darisadam/Library/Developer/Xcode/DerivedData/ModuleCache.noindex -serialize-diagnostics -emit-dependencies -emit-module -emit-module-path /Users/darisadam/Library/Developer/Xcode/DerivedData/Madabank-hkohthnbjtgnoechirsoymtykttx/Build/Intermediates.noindex/Domain.build/Debug-iphonesimulator/Domain.build/Objects-normal/arm64/Domain.swiftmodule -validate-clang-modules-once -clang-build-session-file /Users/darisadam/Library/Developer/Xcode/DerivedData/ModuleCache.noindex/Session.modulevalidation -Xcc -I/Users/darisadam/Library/Developer/Xcode/DerivedData/Madabank-hkohthnbjtgnoechirsoymtykttx/Build/Intermediates.noindex/Domain.build/Debug-iphonesimulator/Domain.build/swift-overrides.hmap -emit-const-values -Xfrontend -const-gather-protocols-file -Xfrontend /Users/darisadam/Library/Developer/Xcode/DerivedData/Madabank-hkohthnbjtgnoechirsoymtykttx/Build/Intermediates.noindex/Domain.build/Debug-iphonesimulator/Domain.build/Objects-normal/arm64/Domain_const_extract_protocols.json -Xcc -iquote -Xcc /Users/darisadam/Library/Developer/Xcode/DerivedData/Madabank-hkohthnbjtgnoechirsoymtykttx/Build/Intermediates.noindex/Domain.build/Debug-iphonesimulator/Domain.build/Domain-generated-files.hmap -Xcc -I/Users/darisadam/Library/Developer/Xcode/DerivedData/Madabank-hkohthnbjtgnoechirsoymtykttx/Build/Intermediates.noindex/Domain.build/Debug-iphonesimulator/Domain.build/Domain-own-target-headers.hmap -Xcc -I/Users/darisadam/Library/Developer/Xcode/DerivedData/Madabank-hkohthnbjtgnoechirsoymtykttx/Build/Intermediates.noindex/Domain.build/Debug-iphonesimulator/Domain.build/Domain-all-non-framework-target-headers.hmap -Xcc -ivfsoverlay -Xcc /Users/darisadam/Library/Developer/Xcode/DerivedData/Madabank-hkohthnbjtgnoechirsoymtykttx/Build/Intermediates.noindex/Domain.build/Debug-iphonesimulator/Domain-38b95e0e74f454eb1697545f0c9d82bd-VFS-iphonesimulator/all-product-headers.yaml -Xcc -iquote -Xcc /Users/darisadam/Library/Developer/Xcode/DerivedData/Madabank-hkohthnbjtgnoechirsoymtykttx/Build/Intermediates.noindex/Domain.build/Debug-iphonesimulator/Domain.build/Domain-project-headers.hmap -Xcc -I/Users/darisadam/Library/Developer/Xcode/DerivedData/Madabank-hkohthnbjtgnoechirsoymtykttx/Build/Products/Debug-iphonesimulator/include -Xcc -I/Users/darisadam/Library/Developer/Xcode/DerivedData/Madabank-hkohthnbjtgnoechirsoymtykttx/Build/Intermediates.noindex/Domain.build/Debug-iphonesimulator/Domain.build/DerivedSources-normal/arm64 -Xcc -I/Users/darisadam/Library/Developer/Xcode/DerivedData/Madabank-hkohthnbjtgnoechirsoymtykttx/Build/Intermediates.noindex/Domain.build/Debug-iphonesimulator/Domain.build/DerivedSources/arm64 -Xcc -I/Users/darisadam/Library/Developer/Xcode/DerivedData/Madabank-hkohthnbjtgnoechirsoymtykttx/Build/Intermediates.noindex/Domain.build/Debug-iphonesimulator/Domain.build/DerivedSources -Xcc -DDEBUG\=1 -emit-objc-header -emit-objc-header-path /Users/darisadam/Library/Developer/Xcode/DerivedData/Madabank-hkohthnbjtgnoechirsoymtykttx/Build/Intermediates.noindex/Domain.build/Debug-iphonesimulator/Domain.build/Objects-normal/arm64/Domain-Swift.h -working-directory /Users/darisadam/Documents/Projects/iOS\ Apps/madabank-ios/Madabank/Modules/Shared/Domain -experimental-emit-module-separately -disable-cmo

SwiftEmitModule normal arm64 Emitting\ module\ for\ RxRelay (in target 'RxRelay' from project 'RxSwift')

EmitSwiftModule normal arm64 (in target 'RxRelay' from project 'RxSwift')
    cd /Users/darisadam/Documents/Projects/iOS\ Apps/madabank-ios/Madabank/Tuist/.build/tuist-derived/RxSwift
    

SwiftCompile normal arm64 Compiling\ BehaviorRelay.swift /Users/darisadam/Documents/Projects/iOS\ Apps/madabank-ios/Madabank/Tuist/.build/checkouts/RxSwift/Sources/RxRelay/BehaviorRelay.swift (in target 'RxRelay' from project 'RxSwift')

SwiftCompile normal arm64 /Users/darisadam/Documents/Projects/iOS\ Apps/madabank-ios/Madabank/Tuist/.build/checkouts/RxSwift/Sources/RxRelay/BehaviorRelay.swift (in target 'RxRelay' from project 'RxSwift')
    cd /Users/darisadam/Documents/Projects/iOS\ Apps/madabank-ios/Madabank/Tuist/.build/tuist-derived/RxSwift
    

SwiftCompile normal arm64 Compiling\ Observable+Bind.swift /Users/darisadam/Documents/Projects/iOS\ Apps/madabank-ios/Madabank/Tuist/.build/checkouts/RxSwift/Sources/RxRelay/Observable+Bind.swift (in target 'RxRelay' from project 'RxSwift')

SwiftCompile normal arm64 /Users/darisadam/Documents/Projects/iOS\ Apps/madabank-ios/Madabank/Tuist/.build/checkouts/RxSwift/Sources/RxRelay/Observable+Bind.swift (in target 'RxRelay' from project 'RxSwift')
    cd /Users/darisadam/Documents/Projects/iOS\ Apps/madabank-ios/Madabank/Tuist/.build/tuist-derived/RxSwift
    

SwiftCompile normal arm64 Compiling\ PublishRelay.swift /Users/darisadam/Documents/Projects/iOS\ Apps/madabank-ios/Madabank/Tuist/.build/checkouts/RxSwift/Sources/RxRelay/PublishRelay.swift (in target 'RxRelay' from project 'RxSwift')

SwiftCompile normal arm64 /Users/darisadam/Documents/Projects/iOS\ Apps/madabank-ios/Madabank/Tuist/.build/checkouts/RxSwift/Sources/RxRelay/PublishRelay.swift (in target 'RxRelay' from project 'RxSwift')
    cd /Users/darisadam/Documents/Projects/iOS\ Apps/madabank-ios/Madabank/Tuist/.build/tuist-derived/RxSwift
    

SwiftCompile normal arm64 Compiling\ ReplayRelay.swift /Users/darisadam/Documents/Projects/iOS\ Apps/madabank-ios/Madabank/Tuist/.build/checkouts/RxSwift/Sources/RxRelay/ReplayRelay.swift (in target 'RxRelay' from project 'RxSwift')

SwiftCompile normal arm64 /Users/darisadam/Documents/Projects/iOS\ Apps/madabank-ios/Madabank/Tuist/.build/checkouts/RxSwift/Sources/RxRelay/ReplayRelay.swift (in target 'RxRelay' from project 'RxSwift')
    cd /Users/darisadam/Documents/Projects/iOS\ Apps/madabank-ios/Madabank/Tuist/.build/tuist-derived/RxSwift
    

PrecompileModule /Users/darisadam/Library/Developer/Xcode/DerivedData/Madabank-hkohthnbjtgnoechirsoymtykttx/Build/Intermediates.noindex/ExplicitPrecompiledModules/_DarwinFoundation2-2EIRI0YJH48DAI3OAX8JD793T.scan
    cd /
    builtin-precompileModule /Users/darisadam/Library/Developer/Xcode/DerivedData/Madabank-hkohthnbjtgnoechirsoymtykttx/Build/Intermediates.noindex/ExplicitPrecompiledModules/_DarwinFoundation2-2EIRI0YJH48DAI3OAX8JD793T.scan

PrecompileModule /Users/darisadam/Library/Developer/Xcode/DerivedData/Madabank-hkohthnbjtgnoechirsoymtykttx/Build/Intermediates.noindex/ExplicitPrecompiledModules/_Builtin_limits-5A5SMEW74HJZ7FR6PAMI32EV7.scan
    cd /
    builtin-precompileModule /Users/darisadam/Library/Developer/Xcode/DerivedData/Madabank-hkohthnbjtgnoechirsoymtykttx/Build/Intermediates.noindex/ExplicitPrecompiledModules/_Builtin_limits-5A5SMEW74HJZ7FR6PAMI32EV7.scan

SwiftDriverJobDiscovery normal arm64 Emitting module for RxRelay (in target 'RxRelay' from project 'RxSwift')

SwiftDriver\ Compilation\ Requirements RxRelay normal arm64 com.apple.xcode.tools.swift.compiler (in target 'RxRelay' from project 'RxSwift')
    cd /Users/darisadam/Documents/Projects/iOS\ Apps/madabank-ios/Madabank/Tuist/.build/tuist-derived/RxSwift
    builtin-Swift-Compilation-Requirements -- /Applications/Xcode.app/Contents/Developer/Toolchains/XcodeDefault.xctoolchain/usr/bin/swiftc -module-name RxRelay -Onone -enforce-exclusivity\=checked @/Users/darisadam/Library/Developer/Xcode/DerivedData/Madabank-hkohthnbjtgnoechirsoymtykttx/Build/Intermediates.noindex/RxSwift.build/Debug-iphonesimulator/RxRelay.build/Objects-normal/arm64/RxRelay.SwiftFileList -DSWIFT_PACKAGE -DDEBUG -package-name RxSwift -enable-bare-slash-regex -enable-experimental-feature DebugDescriptionMacro -sdk /Applications/Xcode.app/Contents/Developer/Platforms/iPhoneSimulator.platform/Developer/SDKs/iPhoneSimulator26.1.sdk -target arm64-apple-ios12.0-simulator -g -module-cache-path /Users/darisadam/Library/Developer/Xcode/DerivedData/ModuleCache.noindex -Xfrontend -serialize-debugging-options -enable-testing -suppress-warnings -index-store-path /Users/darisadam/Library/Developer/Xcode/DerivedData/Madabank-hkohthnbjtgnoechirsoymtykttx/Index.noindex/DataStore -Xcc -D_LIBCPP_HARDENING_MODE\=_LIBCPP_HARDENING_MODE_DEBUG -swift-version 5 -I /Users/darisadam/Library/Developer/Xcode/DerivedData/Madabank-hkohthnbjtgnoechirsoymtykttx/Build/Products/Debug-iphonesimulator -F /Users/darisadam/Library/Developer/Xcode/DerivedData/Madabank-hkohthnbjtgnoechirsoymtykttx/Build/Products/Debug-iphonesimulator -F /Applications/Xcode.app/Contents/Developer/Platforms/iPhoneSimulator.platform/Developer/Library/Frameworks -c -j8 -enable-batch-mode -incremental -Xcc -ivfsstatcache -Xcc /Users/darisadam/Library/Developer/Xcode/DerivedData/SDKStatCaches.noindex/iphonesimulator26.1-23B77-3885c01c3e6b6a337905948deab2002e90cf18a4295e390e64c810bc6bd7acbc.sdkstatcache -output-file-map /Users/darisadam/Library/Developer/Xcode/DerivedData/Madabank-hkohthnbjtgnoechirsoymtykttx/Build/Intermediates.noindex/RxSwift.build/Debug-iphonesimulator/RxRelay.build/Objects-normal/arm64/RxRelay-OutputFileMap.json -use-frontend-parseable-output -save-temps -no-color-diagnostics -explicit-module-build -module-cache-path /Users/darisadam/Library/Developer/Xcode/DerivedData/Madabank-hkohthnbjtgnoechirsoymtykttx/Build/Intermediates.noindex/SwiftExplicitPrecompiledModules -clang-scanner-module-cache-path /Users/darisadam/Library/Developer/Xcode/DerivedData/ModuleCache.noindex -sdk-module-cache-path /Users/darisadam/Library/Developer/Xcode/DerivedData/ModuleCache.noindex -serialize-diagnostics -emit-dependencies -emit-module -emit-module-path /Users/darisadam/Library/Developer/Xcode/DerivedData/Madabank-hkohthnbjtgnoechirsoymtykttx/Build/Intermediates.noindex/RxSwift.build/Debug-iphonesimulator/RxRelay.build/Objects-normal/arm64/RxRelay.swiftmodule -validate-clang-modules-once -clang-build-session-file /Users/darisadam/Library/Developer/Xcode/DerivedData/ModuleCache.noindex/Session.modulevalidation -Xcc -I/Users/darisadam/Library/Developer/Xcode/DerivedData/Madabank-hkohthnbjtgnoechirsoymtykttx/Build/Intermediates.noindex/RxSwift.build/Debug-iphonesimulator/RxRelay.build/swift-overrides.hmap -emit-const-values -Xfrontend -const-gather-protocols-file -Xfrontend /Users/darisadam/Library/Developer/Xcode/DerivedData/Madabank-hkohthnbjtgnoechirsoymtykttx/Build/Intermediates.noindex/RxSwift.build/Debug-iphonesimulator/RxRelay.build/Objects-normal/arm64/RxRelay_const_extract_protocols.json -Xcc -I/Users/darisadam/Library/Developer/Xcode/DerivedData/Madabank-hkohthnbjtgnoechirsoymtykttx/Build/Products/Debug-iphonesimulator/include -Xcc -I/Users/darisadam/Library/Developer/Xcode/DerivedData/Madabank-hkohthnbjtgnoechirsoymtykttx/Build/Intermediates.noindex/RxSwift.build/Debug-iphonesimulator/RxRelay.build/DerivedSources-normal/arm64 -Xcc -I/Users/darisadam/Library/Developer/Xcode/DerivedData/Madabank-hkohthnbjtgnoechirsoymtykttx/Build/Intermediates.noindex/RxSwift.build/Debug-iphonesimulator/RxRelay.build/DerivedSources/arm64 -Xcc -I/Users/darisadam/Library/Developer/Xcode/DerivedData/Madabank-hkohthnbjtgnoechirsoymtykttx/Build/Intermediates.noindex/RxSwift.build/Debug-iphonesimulator/RxRelay.build/DerivedSources -Xcc -DDEBUG\=1 -Xcc -DSWIFT_PACKAGE\=1 -emit-objc-header -emit-objc-header-path /Users/darisadam/Library/Developer/Xcode/DerivedData/Madabank-hkohthnbjtgnoechirsoymtykttx/Build/Intermediates.noindex/RxSwift.build/Debug-iphonesimulator/RxRelay.build/Objects-normal/arm64/RxRelay-Swift.h -working-directory /Users/darisadam/Documents/Projects/iOS\ Apps/madabank-ios/Madabank/Tuist/.build/tuist-derived/RxSwift -experimental-emit-module-separately -disable-cmo

SwiftCompile normal arm64 Compiling\ TuistBundle+RxRelay.swift /Users/darisadam/Documents/Projects/iOS\ Apps/madabank-ios/Madabank/Tuist/.build/tuist-derived/RxRelay/Sources/TuistBundle+RxRelay.swift (in target 'RxRelay' from project 'RxSwift')

SwiftCompile normal arm64 /Users/darisadam/Documents/Projects/iOS\ Apps/madabank-ios/Madabank/Tuist/.build/tuist-derived/RxRelay/Sources/TuistBundle+RxRelay.swift (in target 'RxRelay' from project 'RxSwift')
    cd /Users/darisadam/Documents/Projects/iOS\ Apps/madabank-ios/Madabank/Tuist/.build/tuist-derived/RxSwift
    

SwiftCompile normal arm64 Compiling\ Utils.swift /Users/darisadam/Documents/Projects/iOS\ Apps/madabank-ios/Madabank/Tuist/.build/checkouts/RxSwift/Sources/RxRelay/Utils.swift (in target 'RxRelay' from project 'RxSwift')

SwiftCompile normal arm64 /Users/darisadam/Documents/Projects/iOS\ Apps/madabank-ios/Madabank/Tuist/.build/checkouts/RxSwift/Sources/RxRelay/Utils.swift (in target 'RxRelay' from project 'RxSwift')
    cd /Users/darisadam/Documents/Projects/iOS\ Apps/madabank-ios/Madabank/Tuist/.build/tuist-derived/RxSwift
    

SwiftDriverJobDiscovery normal arm64 Compiling PublishRelay.swift (in target 'RxRelay' from project 'RxSwift')

SwiftDriverJobDiscovery normal arm64 Compiling BehaviorRelay.swift (in target 'RxRelay' from project 'RxSwift')

PrecompileModule /Users/darisadam/Library/Developer/Xcode/DerivedData/Madabank-hkohthnbjtgnoechirsoymtykttx/Build/Intermediates.noindex/ExplicitPrecompiledModules/_Builtin_stdint-24FPQUB0WJA8EIX2KR5NUTE32.scan
    cd /
    builtin-precompileModule /Users/darisadam/Library/Developer/Xcode/DerivedData/Madabank-hkohthnbjtgnoechirsoymtykttx/Build/Intermediates.noindex/ExplicitPrecompiledModules/_Builtin_stdint-24FPQUB0WJA8EIX2KR5NUTE32.scan

CodeSign /Users/darisadam/Library/Developer/Xcode/DerivedData/Madabank-hkohthnbjtgnoechirsoymtykttx/Build/Products/Debug-iphonesimulator/RxSwift.framework (in target 'RxSwift' from project 'RxSwift')
    cd /Users/darisadam/Documents/Projects/iOS\ Apps/madabank-ios/Madabank/Tuist/.build/tuist-derived/RxSwift
    
    Signing Identity:     "Sign to Run Locally"
    
    /usr/bin/codesign --force --sign - --timestamp\=none --generate-entitlement-der /Users/darisadam/Library/Developer/Xcode/DerivedData/Madabank-hkohthnbjtgnoechirsoymtykttx/Build/Products/Debug-iphonesimulator/RxSwift.framework
/Users/darisadam/Library/Developer/Xcode/DerivedData/Madabank-hkohthnbjtgnoechirsoymtykttx/Build/Products/Debug-iphonesimulator/RxSwift.framework: replacing existing signature

SwiftMergeGeneratedHeaders /Users/darisadam/Library/Developer/Xcode/DerivedData/Madabank-hkohthnbjtgnoechirsoymtykttx/Build/Products/Debug-iphonesimulator/RxRelay.framework/Headers/RxRelay-Swift.h /Users/darisadam/Library/Developer/Xcode/DerivedData/Madabank-hkohthnbjtgnoechirsoymtykttx/Build/Intermediates.noindex/RxSwift.build/Debug-iphonesimulator/RxRelay.build/Objects-normal/arm64/RxRelay-Swift.h (in target 'RxRelay' from project 'RxSwift')
    cd /Users/darisadam/Documents/Projects/iOS\ Apps/madabank-ios/Madabank/Tuist/.build/tuist-derived/RxSwift
    builtin-swiftHeaderTool -arch arm64 /Users/darisadam/Library/Developer/Xcode/DerivedData/Madabank-hkohthnbjtgnoechirsoymtykttx/Build/Intermediates.noindex/RxSwift.build/Debug-iphonesimulator/RxRelay.build/Objects-normal/arm64/RxRelay-Swift.h -o /Users/darisadam/Library/Developer/Xcode/DerivedData/Madabank-hkohthnbjtgnoechirsoymtykttx/Build/Products/Debug-iphonesimulator/RxRelay.framework/Headers/RxRelay-Swift.h

Copy /Users/darisadam/Library/Developer/Xcode/DerivedData/Madabank-hkohthnbjtgnoechirsoymtykttx/Build/Products/Debug-iphonesimulator/RxRelay.framework/Modules/RxRelay.swiftmodule/arm64-apple-ios-simulator.swiftmodule /Users/darisadam/Library/Developer/Xcode/DerivedData/Madabank-hkohthnbjtgnoechirsoymtykttx/Build/Intermediates.noindex/RxSwift.build/Debug-iphonesimulator/RxRelay.build/Objects-normal/arm64/RxRelay.swiftmodule (in target 'RxRelay' from project 'RxSwift')
    cd /Users/darisadam/Documents/Projects/iOS\ Apps/madabank-ios/Madabank/Tuist/.build/tuist-derived/RxSwift
    builtin-copy -exclude .DS_Store -exclude CVS -exclude .svn -exclude .git -exclude .hg -resolve-src-symlinks -rename /Users/darisadam/Library/Developer/Xcode/DerivedData/Madabank-hkohthnbjtgnoechirsoymtykttx/Build/Intermediates.noindex/RxSwift.build/Debug-iphonesimulator/RxRelay.build/Objects-normal/arm64/RxRelay.swiftmodule /Users/darisadam/Library/Developer/Xcode/DerivedData/Madabank-hkohthnbjtgnoechirsoymtykttx/Build/Products/Debug-iphonesimulator/RxRelay.framework/Modules/RxRelay.swiftmodule/arm64-apple-ios-simulator.swiftmodule

SwiftDriverJobDiscovery normal arm64 Compiling ReplayRelay.swift (in target 'RxRelay' from project 'RxSwift')

Copy /Users/darisadam/Library/Developer/Xcode/DerivedData/Madabank-hkohthnbjtgnoechirsoymtykttx/Build/Products/Debug-iphonesimulator/RxRelay.framework/Modules/RxRelay.swiftmodule/arm64-apple-ios-simulator.swiftdoc /Users/darisadam/Library/Developer/Xcode/DerivedData/Madabank-hkohthnbjtgnoechirsoymtykttx/Build/Intermediates.noindex/RxSwift.build/Debug-iphonesimulator/RxRelay.build/Objects-normal/arm64/RxRelay.swiftdoc (in target 'RxRelay' from project 'RxSwift')
    cd /Users/darisadam/Documents/Projects/iOS\ Apps/madabank-ios/Madabank/Tuist/.build/tuist-derived/RxSwift
    builtin-copy -exclude .DS_Store -exclude CVS -exclude .svn -exclude .git -exclude .hg -resolve-src-symlinks -rename /Users/darisadam/Library/Developer/Xcode/DerivedData/Madabank-hkohthnbjtgnoechirsoymtykttx/Build/Intermediates.noindex/RxSwift.build/Debug-iphonesimulator/RxRelay.build/Objects-normal/arm64/RxRelay.swiftdoc /Users/darisadam/Library/Developer/Xcode/DerivedData/Madabank-hkohthnbjtgnoechirsoymtykttx/Build/Products/Debug-iphonesimulator/RxRelay.framework/Modules/RxRelay.swiftmodule/arm64-apple-ios-simulator.swiftdoc

Copy /Users/darisadam/Library/Developer/Xcode/DerivedData/Madabank-hkohthnbjtgnoechirsoymtykttx/Build/Products/Debug-iphonesimulator/RxRelay.framework/Modules/RxRelay.swiftmodule/arm64-apple-ios-simulator.abi.json /Users/darisadam/Library/Developer/Xcode/DerivedData/Madabank-hkohthnbjtgnoechirsoymtykttx/Build/Intermediates.noindex/RxSwift.build/Debug-iphonesimulator/RxRelay.build/Objects-normal/arm64/RxRelay.abi.json (in target 'RxRelay' from project 'RxSwift')
    cd /Users/darisadam/Documents/Projects/iOS\ Apps/madabank-ios/Madabank/Tuist/.build/tuist-derived/RxSwift
    builtin-copy -exclude .DS_Store -exclude CVS -exclude .svn -exclude .git -exclude .hg -resolve-src-symlinks -rename /Users/darisadam/Library/Developer/Xcode/DerivedData/Madabank-hkohthnbjtgnoechirsoymtykttx/Build/Intermediates.noindex/RxSwift.build/Debug-iphonesimulator/RxRelay.build/Objects-normal/arm64/RxRelay.abi.json /Users/darisadam/Library/Developer/Xcode/DerivedData/Madabank-hkohthnbjtgnoechirsoymtykttx/Build/Products/Debug-iphonesimulator/RxRelay.framework/Modules/RxRelay.swiftmodule/arm64-apple-ios-simulator.abi.json

Copy /Users/darisadam/Library/Developer/Xcode/DerivedData/Madabank-hkohthnbjtgnoechirsoymtykttx/Build/Products/Debug-iphonesimulator/RxRelay.framework/Modules/RxRelay.swiftmodule/Project/arm64-apple-ios-simulator.swiftsourceinfo /Users/darisadam/Library/Developer/Xcode/DerivedData/Madabank-hkohthnbjtgnoechirsoymtykttx/Build/Intermediates.noindex/RxSwift.build/Debug-iphonesimulator/RxRelay.build/Objects-normal/arm64/RxRelay.swiftsourceinfo (in target 'RxRelay' from project 'RxSwift')
    cd /Users/darisadam/Documents/Projects/iOS\ Apps/madabank-ios/Madabank/Tuist/.build/tuist-derived/RxSwift
    builtin-copy -exclude .DS_Store -exclude CVS -exclude .svn -exclude .git -exclude .hg -resolve-src-symlinks -rename /Users/darisadam/Library/Developer/Xcode/DerivedData/Madabank-hkohthnbjtgnoechirsoymtykttx/Build/Intermediates.noindex/RxSwift.build/Debug-iphonesimulator/RxRelay.build/Objects-normal/arm64/RxRelay.swiftsourceinfo /Users/darisadam/Library/Developer/Xcode/DerivedData/Madabank-hkohthnbjtgnoechirsoymtykttx/Build/Products/Debug-iphonesimulator/RxRelay.framework/Modules/RxRelay.swiftmodule/Project/arm64-apple-ios-simulator.swiftsourceinfo

ExtractAppIntentsMetadata (in target 'Alamofire' from project 'Alamofire')
    cd /Users/darisadam/Documents/Projects/iOS\ Apps/madabank-ios/Madabank/Tuist/.build/tuist-derived/Alamofire
    /Applications/Xcode.app/Contents/Developer/Toolchains/XcodeDefault.xctoolchain/usr/bin/appintentsmetadataprocessor --toolchain-dir /var/run/com.apple.security.cryptexd/mnt/com.apple.MobileAsset.MetalToolchain-v17.2.54.0.wH8bUi/Metal.xctoolchain --module-name Alamofire --sdk-root /Applications/Xcode.app/Contents/Developer/Platforms/iPhoneSimulator.platform/Developer/SDKs/iPhoneSimulator26.1.sdk --xcode-version 17B100 --platform-family iOS --deployment-target 12.0 --bundle-identifier dev.tuist.Alamofire --output /Users/darisadam/Library/Developer/Xcode/DerivedData/Madabank-hkohthnbjtgnoechirsoymtykttx/Build/Products/Debug-iphonesimulator/Alamofire.framework --target-triple arm64-apple-ios12.0-simulator --binary-file /Users/darisadam/Library/Developer/Xcode/DerivedData/Madabank-hkohthnbjtgnoechirsoymtykttx/Build/Products/Debug-iphonesimulator/Alamofire.framework/Alamofire --dependency-file /Users/darisadam/Library/Developer/Xcode/DerivedData/Madabank-hkohthnbjtgnoechirsoymtykttx/Build/Intermediates.noindex/Alamofire.build/Debug-iphonesimulator/Alamofire.build/Objects-normal/arm64/Alamofire_dependency_info.dat --stringsdata-file /Users/darisadam/Library/Developer/Xcode/DerivedData/Madabank-hkohthnbjtgnoechirsoymtykttx/Build/Intermediates.noindex/Alamofire.build/Debug-iphonesimulator/Alamofire.build/Objects-normal/arm64/ExtractedAppShortcutsMetadata.stringsdata --source-file-list /Users/darisadam/Library/Developer/Xcode/DerivedData/Madabank-hkohthnbjtgnoechirsoymtykttx/Build/Intermediates.noindex/Alamofire.build/Debug-iphonesimulator/Alamofire.build/Objects-normal/arm64/Alamofire.SwiftFileList --metadata-file-list /Users/darisadam/Library/Developer/Xcode/DerivedData/Madabank-hkohthnbjtgnoechirsoymtykttx/Build/Intermediates.noindex/Alamofire.build/Debug-iphonesimulator/Alamofire.build/Alamofire.DependencyMetadataFileList --static-metadata-file-list /Users/darisadam/Library/Developer/Xcode/DerivedData/Madabank-hkohthnbjtgnoechirsoymtykttx/Build/Intermediates.noindex/Alamofire.build/Debug-iphonesimulator/Alamofire.build/Alamofire.DependencyStaticMetadataFileList --swift-const-vals-list /Users/darisadam/Library/Developer/Xcode/DerivedData/Madabank-hkohthnbjtgnoechirsoymtykttx/Build/Intermediates.noindex/Alamofire.build/Debug-iphonesimulator/Alamofire.build/Objects-normal/arm64/Alamofire.SwiftConstValuesFileList --compile-time-extraction --deployment-aware-processing --validate-assistant-intents --no-app-shortcuts-localization
2026-02-04 20:01:39.206 appintentsmetadataprocessor[11560:2539623] Starting appintentsmetadataprocessor export
2026-02-04 20:01:39.209 appintentsmetadataprocessor[11560:2539623] warning: Metadata extraction skipped. No AppIntents.framework dependency found.

SwiftDriverJobDiscovery normal arm64 Compiling Observable+Bind.swift (in target 'RxRelay' from project 'RxSwift')

PrecompileModule /Users/darisadam/Library/Developer/Xcode/DerivedData/Madabank-hkohthnbjtgnoechirsoymtykttx/Build/Intermediates.noindex/ExplicitPrecompiledModules/_Builtin_stdatomic-48ZS0BOUGZU2TLKEK267PD4.scan
    cd /
    builtin-precompileModule /Users/darisadam/Library/Developer/Xcode/DerivedData/Madabank-hkohthnbjtgnoechirsoymtykttx/Build/Intermediates.noindex/ExplicitPrecompiledModules/_Builtin_stdatomic-48ZS0BOUGZU2TLKEK267PD4.scan

PrecompileModule /Users/darisadam/Library/Developer/Xcode/DerivedData/Madabank-hkohthnbjtgnoechirsoymtykttx/Build/Intermediates.noindex/ExplicitPrecompiledModules/_DarwinFoundation3-1PG474URQRG2AD5LTEXZXZ3WC.scan
    cd /
    builtin-precompileModule /Users/darisadam/Library/Developer/Xcode/DerivedData/Madabank-hkohthnbjtgnoechirsoymtykttx/Build/Intermediates.noindex/ExplicitPrecompiledModules/_DarwinFoundation3-1PG474URQRG2AD5LTEXZXZ3WC.scan

ScanDependencies /Users/darisadam/Library/Developer/Xcode/DerivedData/Madabank-hkohthnbjtgnoechirsoymtykttx/Build/Intermediates.noindex/RxSwift.build/Debug-iphonesimulator/RxRelay.build/Objects-normal/arm64/RxRelay_vers.o /Users/darisadam/Library/Developer/Xcode/DerivedData/Madabank-hkohthnbjtgnoechirsoymtykttx/Build/Intermediates.noindex/RxSwift.build/Debug-iphonesimulator/RxRelay.build/DerivedSources/RxRelay_vers.c normal arm64 c com.apple.compilers.llvm.clang.1_0.compiler (in target 'RxRelay' from project 'RxSwift')
    cd /Users/darisadam/Documents/Projects/iOS\ Apps/madabank-ios/Madabank/Tuist/.build/tuist-derived/RxSwift
    
    Using response file: /Users/darisadam/Library/Developer/Xcode/DerivedData/Madabank-hkohthnbjtgnoechirsoymtykttx/Build/Intermediates.noindex/RxSwift.build/Debug-iphonesimulator/RxRelay.build/Objects-normal/arm64/7187679823f38a2a940e0043cdf9d637-common-args.resp
    
    builtin-ScanDependencies -o /Users/darisadam/Library/Developer/Xcode/DerivedData/Madabank-hkohthnbjtgnoechirsoymtykttx/Build/Intermediates.noindex/RxSwift.build/Debug-iphonesimulator/RxRelay.build/Objects-normal/arm64/RxRelay_vers.o.scan -- /Applications/Xcode.app/Contents/Developer/Toolchains/XcodeDefault.xctoolchain/usr/bin/clang -x c -ivfsstatcache /Users/darisadam/Library/Developer/Xcode/DerivedData/SDKStatCaches.noindex/iphonesimulator26.1-23B77-3885c01c3e6b6a337905948deab2002e90cf18a4295e390e64c810bc6bd7acbc.sdkstatcache -fmessage-length\=0 -fdiagnostics-show-note-include-stack -fmacro-backtrace-limit\=0 -fno-color-diagnostics -fmodules-prune-interval\=86400 -fmodules-prune-after\=345600 -fbuild-session-file\=/Users/darisadam/Library/Developer/Xcode/DerivedData/ModuleCache.noindex/Session.modulevalidation -fmodules-validate-once-per-build-session -Wnon-modular-include-in-framework-module -Werror\=non-modular-include-in-framework-module -Wno-trigraphs -Wno-missing-field-initializers -Wno-missing-prototypes -Werror\=return-type -Wdocumentation -Wunreachable-code -Werror\=deprecated-objc-isa-usage -Werror\=objc-root-class -Wno-missing-braces -Wparentheses -Wswitch -Wunused-function -Wno-unused-label -Wno-unused-parameter -Wunused-variable -Wunused-value -Wempty-body -Wuninitialized -Wconditional-uninitialized -Wno-unknown-pragmas -w -Wno-shadow -Wno-four-char-constants -Wno-conversion -Wconstant-conversion -Wint-conversion -Wbool-conversion -Wenum-conversion -Wno-float-conversion -Wnon-literal-null-conversion -Wobjc-literal-conversion -Wshorten-64-to-32 -Wpointer-sign -Wno-newline-eof -Wno-implicit-fallthrough -fstrict-aliasing -Wdeprecated-declarations -Wno-sign-conversion -Winfinite-recursion -Wcomma -Wblock-capture-autoreleasing -Wstrict-prototypes -Wno-semicolon-before-method-body -Wunguarded-availability -index-store-path /Users/darisadam/Library/Developer/Xcode/DerivedData/Madabank-hkohthnbjtgnoechirsoymtykttx/Index.noindex/DataStore @/Users/darisadam/Library/Developer/Xcode/DerivedData/Madabank-hkohthnbjtgnoechirsoymtykttx/Build/Intermediates.noindex/RxSwift.build/Debug-iphonesimulator/RxRelay.build/Objects-normal/arm64/7187679823f38a2a940e0043cdf9d637-common-args.resp -MMD -MT dependencies -MF /Users/darisadam/Library/Developer/Xcode/DerivedData/Madabank-hkohthnbjtgnoechirsoymtykttx/Build/Intermediates.noindex/RxSwift.build/Debug-iphonesimulator/RxRelay.build/Objects-normal/arm64/RxRelay_vers.d --serialize-diagnostics /Users/darisadam/Library/Developer/Xcode/DerivedData/Madabank-hkohthnbjtgnoechirsoymtykttx/Build/Intermediates.noindex/RxSwift.build/Debug-iphonesimulator/RxRelay.build/Objects-normal/arm64/RxRelay_vers.dia -c /Users/darisadam/Library/Developer/Xcode/DerivedData/Madabank-hkohthnbjtgnoechirsoymtykttx/Build/Intermediates.noindex/RxSwift.build/Debug-iphonesimulator/RxRelay.build/DerivedSources/RxRelay_vers.c -o /Users/darisadam/Library/Developer/Xcode/DerivedData/Madabank-hkohthnbjtgnoechirsoymtykttx/Build/Intermediates.noindex/RxSwift.build/Debug-iphonesimulator/RxRelay.build/Objects-normal/arm64/RxRelay_vers.o -index-unit-output-path /RxSwift.build/Debug-iphonesimulator/RxRelay.build/Objects-normal/arm64/RxRelay_vers.o

ProcessInfoPlistFile /Users/darisadam/Library/Developer/Xcode/DerivedData/Madabank-hkohthnbjtgnoechirsoymtykttx/Build/Products/Debug-iphonesimulator/RxRelay.framework/Info.plist /Users/darisadam/Documents/Projects/iOS\ Apps/madabank-ios/Madabank/Tuist/.build/tuist-derived/RxRelay/InfoPlists/RxRelay-Info.plist (in target 'RxRelay' from project 'RxSwift')
    cd /Users/darisadam/Documents/Projects/iOS\ Apps/madabank-ios/Madabank/Tuist/.build/tuist-derived/RxSwift
    builtin-infoPlistUtility /Users/darisadam/Documents/Projects/iOS\ Apps/madabank-ios/Madabank/Tuist/.build/tuist-derived/RxRelay/InfoPlists/RxRelay-Info.plist -producttype com.apple.product-type.framework -expandbuildsettings -format binary -platform iphonesimulator -o /Users/darisadam/Library/Developer/Xcode/DerivedData/Madabank-hkohthnbjtgnoechirsoymtykttx/Build/Products/Debug-iphonesimulator/RxRelay.framework/Info.plist

CpResource /Users/darisadam/Library/Developer/Xcode/DerivedData/Madabank-hkohthnbjtgnoechirsoymtykttx/Build/Products/Debug-iphonesimulator/RxRelay.framework/PrivacyInfo.xcprivacy /Users/darisadam/Documents/Projects/iOS\ Apps/madabank-ios/Madabank/Tuist/.build/checkouts/RxSwift/Sources/RxRelay/PrivacyInfo.xcprivacy (in target 'RxRelay' from project 'RxSwift')
    cd /Users/darisadam/Documents/Projects/iOS\ Apps/madabank-ios/Madabank/Tuist/.build/tuist-derived/RxSwift
    builtin-copy -exclude .DS_Store -exclude CVS -exclude .svn -exclude .git -exclude .hg -resolve-src-symlinks /Users/darisadam/Documents/Projects/iOS\ Apps/madabank-ios/Madabank/Tuist/.build/checkouts/RxSwift/Sources/RxRelay/PrivacyInfo.xcprivacy /Users/darisadam/Library/Developer/Xcode/DerivedData/Madabank-hkohthnbjtgnoechirsoymtykttx/Build/Products/Debug-iphonesimulator/RxRelay.framework

ProcessInfoPlistFile /Users/darisadam/Library/Developer/Xcode/DerivedData/Madabank-hkohthnbjtgnoechirsoymtykttx/Build/Products/Debug-iphonesimulator/RxCocoaRuntime.framework/Info.plist /Users/darisadam/Documents/Projects/iOS\ Apps/madabank-ios/Madabank/Tuist/.build/tuist-derived/RxCocoaRuntime/InfoPlists/RxCocoaRuntime-Info.plist (in target 'RxCocoaRuntime' from project 'RxSwift')
    cd /Users/darisadam/Documents/Projects/iOS\ Apps/madabank-ios/Madabank/Tuist/.build/tuist-derived/RxSwift
    builtin-infoPlistUtility /Users/darisadam/Documents/Projects/iOS\ Apps/madabank-ios/Madabank/Tuist/.build/tuist-derived/RxCocoaRuntime/InfoPlists/RxCocoaRuntime-Info.plist -producttype com.apple.product-type.framework -expandbuildsettings -format binary -platform iphonesimulator -o /Users/darisadam/Library/Developer/Xcode/DerivedData/Madabank-hkohthnbjtgnoechirsoymtykttx/Build/Products/Debug-iphonesimulator/RxCocoaRuntime.framework/Info.plist

CompileC /Users/darisadam/Library/Developer/Xcode/DerivedData/Madabank-hkohthnbjtgnoechirsoymtykttx/Build/Intermediates.noindex/RxSwift.build/Debug-iphonesimulator/RxRelay.build/Objects-normal/arm64/RxRelay_vers.o /Users/darisadam/Library/Developer/Xcode/DerivedData/Madabank-hkohthnbjtgnoechirsoymtykttx/Build/Intermediates.noindex/RxSwift.build/Debug-iphonesimulator/RxRelay.build/DerivedSources/RxRelay_vers.c normal arm64 c com.apple.compilers.llvm.clang.1_0.compiler (in target 'RxRelay' from project 'RxSwift')
    cd /Users/darisadam/Documents/Projects/iOS\ Apps/madabank-ios/Madabank/Tuist/.build/tuist-derived/RxSwift
    
    Using response file: /Users/darisadam/Library/Developer/Xcode/DerivedData/Madabank-hkohthnbjtgnoechirsoymtykttx/Build/Intermediates.noindex/RxSwift.build/Debug-iphonesimulator/RxRelay.build/Objects-normal/arm64/7187679823f38a2a940e0043cdf9d637-common-args.resp
    
    /Applications/Xcode.app/Contents/Developer/Toolchains/XcodeDefault.xctoolchain/usr/bin/clang -x c -ivfsstatcache /Users/darisadam/Library/Developer/Xcode/DerivedData/SDKStatCaches.noindex/iphonesimulator26.1-23B77-3885c01c3e6b6a337905948deab2002e90cf18a4295e390e64c810bc6bd7acbc.sdkstatcache -fmessage-length\=0 -fdiagnostics-show-note-include-stack -fmacro-backtrace-limit\=0 -fno-color-diagnostics -fmodules-prune-interval\=86400 -fmodules-prune-after\=345600 -fbuild-session-file\=/Users/darisadam/Library/Developer/Xcode/DerivedData/ModuleCache.noindex/Session.modulevalidation -fmodules-validate-once-per-build-session -Wnon-modular-include-in-framework-module -Werror\=non-modular-include-in-framework-module -Wno-trigraphs -Wno-missing-field-initializers -Wno-missing-prototypes -Werror\=return-type -Wdocumentation -Wunreachable-code -Werror\=deprecated-objc-isa-usage -Werror\=objc-root-class -Wno-missing-braces -Wparentheses -Wswitch -Wunused-function -Wno-unused-label -Wno-unused-parameter -Wunused-variable -Wunused-value -Wempty-body -Wuninitialized -Wconditional-uninitialized -Wno-unknown-pragmas -w -Wno-shadow -Wno-four-char-constants -Wno-conversion -Wconstant-conversion -Wint-conversion -Wbool-conversion -Wenum-conversion -Wno-float-conversion -Wnon-literal-null-conversion -Wobjc-literal-conversion -Wshorten-64-to-32 -Wpointer-sign -Wno-newline-eof -Wno-implicit-fallthrough -fstrict-aliasing -Wdeprecated-declarations -Wno-sign-conversion -Winfinite-recursion -Wcomma -Wblock-capture-autoreleasing -Wstrict-prototypes -Wno-semicolon-before-method-body -Wunguarded-availability -index-store-path /Users/darisadam/Library/Developer/Xcode/DerivedData/Madabank-hkohthnbjtgnoechirsoymtykttx/Index.noindex/DataStore @/Users/darisadam/Library/Developer/Xcode/DerivedData/Madabank-hkohthnbjtgnoechirsoymtykttx/Build/Intermediates.noindex/RxSwift.build/Debug-iphonesimulator/RxRelay.build/Objects-normal/arm64/7187679823f38a2a940e0043cdf9d637-common-args.resp -MMD -MT dependencies -MF /Users/darisadam/Library/Developer/Xcode/DerivedData/Madabank-hkohthnbjtgnoechirsoymtykttx/Build/Intermediates.noindex/RxSwift.build/Debug-iphonesimulator/RxRelay.build/Objects-normal/arm64/RxRelay_vers.d --serialize-diagnostics /Users/darisadam/Library/Developer/Xcode/DerivedData/Madabank-hkohthnbjtgnoechirsoymtykttx/Build/Intermediates.noindex/RxSwift.build/Debug-iphonesimulator/RxRelay.build/Objects-normal/arm64/RxRelay_vers.dia -c /Users/darisadam/Library/Developer/Xcode/DerivedData/Madabank-hkohthnbjtgnoechirsoymtykttx/Build/Intermediates.noindex/RxSwift.build/Debug-iphonesimulator/RxRelay.build/DerivedSources/RxRelay_vers.c -o /Users/darisadam/Library/Developer/Xcode/DerivedData/Madabank-hkohthnbjtgnoechirsoymtykttx/Build/Intermediates.noindex/RxSwift.build/Debug-iphonesimulator/RxRelay.build/Objects-normal/arm64/RxRelay_vers.o -index-unit-output-path /RxSwift.build/Debug-iphonesimulator/RxRelay.build/Objects-normal/arm64/RxRelay_vers.o

CpResource /Users/darisadam/Library/Developer/Xcode/DerivedData/Madabank-hkohthnbjtgnoechirsoymtykttx/Build/Products/Debug-iphonesimulator/RxCocoaRuntime.framework/PrivacyInfo.xcprivacy /Users/darisadam/Documents/Projects/iOS\ Apps/madabank-ios/Madabank/Tuist/.build/checkouts/RxSwift/Sources/RxCocoaRuntime/PrivacyInfo.xcprivacy (in target 'RxCocoaRuntime' from project 'RxSwift')
    cd /Users/darisadam/Documents/Projects/iOS\ Apps/madabank-ios/Madabank/Tuist/.build/tuist-derived/RxSwift
    builtin-copy -exclude .DS_Store -exclude CVS -exclude .svn -exclude .git -exclude .hg -resolve-src-symlinks /Users/darisadam/Documents/Projects/iOS\ Apps/madabank-ios/Madabank/Tuist/.build/checkouts/RxSwift/Sources/RxCocoaRuntime/PrivacyInfo.xcprivacy /Users/darisadam/Library/Developer/Xcode/DerivedData/Madabank-hkohthnbjtgnoechirsoymtykttx/Build/Products/Debug-iphonesimulator/RxCocoaRuntime.framework

CodeSign /Users/darisadam/Library/Developer/Xcode/DerivedData/Madabank-hkohthnbjtgnoechirsoymtykttx/Build/Products/Debug-iphonesimulator/Alamofire.framework (in target 'Alamofire' from project 'Alamofire')
    cd /Users/darisadam/Documents/Projects/iOS\ Apps/madabank-ios/Madabank/Tuist/.build/tuist-derived/Alamofire
    
    Signing Identity:     "Sign to Run Locally"
    
    /usr/bin/codesign --force --sign - --timestamp\=none --generate-entitlement-der /Users/darisadam/Library/Developer/Xcode/DerivedData/Madabank-hkohthnbjtgnoechirsoymtykttx/Build/Products/Debug-iphonesimulator/Alamofire.framework
/Users/darisadam/Library/Developer/Xcode/DerivedData/Madabank-hkohthnbjtgnoechirsoymtykttx/Build/Products/Debug-iphonesimulator/Alamofire.framework: replacing existing signature

SwiftDriver RxCocoa normal arm64 com.apple.xcode.tools.swift.compiler (in target 'RxCocoa' from project 'RxSwift')
    cd /Users/darisadam/Documents/Projects/iOS\ Apps/madabank-ios/Madabank/Tuist/.build/tuist-derived/RxSwift
    builtin-SwiftDriver -- /Applications/Xcode.app/Contents/Developer/Toolchains/XcodeDefault.xctoolchain/usr/bin/swiftc -module-name RxCocoa -Onone -enforce-exclusivity\=checked @/Users/darisadam/Library/Developer/Xcode/DerivedData/Madabank-hkohthnbjtgnoechirsoymtykttx/Build/Intermediates.noindex/RxSwift.build/Debug-iphonesimulator/RxCocoa.build/Objects-normal/arm64/RxCocoa.SwiftFileList -DSWIFT_PACKAGE -DDEBUG -package-name RxSwift -Xcc -fmodule-map-file\=/Users/darisadam/Documents/Projects/iOS\ Apps/madabank-ios/Madabank/Tuist/.build/checkouts/RxSwift/../../tuist-derived/RxCocoaRuntime/RxCocoaRuntime.modulemap -enable-bare-slash-regex -enable-experimental-feature DebugDescriptionMacro -sdk /Applications/Xcode.app/Contents/Developer/Platforms/iPhoneSimulator.platform/Developer/SDKs/iPhoneSimulator26.1.sdk -target arm64-apple-ios12.0-simulator -g -module-cache-path /Users/darisadam/Library/Developer/Xcode/DerivedData/ModuleCache.noindex -Xfrontend -serialize-debugging-options -enable-testing -suppress-warnings -index-store-path /Users/darisadam/Library/Developer/Xcode/DerivedData/Madabank-hkohthnbjtgnoechirsoymtykttx/Index.noindex/DataStore -Xcc -D_LIBCPP_HARDENING_MODE\=_LIBCPP_HARDENING_MODE_DEBUG -swift-version 5 -I /Users/darisadam/Library/Developer/Xcode/DerivedData/Madabank-hkohthnbjtgnoechirsoymtykttx/Build/Products/Debug-iphonesimulator -F /Users/darisadam/Library/Developer/Xcode/DerivedData/Madabank-hkohthnbjtgnoechirsoymtykttx/Build/Products/Debug-iphonesimulator -F /Applications/Xcode.app/Contents/Developer/Platforms/iPhoneSimulator.platform/Developer/Library/Frameworks -c -j8 -enable-batch-mode -incremental -Xcc -ivfsstatcache -Xcc /Users/darisadam/Library/Developer/Xcode/DerivedData/SDKStatCaches.noindex/iphonesimulator26.1-23B77-3885c01c3e6b6a337905948deab2002e90cf18a4295e390e64c810bc6bd7acbc.sdkstatcache -output-file-map /Users/darisadam/Library/Developer/Xcode/DerivedData/Madabank-hkohthnbjtgnoechirsoymtykttx/Build/Intermediates.noindex/RxSwift.build/Debug-iphonesimulator/RxCocoa.build/Objects-normal/arm64/RxCocoa-OutputFileMap.json -use-frontend-parseable-output -save-temps -no-color-diagnostics -explicit-module-build -module-cache-path /Users/darisadam/Library/Developer/Xcode/DerivedData/Madabank-hkohthnbjtgnoechirsoymtykttx/Build/Intermediates.noindex/SwiftExplicitPrecompiledModules -clang-scanner-module-cache-path /Users/darisadam/Library/Developer/Xcode/DerivedData/ModuleCache.noindex -sdk-module-cache-path /Users/darisadam/Library/Developer/Xcode/DerivedData/ModuleCache.noindex -serialize-diagnostics -emit-dependencies -emit-module -emit-module-path /Users/darisadam/Library/Developer/Xcode/DerivedData/Madabank-hkohthnbjtgnoechirsoymtykttx/Build/Intermediates.noindex/RxSwift.build/Debug-iphonesimulator/RxCocoa.build/Objects-normal/arm64/RxCocoa.swiftmodule -validate-clang-modules-once -clang-build-session-file /Users/darisadam/Library/Developer/Xcode/DerivedData/ModuleCache.noindex/Session.modulevalidation -Xcc -I/Users/darisadam/Library/Developer/Xcode/DerivedData/Madabank-hkohthnbjtgnoechirsoymtykttx/Build/Intermediates.noindex/RxSwift.build/Debug-iphonesimulator/RxCocoa.build/swift-overrides.hmap -emit-const-values -Xfrontend -const-gather-protocols-file -Xfrontend /Users/darisadam/Library/Developer/Xcode/DerivedData/Madabank-hkohthnbjtgnoechirsoymtykttx/Build/Intermediates.noindex/RxSwift.build/Debug-iphonesimulator/RxCocoa.build/Objects-normal/arm64/RxCocoa_const_extract_protocols.json -Xcc -I/Users/darisadam/Library/Developer/Xcode/DerivedData/Madabank-hkohthnbjtgnoechirsoymtykttx/Build/Products/Debug-iphonesimulator/include -Xcc -I/Users/darisadam/Documents/Projects/iOS\ Apps/madabank-ios/Madabank/Tuist/.build/checkouts/RxSwift/Sources/RxCocoaRuntime/include -Xcc -I/Users/darisadam/Library/Developer/Xcode/DerivedData/Madabank-hkohthnbjtgnoechirsoymtykttx/Build/Intermediates.noindex/RxSwift.build/Debug-iphonesimulator/RxCocoa.build/DerivedSources-normal/arm64 -Xcc -I/Users/darisadam/Library/Developer/Xcode/DerivedData/Madabank-hkohthnbjtgnoechirsoymtykttx/Build/Intermediates.noindex/RxSwift.build/Debug-iphonesimulator/RxCocoa.build/DerivedSources/arm64 -Xcc -I/Users/darisadam/Library/Developer/Xcode/DerivedData/Madabank-hkohthnbjtgnoechirsoymtykttx/Build/Intermediates.noindex/RxSwift.build/Debug-iphonesimulator/RxCocoa.build/DerivedSources -Xcc -DDEBUG\=1 -Xcc -DSWIFT_PACKAGE\=1 -emit-objc-header -emit-objc-header-path /Users/darisadam/Library/Developer/Xcode/DerivedData/Madabank-hkohthnbjtgnoechirsoymtykttx/Build/Intermediates.noindex/RxSwift.build/Debug-iphonesimulator/RxCocoa.build/Objects-normal/arm64/RxCocoa-Swift.h -working-directory /Users/darisadam/Documents/Projects/iOS\ Apps/madabank-ios/Madabank/Tuist/.build/tuist-derived/RxSwift -experimental-emit-module-separately -disable-cmo

PrecompileModule /Users/darisadam/Library/Developer/Xcode/DerivedData/Madabank-hkohthnbjtgnoechirsoymtykttx/Build/Intermediates.noindex/ExplicitPrecompiledModules/_Builtin_inttypes-3WR1029TP970AZG8KK0DO8057.scan
    cd /
    builtin-precompileModule /Users/darisadam/Library/Developer/Xcode/DerivedData/Madabank-hkohthnbjtgnoechirsoymtykttx/Build/Intermediates.noindex/ExplicitPrecompiledModules/_Builtin_inttypes-3WR1029TP970AZG8KK0DO8057.scan

ExtractAppIntentsMetadata (in target 'SnapKit' from project 'SnapKit')
    cd /Users/darisadam/Documents/Projects/iOS\ Apps/madabank-ios/Madabank/Tuist/.build/tuist-derived/SnapKit
    /Applications/Xcode.app/Contents/Developer/Toolchains/XcodeDefault.xctoolchain/usr/bin/appintentsmetadataprocessor --toolchain-dir /var/run/com.apple.security.cryptexd/mnt/com.apple.MobileAsset.MetalToolchain-v17.2.54.0.wH8bUi/Metal.xctoolchain --module-name SnapKit --sdk-root /Applications/Xcode.app/Contents/Developer/Platforms/iPhoneSimulator.platform/Developer/SDKs/iPhoneSimulator26.1.sdk --xcode-version 17B100 --platform-family iOS --deployment-target 12.0 --bundle-identifier dev.tuist.SnapKit --output /Users/darisadam/Library/Developer/Xcode/DerivedData/Madabank-hkohthnbjtgnoechirsoymtykttx/Build/Products/Debug-iphonesimulator/SnapKit.framework --target-triple arm64-apple-ios12.0-simulator --binary-file /Users/darisadam/Library/Developer/Xcode/DerivedData/Madabank-hkohthnbjtgnoechirsoymtykttx/Build/Products/Debug-iphonesimulator/SnapKit.framework/SnapKit --dependency-file /Users/darisadam/Library/Developer/Xcode/DerivedData/Madabank-hkohthnbjtgnoechirsoymtykttx/Build/Intermediates.noindex/SnapKit.build/Debug-iphonesimulator/SnapKit.build/Objects-normal/arm64/SnapKit_dependency_info.dat --stringsdata-file /Users/darisadam/Library/Developer/Xcode/DerivedData/Madabank-hkohthnbjtgnoechirsoymtykttx/Build/Intermediates.noindex/SnapKit.build/Debug-iphonesimulator/SnapKit.build/Objects-normal/arm64/ExtractedAppShortcutsMetadata.stringsdata --source-file-list /Users/darisadam/Library/Developer/Xcode/DerivedData/Madabank-hkohthnbjtgnoechirsoymtykttx/Build/Intermediates.noindex/SnapKit.build/Debug-iphonesimulator/SnapKit.build/Objects-normal/arm64/SnapKit.SwiftFileList --metadata-file-list /Users/darisadam/Library/Developer/Xcode/DerivedData/Madabank-hkohthnbjtgnoechirsoymtykttx/Build/Intermediates.noindex/SnapKit.build/Debug-iphonesimulator/SnapKit.build/SnapKit.DependencyMetadataFileList --static-metadata-file-list /Users/darisadam/Library/Developer/Xcode/DerivedData/Madabank-hkohthnbjtgnoechirsoymtykttx/Build/Intermediates.noindex/SnapKit.build/Debug-iphonesimulator/SnapKit.build/SnapKit.DependencyStaticMetadataFileList --swift-const-vals-list /Users/darisadam/Library/Developer/Xcode/DerivedData/Madabank-hkohthnbjtgnoechirsoymtykttx/Build/Intermediates.noindex/SnapKit.build/Debug-iphonesimulator/SnapKit.build/Objects-normal/arm64/SnapKit.SwiftConstValuesFileList --compile-time-extraction --deployment-aware-processing --validate-assistant-intents --no-app-shortcuts-localization
2026-02-04 20:01:39.305 appintentsmetadataprocessor[11566:2539641] Starting appintentsmetadataprocessor export
2026-02-04 20:01:39.306 appintentsmetadataprocessor[11566:2539641] warning: Metadata extraction skipped. No AppIntents.framework dependency found.

ProcessInfoPlistFile /Users/darisadam/Library/Developer/Xcode/DerivedData/Madabank-hkohthnbjtgnoechirsoymtykttx/Build/Products/Debug-iphonesimulator/Networking.framework/Info.plist /Users/darisadam/Documents/Projects/iOS\ Apps/madabank-ios/Madabank/Modules/Shared/Networking/Derived/InfoPlists/Networking-Info.plist (in target 'Networking' from project 'Networking')
    cd /Users/darisadam/Documents/Projects/iOS\ Apps/madabank-ios/Madabank/Modules/Shared/Networking
    builtin-infoPlistUtility /Users/darisadam/Documents/Projects/iOS\ Apps/madabank-ios/Madabank/Modules/Shared/Networking/Derived/InfoPlists/Networking-Info.plist -producttype com.apple.product-type.framework -expandbuildsettings -format binary -platform iphonesimulator -o /Users/darisadam/Library/Developer/Xcode/DerivedData/Madabank-hkohthnbjtgnoechirsoymtykttx/Build/Products/Debug-iphonesimulator/Networking.framework/Info.plist

ProcessInfoPlistFile /Users/darisadam/Library/Developer/Xcode/DerivedData/Madabank-hkohthnbjtgnoechirsoymtykttx/Build/Products/Debug-iphonesimulator/Domain.framework/Info.plist /Users/darisadam/Documents/Projects/iOS\ Apps/madabank-ios/Madabank/Modules/Shared/Domain/Derived/InfoPlists/Domain-Info.plist (in target 'Domain' from project 'Domain')
    cd /Users/darisadam/Documents/Projects/iOS\ Apps/madabank-ios/Madabank/Modules/Shared/Domain
    builtin-infoPlistUtility /Users/darisadam/Documents/Projects/iOS\ Apps/madabank-ios/Madabank/Modules/Shared/Domain/Derived/InfoPlists/Domain-Info.plist -producttype com.apple.product-type.framework -expandbuildsettings -format binary -platform iphonesimulator -o /Users/darisadam/Library/Developer/Xcode/DerivedData/Madabank-hkohthnbjtgnoechirsoymtykttx/Build/Products/Debug-iphonesimulator/Domain.framework/Info.plist

PrecompileModule /Users/darisadam/Library/Developer/Xcode/DerivedData/Madabank-hkohthnbjtgnoechirsoymtykttx/Build/Intermediates.noindex/ExplicitPrecompiledModules/Darwin-85QWYXLRZTLD3TBQ5RDQZEHX4.scan
    cd /
    builtin-precompileModule /Users/darisadam/Library/Developer/Xcode/DerivedData/Madabank-hkohthnbjtgnoechirsoymtykttx/Build/Intermediates.noindex/ExplicitPrecompiledModules/Darwin-85QWYXLRZTLD3TBQ5RDQZEHX4.scan

AppIntentsSSUTraining (in target 'SnapKit' from project 'SnapKit')
    cd /Users/darisadam/Documents/Projects/iOS\ Apps/madabank-ios/Madabank/Tuist/.build/tuist-derived/SnapKit
    /Applications/Xcode.app/Contents/Developer/Toolchains/XcodeDefault.xctoolchain/usr/bin/appintentsnltrainingprocessor --infoplist-path /Users/darisadam/Library/Developer/Xcode/DerivedData/Madabank-hkohthnbjtgnoechirsoymtykttx/Build/Products/Debug-iphonesimulator/SnapKit.framework/Info.plist --temp-dir-path /Users/darisadam/Library/Developer/Xcode/DerivedData/Madabank-hkohthnbjtgnoechirsoymtykttx/Build/Intermediates.noindex/SnapKit.build/Debug-iphonesimulator/SnapKit.build/ssu --bundle-id dev.tuist.SnapKit --product-path /Users/darisadam/Library/Developer/Xcode/DerivedData/Madabank-hkohthnbjtgnoechirsoymtykttx/Build/Products/Debug-iphonesimulator/SnapKit.framework --extracted-metadata-path /Users/darisadam/Library/Developer/Xcode/DerivedData/Madabank-hkohthnbjtgnoechirsoymtykttx/Build/Products/Debug-iphonesimulator/SnapKit.framework/Metadata.appintents --metadata-file-list /Users/darisadam/Library/Developer/Xcode/DerivedData/Madabank-hkohthnbjtgnoechirsoymtykttx/Build/Intermediates.noindex/SnapKit.build/Debug-iphonesimulator/SnapKit.build/SnapKit.DependencyMetadataFileList --archive-ssu-assets
2026-02-04 20:01:39.329 appintentsnltrainingprocessor[11567:2539644] Parsing options for appintentsnltrainingprocessor
2026-02-04 20:01:39.330 appintentsnltrainingprocessor[11567:2539644] No AppShortcuts found - Skipping.

SwiftDriverJobDiscovery normal arm64 Compiling Utils.swift (in target 'RxRelay' from project 'RxSwift')

SwiftDriverJobDiscovery normal arm64 Compiling TuistBundle+RxRelay.swift (in target 'RxRelay' from project 'RxSwift')

SwiftDriver\ Compilation RxRelay normal arm64 com.apple.xcode.tools.swift.compiler (in target 'RxRelay' from project 'RxSwift')
    cd /Users/darisadam/Documents/Projects/iOS\ Apps/madabank-ios/Madabank/Tuist/.build/tuist-derived/RxSwift
    builtin-Swift-Compilation -- /Applications/Xcode.app/Contents/Developer/Toolchains/XcodeDefault.xctoolchain/usr/bin/swiftc -module-name RxRelay -Onone -enforce-exclusivity\=checked @/Users/darisadam/Library/Developer/Xcode/DerivedData/Madabank-hkohthnbjtgnoechirsoymtykttx/Build/Intermediates.noindex/RxSwift.build/Debug-iphonesimulator/RxRelay.build/Objects-normal/arm64/RxRelay.SwiftFileList -DSWIFT_PACKAGE -DDEBUG -package-name RxSwift -enable-bare-slash-regex -enable-experimental-feature DebugDescriptionMacro -sdk /Applications/Xcode.app/Contents/Developer/Platforms/iPhoneSimulator.platform/Developer/SDKs/iPhoneSimulator26.1.sdk -target arm64-apple-ios12.0-simulator -g -module-cache-path /Users/darisadam/Library/Developer/Xcode/DerivedData/ModuleCache.noindex -Xfrontend -serialize-debugging-options -enable-testing -suppress-warnings -index-store-path /Users/darisadam/Library/Developer/Xcode/DerivedData/Madabank-hkohthnbjtgnoechirsoymtykttx/Index.noindex/DataStore -Xcc -D_LIBCPP_HARDENING_MODE\=_LIBCPP_HARDENING_MODE_DEBUG -swift-version 5 -I /Users/darisadam/Library/Developer/Xcode/DerivedData/Madabank-hkohthnbjtgnoechirsoymtykttx/Build/Products/Debug-iphonesimulator -F /Users/darisadam/Library/Developer/Xcode/DerivedData/Madabank-hkohthnbjtgnoechirsoymtykttx/Build/Products/Debug-iphonesimulator -F /Applications/Xcode.app/Contents/Developer/Platforms/iPhoneSimulator.platform/Developer/Library/Frameworks -c -j8 -enable-batch-mode -incremental -Xcc -ivfsstatcache -Xcc /Users/darisadam/Library/Developer/Xcode/DerivedData/SDKStatCaches.noindex/iphonesimulator26.1-23B77-3885c01c3e6b6a337905948deab2002e90cf18a4295e390e64c810bc6bd7acbc.sdkstatcache -output-file-map /Users/darisadam/Library/Developer/Xcode/DerivedData/Madabank-hkohthnbjtgnoechirsoymtykttx/Build/Intermediates.noindex/RxSwift.build/Debug-iphonesimulator/RxRelay.build/Objects-normal/arm64/RxRelay-OutputFileMap.json -use-frontend-parseable-output -save-temps -no-color-diagnostics -explicit-module-build -module-cache-path /Users/darisadam/Library/Developer/Xcode/DerivedData/Madabank-hkohthnbjtgnoechirsoymtykttx/Build/Intermediates.noindex/SwiftExplicitPrecompiledModules -clang-scanner-module-cache-path /Users/darisadam/Library/Developer/Xcode/DerivedData/ModuleCache.noindex -sdk-module-cache-path /Users/darisadam/Library/Developer/Xcode/DerivedData/ModuleCache.noindex -serialize-diagnostics -emit-dependencies -emit-module -emit-module-path /Users/darisadam/Library/Developer/Xcode/DerivedData/Madabank-hkohthnbjtgnoechirsoymtykttx/Build/Intermediates.noindex/RxSwift.build/Debug-iphonesimulator/RxRelay.build/Objects-normal/arm64/RxRelay.swiftmodule -validate-clang-modules-once -clang-build-session-file /Users/darisadam/Library/Developer/Xcode/DerivedData/ModuleCache.noindex/Session.modulevalidation -Xcc -I/Users/darisadam/Library/Developer/Xcode/DerivedData/Madabank-hkohthnbjtgnoechirsoymtykttx/Build/Intermediates.noindex/RxSwift.build/Debug-iphonesimulator/RxRelay.build/swift-overrides.hmap -emit-const-values -Xfrontend -const-gather-protocols-file -Xfrontend /Users/darisadam/Library/Developer/Xcode/DerivedData/Madabank-hkohthnbjtgnoechirsoymtykttx/Build/Intermediates.noindex/RxSwift.build/Debug-iphonesimulator/RxRelay.build/Objects-normal/arm64/RxRelay_const_extract_protocols.json -Xcc -I/Users/darisadam/Library/Developer/Xcode/DerivedData/Madabank-hkohthnbjtgnoechirsoymtykttx/Build/Products/Debug-iphonesimulator/include -Xcc -I/Users/darisadam/Library/Developer/Xcode/DerivedData/Madabank-hkohthnbjtgnoechirsoymtykttx/Build/Intermediates.noindex/RxSwift.build/Debug-iphonesimulator/RxRelay.build/DerivedSources-normal/arm64 -Xcc -I/Users/darisadam/Library/Developer/Xcode/DerivedData/Madabank-hkohthnbjtgnoechirsoymtykttx/Build/Intermediates.noindex/RxSwift.build/Debug-iphonesimulator/RxRelay.build/DerivedSources/arm64 -Xcc -I/Users/darisadam/Library/Developer/Xcode/DerivedData/Madabank-hkohthnbjtgnoechirsoymtykttx/Build/Intermediates.noindex/RxSwift.build/Debug-iphonesimulator/RxRelay.build/DerivedSources -Xcc -DDEBUG\=1 -Xcc -DSWIFT_PACKAGE\=1 -emit-objc-header -emit-objc-header-path /Users/darisadam/Library/Developer/Xcode/DerivedData/Madabank-hkohthnbjtgnoechirsoymtykttx/Build/Intermediates.noindex/RxSwift.build/Debug-iphonesimulator/RxRelay.build/Objects-normal/arm64/RxRelay-Swift.h -working-directory /Users/darisadam/Documents/Projects/iOS\ Apps/madabank-ios/Madabank/Tuist/.build/tuist-derived/RxSwift -experimental-emit-module-separately -disable-cmo

GenerateTAPI /Users/darisadam/Library/Developer/Xcode/DerivedData/Madabank-hkohthnbjtgnoechirsoymtykttx/Build/Intermediates.noindex/EagerLinkingTBDs/Debug-iphonesimulator/SnapKit.framework/SnapKit.tbd (in target 'SnapKit' from project 'SnapKit')
    cd /Users/darisadam/Documents/Projects/iOS\ Apps/madabank-ios/Madabank/Tuist/.build/tuist-derived/SnapKit
    /Applications/Xcode.app/Contents/Developer/Toolchains/XcodeDefault.xctoolchain/usr/bin/tapi stubify -isysroot /Applications/Xcode.app/Contents/Developer/Platforms/iPhoneSimulator.platform/Developer/SDKs/iPhoneSimulator26.1.sdk -F/Users/darisadam/Library/Developer/Xcode/DerivedData/Madabank-hkohthnbjtgnoechirsoymtykttx/Build/Products/Debug-iphonesimulator -F/Applications/Xcode.app/Contents/Developer/Platforms/iPhoneSimulator.platform/Developer/Library/Frameworks -L/Users/darisadam/Library/Developer/Xcode/DerivedData/Madabank-hkohthnbjtgnoechirsoymtykttx/Build/Products/Debug-iphonesimulator /Users/darisadam/Library/Developer/Xcode/DerivedData/Madabank-hkohthnbjtgnoechirsoymtykttx/Build/Products/Debug-iphonesimulator/SnapKit.framework/SnapKit -o /Users/darisadam/Library/Developer/Xcode/DerivedData/Madabank-hkohthnbjtgnoechirsoymtykttx/Build/Intermediates.noindex/EagerLinkingTBDs/Debug-iphonesimulator/SnapKit.framework/SnapKit.tbd

Ld /Users/darisadam/Library/Developer/Xcode/DerivedData/Madabank-hkohthnbjtgnoechirsoymtykttx/Build/Products/Debug-iphonesimulator/RxRelay.framework/RxRelay normal (in target 'RxRelay' from project 'RxSwift')
    cd /Users/darisadam/Documents/Projects/iOS\ Apps/madabank-ios/Madabank/Tuist/.build/tuist-derived/RxSwift
    /Applications/Xcode.app/Contents/Developer/Toolchains/XcodeDefault.xctoolchain/usr/bin/clang -Xlinker -reproducible -target arm64-apple-ios12.0-simulator -dynamiclib -isysroot /Applications/Xcode.app/Contents/Developer/Platforms/iPhoneSimulator.platform/Developer/SDKs/iPhoneSimulator26.1.sdk -O0 -L/Users/darisadam/Library/Developer/Xcode/DerivedData/Madabank-hkohthnbjtgnoechirsoymtykttx/Build/Intermediates.noindex/EagerLinkingTBDs/Debug-iphonesimulator -L/Users/darisadam/Library/Developer/Xcode/DerivedData/Madabank-hkohthnbjtgnoechirsoymtykttx/Build/Products/Debug-iphonesimulator -F/Users/darisadam/Library/Developer/Xcode/DerivedData/Madabank-hkohthnbjtgnoechirsoymtykttx/Build/Intermediates.noindex/EagerLinkingTBDs/Debug-iphonesimulator -F/Users/darisadam/Library/Developer/Xcode/DerivedData/Madabank-hkohthnbjtgnoechirsoymtykttx/Build/Products/Debug-iphonesimulator -F/Applications/Xcode.app/Contents/Developer/Platforms/iPhoneSimulator.platform/Developer/Library/Frameworks -filelist /Users/darisadam/Library/Developer/Xcode/DerivedData/Madabank-hkohthnbjtgnoechirsoymtykttx/Build/Intermediates.noindex/RxSwift.build/Debug-iphonesimulator/RxRelay.build/Objects-normal/arm64/RxRelay.LinkFileList -install_name @rpath/RxRelay.framework/RxRelay -Xlinker -rpath -Xlinker /usr/lib/swift -Xlinker -rpath -Xlinker @executable_path/Frameworks -Xlinker -rpath -Xlinker @loader_path/Frameworks -dead_strip -Xlinker -object_path_lto -Xlinker /Users/darisadam/Library/Developer/Xcode/DerivedData/Madabank-hkohthnbjtgnoechirsoymtykttx/Build/Intermediates.noindex/RxSwift.build/Debug-iphonesimulator/RxRelay.build/Objects-normal/arm64/RxRelay_lto.o -rdynamic -Xlinker -no_deduplicate -Xlinker -objc_abi_version -Xlinker 2 -Xlinker -dependency_info -Xlinker /Users/darisadam/Library/Developer/Xcode/DerivedData/Madabank-hkohthnbjtgnoechirsoymtykttx/Build/Intermediates.noindex/RxSwift.build/Debug-iphonesimulator/RxRelay.build/Objects-normal/arm64/RxRelay_dependency_info.dat -fobjc-link-runtime -L/Applications/Xcode.app/Contents/Developer/Toolchains/XcodeDefault.xctoolchain/usr/lib/swift/iphonesimulator -L/usr/lib/swift -Xlinker -add_ast_path -Xlinker /Users/darisadam/Library/Developer/Xcode/DerivedData/Madabank-hkohthnbjtgnoechirsoymtykttx/Build/Intermediates.noindex/RxSwift.build/Debug-iphonesimulator/RxRelay.build/Objects-normal/arm64/RxRelay.swiftmodule @/Users/darisadam/Library/Developer/Xcode/DerivedData/Madabank-hkohthnbjtgnoechirsoymtykttx/Build/Intermediates.noindex/RxSwift.build/Debug-iphonesimulator/RxRelay.build/Objects-normal/arm64/RxRelay-linker-args.resp -framework RxSwift -Xlinker -no_adhoc_codesign -compatibility_version 1 -current_version 1 -o /Users/darisadam/Library/Developer/Xcode/DerivedData/Madabank-hkohthnbjtgnoechirsoymtykttx/Build/Products/Debug-iphonesimulator/RxRelay.framework/RxRelay

CodeSign /Users/darisadam/Library/Developer/Xcode/DerivedData/Madabank-hkohthnbjtgnoechirsoymtykttx/Build/Products/Debug-iphonesimulator/SnapKit.framework (in target 'SnapKit' from project 'SnapKit')
    cd /Users/darisadam/Documents/Projects/iOS\ Apps/madabank-ios/Madabank/Tuist/.build/tuist-derived/SnapKit
    
    Signing Identity:     "Sign to Run Locally"
    
    /usr/bin/codesign --force --sign - --timestamp\=none --generate-entitlement-der /Users/darisadam/Library/Developer/Xcode/DerivedData/Madabank-hkohthnbjtgnoechirsoymtykttx/Build/Products/Debug-iphonesimulator/SnapKit.framework

RegisterExecutionPolicyException /Users/darisadam/Library/Developer/Xcode/DerivedData/Madabank-hkohthnbjtgnoechirsoymtykttx/Build/Products/Debug-iphonesimulator/SnapKit.framework (in target 'SnapKit' from project 'SnapKit')
    cd /Users/darisadam/Documents/Projects/iOS\ Apps/madabank-ios/Madabank/Tuist/.build/tuist-derived/SnapKit
    builtin-RegisterExecutionPolicyException /Users/darisadam/Library/Developer/Xcode/DerivedData/Madabank-hkohthnbjtgnoechirsoymtykttx/Build/Products/Debug-iphonesimulator/SnapKit.framework

Touch /Users/darisadam/Library/Developer/Xcode/DerivedData/Madabank-hkohthnbjtgnoechirsoymtykttx/Build/Products/Debug-iphonesimulator/SnapKit.framework (in target 'SnapKit' from project 'SnapKit')
    cd /Users/darisadam/Documents/Projects/iOS\ Apps/madabank-ios/Madabank/Tuist/.build/tuist-derived/SnapKit
    /usr/bin/touch -c /Users/darisadam/Library/Developer/Xcode/DerivedData/Madabank-hkohthnbjtgnoechirsoymtykttx/Build/Products/Debug-iphonesimulator/SnapKit.framework

SwiftEmitModule normal arm64 Emitting\ module\ for\ Domain (in target 'Domain' from project 'Domain')
EmitSwiftModule normal arm64 (in target 'Domain' from project 'Domain')
    cd /Users/darisadam/Documents/Projects/iOS\ Apps/madabank-ios/Madabank/Modules/Shared/Domain
    

SwiftCompile normal arm64 Compiling\ AddBeneficiaryUseCase.swift /Users/darisadam/Documents/Projects/iOS\ Apps/madabank-ios/Madabank/Modules/Shared/Domain/Sources/UseCases/AddBeneficiaryUseCase.swift (in target 'Domain' from project 'Domain')

SwiftCompile normal arm64 /Users/darisadam/Documents/Projects/iOS\ Apps/madabank-ios/Madabank/Modules/Shared/Domain/Sources/UseCases/AddBeneficiaryUseCase.swift (in target 'Domain' from project 'Domain')
    cd /Users/darisadam/Documents/Projects/iOS\ Apps/madabank-ios/Madabank/Modules/Shared/Domain
    

SwiftCompile normal arm64 Compiling\ DepositUseCase.swift /Users/darisadam/Documents/Projects/iOS\ Apps/madabank-ios/Madabank/Modules/Shared/Domain/Sources/UseCases/DepositUseCase.swift (in target 'Domain' from project 'Domain')

SwiftCompile normal arm64 /Users/darisadam/Documents/Projects/iOS\ Apps/madabank-ios/Madabank/Modules/Shared/Domain/Sources/UseCases/DepositUseCase.swift (in target 'Domain' from project 'Domain')
    cd /Users/darisadam/Documents/Projects/iOS\ Apps/madabank-ios/Madabank/Modules/Shared/Domain
    

SwiftCompile normal arm64 Compiling\ Beneficiary.swift /Users/darisadam/Documents/Projects/iOS\ Apps/madabank-ios/Madabank/Modules/Shared/Domain/Sources/Entities/Beneficiary.swift (in target 'Domain' from project 'Domain')
SwiftCompile normal arm64 /Users/darisadam/Documents/Projects/iOS\ Apps/madabank-ios/Madabank/Modules/Shared/Domain/Sources/Entities/Beneficiary.swift (in target 'Domain' from project 'Domain')
    cd /Users/darisadam/Documents/Projects/iOS\ Apps/madabank-ios/Madabank/Modules/Shared/Domain
    

SwiftCompile normal arm64 Compiling\ WithdrawUseCase.swift /Users/darisadam/Documents/Projects/iOS\ Apps/madabank-ios/Madabank/Modules/Shared/Domain/Sources/UseCases/WithdrawUseCase.swift (in target 'Domain' from project 'Domain')

SwiftCompile normal arm64 /Users/darisadam/Documents/Projects/iOS\ Apps/madabank-ios/Madabank/Modules/Shared/Domain/Sources/UseCases/WithdrawUseCase.swift (in target 'Domain' from project 'Domain')
    cd /Users/darisadam/Documents/Projects/iOS\ Apps/madabank-ios/Madabank/Modules/Shared/Domain
    

SwiftCompile normal arm64 Compiling\ GetBeneficiariesUseCase.swift /Users/darisadam/Documents/Projects/iOS\ Apps/madabank-ios/Madabank/Modules/Shared/Domain/Sources/UseCases/GetBeneficiariesUseCase.swift (in target 'Domain' from project 'Domain')

SwiftCompile normal arm64 /Users/darisadam/Documents/Projects/iOS\ Apps/madabank-ios/Madabank/Modules/Shared/Domain/Sources/UseCases/GetBeneficiariesUseCase.swift (in target 'Domain' from project 'Domain')
    cd /Users/darisadam/Documents/Projects/iOS\ Apps/madabank-ios/Madabank/Modules/Shared/Domain
    

SwiftCompile normal arm64 Compiling\ BeneficiaryRepositoryProtocol.swift /Users/darisadam/Documents/Projects/iOS\ Apps/madabank-ios/Madabank/Modules/Shared/Domain/Sources/Interfaces/Repositories/BeneficiaryRepositoryProtocol.swift (in target 'Domain' from project 'Domain')

SwiftCompile normal arm64 /Users/darisadam/Documents/Projects/iOS\ Apps/madabank-ios/Madabank/Modules/Shared/Domain/Sources/Interfaces/Repositories/BeneficiaryRepositoryProtocol.swift (in target 'Domain' from project 'Domain')
    cd /Users/darisadam/Documents/Projects/iOS\ Apps/madabank-ios/Madabank/Modules/Shared/Domain
    

SwiftExplicitDependencyGeneratePcm arm64 /Users/darisadam/Library/Developer/Xcode/DerivedData/Madabank-hkohthnbjtgnoechirsoymtykttx/Build/Intermediates.noindex/SwiftExplicitPrecompiledModules/RxCocoaRuntime-48AWXBIT2FSOSN5VB1YD7U5O7.pcm

PrecompileModule /Users/darisadam/Library/Developer/Xcode/DerivedData/Madabank-hkohthnbjtgnoechirsoymtykttx/Build/Intermediates.noindex/ExplicitPrecompiledModules/ObjectiveC-1WHXM61CH8Y6HMMY6MPXG666O.scan
    cd /
    builtin-precompileModule /Users/darisadam/Library/Developer/Xcode/DerivedData/Madabank-hkohthnbjtgnoechirsoymtykttx/Build/Intermediates.noindex/ExplicitPrecompiledModules/ObjectiveC-1WHXM61CH8Y6HMMY6MPXG666O.scan

SwiftDriverJobDiscovery normal arm64 Compiling BeneficiaryRepositoryProtocol.swift (in target 'Domain' from project 'Domain')

SwiftEmitModule normal arm64 Emitting\ module\ for\ RxCocoa (in target 'RxCocoa' from project 'RxSwift')
EmitSwiftModule normal arm64 (in target 'RxCocoa' from project 'RxSwift')
    cd /Users/darisadam/Documents/Projects/iOS\ Apps/madabank-ios/Madabank/Tuist/.build/tuist-derived/RxSwift
    

ExtractAppIntentsMetadata (in target 'RxRelay' from project 'RxSwift')
    cd /Users/darisadam/Documents/Projects/iOS\ Apps/madabank-ios/Madabank/Tuist/.build/tuist-derived/RxSwift
    /Applications/Xcode.app/Contents/Developer/Toolchains/XcodeDefault.xctoolchain/usr/bin/appintentsmetadataprocessor --toolchain-dir /var/run/com.apple.security.cryptexd/mnt/com.apple.MobileAsset.MetalToolchain-v17.2.54.0.wH8bUi/Metal.xctoolchain --module-name RxRelay --sdk-root /Applications/Xcode.app/Contents/Developer/Platforms/iPhoneSimulator.platform/Developer/SDKs/iPhoneSimulator26.1.sdk --xcode-version 17B100 --platform-family iOS --deployment-target 12.0 --bundle-identifier dev.tuist.RxRelay --output /Users/darisadam/Library/Developer/Xcode/DerivedData/Madabank-hkohthnbjtgnoechirsoymtykttx/Build/Products/Debug-iphonesimulator/RxRelay.framework --target-triple arm64-apple-ios12.0-simulator --binary-file /Users/darisadam/Library/Developer/Xcode/DerivedData/Madabank-hkohthnbjtgnoechirsoymtykttx/Build/Products/Debug-iphonesimulator/RxRelay.framework/RxRelay --dependency-file /Users/darisadam/Library/Developer/Xcode/DerivedData/Madabank-hkohthnbjtgnoechirsoymtykttx/Build/Intermediates.noindex/RxSwift.build/Debug-iphonesimulator/RxRelay.build/Objects-normal/arm64/RxRelay_dependency_info.dat --stringsdata-file /Users/darisadam/Library/Developer/Xcode/DerivedData/Madabank-hkohthnbjtgnoechirsoymtykttx/Build/Intermediates.noindex/RxSwift.build/Debug-iphonesimulator/RxRelay.build/Objects-normal/arm64/ExtractedAppShortcutsMetadata.stringsdata --source-file-list /Users/darisadam/Library/Developer/Xcode/DerivedData/Madabank-hkohthnbjtgnoechirsoymtykttx/Build/Intermediates.noindex/RxSwift.build/Debug-iphonesimulator/RxRelay.build/Objects-normal/arm64/RxRelay.SwiftFileList --metadata-file-list /Users/darisadam/Library/Developer/Xcode/DerivedData/Madabank-hkohthnbjtgnoechirsoymtykttx/Build/Intermediates.noindex/RxSwift.build/Debug-iphonesimulator/RxRelay.build/RxRelay.DependencyMetadataFileList --static-metadata-file-list /Users/darisadam/Library/Developer/Xcode/DerivedData/Madabank-hkohthnbjtgnoechirsoymtykttx/Build/Intermediates.noindex/RxSwift.build/Debug-iphonesimulator/RxRelay.build/RxRelay.DependencyStaticMetadataFileList --swift-const-vals-list /Users/darisadam/Library/Developer/Xcode/DerivedData/Madabank-hkohthnbjtgnoechirsoymtykttx/Build/Intermediates.noindex/RxSwift.build/Debug-iphonesimulator/RxRelay.build/Objects-normal/arm64/RxRelay.SwiftConstValuesFileList --compile-time-extraction --deployment-aware-processing --validate-assistant-intents --no-app-shortcuts-localization
2026-02-04 20:01:39.768 appintentsmetadataprocessor[11586:2539715] Starting appintentsmetadataprocessor export
2026-02-04 20:01:39.771 appintentsmetadataprocessor[11586:2539715] warning: Metadata extraction skipped. No AppIntents.framework dependency found.

SwiftDriverJobDiscovery normal arm64 Compiling GetBeneficiariesUseCase.swift (in target 'Domain' from project 'Domain')

SwiftCompile normal arm64 Compiling\ UISlider+Rx.swift,\ UIStepper+Rx.swift,\ UISwitch+Rx.swift,\ UITabBar+Rx.swift,\ UITabBarController+Rx.swift,\ UITableView+Rx.swift,\ UITextField+Rx.swift,\ UITextView+Rx.swift,\ URLSession+Rx.swift,\ WKWebView+Rx.swift,\ TuistBundle+RxCocoa.swift /Users/darisadam/Documents/Projects/iOS\ Apps/madabank-ios/Madabank/Tuist/.build/checkouts/RxSwift/Sources/RxCocoa/UISlider+Rx.swift /Users/darisadam/Documents/Projects/iOS\ Apps/madabank-ios/Madabank/Tuist/.build/checkouts/RxSwift/Sources/RxCocoa/UIStepper+Rx.swift /Users/darisadam/Documents/Projects/iOS\ Apps/madabank-ios/Madabank/Tuist/.build/checkouts/RxSwift/Sources/RxCocoa/UISwitch+Rx.swift /Users/darisadam/Documents/Projects/iOS\ Apps/madabank-ios/Madabank/Tuist/.build/checkouts/RxSwift/Sources/RxCocoa/UITabBar+Rx.swift /Users/darisadam/Documents/Projects/iOS\ Apps/madabank-ios/Madabank/Tuist/.build/checkouts/RxSwift/Sources/RxCocoa/UITabBarController+Rx.swift /Users/darisadam/Documents/Projects/iOS\ Apps/madabank-ios/Madabank/Tuist/.build/checkouts/RxSwift/Sources/RxCocoa/UITableView+Rx.swift /Users/darisadam/Documents/Projects/iOS\ Apps/madabank-ios/Madabank/Tuist/.build/checkouts/RxSwift/Sources/RxCocoa/UITextField+Rx.swift /Users/darisadam/Documents/Projects/iOS\ Apps/madabank-ios/Madabank/Tuist/.build/checkouts/RxSwift/Sources/RxCocoa/UITextView+Rx.swift /Users/darisadam/Documents/Projects/iOS\ Apps/madabank-ios/Madabank/Tuist/.build/checkouts/RxSwift/Sources/RxCocoa/URLSession+Rx.swift /Users/darisadam/Documents/Projects/iOS\ Apps/madabank-ios/Madabank/Tuist/.build/checkouts/RxSwift/Sources/RxCocoa/WKWebView+Rx.swift /Users/darisadam/Documents/Projects/iOS\ Apps/madabank-ios/Madabank/Tuist/.build/tuist-derived/RxCocoa/Sources/TuistBundle+RxCocoa.swift (in target 'RxCocoa' from project 'RxSwift')
SwiftCompile normal arm64 /Users/darisadam/Documents/Projects/iOS\ Apps/madabank-ios/Madabank/Tuist/.build/checkouts/RxSwift/Sources/RxCocoa/UISlider+Rx.swift (in target 'RxCocoa' from project 'RxSwift')
    cd /Users/darisadam/Documents/Projects/iOS\ Apps/madabank-ios/Madabank/Tuist/.build/tuist-derived/RxSwift
    

SwiftCompile normal arm64 /Users/darisadam/Documents/Projects/iOS\ Apps/madabank-ios/Madabank/Tuist/.build/checkouts/RxSwift/Sources/RxCocoa/UIStepper+Rx.swift (in target 'RxCocoa' from project 'RxSwift')
    cd /Users/darisadam/Documents/Projects/iOS\ Apps/madabank-ios/Madabank/Tuist/.build/tuist-derived/RxSwift
    

SwiftCompile normal arm64 /Users/darisadam/Documents/Projects/iOS\ Apps/madabank-ios/Madabank/Tuist/.build/checkouts/RxSwift/Sources/RxCocoa/UISwitch+Rx.swift (in target 'RxCocoa' from project 'RxSwift')
    cd /Users/darisadam/Documents/Projects/iOS\ Apps/madabank-ios/Madabank/Tuist/.build/tuist-derived/RxSwift
    

SwiftCompile normal arm64 /Users/darisadam/Documents/Projects/iOS\ Apps/madabank-ios/Madabank/Tuist/.build/checkouts/RxSwift/Sources/RxCocoa/UITabBar+Rx.swift (in target 'RxCocoa' from project 'RxSwift')
    cd /Users/darisadam/Documents/Projects/iOS\ Apps/madabank-ios/Madabank/Tuist/.build/tuist-derived/RxSwift
    

SwiftCompile normal arm64 /Users/darisadam/Documents/Projects/iOS\ Apps/madabank-ios/Madabank/Tuist/.build/checkouts/RxSwift/Sources/RxCocoa/UITabBarController+Rx.swift (in target 'RxCocoa' from project 'RxSwift')
    cd /Users/darisadam/Documents/Projects/iOS\ Apps/madabank-ios/Madabank/Tuist/.build/tuist-derived/RxSwift
    

SwiftCompile normal arm64 /Users/darisadam/Documents/Projects/iOS\ Apps/madabank-ios/Madabank/Tuist/.build/checkouts/RxSwift/Sources/RxCocoa/UITableView+Rx.swift (in target 'RxCocoa' from project 'RxSwift')
    cd /Users/darisadam/Documents/Projects/iOS\ Apps/madabank-ios/Madabank/Tuist/.build/tuist-derived/RxSwift
    

SwiftCompile normal arm64 /Users/darisadam/Documents/Projects/iOS\ Apps/madabank-ios/Madabank/Tuist/.build/checkouts/RxSwift/Sources/RxCocoa/UITextField+Rx.swift (in target 'RxCocoa' from project 'RxSwift')
    cd /Users/darisadam/Documents/Projects/iOS\ Apps/madabank-ios/Madabank/Tuist/.build/tuist-derived/RxSwift
    

SwiftCompile normal arm64 /Users/darisadam/Documents/Projects/iOS\ Apps/madabank-ios/Madabank/Tuist/.build/checkouts/RxSwift/Sources/RxCocoa/UITextView+Rx.swift (in target 'RxCocoa' from project 'RxSwift')
    cd /Users/darisadam/Documents/Projects/iOS\ Apps/madabank-ios/Madabank/Tuist/.build/tuist-derived/RxSwift
    

SwiftCompile normal arm64 /Users/darisadam/Documents/Projects/iOS\ Apps/madabank-ios/Madabank/Tuist/.build/checkouts/RxSwift/Sources/RxCocoa/URLSession+Rx.swift (in target 'RxCocoa' from project 'RxSwift')
    cd /Users/darisadam/Documents/Projects/iOS\ Apps/madabank-ios/Madabank/Tuist/.build/tuist-derived/RxSwift
    

SwiftCompile normal arm64 /Users/darisadam/Documents/Projects/iOS\ Apps/madabank-ios/Madabank/Tuist/.build/checkouts/RxSwift/Sources/RxCocoa/WKWebView+Rx.swift (in target 'RxCocoa' from project 'RxSwift')
    cd /Users/darisadam/Documents/Projects/iOS\ Apps/madabank-ios/Madabank/Tuist/.build/tuist-derived/RxSwift
    

SwiftCompile normal arm64 /Users/darisadam/Documents/Projects/iOS\ Apps/madabank-ios/Madabank/Tuist/.build/tuist-derived/RxCocoa/Sources/TuistBundle+RxCocoa.swift (in target 'RxCocoa' from project 'RxSwift')
    cd /Users/darisadam/Documents/Projects/iOS\ Apps/madabank-ios/Madabank/Tuist/.build/tuist-derived/RxSwift
    

SwiftDriverJobDiscovery normal arm64 Compiling DepositUseCase.swift (in target 'Domain' from project 'Domain')

SwiftCompile normal arm64 Compiling\ RxCollectionViewDataSourcePrefetchingProxy.swift,\ RxCollectionViewDataSourceProxy.swift,\ RxCollectionViewDataSourceType.swift,\ RxCollectionViewDelegateProxy.swift,\ RxCollectionViewReactiveArrayDataSource.swift,\ RxNavigationControllerDelegateProxy.swift,\ RxPickerViewAdapter.swift,\ RxPickerViewDataSourceProxy.swift,\ RxPickerViewDataSourceType.swift,\ RxPickerViewDelegateProxy.swift,\ RxScrollViewDelegateProxy.swift,\ RxSearchBarDelegateProxy.swift /Users/darisadam/Documents/Projects/iOS\ Apps/madabank-ios/Madabank/Tuist/.build/checkouts/RxSwift/Sources/RxCocoa/RxCollectionViewDataSourcePrefetchingProxy.swift /Users/darisadam/Documents/Projects/iOS\ Apps/madabank-ios/Madabank/Tuist/.build/checkouts/RxSwift/Sources/RxCocoa/RxCollectionViewDataSourceProxy.swift /Users/darisadam/Documents/Projects/iOS\ Apps/madabank-ios/Madabank/Tuist/.build/checkouts/RxSwift/Sources/RxCocoa/RxCollectionViewDataSourceType.swift /Users/darisadam/Documents/Projects/iOS\ Apps/madabank-ios/Madabank/Tuist/.build/checkouts/RxSwift/Sources/RxCocoa/RxCollectionViewDelegateProxy.swift /Users/darisadam/Documents/Projects/iOS\ Apps/madabank-ios/Madabank/Tuist/.build/checkouts/RxSwift/Sources/RxCocoa/RxCollectionViewReactiveArrayDataSource.swift /Users/darisadam/Documents/Projects/iOS\ Apps/madabank-ios/Madabank/Tuist/.build/checkouts/RxSwift/Sources/RxCocoa/RxNavigationControllerDelegateProxy.swift /Users/darisadam/Documents/Projects/iOS\ Apps/madabank-ios/Madabank/Tuist/.build/checkouts/RxSwift/Sources/RxCocoa/RxPickerViewAdapter.swift /Users/darisadam/Documents/Projects/iOS\ Apps/madabank-ios/Madabank/Tuist/.build/checkouts/RxSwift/Sources/RxCocoa/RxPickerViewDataSourceProxy.swift /Users/darisadam/Documents/Projects/iOS\ Apps/madabank-ios/Madabank/Tuist/.build/checkouts/RxSwift/Sources/RxCocoa/RxPickerViewDataSourceType.swift /Users/darisadam/Documents/Projects/iOS\ Apps/madabank-ios/Madabank/Tuist/.build/checkouts/RxSwift/Sources/RxCocoa/RxPickerViewDelegateProxy.swift /Users/darisadam/Documents/Projects/iOS\ Apps/madabank-ios/Madabank/Tuist/.build/checkouts/RxSwift/Sources/RxCocoa/RxScrollViewDelegateProxy.swift /Users/darisadam/Documents/Projects/iOS\ Apps/madabank-ios/Madabank/Tuist/.build/checkouts/RxSwift/Sources/RxCocoa/RxSearchBarDelegateProxy.swift (in target 'RxCocoa' from project 'RxSwift')
SwiftCompile normal arm64 /Users/darisadam/Documents/Projects/iOS\ Apps/madabank-ios/Madabank/Tuist/.build/checkouts/RxSwift/Sources/RxCocoa/RxCollectionViewDataSourcePrefetchingProxy.swift (in target 'RxCocoa' from project 'RxSwift')
    cd /Users/darisadam/Documents/Projects/iOS\ Apps/madabank-ios/Madabank/Tuist/.build/tuist-derived/RxSwift
    

SwiftCompile normal arm64 /Users/darisadam/Documents/Projects/iOS\ Apps/madabank-ios/Madabank/Tuist/.build/checkouts/RxSwift/Sources/RxCocoa/RxCollectionViewDataSourceProxy.swift (in target 'RxCocoa' from project 'RxSwift')
    cd /Users/darisadam/Documents/Projects/iOS\ Apps/madabank-ios/Madabank/Tuist/.build/tuist-derived/RxSwift
    

SwiftCompile normal arm64 /Users/darisadam/Documents/Projects/iOS\ Apps/madabank-ios/Madabank/Tuist/.build/checkouts/RxSwift/Sources/RxCocoa/RxCollectionViewDataSourceType.swift (in target 'RxCocoa' from project 'RxSwift')
    cd /Users/darisadam/Documents/Projects/iOS\ Apps/madabank-ios/Madabank/Tuist/.build/tuist-derived/RxSwift
    

SwiftCompile normal arm64 /Users/darisadam/Documents/Projects/iOS\ Apps/madabank-ios/Madabank/Tuist/.build/checkouts/RxSwift/Sources/RxCocoa/RxCollectionViewDelegateProxy.swift (in target 'RxCocoa' from project 'RxSwift')
    cd /Users/darisadam/Documents/Projects/iOS\ Apps/madabank-ios/Madabank/Tuist/.build/tuist-derived/RxSwift
    

SwiftCompile normal arm64 /Users/darisadam/Documents/Projects/iOS\ Apps/madabank-ios/Madabank/Tuist/.build/checkouts/RxSwift/Sources/RxCocoa/RxCollectionViewReactiveArrayDataSource.swift (in target 'RxCocoa' from project 'RxSwift')
    cd /Users/darisadam/Documents/Projects/iOS\ Apps/madabank-ios/Madabank/Tuist/.build/tuist-derived/RxSwift
    

SwiftCompile normal arm64 /Users/darisadam/Documents/Projects/iOS\ Apps/madabank-ios/Madabank/Tuist/.build/checkouts/RxSwift/Sources/RxCocoa/RxNavigationControllerDelegateProxy.swift (in target 'RxCocoa' from project 'RxSwift')
    cd /Users/darisadam/Documents/Projects/iOS\ Apps/madabank-ios/Madabank/Tuist/.build/tuist-derived/RxSwift
    

SwiftCompile normal arm64 /Users/darisadam/Documents/Projects/iOS\ Apps/madabank-ios/Madabank/Tuist/.build/checkouts/RxSwift/Sources/RxCocoa/RxPickerViewAdapter.swift (in target 'RxCocoa' from project 'RxSwift')
    cd /Users/darisadam/Documents/Projects/iOS\ Apps/madabank-ios/Madabank/Tuist/.build/tuist-derived/RxSwift
    

SwiftCompile normal arm64 /Users/darisadam/Documents/Projects/iOS\ Apps/madabank-ios/Madabank/Tuist/.build/checkouts/RxSwift/Sources/RxCocoa/RxPickerViewDataSourceProxy.swift (in target 'RxCocoa' from project 'RxSwift')
    cd /Users/darisadam/Documents/Projects/iOS\ Apps/madabank-ios/Madabank/Tuist/.build/tuist-derived/RxSwift
    

SwiftCompile normal arm64 /Users/darisadam/Documents/Projects/iOS\ Apps/madabank-ios/Madabank/Tuist/.build/checkouts/RxSwift/Sources/RxCocoa/RxPickerViewDataSourceType.swift (in target 'RxCocoa' from project 'RxSwift')
    cd /Users/darisadam/Documents/Projects/iOS\ Apps/madabank-ios/Madabank/Tuist/.build/tuist-derived/RxSwift
    

SwiftCompile normal arm64 /Users/darisadam/Documents/Projects/iOS\ Apps/madabank-ios/Madabank/Tuist/.build/checkouts/RxSwift/Sources/RxCocoa/RxPickerViewDelegateProxy.swift (in target 'RxCocoa' from project 'RxSwift')
    cd /Users/darisadam/Documents/Projects/iOS\ Apps/madabank-ios/Madabank/Tuist/.build/tuist-derived/RxSwift
    

SwiftCompile normal arm64 /Users/darisadam/Documents/Projects/iOS\ Apps/madabank-ios/Madabank/Tuist/.build/checkouts/RxSwift/Sources/RxCocoa/RxScrollViewDelegateProxy.swift (in target 'RxCocoa' from project 'RxSwift')
    cd /Users/darisadam/Documents/Projects/iOS\ Apps/madabank-ios/Madabank/Tuist/.build/tuist-derived/RxSwift
    

SwiftCompile normal arm64 /Users/darisadam/Documents/Projects/iOS\ Apps/madabank-ios/Madabank/Tuist/.build/checkouts/RxSwift/Sources/RxCocoa/RxSearchBarDelegateProxy.swift (in target 'RxCocoa' from project 'RxSwift')
    cd /Users/darisadam/Documents/Projects/iOS\ Apps/madabank-ios/Madabank/Tuist/.build/tuist-derived/RxSwift
    

SwiftDriverJobDiscovery normal arm64 Compiling WithdrawUseCase.swift (in target 'Domain' from project 'Domain')

SwiftCompile normal arm64 Compiling\ SchedulerType+SharedSequence.swift,\ SectionedViewDataSourceType.swift,\ SharedSequence+Concurrency.swift,\ SharedSequence+Operators+arity.swift,\ SharedSequence+Operators.swift,\ SharedSequence.swift,\ Signal+Subscription.swift,\ Signal.swift,\ TextInput.swift,\ UIActivityIndicatorView+Rx.swift,\ UIApplication+Rx.swift,\ UIBarButtonItem+Rx.swift /Users/darisadam/Documents/Projects/iOS\ Apps/madabank-ios/Madabank/Tuist/.build/checkouts/RxSwift/Sources/RxCocoa/SchedulerType+SharedSequence.swift /Users/darisadam/Documents/Projects/iOS\ Apps/madabank-ios/Madabank/Tuist/.build/checkouts/RxSwift/Sources/RxCocoa/SectionedViewDataSourceType.swift /Users/darisadam/Documents/Projects/iOS\ Apps/madabank-ios/Madabank/Tuist/.build/checkouts/RxSwift/Sources/RxCocoa/SharedSequence+Concurrency.swift /Users/darisadam/Documents/Projects/iOS\ Apps/madabank-ios/Madabank/Tuist/.build/checkouts/RxSwift/Sources/RxCocoa/SharedSequence+Operators+arity.swift /Users/darisadam/Documents/Projects/iOS\ Apps/madabank-ios/Madabank/Tuist/.build/checkouts/RxSwift/Sources/RxCocoa/SharedSequence+Operators.swift /Users/darisadam/Documents/Projects/iOS\ Apps/madabank-ios/Madabank/Tuist/.build/checkouts/RxSwift/Sources/RxCocoa/SharedSequence.swift /Users/darisadam/Documents/Projects/iOS\ Apps/madabank-ios/Madabank/Tuist/.build/checkouts/RxSwift/Sources/RxCocoa/Signal+Subscription.swift /Users/darisadam/Documents/Projects/iOS\ Apps/madabank-ios/Madabank/Tuist/.build/checkouts/RxSwift/Sources/RxCocoa/Signal.swift /Users/darisadam/Documents/Projects/iOS\ Apps/madabank-ios/Madabank/Tuist/.build/checkouts/RxSwift/Sources/RxCocoa/TextInput.swift /Users/darisadam/Documents/Projects/iOS\ Apps/madabank-ios/Madabank/Tuist/.build/checkouts/RxSwift/Sources/RxCocoa/UIActivityIndicatorView+Rx.swift /Users/darisadam/Documents/Projects/iOS\ Apps/madabank-ios/Madabank/Tuist/.build/checkouts/RxSwift/Sources/RxCocoa/UIApplication+Rx.swift /Users/darisadam/Documents/Projects/iOS\ Apps/madabank-ios/Madabank/Tuist/.build/checkouts/RxSwift/Sources/RxCocoa/UIBarButtonItem+Rx.swift (in target 'RxCocoa' from project 'RxSwift')
SwiftCompile normal arm64 /Users/darisadam/Documents/Projects/iOS\ Apps/madabank-ios/Madabank/Tuist/.build/checkouts/RxSwift/Sources/RxCocoa/SchedulerType+SharedSequence.swift (in target 'RxCocoa' from project 'RxSwift')
    cd /Users/darisadam/Documents/Projects/iOS\ Apps/madabank-ios/Madabank/Tuist/.build/tuist-derived/RxSwift
    

SwiftCompile normal arm64 /Users/darisadam/Documents/Projects/iOS\ Apps/madabank-ios/Madabank/Tuist/.build/checkouts/RxSwift/Sources/RxCocoa/SectionedViewDataSourceType.swift (in target 'RxCocoa' from project 'RxSwift')
    cd /Users/darisadam/Documents/Projects/iOS\ Apps/madabank-ios/Madabank/Tuist/.build/tuist-derived/RxSwift
    

SwiftCompile normal arm64 /Users/darisadam/Documents/Projects/iOS\ Apps/madabank-ios/Madabank/Tuist/.build/checkouts/RxSwift/Sources/RxCocoa/SharedSequence+Concurrency.swift (in target 'RxCocoa' from project 'RxSwift')
    cd /Users/darisadam/Documents/Projects/iOS\ Apps/madabank-ios/Madabank/Tuist/.build/tuist-derived/RxSwift
    

SwiftCompile normal arm64 /Users/darisadam/Documents/Projects/iOS\ Apps/madabank-ios/Madabank/Tuist/.build/checkouts/RxSwift/Sources/RxCocoa/SharedSequence+Operators+arity.swift (in target 'RxCocoa' from project 'RxSwift')
    cd /Users/darisadam/Documents/Projects/iOS\ Apps/madabank-ios/Madabank/Tuist/.build/tuist-derived/RxSwift
    

SwiftCompile normal arm64 /Users/darisadam/Documents/Projects/iOS\ Apps/madabank-ios/Madabank/Tuist/.build/checkouts/RxSwift/Sources/RxCocoa/SharedSequence+Operators.swift (in target 'RxCocoa' from project 'RxSwift')
    cd /Users/darisadam/Documents/Projects/iOS\ Apps/madabank-ios/Madabank/Tuist/.build/tuist-derived/RxSwift
    

SwiftCompile normal arm64 /Users/darisadam/Documents/Projects/iOS\ Apps/madabank-ios/Madabank/Tuist/.build/checkouts/RxSwift/Sources/RxCocoa/SharedSequence.swift (in target 'RxCocoa' from project 'RxSwift')
    cd /Users/darisadam/Documents/Projects/iOS\ Apps/madabank-ios/Madabank/Tuist/.build/tuist-derived/RxSwift
    

SwiftCompile normal arm64 /Users/darisadam/Documents/Projects/iOS\ Apps/madabank-ios/Madabank/Tuist/.build/checkouts/RxSwift/Sources/RxCocoa/Signal+Subscription.swift (in target 'RxCocoa' from project 'RxSwift')
    cd /Users/darisadam/Documents/Projects/iOS\ Apps/madabank-ios/Madabank/Tuist/.build/tuist-derived/RxSwift
    

SwiftCompile normal arm64 /Users/darisadam/Documents/Projects/iOS\ Apps/madabank-ios/Madabank/Tuist/.build/checkouts/RxSwift/Sources/RxCocoa/Signal.swift (in target 'RxCocoa' from project 'RxSwift')
    cd /Users/darisadam/Documents/Projects/iOS\ Apps/madabank-ios/Madabank/Tuist/.build/tuist-derived/RxSwift
    

SwiftCompile normal arm64 /Users/darisadam/Documents/Projects/iOS\ Apps/madabank-ios/Madabank/Tuist/.build/checkouts/RxSwift/Sources/RxCocoa/TextInput.swift (in target 'RxCocoa' from project 'RxSwift')
    cd /Users/darisadam/Documents/Projects/iOS\ Apps/madabank-ios/Madabank/Tuist/.build/tuist-derived/RxSwift
    

SwiftCompile normal arm64 /Users/darisadam/Documents/Projects/iOS\ Apps/madabank-ios/Madabank/Tuist/.build/checkouts/RxSwift/Sources/RxCocoa/UIActivityIndicatorView+Rx.swift (in target 'RxCocoa' from project 'RxSwift')
    cd /Users/darisadam/Documents/Projects/iOS\ Apps/madabank-ios/Madabank/Tuist/.build/tuist-derived/RxSwift
    

SwiftCompile normal arm64 /Users/darisadam/Documents/Projects/iOS\ Apps/madabank-ios/Madabank/Tuist/.build/checkouts/RxSwift/Sources/RxCocoa/UIApplication+Rx.swift (in target 'RxCocoa' from project 'RxSwift')
    cd /Users/darisadam/Documents/Projects/iOS\ Apps/madabank-ios/Madabank/Tuist/.build/tuist-derived/RxSwift
    

SwiftCompile normal arm64 /Users/darisadam/Documents/Projects/iOS\ Apps/madabank-ios/Madabank/Tuist/.build/checkouts/RxSwift/Sources/RxCocoa/UIBarButtonItem+Rx.swift (in target 'RxCocoa' from project 'RxSwift')
    cd /Users/darisadam/Documents/Projects/iOS\ Apps/madabank-ios/Madabank/Tuist/.build/tuist-derived/RxSwift
    

SwiftDriverJobDiscovery normal arm64 Compiling AddBeneficiaryUseCase.swift (in target 'Domain' from project 'Domain')

SwiftCompile normal arm64 Compiling\ UIButton+Rx.swift,\ UICollectionView+Rx.swift,\ UIControl+Rx.swift,\ UIDatePicker+Rx.swift,\ UIGestureRecognizer+Rx.swift,\ UINavigationController+Rx.swift,\ UIPickerView+Rx.swift,\ UIRefreshControl+Rx.swift,\ UIScrollView+Rx.swift,\ UISearchBar+Rx.swift,\ UISearchController+Rx.swift,\ UISegmentedControl+Rx.swift /Users/darisadam/Documents/Projects/iOS\ Apps/madabank-ios/Madabank/Tuist/.build/checkouts/RxSwift/Sources/RxCocoa/UIButton+Rx.swift /Users/darisadam/Documents/Projects/iOS\ Apps/madabank-ios/Madabank/Tuist/.build/checkouts/RxSwift/Sources/RxCocoa/UICollectionView+Rx.swift /Users/darisadam/Documents/Projects/iOS\ Apps/madabank-ios/Madabank/Tuist/.build/checkouts/RxSwift/Sources/RxCocoa/UIControl+Rx.swift /Users/darisadam/Documents/Projects/iOS\ Apps/madabank-ios/Madabank/Tuist/.build/checkouts/RxSwift/Sources/RxCocoa/UIDatePicker+Rx.swift /Users/darisadam/Documents/Projects/iOS\ Apps/madabank-ios/Madabank/Tuist/.build/checkouts/RxSwift/Sources/RxCocoa/UIGestureRecognizer+Rx.swift /Users/darisadam/Documents/Projects/iOS\ Apps/madabank-ios/Madabank/Tuist/.build/checkouts/RxSwift/Sources/RxCocoa/UINavigationController+Rx.swift /Users/darisadam/Documents/Projects/iOS\ Apps/madabank-ios/Madabank/Tuist/.build/checkouts/RxSwift/Sources/RxCocoa/UIPickerView+Rx.swift /Users/darisadam/Documents/Projects/iOS\ Apps/madabank-ios/Madabank/Tuist/.build/checkouts/RxSwift/Sources/RxCocoa/UIRefreshControl+Rx.swift /Users/darisadam/Documents/Projects/iOS\ Apps/madabank-ios/Madabank/Tuist/.build/checkouts/RxSwift/Sources/RxCocoa/UIScrollView+Rx.swift /Users/darisadam/Documents/Projects/iOS\ Apps/madabank-ios/Madabank/Tuist/.build/checkouts/RxSwift/Sources/RxCocoa/UISearchBar+Rx.swift /Users/darisadam/Documents/Projects/iOS\ Apps/madabank-ios/Madabank/Tuist/.build/checkouts/RxSwift/Sources/RxCocoa/UISearchController+Rx.swift /Users/darisadam/Documents/Projects/iOS\ Apps/madabank-ios/Madabank/Tuist/.build/checkouts/RxSwift/Sources/RxCocoa/UISegmentedControl+Rx.swift (in target 'RxCocoa' from project 'RxSwift')

SwiftCompile normal arm64 /Users/darisadam/Documents/Projects/iOS\ Apps/madabank-ios/Madabank/Tuist/.build/checkouts/RxSwift/Sources/RxCocoa/UIButton+Rx.swift (in target 'RxCocoa' from project 'RxSwift')
    cd /Users/darisadam/Documents/Projects/iOS\ Apps/madabank-ios/Madabank/Tuist/.build/tuist-derived/RxSwift
    

SwiftCompile normal arm64 /Users/darisadam/Documents/Projects/iOS\ Apps/madabank-ios/Madabank/Tuist/.build/checkouts/RxSwift/Sources/RxCocoa/UICollectionView+Rx.swift (in target 'RxCocoa' from project 'RxSwift')
    cd /Users/darisadam/Documents/Projects/iOS\ Apps/madabank-ios/Madabank/Tuist/.build/tuist-derived/RxSwift
    

SwiftCompile normal arm64 /Users/darisadam/Documents/Projects/iOS\ Apps/madabank-ios/Madabank/Tuist/.build/checkouts/RxSwift/Sources/RxCocoa/UIControl+Rx.swift (in target 'RxCocoa' from project 'RxSwift')
    cd /Users/darisadam/Documents/Projects/iOS\ Apps/madabank-ios/Madabank/Tuist/.build/tuist-derived/RxSwift
    

SwiftCompile normal arm64 /Users/darisadam/Documents/Projects/iOS\ Apps/madabank-ios/Madabank/Tuist/.build/checkouts/RxSwift/Sources/RxCocoa/UIDatePicker+Rx.swift (in target 'RxCocoa' from project 'RxSwift')
    cd /Users/darisadam/Documents/Projects/iOS\ Apps/madabank-ios/Madabank/Tuist/.build/tuist-derived/RxSwift
    

SwiftCompile normal arm64 /Users/darisadam/Documents/Projects/iOS\ Apps/madabank-ios/Madabank/Tuist/.build/checkouts/RxSwift/Sources/RxCocoa/UIGestureRecognizer+Rx.swift (in target 'RxCocoa' from project 'RxSwift')
    cd /Users/darisadam/Documents/Projects/iOS\ Apps/madabank-ios/Madabank/Tuist/.build/tuist-derived/RxSwift
    

SwiftCompile normal arm64 /Users/darisadam/Documents/Projects/iOS\ Apps/madabank-ios/Madabank/Tuist/.build/checkouts/RxSwift/Sources/RxCocoa/UINavigationController+Rx.swift (in target 'RxCocoa' from project 'RxSwift')
    cd /Users/darisadam/Documents/Projects/iOS\ Apps/madabank-ios/Madabank/Tuist/.build/tuist-derived/RxSwift
    

SwiftCompile normal arm64 /Users/darisadam/Documents/Projects/iOS\ Apps/madabank-ios/Madabank/Tuist/.build/checkouts/RxSwift/Sources/RxCocoa/UIPickerView+Rx.swift (in target 'RxCocoa' from project 'RxSwift')
    cd /Users/darisadam/Documents/Projects/iOS\ Apps/madabank-ios/Madabank/Tuist/.build/tuist-derived/RxSwift
    

SwiftCompile normal arm64 /Users/darisadam/Documents/Projects/iOS\ Apps/madabank-ios/Madabank/Tuist/.build/checkouts/RxSwift/Sources/RxCocoa/UIRefreshControl+Rx.swift (in target 'RxCocoa' from project 'RxSwift')
    cd /Users/darisadam/Documents/Projects/iOS\ Apps/madabank-ios/Madabank/Tuist/.build/tuist-derived/RxSwift
    

SwiftCompile normal arm64 /Users/darisadam/Documents/Projects/iOS\ Apps/madabank-ios/Madabank/Tuist/.build/checkouts/RxSwift/Sources/RxCocoa/UIScrollView+Rx.swift (in target 'RxCocoa' from project 'RxSwift')
    cd /Users/darisadam/Documents/Projects/iOS\ Apps/madabank-ios/Madabank/Tuist/.build/tuist-derived/RxSwift
    

SwiftCompile normal arm64 /Users/darisadam/Documents/Projects/iOS\ Apps/madabank-ios/Madabank/Tuist/.build/checkouts/RxSwift/Sources/RxCocoa/UISearchBar+Rx.swift (in target 'RxCocoa' from project 'RxSwift')
    cd /Users/darisadam/Documents/Projects/iOS\ Apps/madabank-ios/Madabank/Tuist/.build/tuist-derived/RxSwift
    

SwiftCompile normal arm64 /Users/darisadam/Documents/Projects/iOS\ Apps/madabank-ios/Madabank/Tuist/.build/checkouts/RxSwift/Sources/RxCocoa/UISearchController+Rx.swift (in target 'RxCocoa' from project 'RxSwift')
    cd /Users/darisadam/Documents/Projects/iOS\ Apps/madabank-ios/Madabank/Tuist/.build/tuist-derived/RxSwift
    

SwiftCompile normal arm64 /Users/darisadam/Documents/Projects/iOS\ Apps/madabank-ios/Madabank/Tuist/.build/checkouts/RxSwift/Sources/RxCocoa/UISegmentedControl+Rx.swift (in target 'RxCocoa' from project 'RxSwift')
    cd /Users/darisadam/Documents/Projects/iOS\ Apps/madabank-ios/Madabank/Tuist/.build/tuist-derived/RxSwift
    

AppIntentsSSUTraining (in target 'RxRelay' from project 'RxSwift')
    cd /Users/darisadam/Documents/Projects/iOS\ Apps/madabank-ios/Madabank/Tuist/.build/tuist-derived/RxSwift
    /Applications/Xcode.app/Contents/Developer/Toolchains/XcodeDefault.xctoolchain/usr/bin/appintentsnltrainingprocessor --infoplist-path /Users/darisadam/Library/Developer/Xcode/DerivedData/Madabank-hkohthnbjtgnoechirsoymtykttx/Build/Products/Debug-iphonesimulator/RxRelay.framework/Info.plist --temp-dir-path /Users/darisadam/Library/Developer/Xcode/DerivedData/Madabank-hkohthnbjtgnoechirsoymtykttx/Build/Intermediates.noindex/RxSwift.build/Debug-iphonesimulator/RxRelay.build/ssu --bundle-id dev.tuist.RxRelay --product-path /Users/darisadam/Library/Developer/Xcode/DerivedData/Madabank-hkohthnbjtgnoechirsoymtykttx/Build/Products/Debug-iphonesimulator/RxRelay.framework --extracted-metadata-path /Users/darisadam/Library/Developer/Xcode/DerivedData/Madabank-hkohthnbjtgnoechirsoymtykttx/Build/Products/Debug-iphonesimulator/RxRelay.framework/Metadata.appintents --metadata-file-list /Users/darisadam/Library/Developer/Xcode/DerivedData/Madabank-hkohthnbjtgnoechirsoymtykttx/Build/Intermediates.noindex/RxSwift.build/Debug-iphonesimulator/RxRelay.build/RxRelay.DependencyMetadataFileList --archive-ssu-assets
2026-02-04 20:01:39.808 appintentsnltrainingprocessor[11591:2539724] Parsing options for appintentsnltrainingprocessor
2026-02-04 20:01:39.809 appintentsnltrainingprocessor[11591:2539724] No AppShortcuts found - Skipping.

PrecompileModule /Users/darisadam/Library/Developer/Xcode/DerivedData/Madabank-hkohthnbjtgnoechirsoymtykttx/Build/Intermediates.noindex/ExplicitPrecompiledModules/os_object-CQ3VQ53DIB0WTS54QWZTU6M0O.scan
    cd /
    builtin-precompileModule /Users/darisadam/Library/Developer/Xcode/DerivedData/Madabank-hkohthnbjtgnoechirsoymtykttx/Build/Intermediates.noindex/ExplicitPrecompiledModules/os_object-CQ3VQ53DIB0WTS54QWZTU6M0O.scan

SwiftCompile normal arm64 Compiling\ NSTextField+Rx.swift,\ NSTextStorage+Rx.swift,\ NSTextView+Rx.swift,\ NSView+Rx.swift,\ NotificationCenter+Rx.swift,\ Observable+Bind.swift,\ ObservableConvertibleType+Driver.swift,\ ObservableConvertibleType+SharedSequence.swift,\ ObservableConvertibleType+Signal.swift,\ PublishRelay+Signal.swift,\ RxCocoa.swift,\ RxCocoaObjCRuntimeError+Extensions.swift /Users/darisadam/Documents/Projects/iOS\ Apps/madabank-ios/Madabank/Tuist/.build/checkouts/RxSwift/Sources/RxCocoa/NSTextField+Rx.swift /Users/darisadam/Documents/Projects/iOS\ Apps/madabank-ios/Madabank/Tuist/.build/checkouts/RxSwift/Sources/RxCocoa/NSTextStorage+Rx.swift /Users/darisadam/Documents/Projects/iOS\ Apps/madabank-ios/Madabank/Tuist/.build/checkouts/RxSwift/Sources/RxCocoa/NSTextView+Rx.swift /Users/darisadam/Documents/Projects/iOS\ Apps/madabank-ios/Madabank/Tuist/.build/checkouts/RxSwift/Sources/RxCocoa/NSView+Rx.swift /Users/darisadam/Documents/Projects/iOS\ Apps/madabank-ios/Madabank/Tuist/.build/checkouts/RxSwift/Sources/RxCocoa/NotificationCenter+Rx.swift /Users/darisadam/Documents/Projects/iOS\ Apps/madabank-ios/Madabank/Tuist/.build/checkouts/RxSwift/Sources/RxCocoa/Observable+Bind.swift /Users/darisadam/Documents/Projects/iOS\ Apps/madabank-ios/Madabank/Tuist/.build/checkouts/RxSwift/Sources/RxCocoa/ObservableConvertibleType+Driver.swift /Users/darisadam/Documents/Projects/iOS\ Apps/madabank-ios/Madabank/Tuist/.build/checkouts/RxSwift/Sources/RxCocoa/ObservableConvertibleType+SharedSequence.swift /Users/darisadam/Documents/Projects/iOS\ Apps/madabank-ios/Madabank/Tuist/.build/checkouts/RxSwift/Sources/RxCocoa/ObservableConvertibleType+Signal.swift /Users/darisadam/Documents/Projects/iOS\ Apps/madabank-ios/Madabank/Tuist/.build/checkouts/RxSwift/Sources/RxCocoa/PublishRelay+Signal.swift /Users/darisadam/Documents/Projects/iOS\ Apps/madabank-ios/Madabank/Tuist/.build/checkouts/RxSwift/Sources/RxCocoa/RxCocoa.swift /Users/darisadam/Documents/Projects/iOS\ Apps/madabank-ios/Madabank/Tuist/.build/checkouts/RxSwift/Sources/RxCocoa/RxCocoaObjCRuntimeError+Extensions.swift (in target 'RxCocoa' from project 'RxSwift')

SwiftCompile normal arm64 /Users/darisadam/Documents/Projects/iOS\ Apps/madabank-ios/Madabank/Tuist/.build/checkouts/RxSwift/Sources/RxCocoa/NSTextField+Rx.swift (in target 'RxCocoa' from project 'RxSwift')
    cd /Users/darisadam/Documents/Projects/iOS\ Apps/madabank-ios/Madabank/Tuist/.build/tuist-derived/RxSwift
    

SwiftCompile normal arm64 /Users/darisadam/Documents/Projects/iOS\ Apps/madabank-ios/Madabank/Tuist/.build/checkouts/RxSwift/Sources/RxCocoa/NSTextStorage+Rx.swift (in target 'RxCocoa' from project 'RxSwift')
    cd /Users/darisadam/Documents/Projects/iOS\ Apps/madabank-ios/Madabank/Tuist/.build/tuist-derived/RxSwift
    

SwiftCompile normal arm64 /Users/darisadam/Documents/Projects/iOS\ Apps/madabank-ios/Madabank/Tuist/.build/checkouts/RxSwift/Sources/RxCocoa/NSTextView+Rx.swift (in target 'RxCocoa' from project 'RxSwift')
    cd /Users/darisadam/Documents/Projects/iOS\ Apps/madabank-ios/Madabank/Tuist/.build/tuist-derived/RxSwift
    

SwiftCompile normal arm64 /Users/darisadam/Documents/Projects/iOS\ Apps/madabank-ios/Madabank/Tuist/.build/checkouts/RxSwift/Sources/RxCocoa/NSView+Rx.swift (in target 'RxCocoa' from project 'RxSwift')
    cd /Users/darisadam/Documents/Projects/iOS\ Apps/madabank-ios/Madabank/Tuist/.build/tuist-derived/RxSwift
    

SwiftCompile normal arm64 /Users/darisadam/Documents/Projects/iOS\ Apps/madabank-ios/Madabank/Tuist/.build/checkouts/RxSwift/Sources/RxCocoa/NotificationCenter+Rx.swift (in target 'RxCocoa' from project 'RxSwift')
    cd /Users/darisadam/Documents/Projects/iOS\ Apps/madabank-ios/Madabank/Tuist/.build/tuist-derived/RxSwift
    

SwiftCompile normal arm64 /Users/darisadam/Documents/Projects/iOS\ Apps/madabank-ios/Madabank/Tuist/.build/checkouts/RxSwift/Sources/RxCocoa/Observable+Bind.swift (in target 'RxCocoa' from project 'RxSwift')
    cd /Users/darisadam/Documents/Projects/iOS\ Apps/madabank-ios/Madabank/Tuist/.build/tuist-derived/RxSwift
    

SwiftCompile normal arm64 /Users/darisadam/Documents/Projects/iOS\ Apps/madabank-ios/Madabank/Tuist/.build/checkouts/RxSwift/Sources/RxCocoa/ObservableConvertibleType+Driver.swift (in target 'RxCocoa' from project 'RxSwift')
    cd /Users/darisadam/Documents/Projects/iOS\ Apps/madabank-ios/Madabank/Tuist/.build/tuist-derived/RxSwift
    

SwiftCompile normal arm64 /Users/darisadam/Documents/Projects/iOS\ Apps/madabank-ios/Madabank/Tuist/.build/checkouts/RxSwift/Sources/RxCocoa/ObservableConvertibleType+SharedSequence.swift (in target 'RxCocoa' from project 'RxSwift')
    cd /Users/darisadam/Documents/Projects/iOS\ Apps/madabank-ios/Madabank/Tuist/.build/tuist-derived/RxSwift
    

SwiftCompile normal arm64 /Users/darisadam/Documents/Projects/iOS\ Apps/madabank-ios/Madabank/Tuist/.build/checkouts/RxSwift/Sources/RxCocoa/ObservableConvertibleType+Signal.swift (in target 'RxCocoa' from project 'RxSwift')
    cd /Users/darisadam/Documents/Projects/iOS\ Apps/madabank-ios/Madabank/Tuist/.build/tuist-derived/RxSwift
    

SwiftCompile normal arm64 /Users/darisadam/Documents/Projects/iOS\ Apps/madabank-ios/Madabank/Tuist/.build/checkouts/RxSwift/Sources/RxCocoa/PublishRelay+Signal.swift (in target 'RxCocoa' from project 'RxSwift')
    cd /Users/darisadam/Documents/Projects/iOS\ Apps/madabank-ios/Madabank/Tuist/.build/tuist-derived/RxSwift
    

SwiftCompile normal arm64 /Users/darisadam/Documents/Projects/iOS\ Apps/madabank-ios/Madabank/Tuist/.build/checkouts/RxSwift/Sources/RxCocoa/RxCocoa.swift (in target 'RxCocoa' from project 'RxSwift')
    cd /Users/darisadam/Documents/Projects/iOS\ Apps/madabank-ios/Madabank/Tuist/.build/tuist-derived/RxSwift
    

SwiftCompile normal arm64 /Users/darisadam/Documents/Projects/iOS\ Apps/madabank-ios/Madabank/Tuist/.build/checkouts/RxSwift/Sources/RxCocoa/RxCocoaObjCRuntimeError+Extensions.swift (in target 'RxCocoa' from project 'RxSwift')
    cd /Users/darisadam/Documents/Projects/iOS\ Apps/madabank-ios/Madabank/Tuist/.build/tuist-derived/RxSwift
    

SwiftDriverJobDiscovery normal arm64 Emitting module for Domain (in target 'Domain' from project 'Domain')

SwiftCompile normal arm64 Compiling\ RxSearchControllerDelegateProxy.swift,\ RxTabBarControllerDelegateProxy.swift,\ RxTabBarDelegateProxy.swift,\ RxTableViewDataSourcePrefetchingProxy.swift,\ RxTableViewDataSourceProxy.swift,\ RxTableViewDataSourceType.swift,\ RxTableViewDelegateProxy.swift,\ RxTableViewReactiveArrayDataSource.swift,\ RxTarget.swift,\ RxTextStorageDelegateProxy.swift,\ RxTextViewDelegateProxy.swift,\ RxWKNavigationDelegateProxy.swift /Users/darisadam/Documents/Projects/iOS\ Apps/madabank-ios/Madabank/Tuist/.build/checkouts/RxSwift/Sources/RxCocoa/RxSearchControllerDelegateProxy.swift /Users/darisadam/Documents/Projects/iOS\ Apps/madabank-ios/Madabank/Tuist/.build/checkouts/RxSwift/Sources/RxCocoa/RxTabBarControllerDelegateProxy.swift /Users/darisadam/Documents/Projects/iOS\ Apps/madabank-ios/Madabank/Tuist/.build/checkouts/RxSwift/Sources/RxCocoa/RxTabBarDelegateProxy.swift /Users/darisadam/Documents/Projects/iOS\ Apps/madabank-ios/Madabank/Tuist/.build/checkouts/RxSwift/Sources/RxCocoa/RxTableViewDataSourcePrefetchingProxy.swift /Users/darisadam/Documents/Projects/iOS\ Apps/madabank-ios/Madabank/Tuist/.build/checkouts/RxSwift/Sources/RxCocoa/RxTableViewDataSourceProxy.swift /Users/darisadam/Documents/Projects/iOS\ Apps/madabank-ios/Madabank/Tuist/.build/checkouts/RxSwift/Sources/RxCocoa/RxTableViewDataSourceType.swift /Users/darisadam/Documents/Projects/iOS\ Apps/madabank-ios/Madabank/Tuist/.build/checkouts/RxSwift/Sources/RxCocoa/RxTableViewDelegateProxy.swift /Users/darisadam/Documents/Projects/iOS\ Apps/madabank-ios/Madabank/Tuist/.build/checkouts/RxSwift/Sources/RxCocoa/RxTableViewReactiveArrayDataSource.swift /Users/darisadam/Documents/Projects/iOS\ Apps/madabank-ios/Madabank/Tuist/.build/checkouts/RxSwift/Sources/RxCocoa/RxTarget.swift /Users/darisadam/Documents/Projects/iOS\ Apps/madabank-ios/Madabank/Tuist/.build/checkouts/RxSwift/Sources/RxCocoa/RxTextStorageDelegateProxy.swift /Users/darisadam/Documents/Projects/iOS\ Apps/madabank-ios/Madabank/Tuist/.build/checkouts/RxSwift/Sources/RxCocoa/RxTextViewDelegateProxy.swift /Users/darisadam/Documents/Projects/iOS\ Apps/madabank-ios/Madabank/Tuist/.build/checkouts/RxSwift/Sources/RxCocoa/RxWKNavigationDelegateProxy.swift (in target 'RxCocoa' from project 'RxSwift')

SwiftCompile normal arm64 /Users/darisadam/Documents/Projects/iOS\ Apps/madabank-ios/Madabank/Tuist/.build/checkouts/RxSwift/Sources/RxCocoa/RxSearchControllerDelegateProxy.swift (in target 'RxCocoa' from project 'RxSwift')
    cd /Users/darisadam/Documents/Projects/iOS\ Apps/madabank-ios/Madabank/Tuist/.build/tuist-derived/RxSwift
    

SwiftCompile normal arm64 /Users/darisadam/Documents/Projects/iOS\ Apps/madabank-ios/Madabank/Tuist/.build/checkouts/RxSwift/Sources/RxCocoa/RxTabBarControllerDelegateProxy.swift (in target 'RxCocoa' from project 'RxSwift')
    cd /Users/darisadam/Documents/Projects/iOS\ Apps/madabank-ios/Madabank/Tuist/.build/tuist-derived/RxSwift
    

SwiftCompile normal arm64 /Users/darisadam/Documents/Projects/iOS\ Apps/madabank-ios/Madabank/Tuist/.build/checkouts/RxSwift/Sources/RxCocoa/RxTabBarDelegateProxy.swift (in target 'RxCocoa' from project 'RxSwift')
    cd /Users/darisadam/Documents/Projects/iOS\ Apps/madabank-ios/Madabank/Tuist/.build/tuist-derived/RxSwift
    

SwiftCompile normal arm64 /Users/darisadam/Documents/Projects/iOS\ Apps/madabank-ios/Madabank/Tuist/.build/checkouts/RxSwift/Sources/RxCocoa/RxTableViewDataSourcePrefetchingProxy.swift (in target 'RxCocoa' from project 'RxSwift')
    cd /Users/darisadam/Documents/Projects/iOS\ Apps/madabank-ios/Madabank/Tuist/.build/tuist-derived/RxSwift
    

SwiftCompile normal arm64 /Users/darisadam/Documents/Projects/iOS\ Apps/madabank-ios/Madabank/Tuist/.build/checkouts/RxSwift/Sources/RxCocoa/RxTableViewDataSourceProxy.swift (in target 'RxCocoa' from project 'RxSwift')
    cd /Users/darisadam/Documents/Projects/iOS\ Apps/madabank-ios/Madabank/Tuist/.build/tuist-derived/RxSwift
    

SwiftCompile normal arm64 /Users/darisadam/Documents/Projects/iOS\ Apps/madabank-ios/Madabank/Tuist/.build/checkouts/RxSwift/Sources/RxCocoa/RxTableViewDataSourceType.swift (in target 'RxCocoa' from project 'RxSwift')
    cd /Users/darisadam/Documents/Projects/iOS\ Apps/madabank-ios/Madabank/Tuist/.build/tuist-derived/RxSwift
    

SwiftCompile normal arm64 /Users/darisadam/Documents/Projects/iOS\ Apps/madabank-ios/Madabank/Tuist/.build/checkouts/RxSwift/Sources/RxCocoa/RxTableViewDelegateProxy.swift (in target 'RxCocoa' from project 'RxSwift')
    cd /Users/darisadam/Documents/Projects/iOS\ Apps/madabank-ios/Madabank/Tuist/.build/tuist-derived/RxSwift
    

SwiftCompile normal arm64 /Users/darisadam/Documents/Projects/iOS\ Apps/madabank-ios/Madabank/Tuist/.build/checkouts/RxSwift/Sources/RxCocoa/RxTableViewReactiveArrayDataSource.swift (in target 'RxCocoa' from project 'RxSwift')
    cd /Users/darisadam/Documents/Projects/iOS\ Apps/madabank-ios/Madabank/Tuist/.build/tuist-derived/RxSwift
    

SwiftCompile normal arm64 /Users/darisadam/Documents/Projects/iOS\ Apps/madabank-ios/Madabank/Tuist/.build/checkouts/RxSwift/Sources/RxCocoa/RxTarget.swift (in target 'RxCocoa' from project 'RxSwift')
    cd /Users/darisadam/Documents/Projects/iOS\ Apps/madabank-ios/Madabank/Tuist/.build/tuist-derived/RxSwift
    

SwiftCompile normal arm64 /Users/darisadam/Documents/Projects/iOS\ Apps/madabank-ios/Madabank/Tuist/.build/checkouts/RxSwift/Sources/RxCocoa/RxTextStorageDelegateProxy.swift (in target 'RxCocoa' from project 'RxSwift')
    cd /Users/darisadam/Documents/Projects/iOS\ Apps/madabank-ios/Madabank/Tuist/.build/tuist-derived/RxSwift
    

SwiftCompile normal arm64 /Users/darisadam/Documents/Projects/iOS\ Apps/madabank-ios/Madabank/Tuist/.build/checkouts/RxSwift/Sources/RxCocoa/RxTextViewDelegateProxy.swift (in target 'RxCocoa' from project 'RxSwift')
    cd /Users/darisadam/Documents/Projects/iOS\ Apps/madabank-ios/Madabank/Tuist/.build/tuist-derived/RxSwift
    

SwiftCompile normal arm64 /Users/darisadam/Documents/Projects/iOS\ Apps/madabank-ios/Madabank/Tuist/.build/checkouts/RxSwift/Sources/RxCocoa/RxWKNavigationDelegateProxy.swift (in target 'RxCocoa' from project 'RxSwift')
    cd /Users/darisadam/Documents/Projects/iOS\ Apps/madabank-ios/Madabank/Tuist/.build/tuist-derived/RxSwift
    

SwiftDriverJobDiscovery normal arm64 Compiling Beneficiary.swift (in target 'Domain' from project 'Domain')

SwiftDriver\ Compilation\ Requirements Domain normal arm64 com.apple.xcode.tools.swift.compiler (in target 'Domain' from project 'Domain')
    cd /Users/darisadam/Documents/Projects/iOS\ Apps/madabank-ios/Madabank/Modules/Shared/Domain
    builtin-Swift-Compilation-Requirements -- /Applications/Xcode.app/Contents/Developer/Toolchains/XcodeDefault.xctoolchain/usr/bin/swiftc -module-name Domain -Onone -enforce-exclusivity\=checked @/Users/darisadam/Library/Developer/Xcode/DerivedData/Madabank-hkohthnbjtgnoechirsoymtykttx/Build/Intermediates.noindex/Domain.build/Debug-iphonesimulator/Domain.build/Objects-normal/arm64/Domain.SwiftFileList -DDEBUG -enable-bare-slash-regex -enable-experimental-feature DebugDescriptionMacro -sdk /Applications/Xcode.app/Contents/Developer/Platforms/iPhoneSimulator.platform/Developer/SDKs/iPhoneSimulator26.1.sdk -target arm64-apple-ios15.0-simulator -g -module-cache-path /Users/darisadam/Library/Developer/Xcode/DerivedData/ModuleCache.noindex -Xfrontend -serialize-debugging-options -enable-testing -index-store-path /Users/darisadam/Library/Developer/Xcode/DerivedData/Madabank-hkohthnbjtgnoechirsoymtykttx/Index.noindex/DataStore -Xcc -D_LIBCPP_HARDENING_MODE\=_LIBCPP_HARDENING_MODE_DEBUG -swift-version 5 -I /Users/darisadam/Library/Developer/Xcode/DerivedData/Madabank-hkohthnbjtgnoechirsoymtykttx/Build/Products/Debug-iphonesimulator -F /Users/darisadam/Library/Developer/Xcode/DerivedData/Madabank-hkohthnbjtgnoechirsoymtykttx/Build/Products/Debug-iphonesimulator -c -j8 -enable-batch-mode -incremental -Xcc -ivfsstatcache -Xcc /Users/darisadam/Library/Developer/Xcode/DerivedData/SDKStatCaches.noindex/iphonesimulator26.1-23B77-3885c01c3e6b6a337905948deab2002e90cf18a4295e390e64c810bc6bd7acbc.sdkstatcache -output-file-map /Users/darisadam/Library/Developer/Xcode/DerivedData/Madabank-hkohthnbjtgnoechirsoymtykttx/Build/Intermediates.noindex/Domain.build/Debug-iphonesimulator/Domain.build/Objects-normal/arm64/Domain-OutputFileMap.json -use-frontend-parseable-output -save-temps -no-color-diagnostics -explicit-module-build -module-cache-path /Users/darisadam/Library/Developer/Xcode/DerivedData/Madabank-hkohthnbjtgnoechirsoymtykttx/Build/Intermediates.noindex/SwiftExplicitPrecompiledModules -clang-scanner-module-cache-path /Users/darisadam/Library/Developer/Xcode/DerivedData/ModuleCache.noindex -sdk-module-cache-path /Users/darisadam/Library/Developer/Xcode/DerivedData/ModuleCache.noindex -serialize-diagnostics -emit-dependencies -emit-module -emit-module-path /Users/darisadam/Library/Developer/Xcode/DerivedData/Madabank-hkohthnbjtgnoechirsoymtykttx/Build/Intermediates.noindex/Domain.build/Debug-iphonesimulator/Domain.build/Objects-normal/arm64/Domain.swiftmodule -validate-clang-modules-once -clang-build-session-file /Users/darisadam/Library/Developer/Xcode/DerivedData/ModuleCache.noindex/Session.modulevalidation -Xcc -I/Users/darisadam/Library/Developer/Xcode/DerivedData/Madabank-hkohthnbjtgnoechirsoymtykttx/Build/Intermediates.noindex/Domain.build/Debug-iphonesimulator/Domain.build/swift-overrides.hmap -emit-const-values -Xfrontend -const-gather-protocols-file -Xfrontend /Users/darisadam/Library/Developer/Xcode/DerivedData/Madabank-hkohthnbjtgnoechirsoymtykttx/Build/Intermediates.noindex/Domain.build/Debug-iphonesimulator/Domain.build/Objects-normal/arm64/Domain_const_extract_protocols.json -Xcc -iquote -Xcc /Users/darisadam/Library/Developer/Xcode/DerivedData/Madabank-hkohthnbjtgnoechirsoymtykttx/Build/Intermediates.noindex/Domain.build/Debug-iphonesimulator/Domain.build/Domain-generated-files.hmap -Xcc -I/Users/darisadam/Library/Developer/Xcode/DerivedData/Madabank-hkohthnbjtgnoechirsoymtykttx/Build/Intermediates.noindex/Domain.build/Debug-iphonesimulator/Domain.build/Domain-own-target-headers.hmap -Xcc -I/Users/darisadam/Library/Developer/Xcode/DerivedData/Madabank-hkohthnbjtgnoechirsoymtykttx/Build/Intermediates.noindex/Domain.build/Debug-iphonesimulator/Domain.build/Domain-all-non-framework-target-headers.hmap -Xcc -ivfsoverlay -Xcc /Users/darisadam/Library/Developer/Xcode/DerivedData/Madabank-hkohthnbjtgnoechirsoymtykttx/Build/Intermediates.noindex/Domain.build/Debug-iphonesimulator/Domain-38b95e0e74f454eb1697545f0c9d82bd-VFS-iphonesimulator/all-product-headers.yaml -Xcc -iquote -Xcc /Users/darisadam/Library/Developer/Xcode/DerivedData/Madabank-hkohthnbjtgnoechirsoymtykttx/Build/Intermediates.noindex/Domain.build/Debug-iphonesimulator/Domain.build/Domain-project-headers.hmap -Xcc -I/Users/darisadam/Library/Developer/Xcode/DerivedData/Madabank-hkohthnbjtgnoechirsoymtykttx/Build/Products/Debug-iphonesimulator/include -Xcc -I/Users/darisadam/Library/Developer/Xcode/DerivedData/Madabank-hkohthnbjtgnoechirsoymtykttx/Build/Intermediates.noindex/Domain.build/Debug-iphonesimulator/Domain.build/DerivedSources-normal/arm64 -Xcc -I/Users/darisadam/Library/Developer/Xcode/DerivedData/Madabank-hkohthnbjtgnoechirsoymtykttx/Build/Intermediates.noindex/Domain.build/Debug-iphonesimulator/Domain.build/DerivedSources/arm64 -Xcc -I/Users/darisadam/Library/Developer/Xcode/DerivedData/Madabank-hkohthnbjtgnoechirsoymtykttx/Build/Intermediates.noindex/Domain.build/Debug-iphonesimulator/Domain.build/DerivedSources -Xcc -DDEBUG\=1 -emit-objc-header -emit-objc-header-path /Users/darisadam/Library/Developer/Xcode/DerivedData/Madabank-hkohthnbjtgnoechirsoymtykttx/Build/Intermediates.noindex/Domain.build/Debug-iphonesimulator/Domain.build/Objects-normal/arm64/Domain-Swift.h -working-directory /Users/darisadam/Documents/Projects/iOS\ Apps/madabank-ios/Madabank/Modules/Shared/Domain -experimental-emit-module-separately -disable-cmo

PrecompileModule /Users/darisadam/Library/Developer/Xcode/DerivedData/Madabank-hkohthnbjtgnoechirsoymtykttx/Build/Intermediates.noindex/ExplicitPrecompiledModules/os_workgroup-9LOUV4MXGI6O481ZGGSTQ9YB4.scan
    cd /
    builtin-precompileModule /Users/darisadam/Library/Developer/Xcode/DerivedData/Madabank-hkohthnbjtgnoechirsoymtykttx/Build/Intermediates.noindex/ExplicitPrecompiledModules/os_workgroup-9LOUV4MXGI6O481ZGGSTQ9YB4.scan

Copy /Users/darisadam/Library/Developer/Xcode/DerivedData/Madabank-hkohthnbjtgnoechirsoymtykttx/Build/Products/Debug-iphonesimulator/Domain.framework/Modules/Domain.swiftmodule/arm64-apple-ios-simulator.swiftmodule /Users/darisadam/Library/Developer/Xcode/DerivedData/Madabank-hkohthnbjtgnoechirsoymtykttx/Build/Intermediates.noindex/Domain.build/Debug-iphonesimulator/Domain.build/Objects-normal/arm64/Domain.swiftmodule (in target 'Domain' from project 'Domain')
    cd /Users/darisadam/Documents/Projects/iOS\ Apps/madabank-ios/Madabank/Modules/Shared/Domain
    builtin-copy -exclude .DS_Store -exclude CVS -exclude .svn -exclude .git -exclude .hg -resolve-src-symlinks -rename /Users/darisadam/Library/Developer/Xcode/DerivedData/Madabank-hkohthnbjtgnoechirsoymtykttx/Build/Intermediates.noindex/Domain.build/Debug-iphonesimulator/Domain.build/Objects-normal/arm64/Domain.swiftmodule /Users/darisadam/Library/Developer/Xcode/DerivedData/Madabank-hkohthnbjtgnoechirsoymtykttx/Build/Products/Debug-iphonesimulator/Domain.framework/Modules/Domain.swiftmodule/arm64-apple-ios-simulator.swiftmodule

Copy /Users/darisadam/Library/Developer/Xcode/DerivedData/Madabank-hkohthnbjtgnoechirsoymtykttx/Build/Products/Debug-iphonesimulator/Domain.framework/Modules/Domain.swiftmodule/arm64-apple-ios-simulator.abi.json /Users/darisadam/Library/Developer/Xcode/DerivedData/Madabank-hkohthnbjtgnoechirsoymtykttx/Build/Intermediates.noindex/Domain.build/Debug-iphonesimulator/Domain.build/Objects-normal/arm64/Domain.abi.json (in target 'Domain' from project 'Domain')
    cd /Users/darisadam/Documents/Projects/iOS\ Apps/madabank-ios/Madabank/Modules/Shared/Domain
    builtin-copy -exclude .DS_Store -exclude CVS -exclude .svn -exclude .git -exclude .hg -resolve-src-symlinks -rename /Users/darisadam/Library/Developer/Xcode/DerivedData/Madabank-hkohthnbjtgnoechirsoymtykttx/Build/Intermediates.noindex/Domain.build/Debug-iphonesimulator/Domain.build/Objects-normal/arm64/Domain.abi.json /Users/darisadam/Library/Developer/Xcode/DerivedData/Madabank-hkohthnbjtgnoechirsoymtykttx/Build/Products/Debug-iphonesimulator/Domain.framework/Modules/Domain.swiftmodule/arm64-apple-ios-simulator.abi.json

Copy /Users/darisadam/Library/Developer/Xcode/DerivedData/Madabank-hkohthnbjtgnoechirsoymtykttx/Build/Products/Debug-iphonesimulator/Domain.framework/Modules/Domain.swiftmodule/Project/arm64-apple-ios-simulator.swiftsourceinfo /Users/darisadam/Library/Developer/Xcode/DerivedData/Madabank-hkohthnbjtgnoechirsoymtykttx/Build/Intermediates.noindex/Domain.build/Debug-iphonesimulator/Domain.build/Objects-normal/arm64/Domain.swiftsourceinfo (in target 'Domain' from project 'Domain')
    cd /Users/darisadam/Documents/Projects/iOS\ Apps/madabank-ios/Madabank/Modules/Shared/Domain
    builtin-copy -exclude .DS_Store -exclude CVS -exclude .svn -exclude .git -exclude .hg -resolve-src-symlinks -rename /Users/darisadam/Library/Developer/Xcode/DerivedData/Madabank-hkohthnbjtgnoechirsoymtykttx/Build/Intermediates.noindex/Domain.build/Debug-iphonesimulator/Domain.build/Objects-normal/arm64/Domain.swiftsourceinfo /Users/darisadam/Library/Developer/Xcode/DerivedData/Madabank-hkohthnbjtgnoechirsoymtykttx/Build/Products/Debug-iphonesimulator/Domain.framework/Modules/Domain.swiftmodule/Project/arm64-apple-ios-simulator.swiftsourceinfo

PrecompileModule /Users/darisadam/Library/Developer/Xcode/DerivedData/Madabank-hkohthnbjtgnoechirsoymtykttx/Build/Intermediates.noindex/ExplicitPrecompiledModules/Dispatch-811MSA2CB9AGK9HSX9HS8ZRTP.scan
    cd /
    builtin-precompileModule /Users/darisadam/Library/Developer/Xcode/DerivedData/Madabank-hkohthnbjtgnoechirsoymtykttx/Build/Intermediates.noindex/ExplicitPrecompiledModules/Dispatch-811MSA2CB9AGK9HSX9HS8ZRTP.scan

SwiftCompile normal arm64 Compiling\ BehaviorRelay+Driver.swift,\ ControlEvent+Driver.swift,\ ControlEvent+Signal.swift,\ ControlEvent.swift,\ ControlProperty+Driver.swift,\ ControlProperty.swift,\ ControlTarget.swift,\ DelegateProxy.swift,\ DelegateProxyType.swift,\ DispatchQueue+Extensions.swift,\ Driver+Subscription.swift,\ Driver.swift /Users/darisadam/Documents/Projects/iOS\ Apps/madabank-ios/Madabank/Tuist/.build/checkouts/RxSwift/Sources/RxCocoa/BehaviorRelay+Driver.swift /Users/darisadam/Documents/Projects/iOS\ Apps/madabank-ios/Madabank/Tuist/.build/checkouts/RxSwift/Sources/RxCocoa/ControlEvent+Driver.swift /Users/darisadam/Documents/Projects/iOS\ Apps/madabank-ios/Madabank/Tuist/.build/checkouts/RxSwift/Sources/RxCocoa/ControlEvent+Signal.swift /Users/darisadam/Documents/Projects/iOS\ Apps/madabank-ios/Madabank/Tuist/.build/checkouts/RxSwift/Sources/RxCocoa/ControlEvent.swift /Users/darisadam/Documents/Projects/iOS\ Apps/madabank-ios/Madabank/Tuist/.build/checkouts/RxSwift/Sources/RxCocoa/ControlProperty+Driver.swift /Users/darisadam/Documents/Projects/iOS\ Apps/madabank-ios/Madabank/Tuist/.build/checkouts/RxSwift/Sources/RxCocoa/ControlProperty.swift /Users/darisadam/Documents/Projects/iOS\ Apps/madabank-ios/Madabank/Tuist/.build/checkouts/RxSwift/Sources/RxCocoa/ControlTarget.swift /Users/darisadam/Documents/Projects/iOS\ Apps/madabank-ios/Madabank/Tuist/.build/checkouts/RxSwift/Sources/RxCocoa/DelegateProxy.swift /Users/darisadam/Documents/Projects/iOS\ Apps/madabank-ios/Madabank/Tuist/.build/checkouts/RxSwift/Sources/RxCocoa/DelegateProxyType.swift /Users/darisadam/Documents/Projects/iOS\ Apps/madabank-ios/Madabank/Tuist/.build/checkouts/RxSwift/Sources/RxCocoa/DispatchQueue+Extensions.swift /Users/darisadam/Documents/Projects/iOS\ Apps/madabank-ios/Madabank/Tuist/.build/checkouts/RxSwift/Sources/RxCocoa/Driver+Subscription.swift /Users/darisadam/Documents/Projects/iOS\ Apps/madabank-ios/Madabank/Tuist/.build/checkouts/RxSwift/Sources/RxCocoa/Driver.swift (in target 'RxCocoa' from project 'RxSwift')

SwiftCompile normal arm64 /Users/darisadam/Documents/Projects/iOS\ Apps/madabank-ios/Madabank/Tuist/.build/checkouts/RxSwift/Sources/RxCocoa/BehaviorRelay+Driver.swift (in target 'RxCocoa' from project 'RxSwift')
    cd /Users/darisadam/Documents/Projects/iOS\ Apps/madabank-ios/Madabank/Tuist/.build/tuist-derived/RxSwift
    

SwiftCompile normal arm64 /Users/darisadam/Documents/Projects/iOS\ Apps/madabank-ios/Madabank/Tuist/.build/checkouts/RxSwift/Sources/RxCocoa/ControlEvent+Driver.swift (in target 'RxCocoa' from project 'RxSwift')
    cd /Users/darisadam/Documents/Projects/iOS\ Apps/madabank-ios/Madabank/Tuist/.build/tuist-derived/RxSwift
    

SwiftCompile normal arm64 /Users/darisadam/Documents/Projects/iOS\ Apps/madabank-ios/Madabank/Tuist/.build/checkouts/RxSwift/Sources/RxCocoa/ControlEvent+Signal.swift (in target 'RxCocoa' from project 'RxSwift')
    cd /Users/darisadam/Documents/Projects/iOS\ Apps/madabank-ios/Madabank/Tuist/.build/tuist-derived/RxSwift
    

SwiftCompile normal arm64 /Users/darisadam/Documents/Projects/iOS\ Apps/madabank-ios/Madabank/Tuist/.build/checkouts/RxSwift/Sources/RxCocoa/ControlEvent.swift (in target 'RxCocoa' from project 'RxSwift')
    cd /Users/darisadam/Documents/Projects/iOS\ Apps/madabank-ios/Madabank/Tuist/.build/tuist-derived/RxSwift
    

SwiftCompile normal arm64 /Users/darisadam/Documents/Projects/iOS\ Apps/madabank-ios/Madabank/Tuist/.build/checkouts/RxSwift/Sources/RxCocoa/ControlProperty+Driver.swift (in target 'RxCocoa' from project 'RxSwift')
    cd /Users/darisadam/Documents/Projects/iOS\ Apps/madabank-ios/Madabank/Tuist/.build/tuist-derived/RxSwift
    

SwiftCompile normal arm64 /Users/darisadam/Documents/Projects/iOS\ Apps/madabank-ios/Madabank/Tuist/.build/checkouts/RxSwift/Sources/RxCocoa/ControlProperty.swift (in target 'RxCocoa' from project 'RxSwift')
    cd /Users/darisadam/Documents/Projects/iOS\ Apps/madabank-ios/Madabank/Tuist/.build/tuist-derived/RxSwift
    

SwiftCompile normal arm64 /Users/darisadam/Documents/Projects/iOS\ Apps/madabank-ios/Madabank/Tuist/.build/checkouts/RxSwift/Sources/RxCocoa/ControlTarget.swift (in target 'RxCocoa' from project 'RxSwift')
    cd /Users/darisadam/Documents/Projects/iOS\ Apps/madabank-ios/Madabank/Tuist/.build/tuist-derived/RxSwift
    

SwiftCompile normal arm64 /Users/darisadam/Documents/Projects/iOS\ Apps/madabank-ios/Madabank/Tuist/.build/checkouts/RxSwift/Sources/RxCocoa/DelegateProxy.swift (in target 'RxCocoa' from project 'RxSwift')
    cd /Users/darisadam/Documents/Projects/iOS\ Apps/madabank-ios/Madabank/Tuist/.build/tuist-derived/RxSwift
    

SwiftCompile normal arm64 /Users/darisadam/Documents/Projects/iOS\ Apps/madabank-ios/Madabank/Tuist/.build/checkouts/RxSwift/Sources/RxCocoa/DelegateProxyType.swift (in target 'RxCocoa' from project 'RxSwift')
    cd /Users/darisadam/Documents/Projects/iOS\ Apps/madabank-ios/Madabank/Tuist/.build/tuist-derived/RxSwift
    

SwiftCompile normal arm64 /Users/darisadam/Documents/Projects/iOS\ Apps/madabank-ios/Madabank/Tuist/.build/checkouts/RxSwift/Sources/RxCocoa/DispatchQueue+Extensions.swift (in target 'RxCocoa' from project 'RxSwift')
    cd /Users/darisadam/Documents/Projects/iOS\ Apps/madabank-ios/Madabank/Tuist/.build/tuist-derived/RxSwift
    

SwiftCompile normal arm64 /Users/darisadam/Documents/Projects/iOS\ Apps/madabank-ios/Madabank/Tuist/.build/checkouts/RxSwift/Sources/RxCocoa/Driver+Subscription.swift (in target 'RxCocoa' from project 'RxSwift')
    cd /Users/darisadam/Documents/Projects/iOS\ Apps/madabank-ios/Madabank/Tuist/.build/tuist-derived/RxSwift
    

SwiftCompile normal arm64 /Users/darisadam/Documents/Projects/iOS\ Apps/madabank-ios/Madabank/Tuist/.build/checkouts/RxSwift/Sources/RxCocoa/Driver.swift (in target 'RxCocoa' from project 'RxSwift')
    cd /Users/darisadam/Documents/Projects/iOS\ Apps/madabank-ios/Madabank/Tuist/.build/tuist-derived/RxSwift
    

PrecompileModule /Users/darisadam/Library/Developer/Xcode/DerivedData/Madabank-hkohthnbjtgnoechirsoymtykttx/Build/Intermediates.noindex/ExplicitPrecompiledModules/XPC-GWFO1T67Y0WBIKDBLZBQQ7LT.scan
    cd /
    builtin-precompileModule /Users/darisadam/Library/Developer/Xcode/DerivedData/Madabank-hkohthnbjtgnoechirsoymtykttx/Build/Intermediates.noindex/ExplicitPrecompiledModules/XPC-GWFO1T67Y0WBIKDBLZBQQ7LT.scan

SwiftDriverJobDiscovery normal arm64 Emitting module for RxCocoa (in target 'RxCocoa' from project 'RxSwift')

SwiftDriver\ Compilation\ Requirements RxCocoa normal arm64 com.apple.xcode.tools.swift.compiler (in target 'RxCocoa' from project 'RxSwift')
    cd /Users/darisadam/Documents/Projects/iOS\ Apps/madabank-ios/Madabank/Tuist/.build/tuist-derived/RxSwift
    builtin-Swift-Compilation-Requirements -- /Applications/Xcode.app/Contents/Developer/Toolchains/XcodeDefault.xctoolchain/usr/bin/swiftc -module-name RxCocoa -Onone -enforce-exclusivity\=checked @/Users/darisadam/Library/Developer/Xcode/DerivedData/Madabank-hkohthnbjtgnoechirsoymtykttx/Build/Intermediates.noindex/RxSwift.build/Debug-iphonesimulator/RxCocoa.build/Objects-normal/arm64/RxCocoa.SwiftFileList -DSWIFT_PACKAGE -DDEBUG -package-name RxSwift -Xcc -fmodule-map-file\=/Users/darisadam/Documents/Projects/iOS\ Apps/madabank-ios/Madabank/Tuist/.build/checkouts/RxSwift/../../tuist-derived/RxCocoaRuntime/RxCocoaRuntime.modulemap -enable-bare-slash-regex -enable-experimental-feature DebugDescriptionMacro -sdk /Applications/Xcode.app/Contents/Developer/Platforms/iPhoneSimulator.platform/Developer/SDKs/iPhoneSimulator26.1.sdk -target arm64-apple-ios12.0-simulator -g -module-cache-path /Users/darisadam/Library/Developer/Xcode/DerivedData/ModuleCache.noindex -Xfrontend -serialize-debugging-options -enable-testing -suppress-warnings -index-store-path /Users/darisadam/Library/Developer/Xcode/DerivedData/Madabank-hkohthnbjtgnoechirsoymtykttx/Index.noindex/DataStore -Xcc -D_LIBCPP_HARDENING_MODE\=_LIBCPP_HARDENING_MODE_DEBUG -swift-version 5 -I /Users/darisadam/Library/Developer/Xcode/DerivedData/Madabank-hkohthnbjtgnoechirsoymtykttx/Build/Products/Debug-iphonesimulator -F /Users/darisadam/Library/Developer/Xcode/DerivedData/Madabank-hkohthnbjtgnoechirsoymtykttx/Build/Products/Debug-iphonesimulator -F /Applications/Xcode.app/Contents/Developer/Platforms/iPhoneSimulator.platform/Developer/Library/Frameworks -c -j8 -enable-batch-mode -incremental -Xcc -ivfsstatcache -Xcc /Users/darisadam/Library/Developer/Xcode/DerivedData/SDKStatCaches.noindex/iphonesimulator26.1-23B77-3885c01c3e6b6a337905948deab2002e90cf18a4295e390e64c810bc6bd7acbc.sdkstatcache -output-file-map /Users/darisadam/Library/Developer/Xcode/DerivedData/Madabank-hkohthnbjtgnoechirsoymtykttx/Build/Intermediates.noindex/RxSwift.build/Debug-iphonesimulator/RxCocoa.build/Objects-normal/arm64/RxCocoa-OutputFileMap.json -use-frontend-parseable-output -save-temps -no-color-diagnostics -explicit-module-build -module-cache-path /Users/darisadam/Library/Developer/Xcode/DerivedData/Madabank-hkohthnbjtgnoechirsoymtykttx/Build/Intermediates.noindex/SwiftExplicitPrecompiledModules -clang-scanner-module-cache-path /Users/darisadam/Library/Developer/Xcode/DerivedData/ModuleCache.noindex -sdk-module-cache-path /Users/darisadam/Library/Developer/Xcode/DerivedData/ModuleCache.noindex -serialize-diagnostics -emit-dependencies -emit-module -emit-module-path /Users/darisadam/Library/Developer/Xcode/DerivedData/Madabank-hkohthnbjtgnoechirsoymtykttx/Build/Intermediates.noindex/RxSwift.build/Debug-iphonesimulator/RxCocoa.build/Objects-normal/arm64/RxCocoa.swiftmodule -validate-clang-modules-once -clang-build-session-file /Users/darisadam/Library/Developer/Xcode/DerivedData/ModuleCache.noindex/Session.modulevalidation -Xcc -I/Users/darisadam/Library/Developer/Xcode/DerivedData/Madabank-hkohthnbjtgnoechirsoymtykttx/Build/Intermediates.noindex/RxSwift.build/Debug-iphonesimulator/RxCocoa.build/swift-overrides.hmap -emit-const-values -Xfrontend -const-gather-protocols-file -Xfrontend /Users/darisadam/Library/Developer/Xcode/DerivedData/Madabank-hkohthnbjtgnoechirsoymtykttx/Build/Intermediates.noindex/RxSwift.build/Debug-iphonesimulator/RxCocoa.build/Objects-normal/arm64/RxCocoa_const_extract_protocols.json -Xcc -I/Users/darisadam/Library/Developer/Xcode/DerivedData/Madabank-hkohthnbjtgnoechirsoymtykttx/Build/Products/Debug-iphonesimulator/include -Xcc -I/Users/darisadam/Documents/Projects/iOS\ Apps/madabank-ios/Madabank/Tuist/.build/checkouts/RxSwift/Sources/RxCocoaRuntime/include -Xcc -I/Users/darisadam/Library/Developer/Xcode/DerivedData/Madabank-hkohthnbjtgnoechirsoymtykttx/Build/Intermediates.noindex/RxSwift.build/Debug-iphonesimulator/RxCocoa.build/DerivedSources-normal/arm64 -Xcc -I/Users/darisadam/Library/Developer/Xcode/DerivedData/Madabank-hkohthnbjtgnoechirsoymtykttx/Build/Intermediates.noindex/RxSwift.build/Debug-iphonesimulator/RxCocoa.build/DerivedSources/arm64 -Xcc -I/Users/darisadam/Library/Developer/Xcode/DerivedData/Madabank-hkohthnbjtgnoechirsoymtykttx/Build/Intermediates.noindex/RxSwift.build/Debug-iphonesimulator/RxCocoa.build/DerivedSources -Xcc -DDEBUG\=1 -Xcc -DSWIFT_PACKAGE\=1 -emit-objc-header -emit-objc-header-path /Users/darisadam/Library/Developer/Xcode/DerivedData/Madabank-hkohthnbjtgnoechirsoymtykttx/Build/Intermediates.noindex/RxSwift.build/Debug-iphonesimulator/RxCocoa.build/Objects-normal/arm64/RxCocoa-Swift.h -working-directory /Users/darisadam/Documents/Projects/iOS\ Apps/madabank-ios/Madabank/Tuist/.build/tuist-derived/RxSwift -experimental-emit-module-separately -disable-cmo

SwiftDriverJobDiscovery normal arm64 Compiling NSTextField+Rx.swift, NSTextStorage+Rx.swift, NSTextView+Rx.swift, NSView+Rx.swift, NotificationCenter+Rx.swift, Observable+Bind.swift, ObservableConvertibleType+Driver.swift, ObservableConvertibleType+SharedSequence.swift, ObservableConvertibleType+Signal.swift, PublishRelay+Signal.swift, RxCocoa.swift, RxCocoaObjCRuntimeError+Extensions.swift (in target 'RxCocoa' from project 'RxSwift')

PrecompileModule /Users/darisadam/Library/Developer/Xcode/DerivedData/Madabank-hkohthnbjtgnoechirsoymtykttx/Build/Intermediates.noindex/ExplicitPrecompiledModules/CoreFoundation-2EQZ8AWQE59NLTVVAEG7I7R6U.scan
    cd /
    builtin-precompileModule /Users/darisadam/Library/Developer/Xcode/DerivedData/Madabank-hkohthnbjtgnoechirsoymtykttx/Build/Intermediates.noindex/ExplicitPrecompiledModules/CoreFoundation-2EQZ8AWQE59NLTVVAEG7I7R6U.scan

SwiftMergeGeneratedHeaders /Users/darisadam/Library/Developer/Xcode/DerivedData/Madabank-hkohthnbjtgnoechirsoymtykttx/Build/Products/Debug-iphonesimulator/RxCocoa.framework/Headers/RxCocoa-Swift.h /Users/darisadam/Library/Developer/Xcode/DerivedData/Madabank-hkohthnbjtgnoechirsoymtykttx/Build/Intermediates.noindex/RxSwift.build/Debug-iphonesimulator/RxCocoa.build/Objects-normal/arm64/RxCocoa-Swift.h (in target 'RxCocoa' from project 'RxSwift')
    cd /Users/darisadam/Documents/Projects/iOS\ Apps/madabank-ios/Madabank/Tuist/.build/tuist-derived/RxSwift
    builtin-swiftHeaderTool -arch arm64 /Users/darisadam/Library/Developer/Xcode/DerivedData/Madabank-hkohthnbjtgnoechirsoymtykttx/Build/Intermediates.noindex/RxSwift.build/Debug-iphonesimulator/RxCocoa.build/Objects-normal/arm64/RxCocoa-Swift.h -o /Users/darisadam/Library/Developer/Xcode/DerivedData/Madabank-hkohthnbjtgnoechirsoymtykttx/Build/Products/Debug-iphonesimulator/RxCocoa.framework/Headers/RxCocoa-Swift.h

Copy /Users/darisadam/Library/Developer/Xcode/DerivedData/Madabank-hkohthnbjtgnoechirsoymtykttx/Build/Products/Debug-iphonesimulator/RxCocoa.framework/Modules/RxCocoa.swiftmodule/arm64-apple-ios-simulator.swiftmodule /Users/darisadam/Library/Developer/Xcode/DerivedData/Madabank-hkohthnbjtgnoechirsoymtykttx/Build/Intermediates.noindex/RxSwift.build/Debug-iphonesimulator/RxCocoa.build/Objects-normal/arm64/RxCocoa.swiftmodule (in target 'RxCocoa' from project 'RxSwift')
    cd /Users/darisadam/Documents/Projects/iOS\ Apps/madabank-ios/Madabank/Tuist/.build/tuist-derived/RxSwift
    builtin-copy -exclude .DS_Store -exclude CVS -exclude .svn -exclude .git -exclude .hg -resolve-src-symlinks -rename /Users/darisadam/Library/Developer/Xcode/DerivedData/Madabank-hkohthnbjtgnoechirsoymtykttx/Build/Intermediates.noindex/RxSwift.build/Debug-iphonesimulator/RxCocoa.build/Objects-normal/arm64/RxCocoa.swiftmodule /Users/darisadam/Library/Developer/Xcode/DerivedData/Madabank-hkohthnbjtgnoechirsoymtykttx/Build/Products/Debug-iphonesimulator/RxCocoa.framework/Modules/RxCocoa.swiftmodule/arm64-apple-ios-simulator.swiftmodule

Copy /Users/darisadam/Library/Developer/Xcode/DerivedData/Madabank-hkohthnbjtgnoechirsoymtykttx/Build/Products/Debug-iphonesimulator/RxCocoa.framework/Modules/RxCocoa.swiftmodule/arm64-apple-ios-simulator.swiftdoc /Users/darisadam/Library/Developer/Xcode/DerivedData/Madabank-hkohthnbjtgnoechirsoymtykttx/Build/Intermediates.noindex/RxSwift.build/Debug-iphonesimulator/RxCocoa.build/Objects-normal/arm64/RxCocoa.swiftdoc (in target 'RxCocoa' from project 'RxSwift')
    cd /Users/darisadam/Documents/Projects/iOS\ Apps/madabank-ios/Madabank/Tuist/.build/tuist-derived/RxSwift
    builtin-copy -exclude .DS_Store -exclude CVS -exclude .svn -exclude .git -exclude .hg -resolve-src-symlinks -rename /Users/darisadam/Library/Developer/Xcode/DerivedData/Madabank-hkohthnbjtgnoechirsoymtykttx/Build/Intermediates.noindex/RxSwift.build/Debug-iphonesimulator/RxCocoa.build/Objects-normal/arm64/RxCocoa.swiftdoc /Users/darisadam/Library/Developer/Xcode/DerivedData/Madabank-hkohthnbjtgnoechirsoymtykttx/Build/Products/Debug-iphonesimulator/RxCocoa.framework/Modules/RxCocoa.swiftmodule/arm64-apple-ios-simulator.swiftdoc

Copy /Users/darisadam/Library/Developer/Xcode/DerivedData/Madabank-hkohthnbjtgnoechirsoymtykttx/Build/Products/Debug-iphonesimulator/RxCocoa.framework/Modules/RxCocoa.swiftmodule/arm64-apple-ios-simulator.abi.json /Users/darisadam/Library/Developer/Xcode/DerivedData/Madabank-hkohthnbjtgnoechirsoymtykttx/Build/Intermediates.noindex/RxSwift.build/Debug-iphonesimulator/RxCocoa.build/Objects-normal/arm64/RxCocoa.abi.json (in target 'RxCocoa' from project 'RxSwift')
    cd /Users/darisadam/Documents/Projects/iOS\ Apps/madabank-ios/Madabank/Tuist/.build/tuist-derived/RxSwift
    builtin-copy -exclude .DS_Store -exclude CVS -exclude .svn -exclude .git -exclude .hg -resolve-src-symlinks -rename /Users/darisadam/Library/Developer/Xcode/DerivedData/Madabank-hkohthnbjtgnoechirsoymtykttx/Build/Intermediates.noindex/RxSwift.build/Debug-iphonesimulator/RxCocoa.build/Objects-normal/arm64/RxCocoa.abi.json /Users/darisadam/Library/Developer/Xcode/DerivedData/Madabank-hkohthnbjtgnoechirsoymtykttx/Build/Products/Debug-iphonesimulator/RxCocoa.framework/Modules/RxCocoa.swiftmodule/arm64-apple-ios-simulator.abi.json

Copy /Users/darisadam/Library/Developer/Xcode/DerivedData/Madabank-hkohthnbjtgnoechirsoymtykttx/Build/Products/Debug-iphonesimulator/RxCocoa.framework/Modules/RxCocoa.swiftmodule/Project/arm64-apple-ios-simulator.swiftsourceinfo /Users/darisadam/Library/Developer/Xcode/DerivedData/Madabank-hkohthnbjtgnoechirsoymtykttx/Build/Intermediates.noindex/RxSwift.build/Debug-iphonesimulator/RxCocoa.build/Objects-normal/arm64/RxCocoa.swiftsourceinfo (in target 'RxCocoa' from project 'RxSwift')
    cd /Users/darisadam/Documents/Projects/iOS\ Apps/madabank-ios/Madabank/Tuist/.build/tuist-derived/RxSwift
    builtin-copy -exclude .DS_Store -exclude CVS -exclude .svn -exclude .git -exclude .hg -resolve-src-symlinks -rename /Users/darisadam/Library/Developer/Xcode/DerivedData/Madabank-hkohthnbjtgnoechirsoymtykttx/Build/Intermediates.noindex/RxSwift.build/Debug-iphonesimulator/RxCocoa.build/Objects-normal/arm64/RxCocoa.swiftsourceinfo /Users/darisadam/Library/Developer/Xcode/DerivedData/Madabank-hkohthnbjtgnoechirsoymtykttx/Build/Products/Debug-iphonesimulator/RxCocoa.framework/Modules/RxCocoa.swiftmodule/Project/arm64-apple-ios-simulator.swiftsourceinfo

SwiftCompile normal arm64 Compiling\ Infallible+Bind.swift,\ Infallible+Driver.swift,\ ItemEvents.swift,\ KVORepresentable+CoreGraphics.swift,\ KVORepresentable+Swift.swift,\ KVORepresentable.swift,\ NSButton+Rx.swift,\ NSControl+Rx.swift,\ NSObject+Rx+KVORepresentable.swift,\ NSObject+Rx+RawRepresentable.swift,\ NSObject+Rx.swift,\ NSSlider+Rx.swift /Users/darisadam/Documents/Projects/iOS\ Apps/madabank-ios/Madabank/Tuist/.build/checkouts/RxSwift/Sources/RxCocoa/Infallible+Bind.swift /Users/darisadam/Documents/Projects/iOS\ Apps/madabank-ios/Madabank/Tuist/.build/checkouts/RxSwift/Sources/RxCocoa/Infallible+Driver.swift /Users/darisadam/Documents/Projects/iOS\ Apps/madabank-ios/Madabank/Tuist/.build/checkouts/RxSwift/Sources/RxCocoa/ItemEvents.swift /Users/darisadam/Documents/Projects/iOS\ Apps/madabank-ios/Madabank/Tuist/.build/checkouts/RxSwift/Sources/RxCocoa/KVORepresentable+CoreGraphics.swift /Users/darisadam/Documents/Projects/iOS\ Apps/madabank-ios/Madabank/Tuist/.build/checkouts/RxSwift/Sources/RxCocoa/KVORepresentable+Swift.swift /Users/darisadam/Documents/Projects/iOS\ Apps/madabank-ios/Madabank/Tuist/.build/checkouts/RxSwift/Sources/RxCocoa/KVORepresentable.swift /Users/darisadam/Documents/Projects/iOS\ Apps/madabank-ios/Madabank/Tuist/.build/checkouts/RxSwift/Sources/RxCocoa/NSButton+Rx.swift /Users/darisadam/Documents/Projects/iOS\ Apps/madabank-ios/Madabank/Tuist/.build/checkouts/RxSwift/Sources/RxCocoa/NSControl+Rx.swift /Users/darisadam/Documents/Projects/iOS\ Apps/madabank-ios/Madabank/Tuist/.build/checkouts/RxSwift/Sources/RxCocoa/NSObject+Rx+KVORepresentable.swift /Users/darisadam/Documents/Projects/iOS\ Apps/madabank-ios/Madabank/Tuist/.build/checkouts/RxSwift/Sources/RxCocoa/NSObject+Rx+RawRepresentable.swift /Users/darisadam/Documents/Projects/iOS\ Apps/madabank-ios/Madabank/Tuist/.build/checkouts/RxSwift/Sources/RxCocoa/NSObject+Rx.swift /Users/darisadam/Documents/Projects/iOS\ Apps/madabank-ios/Madabank/Tuist/.build/checkouts/RxSwift/Sources/RxCocoa/NSSlider+Rx.swift (in target 'RxCocoa' from project 'RxSwift')
SwiftCompile normal arm64 /Users/darisadam/Documents/Projects/iOS\ Apps/madabank-ios/Madabank/Tuist/.build/checkouts/RxSwift/Sources/RxCocoa/Infallible+Bind.swift (in target 'RxCocoa' from project 'RxSwift')
    cd /Users/darisadam/Documents/Projects/iOS\ Apps/madabank-ios/Madabank/Tuist/.build/tuist-derived/RxSwift
    

SwiftCompile normal arm64 /Users/darisadam/Documents/Projects/iOS\ Apps/madabank-ios/Madabank/Tuist/.build/checkouts/RxSwift/Sources/RxCocoa/Infallible+Driver.swift (in target 'RxCocoa' from project 'RxSwift')
    cd /Users/darisadam/Documents/Projects/iOS\ Apps/madabank-ios/Madabank/Tuist/.build/tuist-derived/RxSwift
    

SwiftCompile normal arm64 /Users/darisadam/Documents/Projects/iOS\ Apps/madabank-ios/Madabank/Tuist/.build/checkouts/RxSwift/Sources/RxCocoa/ItemEvents.swift (in target 'RxCocoa' from project 'RxSwift')
    cd /Users/darisadam/Documents/Projects/iOS\ Apps/madabank-ios/Madabank/Tuist/.build/tuist-derived/RxSwift
    

SwiftCompile normal arm64 /Users/darisadam/Documents/Projects/iOS\ Apps/madabank-ios/Madabank/Tuist/.build/checkouts/RxSwift/Sources/RxCocoa/KVORepresentable+CoreGraphics.swift (in target 'RxCocoa' from project 'RxSwift')
    cd /Users/darisadam/Documents/Projects/iOS\ Apps/madabank-ios/Madabank/Tuist/.build/tuist-derived/RxSwift
    

SwiftCompile normal arm64 /Users/darisadam/Documents/Projects/iOS\ Apps/madabank-ios/Madabank/Tuist/.build/checkouts/RxSwift/Sources/RxCocoa/KVORepresentable+Swift.swift (in target 'RxCocoa' from project 'RxSwift')
    cd /Users/darisadam/Documents/Projects/iOS\ Apps/madabank-ios/Madabank/Tuist/.build/tuist-derived/RxSwift
    

SwiftCompile normal arm64 /Users/darisadam/Documents/Projects/iOS\ Apps/madabank-ios/Madabank/Tuist/.build/checkouts/RxSwift/Sources/RxCocoa/KVORepresentable.swift (in target 'RxCocoa' from project 'RxSwift')
    cd /Users/darisadam/Documents/Projects/iOS\ Apps/madabank-ios/Madabank/Tuist/.build/tuist-derived/RxSwift
    

SwiftCompile normal arm64 /Users/darisadam/Documents/Projects/iOS\ Apps/madabank-ios/Madabank/Tuist/.build/checkouts/RxSwift/Sources/RxCocoa/NSButton+Rx.swift (in target 'RxCocoa' from project 'RxSwift')
    cd /Users/darisadam/Documents/Projects/iOS\ Apps/madabank-ios/Madabank/Tuist/.build/tuist-derived/RxSwift
    

SwiftCompile normal arm64 /Users/darisadam/Documents/Projects/iOS\ Apps/madabank-ios/Madabank/Tuist/.build/checkouts/RxSwift/Sources/RxCocoa/NSControl+Rx.swift (in target 'RxCocoa' from project 'RxSwift')
    cd /Users/darisadam/Documents/Projects/iOS\ Apps/madabank-ios/Madabank/Tuist/.build/tuist-derived/RxSwift
    

SwiftCompile normal arm64 /Users/darisadam/Documents/Projects/iOS\ Apps/madabank-ios/Madabank/Tuist/.build/checkouts/RxSwift/Sources/RxCocoa/NSObject+Rx+KVORepresentable.swift (in target 'RxCocoa' from project 'RxSwift')
    cd /Users/darisadam/Documents/Projects/iOS\ Apps/madabank-ios/Madabank/Tuist/.build/tuist-derived/RxSwift
    

SwiftCompile normal arm64 /Users/darisadam/Documents/Projects/iOS\ Apps/madabank-ios/Madabank/Tuist/.build/checkouts/RxSwift/Sources/RxCocoa/NSObject+Rx+RawRepresentable.swift (in target 'RxCocoa' from project 'RxSwift')
    cd /Users/darisadam/Documents/Projects/iOS\ Apps/madabank-ios/Madabank/Tuist/.build/tuist-derived/RxSwift
    

SwiftCompile normal arm64 /Users/darisadam/Documents/Projects/iOS\ Apps/madabank-ios/Madabank/Tuist/.build/checkouts/RxSwift/Sources/RxCocoa/NSObject+Rx.swift (in target 'RxCocoa' from project 'RxSwift')
    cd /Users/darisadam/Documents/Projects/iOS\ Apps/madabank-ios/Madabank/Tuist/.build/tuist-derived/RxSwift
    

SwiftCompile normal arm64 /Users/darisadam/Documents/Projects/iOS\ Apps/madabank-ios/Madabank/Tuist/.build/checkouts/RxSwift/Sources/RxCocoa/NSSlider+Rx.swift (in target 'RxCocoa' from project 'RxSwift')
    cd /Users/darisadam/Documents/Projects/iOS\ Apps/madabank-ios/Madabank/Tuist/.build/tuist-derived/RxSwift
    

SwiftDriver\ Compilation Domain normal arm64 com.apple.xcode.tools.swift.compiler (in target 'Domain' from project 'Domain')
    cd /Users/darisadam/Documents/Projects/iOS\ Apps/madabank-ios/Madabank/Modules/Shared/Domain
    builtin-Swift-Compilation -- /Applications/Xcode.app/Contents/Developer/Toolchains/XcodeDefault.xctoolchain/usr/bin/swiftc -module-name Domain -Onone -enforce-exclusivity\=checked @/Users/darisadam/Library/Developer/Xcode/DerivedData/Madabank-hkohthnbjtgnoechirsoymtykttx/Build/Intermediates.noindex/Domain.build/Debug-iphonesimulator/Domain.build/Objects-normal/arm64/Domain.SwiftFileList -DDEBUG -enable-bare-slash-regex -enable-experimental-feature DebugDescriptionMacro -sdk /Applications/Xcode.app/Contents/Developer/Platforms/iPhoneSimulator.platform/Developer/SDKs/iPhoneSimulator26.1.sdk -target arm64-apple-ios15.0-simulator -g -module-cache-path /Users/darisadam/Library/Developer/Xcode/DerivedData/ModuleCache.noindex -Xfrontend -serialize-debugging-options -enable-testing -index-store-path /Users/darisadam/Library/Developer/Xcode/DerivedData/Madabank-hkohthnbjtgnoechirsoymtykttx/Index.noindex/DataStore -Xcc -D_LIBCPP_HARDENING_MODE\=_LIBCPP_HARDENING_MODE_DEBUG -swift-version 5 -I /Users/darisadam/Library/Developer/Xcode/DerivedData/Madabank-hkohthnbjtgnoechirsoymtykttx/Build/Products/Debug-iphonesimulator -F /Users/darisadam/Library/Developer/Xcode/DerivedData/Madabank-hkohthnbjtgnoechirsoymtykttx/Build/Products/Debug-iphonesimulator -c -j8 -enable-batch-mode -incremental -Xcc -ivfsstatcache -Xcc /Users/darisadam/Library/Developer/Xcode/DerivedData/SDKStatCaches.noindex/iphonesimulator26.1-23B77-3885c01c3e6b6a337905948deab2002e90cf18a4295e390e64c810bc6bd7acbc.sdkstatcache -output-file-map /Users/darisadam/Library/Developer/Xcode/DerivedData/Madabank-hkohthnbjtgnoechirsoymtykttx/Build/Intermediates.noindex/Domain.build/Debug-iphonesimulator/Domain.build/Objects-normal/arm64/Domain-OutputFileMap.json -use-frontend-parseable-output -save-temps -no-color-diagnostics -explicit-module-build -module-cache-path /Users/darisadam/Library/Developer/Xcode/DerivedData/Madabank-hkohthnbjtgnoechirsoymtykttx/Build/Intermediates.noindex/SwiftExplicitPrecompiledModules -clang-scanner-module-cache-path /Users/darisadam/Library/Developer/Xcode/DerivedData/ModuleCache.noindex -sdk-module-cache-path /Users/darisadam/Library/Developer/Xcode/DerivedData/ModuleCache.noindex -serialize-diagnostics -emit-dependencies -emit-module -emit-module-path /Users/darisadam/Library/Developer/Xcode/DerivedData/Madabank-hkohthnbjtgnoechirsoymtykttx/Build/Intermediates.noindex/Domain.build/Debug-iphonesimulator/Domain.build/Objects-normal/arm64/Domain.swiftmodule -validate-clang-modules-once -clang-build-session-file /Users/darisadam/Library/Developer/Xcode/DerivedData/ModuleCache.noindex/Session.modulevalidation -Xcc -I/Users/darisadam/Library/Developer/Xcode/DerivedData/Madabank-hkohthnbjtgnoechirsoymtykttx/Build/Intermediates.noindex/Domain.build/Debug-iphonesimulator/Domain.build/swift-overrides.hmap -emit-const-values -Xfrontend -const-gather-protocols-file -Xfrontend /Users/darisadam/Library/Developer/Xcode/DerivedData/Madabank-hkohthnbjtgnoechirsoymtykttx/Build/Intermediates.noindex/Domain.build/Debug-iphonesimulator/Domain.build/Objects-normal/arm64/Domain_const_extract_protocols.json -Xcc -iquote -Xcc /Users/darisadam/Library/Developer/Xcode/DerivedData/Madabank-hkohthnbjtgnoechirsoymtykttx/Build/Intermediates.noindex/Domain.build/Debug-iphonesimulator/Domain.build/Domain-generated-files.hmap -Xcc -I/Users/darisadam/Library/Developer/Xcode/DerivedData/Madabank-hkohthnbjtgnoechirsoymtykttx/Build/Intermediates.noindex/Domain.build/Debug-iphonesimulator/Domain.build/Domain-own-target-headers.hmap -Xcc -I/Users/darisadam/Library/Developer/Xcode/DerivedData/Madabank-hkohthnbjtgnoechirsoymtykttx/Build/Intermediates.noindex/Domain.build/Debug-iphonesimulator/Domain.build/Domain-all-non-framework-target-headers.hmap -Xcc -ivfsoverlay -Xcc /Users/darisadam/Library/Developer/Xcode/DerivedData/Madabank-hkohthnbjtgnoechirsoymtykttx/Build/Intermediates.noindex/Domain.build/Debug-iphonesimulator/Domain-38b95e0e74f454eb1697545f0c9d82bd-VFS-iphonesimulator/all-product-headers.yaml -Xcc -iquote -Xcc /Users/darisadam/Library/Developer/Xcode/DerivedData/Madabank-hkohthnbjtgnoechirsoymtykttx/Build/Intermediates.noindex/Domain.build/Debug-iphonesimulator/Domain.build/Domain-project-headers.hmap -Xcc -I/Users/darisadam/Library/Developer/Xcode/DerivedData/Madabank-hkohthnbjtgnoechirsoymtykttx/Build/Products/Debug-iphonesimulator/include -Xcc -I/Users/darisadam/Library/Developer/Xcode/DerivedData/Madabank-hkohthnbjtgnoechirsoymtykttx/Build/Intermediates.noindex/Domain.build/Debug-iphonesimulator/Domain.build/DerivedSources-normal/arm64 -Xcc -I/Users/darisadam/Library/Developer/Xcode/DerivedData/Madabank-hkohthnbjtgnoechirsoymtykttx/Build/Intermediates.noindex/Domain.build/Debug-iphonesimulator/Domain.build/DerivedSources/arm64 -Xcc -I/Users/darisadam/Library/Developer/Xcode/DerivedData/Madabank-hkohthnbjtgnoechirsoymtykttx/Build/Intermediates.noindex/Domain.build/Debug-iphonesimulator/Domain.build/DerivedSources -Xcc -DDEBUG\=1 -emit-objc-header -emit-objc-header-path /Users/darisadam/Library/Developer/Xcode/DerivedData/Madabank-hkohthnbjtgnoechirsoymtykttx/Build/Intermediates.noindex/Domain.build/Debug-iphonesimulator/Domain.build/Objects-normal/arm64/Domain-Swift.h -working-directory /Users/darisadam/Documents/Projects/iOS\ Apps/madabank-ios/Madabank/Modules/Shared/Domain -experimental-emit-module-separately -disable-cmo

PrecompileModule /Users/darisadam/Library/Developer/Xcode/DerivedData/Madabank-hkohthnbjtgnoechirsoymtykttx/Build/Intermediates.noindex/ExplicitPrecompiledModules/Security-BI6PC8K4P0KJ523CPB0F3DHIV.scan
    cd /
    builtin-precompileModule /Users/darisadam/Library/Developer/Xcode/DerivedData/Madabank-hkohthnbjtgnoechirsoymtykttx/Build/Intermediates.noindex/ExplicitPrecompiledModules/Security-BI6PC8K4P0KJ523CPB0F3DHIV.scan

PrecompileModule /Users/darisadam/Library/Developer/Xcode/DerivedData/Madabank-hkohthnbjtgnoechirsoymtykttx/Build/Intermediates.noindex/ExplicitPrecompiledModules/CFNetwork-4ZI8W76TJS4MIYEDZFWXPOCAV.scan
    cd /
    builtin-precompileModule /Users/darisadam/Library/Developer/Xcode/DerivedData/Madabank-hkohthnbjtgnoechirsoymtykttx/Build/Intermediates.noindex/ExplicitPrecompiledModules/CFNetwork-4ZI8W76TJS4MIYEDZFWXPOCAV.scan

PrecompileModule /Users/darisadam/Library/Developer/Xcode/DerivedData/Madabank-hkohthnbjtgnoechirsoymtykttx/Build/Intermediates.noindex/ExplicitPrecompiledModules/Foundation-30C2IMRU6VLX0HHEVKAHHYKGK.scan
    cd /
    builtin-precompileModule /Users/darisadam/Library/Developer/Xcode/DerivedData/Madabank-hkohthnbjtgnoechirsoymtykttx/Build/Intermediates.noindex/ExplicitPrecompiledModules/Foundation-30C2IMRU6VLX0HHEVKAHHYKGK.scan

SwiftDriverJobDiscovery normal arm64 Compiling UISlider+Rx.swift, UIStepper+Rx.swift, UISwitch+Rx.swift, UITabBar+Rx.swift, UITabBarController+Rx.swift, UITableView+Rx.swift, UITextField+Rx.swift, UITextView+Rx.swift, URLSession+Rx.swift, WKWebView+Rx.swift, TuistBundle+RxCocoa.swift (in target 'RxCocoa' from project 'RxSwift')

Ld /Users/darisadam/Library/Developer/Xcode/DerivedData/Madabank-hkohthnbjtgnoechirsoymtykttx/Build/Products/Debug-iphonesimulator/Domain.framework/Domain normal (in target 'Domain' from project 'Domain')
    cd /Users/darisadam/Documents/Projects/iOS\ Apps/madabank-ios/Madabank/Modules/Shared/Domain
    /Applications/Xcode.app/Contents/Developer/Toolchains/XcodeDefault.xctoolchain/usr/bin/clang -Xlinker -reproducible -target arm64-apple-ios15.0-simulator -dynamiclib -isysroot /Applications/Xcode.app/Contents/Developer/Platforms/iPhoneSimulator.platform/Developer/SDKs/iPhoneSimulator26.1.sdk -O0 -L/Users/darisadam/Library/Developer/Xcode/DerivedData/Madabank-hkohthnbjtgnoechirsoymtykttx/Build/Intermediates.noindex/EagerLinkingTBDs/Debug-iphonesimulator -L/Users/darisadam/Library/Developer/Xcode/DerivedData/Madabank-hkohthnbjtgnoechirsoymtykttx/Build/Products/Debug-iphonesimulator -F/Users/darisadam/Library/Developer/Xcode/DerivedData/Madabank-hkohthnbjtgnoechirsoymtykttx/Build/Intermediates.noindex/EagerLinkingTBDs/Debug-iphonesimulator -F/Users/darisadam/Library/Developer/Xcode/DerivedData/Madabank-hkohthnbjtgnoechirsoymtykttx/Build/Products/Debug-iphonesimulator -filelist /Users/darisadam/Library/Developer/Xcode/DerivedData/Madabank-hkohthnbjtgnoechirsoymtykttx/Build/Intermediates.noindex/Domain.build/Debug-iphonesimulator/Domain.build/Objects-normal/arm64/Domain.LinkFileList -install_name @rpath/Domain.framework/Domain -Xlinker -rpath -Xlinker /usr/lib/swift -Xlinker -rpath -Xlinker @executable_path/Frameworks -Xlinker -rpath -Xlinker @loader_path/Frameworks -dead_strip -Xlinker -object_path_lto -Xlinker /Users/darisadam/Library/Developer/Xcode/DerivedData/Madabank-hkohthnbjtgnoechirsoymtykttx/Build/Intermediates.noindex/Domain.build/Debug-iphonesimulator/Domain.build/Objects-normal/arm64/Domain_lto.o -rdynamic -Xlinker -no_deduplicate -Xlinker -objc_abi_version -Xlinker 2 -Xlinker -dependency_info -Xlinker /Users/darisadam/Library/Developer/Xcode/DerivedData/Madabank-hkohthnbjtgnoechirsoymtykttx/Build/Intermediates.noindex/Domain.build/Debug-iphonesimulator/Domain.build/Objects-normal/arm64/Domain_dependency_info.dat -fobjc-link-runtime -L/Applications/Xcode.app/Contents/Developer/Toolchains/XcodeDefault.xctoolchain/usr/lib/swift/iphonesimulator -L/usr/lib/swift -Xlinker -add_ast_path -Xlinker /Users/darisadam/Library/Developer/Xcode/DerivedData/Madabank-hkohthnbjtgnoechirsoymtykttx/Build/Intermediates.noindex/Domain.build/Debug-iphonesimulator/Domain.build/Objects-normal/arm64/Domain.swiftmodule @/Users/darisadam/Library/Developer/Xcode/DerivedData/Madabank-hkohthnbjtgnoechirsoymtykttx/Build/Intermediates.noindex/Domain.build/Debug-iphonesimulator/Domain.build/Objects-normal/arm64/Domain-linker-args.resp -framework Core -framework Networking -framework RxSwift -Xlinker -no_adhoc_codesign -compatibility_version 1 -current_version 1 -o /Users/darisadam/Library/Developer/Xcode/DerivedData/Madabank-hkohthnbjtgnoechirsoymtykttx/Build/Products/Debug-iphonesimulator/Domain.framework/Domain

ScanDependencies /Users/darisadam/Library/Developer/Xcode/DerivedData/Madabank-hkohthnbjtgnoechirsoymtykttx/Build/Intermediates.noindex/RxSwift.build/Debug-iphonesimulator/RxCocoa.build/Objects-normal/arm64/RxCocoa_vers.o /Users/darisadam/Library/Developer/Xcode/DerivedData/Madabank-hkohthnbjtgnoechirsoymtykttx/Build/Intermediates.noindex/RxSwift.build/Debug-iphonesimulator/RxCocoa.build/DerivedSources/RxCocoa_vers.c normal arm64 c com.apple.compilers.llvm.clang.1_0.compiler (in target 'RxCocoa' from project 'RxSwift')
    cd /Users/darisadam/Documents/Projects/iOS\ Apps/madabank-ios/Madabank/Tuist/.build/tuist-derived/RxSwift
    
    Using response file: /Users/darisadam/Library/Developer/Xcode/DerivedData/Madabank-hkohthnbjtgnoechirsoymtykttx/Build/Intermediates.noindex/RxSwift.build/Debug-iphonesimulator/RxCocoa.build/Objects-normal/arm64/7187679823f38a2a940e0043cdf9d637-common-args.resp
    
    builtin-ScanDependencies -o /Users/darisadam/Library/Developer/Xcode/DerivedData/Madabank-hkohthnbjtgnoechirsoymtykttx/Build/Intermediates.noindex/RxSwift.build/Debug-iphonesimulator/RxCocoa.build/Objects-normal/arm64/RxCocoa_vers.o.scan -- /Applications/Xcode.app/Contents/Developer/Toolchains/XcodeDefault.xctoolchain/usr/bin/clang -x c -ivfsstatcache /Users/darisadam/Library/Developer/Xcode/DerivedData/SDKStatCaches.noindex/iphonesimulator26.1-23B77-3885c01c3e6b6a337905948deab2002e90cf18a4295e390e64c810bc6bd7acbc.sdkstatcache -fmessage-length\=0 -fdiagnostics-show-note-include-stack -fmacro-backtrace-limit\=0 -fno-color-diagnostics -fmodules-prune-interval\=86400 -fmodules-prune-after\=345600 -fbuild-session-file\=/Users/darisadam/Library/Developer/Xcode/DerivedData/ModuleCache.noindex/Session.modulevalidation -fmodules-validate-once-per-build-session -Wnon-modular-include-in-framework-module -Werror\=non-modular-include-in-framework-module -Wno-trigraphs -Wno-missing-field-initializers -Wno-missing-prototypes -Werror\=return-type -Wdocumentation -Wunreachable-code -Werror\=deprecated-objc-isa-usage -Werror\=objc-root-class -Wno-missing-braces -Wparentheses -Wswitch -Wunused-function -Wno-unused-label -Wno-unused-parameter -Wunused-variable -Wunused-value -Wempty-body -Wuninitialized -Wconditional-uninitialized -Wno-unknown-pragmas -w -Wno-shadow -Wno-four-char-constants -Wno-conversion -Wconstant-conversion -Wint-conversion -Wbool-conversion -Wenum-conversion -Wno-float-conversion -Wnon-literal-null-conversion -Wobjc-literal-conversion -Wshorten-64-to-32 -Wpointer-sign -Wno-newline-eof -Wno-implicit-fallthrough -fstrict-aliasing -Wdeprecated-declarations -Wno-sign-conversion -Winfinite-recursion -Wcomma -Wblock-capture-autoreleasing -Wstrict-prototypes -Wno-semicolon-before-method-body -Wunguarded-availability -index-store-path /Users/darisadam/Library/Developer/Xcode/DerivedData/Madabank-hkohthnbjtgnoechirsoymtykttx/Index.noindex/DataStore @/Users/darisadam/Library/Developer/Xcode/DerivedData/Madabank-hkohthnbjtgnoechirsoymtykttx/Build/Intermediates.noindex/RxSwift.build/Debug-iphonesimulator/RxCocoa.build/Objects-normal/arm64/7187679823f38a2a940e0043cdf9d637-common-args.resp -MMD -MT dependencies -MF /Users/darisadam/Library/Developer/Xcode/DerivedData/Madabank-hkohthnbjtgnoechirsoymtykttx/Build/Intermediates.noindex/RxSwift.build/Debug-iphonesimulator/RxCocoa.build/Objects-normal/arm64/RxCocoa_vers.d --serialize-diagnostics /Users/darisadam/Library/Developer/Xcode/DerivedData/Madabank-hkohthnbjtgnoechirsoymtykttx/Build/Intermediates.noindex/RxSwift.build/Debug-iphonesimulator/RxCocoa.build/Objects-normal/arm64/RxCocoa_vers.dia -c /Users/darisadam/Library/Developer/Xcode/DerivedData/Madabank-hkohthnbjtgnoechirsoymtykttx/Build/Intermediates.noindex/RxSwift.build/Debug-iphonesimulator/RxCocoa.build/DerivedSources/RxCocoa_vers.c -o /Users/darisadam/Library/Developer/Xcode/DerivedData/Madabank-hkohthnbjtgnoechirsoymtykttx/Build/Intermediates.noindex/RxSwift.build/Debug-iphonesimulator/RxCocoa.build/Objects-normal/arm64/RxCocoa_vers.o -index-unit-output-path /RxSwift.build/Debug-iphonesimulator/RxCocoa.build/Objects-normal/arm64/RxCocoa_vers.o

SwiftDriverJobDiscovery normal arm64 Compiling RxCollectionViewDataSourcePrefetchingProxy.swift, RxCollectionViewDataSourceProxy.swift, RxCollectionViewDataSourceType.swift, RxCollectionViewDelegateProxy.swift, RxCollectionViewReactiveArrayDataSource.swift, RxNavigationControllerDelegateProxy.swift, RxPickerViewAdapter.swift, RxPickerViewDataSourceProxy.swift, RxPickerViewDataSourceType.swift, RxPickerViewDelegateProxy.swift, RxScrollViewDelegateProxy.swift, RxSearchBarDelegateProxy.swift (in target 'RxCocoa' from project 'RxSwift')

CompileC /Users/darisadam/Library/Developer/Xcode/DerivedData/Madabank-hkohthnbjtgnoechirsoymtykttx/Build/Intermediates.noindex/RxSwift.build/Debug-iphonesimulator/RxCocoa.build/Objects-normal/arm64/RxCocoa_vers.o /Users/darisadam/Library/Developer/Xcode/DerivedData/Madabank-hkohthnbjtgnoechirsoymtykttx/Build/Intermediates.noindex/RxSwift.build/Debug-iphonesimulator/RxCocoa.build/DerivedSources/RxCocoa_vers.c normal arm64 c com.apple.compilers.llvm.clang.1_0.compiler (in target 'RxCocoa' from project 'RxSwift')
    cd /Users/darisadam/Documents/Projects/iOS\ Apps/madabank-ios/Madabank/Tuist/.build/tuist-derived/RxSwift
    
    Using response file: /Users/darisadam/Library/Developer/Xcode/DerivedData/Madabank-hkohthnbjtgnoechirsoymtykttx/Build/Intermediates.noindex/RxSwift.build/Debug-iphonesimulator/RxCocoa.build/Objects-normal/arm64/7187679823f38a2a940e0043cdf9d637-common-args.resp
    
    /Applications/Xcode.app/Contents/Developer/Toolchains/XcodeDefault.xctoolchain/usr/bin/clang -x c -ivfsstatcache /Users/darisadam/Library/Developer/Xcode/DerivedData/SDKStatCaches.noindex/iphonesimulator26.1-23B77-3885c01c3e6b6a337905948deab2002e90cf18a4295e390e64c810bc6bd7acbc.sdkstatcache -fmessage-length\=0 -fdiagnostics-show-note-include-stack -fmacro-backtrace-limit\=0 -fno-color-diagnostics -fmodules-prune-interval\=86400 -fmodules-prune-after\=345600 -fbuild-session-file\=/Users/darisadam/Library/Developer/Xcode/DerivedData/ModuleCache.noindex/Session.modulevalidation -fmodules-validate-once-per-build-session -Wnon-modular-include-in-framework-module -Werror\=non-modular-include-in-framework-module -Wno-trigraphs -Wno-missing-field-initializers -Wno-missing-prototypes -Werror\=return-type -Wdocumentation -Wunreachable-code -Werror\=deprecated-objc-isa-usage -Werror\=objc-root-class -Wno-missing-braces -Wparentheses -Wswitch -Wunused-function -Wno-unused-label -Wno-unused-parameter -Wunused-variable -Wunused-value -Wempty-body -Wuninitialized -Wconditional-uninitialized -Wno-unknown-pragmas -w -Wno-shadow -Wno-four-char-constants -Wno-conversion -Wconstant-conversion -Wint-conversion -Wbool-conversion -Wenum-conversion -Wno-float-conversion -Wnon-literal-null-conversion -Wobjc-literal-conversion -Wshorten-64-to-32 -Wpointer-sign -Wno-newline-eof -Wno-implicit-fallthrough -fstrict-aliasing -Wdeprecated-declarations -Wno-sign-conversion -Winfinite-recursion -Wcomma -Wblock-capture-autoreleasing -Wstrict-prototypes -Wno-semicolon-before-method-body -Wunguarded-availability -index-store-path /Users/darisadam/Library/Developer/Xcode/DerivedData/Madabank-hkohthnbjtgnoechirsoymtykttx/Index.noindex/DataStore @/Users/darisadam/Library/Developer/Xcode/DerivedData/Madabank-hkohthnbjtgnoechirsoymtykttx/Build/Intermediates.noindex/RxSwift.build/Debug-iphonesimulator/RxCocoa.build/Objects-normal/arm64/7187679823f38a2a940e0043cdf9d637-common-args.resp -MMD -MT dependencies -MF /Users/darisadam/Library/Developer/Xcode/DerivedData/Madabank-hkohthnbjtgnoechirsoymtykttx/Build/Intermediates.noindex/RxSwift.build/Debug-iphonesimulator/RxCocoa.build/Objects-normal/arm64/RxCocoa_vers.d --serialize-diagnostics /Users/darisadam/Library/Developer/Xcode/DerivedData/Madabank-hkohthnbjtgnoechirsoymtykttx/Build/Intermediates.noindex/RxSwift.build/Debug-iphonesimulator/RxCocoa.build/Objects-normal/arm64/RxCocoa_vers.dia -c /Users/darisadam/Library/Developer/Xcode/DerivedData/Madabank-hkohthnbjtgnoechirsoymtykttx/Build/Intermediates.noindex/RxSwift.build/Debug-iphonesimulator/RxCocoa.build/DerivedSources/RxCocoa_vers.c -o /Users/darisadam/Library/Developer/Xcode/DerivedData/Madabank-hkohthnbjtgnoechirsoymtykttx/Build/Intermediates.noindex/RxSwift.build/Debug-iphonesimulator/RxCocoa.build/Objects-normal/arm64/RxCocoa_vers.o -index-unit-output-path /RxSwift.build/Debug-iphonesimulator/RxCocoa.build/Objects-normal/arm64/RxCocoa_vers.o

GenerateTAPI /Users/darisadam/Library/Developer/Xcode/DerivedData/Madabank-hkohthnbjtgnoechirsoymtykttx/Build/Intermediates.noindex/EagerLinkingTBDs/Debug-iphonesimulator/RxRelay.framework/RxRelay.tbd (in target 'RxRelay' from project 'RxSwift')
    cd /Users/darisadam/Documents/Projects/iOS\ Apps/madabank-ios/Madabank/Tuist/.build/tuist-derived/RxSwift
    /Applications/Xcode.app/Contents/Developer/Toolchains/XcodeDefault.xctoolchain/usr/bin/tapi stubify -isysroot /Applications/Xcode.app/Contents/Developer/Platforms/iPhoneSimulator.platform/Developer/SDKs/iPhoneSimulator26.1.sdk -F/Users/darisadam/Library/Developer/Xcode/DerivedData/Madabank-hkohthnbjtgnoechirsoymtykttx/Build/Products/Debug-iphonesimulator -F/Applications/Xcode.app/Contents/Developer/Platforms/iPhoneSimulator.platform/Developer/Library/Frameworks -L/Users/darisadam/Library/Developer/Xcode/DerivedData/Madabank-hkohthnbjtgnoechirsoymtykttx/Build/Products/Debug-iphonesimulator /Users/darisadam/Library/Developer/Xcode/DerivedData/Madabank-hkohthnbjtgnoechirsoymtykttx/Build/Products/Debug-iphonesimulator/RxRelay.framework/RxRelay -o /Users/darisadam/Library/Developer/Xcode/DerivedData/Madabank-hkohthnbjtgnoechirsoymtykttx/Build/Intermediates.noindex/EagerLinkingTBDs/Debug-iphonesimulator/RxRelay.framework/RxRelay.tbd

SwiftDriverJobDiscovery normal arm64 Compiling UIButton+Rx.swift, UICollectionView+Rx.swift, UIControl+Rx.swift, UIDatePicker+Rx.swift, UIGestureRecognizer+Rx.swift, UINavigationController+Rx.swift, UIPickerView+Rx.swift, UIRefreshControl+Rx.swift, UIScrollView+Rx.swift, UISearchBar+Rx.swift, UISearchController+Rx.swift, UISegmentedControl+Rx.swift (in target 'RxCocoa' from project 'RxSwift')

SwiftDriver Data normal arm64 com.apple.xcode.tools.swift.compiler (in target 'Data' from project 'Data')
    cd /Users/darisadam/Documents/Projects/iOS\ Apps/madabank-ios/Madabank/Modules/Shared/Data
    builtin-SwiftDriver -- /Applications/Xcode.app/Contents/Developer/Toolchains/XcodeDefault.xctoolchain/usr/bin/swiftc -module-name Data -Onone -enforce-exclusivity\=checked @/Users/darisadam/Library/Developer/Xcode/DerivedData/Madabank-hkohthnbjtgnoechirsoymtykttx/Build/Intermediates.noindex/Data.build/Debug-iphonesimulator/Data.build/Objects-normal/arm64/Data.SwiftFileList -DDEBUG -enable-bare-slash-regex -enable-experimental-feature DebugDescriptionMacro -sdk /Applications/Xcode.app/Contents/Developer/Platforms/iPhoneSimulator.platform/Developer/SDKs/iPhoneSimulator26.1.sdk -target arm64-apple-ios15.0-simulator -g -module-cache-path /Users/darisadam/Library/Developer/Xcode/DerivedData/ModuleCache.noindex -Xfrontend -serialize-debugging-options -enable-testing -index-store-path /Users/darisadam/Library/Developer/Xcode/DerivedData/Madabank-hkohthnbjtgnoechirsoymtykttx/Index.noindex/DataStore -Xcc -D_LIBCPP_HARDENING_MODE\=_LIBCPP_HARDENING_MODE_DEBUG -swift-version 5 -I /Users/darisadam/Library/Developer/Xcode/DerivedData/Madabank-hkohthnbjtgnoechirsoymtykttx/Build/Products/Debug-iphonesimulator -F /Users/darisadam/Library/Developer/Xcode/DerivedData/Madabank-hkohthnbjtgnoechirsoymtykttx/Build/Products/Debug-iphonesimulator -c -j8 -enable-batch-mode -incremental -Xcc -ivfsstatcache -Xcc /Users/darisadam/Library/Developer/Xcode/DerivedData/SDKStatCaches.noindex/iphonesimulator26.1-23B77-3885c01c3e6b6a337905948deab2002e90cf18a4295e390e64c810bc6bd7acbc.sdkstatcache -output-file-map /Users/darisadam/Library/Developer/Xcode/DerivedData/Madabank-hkohthnbjtgnoechirsoymtykttx/Build/Intermediates.noindex/Data.build/Debug-iphonesimulator/Data.build/Objects-normal/arm64/Data-OutputFileMap.json -use-frontend-parseable-output -save-temps -no-color-diagnostics -explicit-module-build -module-cache-path /Users/darisadam/Library/Developer/Xcode/DerivedData/Madabank-hkohthnbjtgnoechirsoymtykttx/Build/Intermediates.noindex/SwiftExplicitPrecompiledModules -clang-scanner-module-cache-path /Users/darisadam/Library/Developer/Xcode/DerivedData/ModuleCache.noindex -sdk-module-cache-path /Users/darisadam/Library/Developer/Xcode/DerivedData/ModuleCache.noindex -serialize-diagnostics -emit-dependencies -emit-module -emit-module-path /Users/darisadam/Library/Developer/Xcode/DerivedData/Madabank-hkohthnbjtgnoechirsoymtykttx/Build/Intermediates.noindex/Data.build/Debug-iphonesimulator/Data.build/Objects-normal/arm64/Data.swiftmodule -validate-clang-modules-once -clang-build-session-file /Users/darisadam/Library/Developer/Xcode/DerivedData/ModuleCache.noindex/Session.modulevalidation -Xcc -I/Users/darisadam/Library/Developer/Xcode/DerivedData/Madabank-hkohthnbjtgnoechirsoymtykttx/Build/Intermediates.noindex/Data.build/Debug-iphonesimulator/Data.build/swift-overrides.hmap -emit-const-values -Xfrontend -const-gather-protocols-file -Xfrontend /Users/darisadam/Library/Developer/Xcode/DerivedData/Madabank-hkohthnbjtgnoechirsoymtykttx/Build/Intermediates.noindex/Data.build/Debug-iphonesimulator/Data.build/Objects-normal/arm64/Data_const_extract_protocols.json -Xcc -iquote -Xcc /Users/darisadam/Library/Developer/Xcode/DerivedData/Madabank-hkohthnbjtgnoechirsoymtykttx/Build/Intermediates.noindex/Data.build/Debug-iphonesimulator/Data.build/Data-generated-files.hmap -Xcc -I/Users/darisadam/Library/Developer/Xcode/DerivedData/Madabank-hkohthnbjtgnoechirsoymtykttx/Build/Intermediates.noindex/Data.build/Debug-iphonesimulator/Data.build/Data-own-target-headers.hmap -Xcc -I/Users/darisadam/Library/Developer/Xcode/DerivedData/Madabank-hkohthnbjtgnoechirsoymtykttx/Build/Intermediates.noindex/Data.build/Debug-iphonesimulator/Data.build/Data-all-non-framework-target-headers.hmap -Xcc -ivfsoverlay -Xcc /Users/darisadam/Library/Developer/Xcode/DerivedData/Madabank-hkohthnbjtgnoechirsoymtykttx/Build/Intermediates.noindex/Data.build/Debug-iphonesimulator/Data-6330774ec221515250ab6759f27e1669-VFS-iphonesimulator/all-product-headers.yaml -Xcc -iquote -Xcc /Users/darisadam/Library/Developer/Xcode/DerivedData/Madabank-hkohthnbjtgnoechirsoymtykttx/Build/Intermediates.noindex/Data.build/Debug-iphonesimulator/Data.build/Data-project-headers.hmap -Xcc -I/Users/darisadam/Library/Developer/Xcode/DerivedData/Madabank-hkohthnbjtgnoechirsoymtykttx/Build/Products/Debug-iphonesimulator/include -Xcc -I/Users/darisadam/Library/Developer/Xcode/DerivedData/Madabank-hkohthnbjtgnoechirsoymtykttx/Build/Intermediates.noindex/Data.build/Debug-iphonesimulator/Data.build/DerivedSources-normal/arm64 -Xcc -I/Users/darisadam/Library/Developer/Xcode/DerivedData/Madabank-hkohthnbjtgnoechirsoymtykttx/Build/Intermediates.noindex/Data.build/Debug-iphonesimulator/Data.build/DerivedSources/arm64 -Xcc -I/Users/darisadam/Library/Developer/Xcode/DerivedData/Madabank-hkohthnbjtgnoechirsoymtykttx/Build/Intermediates.noindex/Data.build/Debug-iphonesimulator/Data.build/DerivedSources -Xcc -DDEBUG\=1 -emit-objc-header -emit-objc-header-path /Users/darisadam/Library/Developer/Xcode/DerivedData/Madabank-hkohthnbjtgnoechirsoymtykttx/Build/Intermediates.noindex/Data.build/Debug-iphonesimulator/Data.build/Objects-normal/arm64/Data-Swift.h -working-directory /Users/darisadam/Documents/Projects/iOS\ Apps/madabank-ios/Madabank/Modules/Shared/Data -experimental-emit-module-separately -disable-cmo

SwiftDriver CommonUI normal arm64 com.apple.xcode.tools.swift.compiler (in target 'CommonUI' from project 'CommonUI')
    cd /Users/darisadam/Documents/Projects/iOS\ Apps/madabank-ios/Madabank/Modules/Shared/CommonUI
    builtin-SwiftDriver -- /Applications/Xcode.app/Contents/Developer/Toolchains/XcodeDefault.xctoolchain/usr/bin/swiftc -module-name CommonUI -Onone -enforce-exclusivity\=checked @/Users/darisadam/Library/Developer/Xcode/DerivedData/Madabank-hkohthnbjtgnoechirsoymtykttx/Build/Intermediates.noindex/CommonUI.build/Debug-iphonesimulator/CommonUI.build/Objects-normal/arm64/CommonUI.SwiftFileList -DDEBUG -Xcc -fmodule-map-file\=/Users/darisadam/Documents/Projects/iOS\ Apps/madabank-ios/Madabank/Modules/Shared/CommonUI/../../../Tuist/.build/tuist-derived/RxCocoaRuntime/RxCocoaRuntime.modulemap -enable-bare-slash-regex -enable-experimental-feature DebugDescriptionMacro -sdk /Applications/Xcode.app/Contents/Developer/Platforms/iPhoneSimulator.platform/Developer/SDKs/iPhoneSimulator26.1.sdk -target arm64-apple-ios15.0-simulator -g -module-cache-path /Users/darisadam/Library/Developer/Xcode/DerivedData/ModuleCache.noindex -Xfrontend -serialize-debugging-options -enable-testing -index-store-path /Users/darisadam/Library/Developer/Xcode/DerivedData/Madabank-hkohthnbjtgnoechirsoymtykttx/Index.noindex/DataStore -Xcc -D_LIBCPP_HARDENING_MODE\=_LIBCPP_HARDENING_MODE_DEBUG -swift-version 5 -I /Users/darisadam/Library/Developer/Xcode/DerivedData/Madabank-hkohthnbjtgnoechirsoymtykttx/Build/Products/Debug-iphonesimulator -F /Users/darisadam/Library/Developer/Xcode/DerivedData/Madabank-hkohthnbjtgnoechirsoymtykttx/Build/Products/Debug-iphonesimulator -c -j8 -enable-batch-mode -incremental -Xcc -ivfsstatcache -Xcc /Users/darisadam/Library/Developer/Xcode/DerivedData/SDKStatCaches.noindex/iphonesimulator26.1-23B77-3885c01c3e6b6a337905948deab2002e90cf18a4295e390e64c810bc6bd7acbc.sdkstatcache -output-file-map /Users/darisadam/Library/Developer/Xcode/DerivedData/Madabank-hkohthnbjtgnoechirsoymtykttx/Build/Intermediates.noindex/CommonUI.build/Debug-iphonesimulator/CommonUI.build/Objects-normal/arm64/CommonUI-OutputFileMap.json -use-frontend-parseable-output -save-temps -no-color-diagnostics -explicit-module-build -module-cache-path /Users/darisadam/Library/Developer/Xcode/DerivedData/Madabank-hkohthnbjtgnoechirsoymtykttx/Build/Intermediates.noindex/SwiftExplicitPrecompiledModules -clang-scanner-module-cache-path /Users/darisadam/Library/Developer/Xcode/DerivedData/ModuleCache.noindex -sdk-module-cache-path /Users/darisadam/Library/Developer/Xcode/DerivedData/ModuleCache.noindex -serialize-diagnostics -emit-dependencies -emit-module -emit-module-path /Users/darisadam/Library/Developer/Xcode/DerivedData/Madabank-hkohthnbjtgnoechirsoymtykttx/Build/Intermediates.noindex/CommonUI.build/Debug-iphonesimulator/CommonUI.build/Objects-normal/arm64/CommonUI.swiftmodule -validate-clang-modules-once -clang-build-session-file /Users/darisadam/Library/Developer/Xcode/DerivedData/ModuleCache.noindex/Session.modulevalidation -Xcc -I/Users/darisadam/Library/Developer/Xcode/DerivedData/Madabank-hkohthnbjtgnoechirsoymtykttx/Build/Intermediates.noindex/CommonUI.build/Debug-iphonesimulator/CommonUI.build/swift-overrides.hmap -emit-const-values -Xfrontend -const-gather-protocols-file -Xfrontend /Users/darisadam/Library/Developer/Xcode/DerivedData/Madabank-hkohthnbjtgnoechirsoymtykttx/Build/Intermediates.noindex/CommonUI.build/Debug-iphonesimulator/CommonUI.build/Objects-normal/arm64/CommonUI_const_extract_protocols.json -Xcc -iquote -Xcc /Users/darisadam/Library/Developer/Xcode/DerivedData/Madabank-hkohthnbjtgnoechirsoymtykttx/Build/Intermediates.noindex/CommonUI.build/Debug-iphonesimulator/CommonUI.build/CommonUI-generated-files.hmap -Xcc -I/Users/darisadam/Library/Developer/Xcode/DerivedData/Madabank-hkohthnbjtgnoechirsoymtykttx/Build/Intermediates.noindex/CommonUI.build/Debug-iphonesimulator/CommonUI.build/CommonUI-own-target-headers.hmap -Xcc -I/Users/darisadam/Library/Developer/Xcode/DerivedData/Madabank-hkohthnbjtgnoechirsoymtykttx/Build/Intermediates.noindex/CommonUI.build/Debug-iphonesimulator/CommonUI.build/CommonUI-all-non-framework-target-headers.hmap -Xcc -ivfsoverlay -Xcc /Users/darisadam/Library/Developer/Xcode/DerivedData/Madabank-hkohthnbjtgnoechirsoymtykttx/Build/Intermediates.noindex/CommonUI.build/Debug-iphonesimulator/CommonUI-9a7bd76207b7ee6cd2c05a9907929af9-VFS-iphonesimulator/all-product-headers.yaml -Xcc -iquote -Xcc /Users/darisadam/Library/Developer/Xcode/DerivedData/Madabank-hkohthnbjtgnoechirsoymtykttx/Build/Intermediates.noindex/CommonUI.build/Debug-iphonesimulator/CommonUI.build/CommonUI-project-headers.hmap -Xcc -I/Users/darisadam/Library/Developer/Xcode/DerivedData/Madabank-hkohthnbjtgnoechirsoymtykttx/Build/Products/Debug-iphonesimulator/include -Xcc -I/Users/darisadam/Documents/Projects/iOS\ Apps/madabank-ios/Madabank/Tuist/.build/checkouts/RxSwift/Sources/RxCocoaRuntime/include -Xcc -I/Users/darisadam/Library/Developer/Xcode/DerivedData/Madabank-hkohthnbjtgnoechirsoymtykttx/Build/Intermediates.noindex/CommonUI.build/Debug-iphonesimulator/CommonUI.build/DerivedSources-normal/arm64 -Xcc -I/Users/darisadam/Library/Developer/Xcode/DerivedData/Madabank-hkohthnbjtgnoechirsoymtykttx/Build/Intermediates.noindex/CommonUI.build/Debug-iphonesimulator/CommonUI.build/DerivedSources/arm64 -Xcc -I/Users/darisadam/Library/Developer/Xcode/DerivedData/Madabank-hkohthnbjtgnoechirsoymtykttx/Build/Intermediates.noindex/CommonUI.build/Debug-iphonesimulator/CommonUI.build/DerivedSources -Xcc -DDEBUG\=1 -emit-objc-header -emit-objc-header-path /Users/darisadam/Library/Developer/Xcode/DerivedData/Madabank-hkohthnbjtgnoechirsoymtykttx/Build/Intermediates.noindex/CommonUI.build/Debug-iphonesimulator/CommonUI.build/Objects-normal/arm64/CommonUI-Swift.h -working-directory /Users/darisadam/Documents/Projects/iOS\ Apps/madabank-ios/Madabank/Modules/Shared/CommonUI -experimental-emit-module-separately -disable-cmo

SwiftDriverJobDiscovery normal arm64 Compiling RxSearchControllerDelegateProxy.swift, RxTabBarControllerDelegateProxy.swift, RxTabBarDelegateProxy.swift, RxTableViewDataSourcePrefetchingProxy.swift, RxTableViewDataSourceProxy.swift, RxTableViewDataSourceType.swift, RxTableViewDelegateProxy.swift, RxTableViewReactiveArrayDataSource.swift, RxTarget.swift, RxTextStorageDelegateProxy.swift, RxTextViewDelegateProxy.swift, RxWKNavigationDelegateProxy.swift (in target 'RxCocoa' from project 'RxSwift')

CodeSign /Users/darisadam/Library/Developer/Xcode/DerivedData/Madabank-hkohthnbjtgnoechirsoymtykttx/Build/Products/Debug-iphonesimulator/RxRelay.framework (in target 'RxRelay' from project 'RxSwift')
    cd /Users/darisadam/Documents/Projects/iOS\ Apps/madabank-ios/Madabank/Tuist/.build/tuist-derived/RxSwift
    
    Signing Identity:     "Sign to Run Locally"
    
    /usr/bin/codesign --force --sign - --timestamp\=none --generate-entitlement-der /Users/darisadam/Library/Developer/Xcode/DerivedData/Madabank-hkohthnbjtgnoechirsoymtykttx/Build/Products/Debug-iphonesimulator/RxRelay.framework

RegisterExecutionPolicyException /Users/darisadam/Library/Developer/Xcode/DerivedData/Madabank-hkohthnbjtgnoechirsoymtykttx/Build/Products/Debug-iphonesimulator/RxRelay.framework (in target 'RxRelay' from project 'RxSwift')
    cd /Users/darisadam/Documents/Projects/iOS\ Apps/madabank-ios/Madabank/Tuist/.build/tuist-derived/RxSwift
    builtin-RegisterExecutionPolicyException /Users/darisadam/Library/Developer/Xcode/DerivedData/Madabank-hkohthnbjtgnoechirsoymtykttx/Build/Products/Debug-iphonesimulator/RxRelay.framework

Touch /Users/darisadam/Library/Developer/Xcode/DerivedData/Madabank-hkohthnbjtgnoechirsoymtykttx/Build/Products/Debug-iphonesimulator/RxRelay.framework (in target 'RxRelay' from project 'RxSwift')
    cd /Users/darisadam/Documents/Projects/iOS\ Apps/madabank-ios/Madabank/Tuist/.build/tuist-derived/RxSwift
    /usr/bin/touch -c /Users/darisadam/Library/Developer/Xcode/DerivedData/Madabank-hkohthnbjtgnoechirsoymtykttx/Build/Products/Debug-iphonesimulator/RxRelay.framework

SwiftDriverJobDiscovery normal arm64 Compiling BehaviorRelay+Driver.swift, ControlEvent+Driver.swift, ControlEvent+Signal.swift, ControlEvent.swift, ControlProperty+Driver.swift, ControlProperty.swift, ControlTarget.swift, DelegateProxy.swift, DelegateProxyType.swift, DispatchQueue+Extensions.swift, Driver+Subscription.swift, Driver.swift (in target 'RxCocoa' from project 'RxSwift')

CompileC /Users/darisadam/Library/Developer/Xcode/DerivedData/Madabank-hkohthnbjtgnoechirsoymtykttx/Build/Intermediates.noindex/RxSwift.build/Debug-iphonesimulator/RxCocoaRuntime.build/Objects-normal/arm64/_RXObjCRuntime.o /Users/darisadam/Documents/Projects/iOS\ Apps/madabank-ios/Madabank/Tuist/.build/checkouts/RxSwift/Sources/RxCocoaRuntime/_RXObjCRuntime.m normal arm64 objective-c com.apple.compilers.llvm.clang.1_0.compiler (in target 'RxCocoaRuntime' from project 'RxSwift')
    cd /Users/darisadam/Documents/Projects/iOS\ Apps/madabank-ios/Madabank/Tuist/.build/tuist-derived/RxSwift
    
    Using response file: /Users/darisadam/Library/Developer/Xcode/DerivedData/Madabank-hkohthnbjtgnoechirsoymtykttx/Build/Intermediates.noindex/RxSwift.build/Debug-iphonesimulator/RxCocoaRuntime.build/Objects-normal/arm64/e6072d4f65d7061329687fe24e3d63a7-common-args.resp
    
    /Applications/Xcode.app/Contents/Developer/Toolchains/XcodeDefault.xctoolchain/usr/bin/clang -x objective-c -ivfsstatcache /Users/darisadam/Library/Developer/Xcode/DerivedData/SDKStatCaches.noindex/iphonesimulator26.1-23B77-3885c01c3e6b6a337905948deab2002e90cf18a4295e390e64c810bc6bd7acbc.sdkstatcache -fmessage-length\=0 -fdiagnostics-show-note-include-stack -fmacro-backtrace-limit\=0 -fno-color-diagnostics -fmodules-prune-interval\=86400 -fmodules-prune-after\=345600 -fbuild-session-file\=/Users/darisadam/Library/Developer/Xcode/DerivedData/ModuleCache.noindex/Session.modulevalidation -fmodules-validate-once-per-build-session -Wnon-modular-include-in-framework-module -Werror\=non-modular-include-in-framework-module -Wno-trigraphs -Wno-missing-field-initializers -Wno-missing-prototypes -Werror\=return-type -Wdocumentation -Wunreachable-code -Wno-implicit-atomic-properties -Werror\=deprecated-objc-isa-usage -Wno-objc-interface-ivars -Werror\=objc-root-class -Wno-arc-repeated-use-of-weak -Wimplicit-retain-self -Wduplicate-method-match -Wno-missing-braces -Wparentheses -Wswitch -Wunused-function -Wno-unused-label -Wno-unused-parameter -Wunused-variable -Wunused-value -Wempty-body -Wuninitialized -Wconditional-uninitialized -Wno-unknown-pragmas -w -Wno-shadow -Wno-four-char-constants -Wno-conversion -Wconstant-conversion -Wint-conversion -Wbool-conversion -Wenum-conversion -Wno-float-conversion -Wnon-literal-null-conversion -Wobjc-literal-conversion -Wshorten-64-to-32 -Wpointer-sign -Wno-newline-eof -Wno-selector -Wno-strict-selector-match -Wundeclared-selector -Wdeprecated-implementations -Wno-implicit-fallthrough -fstrict-aliasing -Wprotocol -Wdeprecated-declarations -Wno-sign-conversion -Winfinite-recursion -Wcomma -Wblock-capture-autoreleasing -Wstrict-prototypes -Wno-semicolon-before-method-body -Wunguarded-availability -index-store-path /Users/darisadam/Library/Developer/Xcode/DerivedData/Madabank-hkohthnbjtgnoechirsoymtykttx/Index.noindex/DataStore @/Users/darisadam/Library/Developer/Xcode/DerivedData/Madabank-hkohthnbjtgnoechirsoymtykttx/Build/Intermediates.noindex/RxSwift.build/Debug-iphonesimulator/RxCocoaRuntime.build/Objects-normal/arm64/e6072d4f65d7061329687fe24e3d63a7-common-args.resp -MMD -MT dependencies -MF /Users/darisadam/Library/Developer/Xcode/DerivedData/Madabank-hkohthnbjtgnoechirsoymtykttx/Build/Intermediates.noindex/RxSwift.build/Debug-iphonesimulator/RxCocoaRuntime.build/Objects-normal/arm64/_RXObjCRuntime.d --serialize-diagnostics /Users/darisadam/Library/Developer/Xcode/DerivedData/Madabank-hkohthnbjtgnoechirsoymtykttx/Build/Intermediates.noindex/RxSwift.build/Debug-iphonesimulator/RxCocoaRuntime.build/Objects-normal/arm64/_RXObjCRuntime.dia -c /Users/darisadam/Documents/Projects/iOS\ Apps/madabank-ios/Madabank/Tuist/.build/checkouts/RxSwift/Sources/RxCocoaRuntime/_RXObjCRuntime.m -o /Users/darisadam/Library/Developer/Xcode/DerivedData/Madabank-hkohthnbjtgnoechirsoymtykttx/Build/Intermediates.noindex/RxSwift.build/Debug-iphonesimulator/RxCocoaRuntime.build/Objects-normal/arm64/_RXObjCRuntime.o -index-unit-output-path /RxSwift.build/Debug-iphonesimulator/RxCocoaRuntime.build/Objects-normal/arm64/_RXObjCRuntime.o

CompileC /Users/darisadam/Library/Developer/Xcode/DerivedData/Madabank-hkohthnbjtgnoechirsoymtykttx/Build/Intermediates.noindex/RxSwift.build/Debug-iphonesimulator/RxCocoaRuntime.build/Objects-normal/arm64/_RXDelegateProxy.o /Users/darisadam/Documents/Projects/iOS\ Apps/madabank-ios/Madabank/Tuist/.build/checkouts/RxSwift/Sources/RxCocoaRuntime/_RXDelegateProxy.m normal arm64 objective-c com.apple.compilers.llvm.clang.1_0.compiler (in target 'RxCocoaRuntime' from project 'RxSwift')
    cd /Users/darisadam/Documents/Projects/iOS\ Apps/madabank-ios/Madabank/Tuist/.build/tuist-derived/RxSwift
    
    Using response file: /Users/darisadam/Library/Developer/Xcode/DerivedData/Madabank-hkohthnbjtgnoechirsoymtykttx/Build/Intermediates.noindex/RxSwift.build/Debug-iphonesimulator/RxCocoaRuntime.build/Objects-normal/arm64/e6072d4f65d7061329687fe24e3d63a7-common-args.resp
    
    /Applications/Xcode.app/Contents/Developer/Toolchains/XcodeDefault.xctoolchain/usr/bin/clang -x objective-c -ivfsstatcache /Users/darisadam/Library/Developer/Xcode/DerivedData/SDKStatCaches.noindex/iphonesimulator26.1-23B77-3885c01c3e6b6a337905948deab2002e90cf18a4295e390e64c810bc6bd7acbc.sdkstatcache -fmessage-length\=0 -fdiagnostics-show-note-include-stack -fmacro-backtrace-limit\=0 -fno-color-diagnostics -fmodules-prune-interval\=86400 -fmodules-prune-after\=345600 -fbuild-session-file\=/Users/darisadam/Library/Developer/Xcode/DerivedData/ModuleCache.noindex/Session.modulevalidation -fmodules-validate-once-per-build-session -Wnon-modular-include-in-framework-module -Werror\=non-modular-include-in-framework-module -Wno-trigraphs -Wno-missing-field-initializers -Wno-missing-prototypes -Werror\=return-type -Wdocumentation -Wunreachable-code -Wno-implicit-atomic-properties -Werror\=deprecated-objc-isa-usage -Wno-objc-interface-ivars -Werror\=objc-root-class -Wno-arc-repeated-use-of-weak -Wimplicit-retain-self -Wduplicate-method-match -Wno-missing-braces -Wparentheses -Wswitch -Wunused-function -Wno-unused-label -Wno-unused-parameter -Wunused-variable -Wunused-value -Wempty-body -Wuninitialized -Wconditional-uninitialized -Wno-unknown-pragmas -w -Wno-shadow -Wno-four-char-constants -Wno-conversion -Wconstant-conversion -Wint-conversion -Wbool-conversion -Wenum-conversion -Wno-float-conversion -Wnon-literal-null-conversion -Wobjc-literal-conversion -Wshorten-64-to-32 -Wpointer-sign -Wno-newline-eof -Wno-selector -Wno-strict-selector-match -Wundeclared-selector -Wdeprecated-implementations -Wno-implicit-fallthrough -fstrict-aliasing -Wprotocol -Wdeprecated-declarations -Wno-sign-conversion -Winfinite-recursion -Wcomma -Wblock-capture-autoreleasing -Wstrict-prototypes -Wno-semicolon-before-method-body -Wunguarded-availability -index-store-path /Users/darisadam/Library/Developer/Xcode/DerivedData/Madabank-hkohthnbjtgnoechirsoymtykttx/Index.noindex/DataStore @/Users/darisadam/Library/Developer/Xcode/DerivedData/Madabank-hkohthnbjtgnoechirsoymtykttx/Build/Intermediates.noindex/RxSwift.build/Debug-iphonesimulator/RxCocoaRuntime.build/Objects-normal/arm64/e6072d4f65d7061329687fe24e3d63a7-common-args.resp -MMD -MT dependencies -MF /Users/darisadam/Library/Developer/Xcode/DerivedData/Madabank-hkohthnbjtgnoechirsoymtykttx/Build/Intermediates.noindex/RxSwift.build/Debug-iphonesimulator/RxCocoaRuntime.build/Objects-normal/arm64/_RXDelegateProxy.d --serialize-diagnostics /Users/darisadam/Library/Developer/Xcode/DerivedData/Madabank-hkohthnbjtgnoechirsoymtykttx/Build/Intermediates.noindex/RxSwift.build/Debug-iphonesimulator/RxCocoaRuntime.build/Objects-normal/arm64/_RXDelegateProxy.dia -c /Users/darisadam/Documents/Projects/iOS\ Apps/madabank-ios/Madabank/Tuist/.build/checkouts/RxSwift/Sources/RxCocoaRuntime/_RXDelegateProxy.m -o /Users/darisadam/Library/Developer/Xcode/DerivedData/Madabank-hkohthnbjtgnoechirsoymtykttx/Build/Intermediates.noindex/RxSwift.build/Debug-iphonesimulator/RxCocoaRuntime.build/Objects-normal/arm64/_RXDelegateProxy.o -index-unit-output-path /RxSwift.build/Debug-iphonesimulator/RxCocoaRuntime.build/Objects-normal/arm64/_RXDelegateProxy.o

CompileC /Users/darisadam/Library/Developer/Xcode/DerivedData/Madabank-hkohthnbjtgnoechirsoymtykttx/Build/Intermediates.noindex/RxSwift.build/Debug-iphonesimulator/RxCocoaRuntime.build/Objects-normal/arm64/_RXKVOObserver.o /Users/darisadam/Documents/Projects/iOS\ Apps/madabank-ios/Madabank/Tuist/.build/checkouts/RxSwift/Sources/RxCocoaRuntime/_RXKVOObserver.m normal arm64 objective-c com.apple.compilers.llvm.clang.1_0.compiler (in target 'RxCocoaRuntime' from project 'RxSwift')
    cd /Users/darisadam/Documents/Projects/iOS\ Apps/madabank-ios/Madabank/Tuist/.build/tuist-derived/RxSwift
    
    Using response file: /Users/darisadam/Library/Developer/Xcode/DerivedData/Madabank-hkohthnbjtgnoechirsoymtykttx/Build/Intermediates.noindex/RxSwift.build/Debug-iphonesimulator/RxCocoaRuntime.build/Objects-normal/arm64/e6072d4f65d7061329687fe24e3d63a7-common-args.resp
    
    /Applications/Xcode.app/Contents/Developer/Toolchains/XcodeDefault.xctoolchain/usr/bin/clang -x objective-c -ivfsstatcache /Users/darisadam/Library/Developer/Xcode/DerivedData/SDKStatCaches.noindex/iphonesimulator26.1-23B77-3885c01c3e6b6a337905948deab2002e90cf18a4295e390e64c810bc6bd7acbc.sdkstatcache -fmessage-length\=0 -fdiagnostics-show-note-include-stack -fmacro-backtrace-limit\=0 -fno-color-diagnostics -fmodules-prune-interval\=86400 -fmodules-prune-after\=345600 -fbuild-session-file\=/Users/darisadam/Library/Developer/Xcode/DerivedData/ModuleCache.noindex/Session.modulevalidation -fmodules-validate-once-per-build-session -Wnon-modular-include-in-framework-module -Werror\=non-modular-include-in-framework-module -Wno-trigraphs -Wno-missing-field-initializers -Wno-missing-prototypes -Werror\=return-type -Wdocumentation -Wunreachable-code -Wno-implicit-atomic-properties -Werror\=deprecated-objc-isa-usage -Wno-objc-interface-ivars -Werror\=objc-root-class -Wno-arc-repeated-use-of-weak -Wimplicit-retain-self -Wduplicate-method-match -Wno-missing-braces -Wparentheses -Wswitch -Wunused-function -Wno-unused-label -Wno-unused-parameter -Wunused-variable -Wunused-value -Wempty-body -Wuninitialized -Wconditional-uninitialized -Wno-unknown-pragmas -w -Wno-shadow -Wno-four-char-constants -Wno-conversion -Wconstant-conversion -Wint-conversion -Wbool-conversion -Wenum-conversion -Wno-float-conversion -Wnon-literal-null-conversion -Wobjc-literal-conversion -Wshorten-64-to-32 -Wpointer-sign -Wno-newline-eof -Wno-selector -Wno-strict-selector-match -Wundeclared-selector -Wdeprecated-implementations -Wno-implicit-fallthrough -fstrict-aliasing -Wprotocol -Wdeprecated-declarations -Wno-sign-conversion -Winfinite-recursion -Wcomma -Wblock-capture-autoreleasing -Wstrict-prototypes -Wno-semicolon-before-method-body -Wunguarded-availability -index-store-path /Users/darisadam/Library/Developer/Xcode/DerivedData/Madabank-hkohthnbjtgnoechirsoymtykttx/Index.noindex/DataStore @/Users/darisadam/Library/Developer/Xcode/DerivedData/Madabank-hkohthnbjtgnoechirsoymtykttx/Build/Intermediates.noindex/RxSwift.build/Debug-iphonesimulator/RxCocoaRuntime.build/Objects-normal/arm64/e6072d4f65d7061329687fe24e3d63a7-common-args.resp -MMD -MT dependencies -MF /Users/darisadam/Library/Developer/Xcode/DerivedData/Madabank-hkohthnbjtgnoechirsoymtykttx/Build/Intermediates.noindex/RxSwift.build/Debug-iphonesimulator/RxCocoaRuntime.build/Objects-normal/arm64/_RXKVOObserver.d --serialize-diagnostics /Users/darisadam/Library/Developer/Xcode/DerivedData/Madabank-hkohthnbjtgnoechirsoymtykttx/Build/Intermediates.noindex/RxSwift.build/Debug-iphonesimulator/RxCocoaRuntime.build/Objects-normal/arm64/_RXKVOObserver.dia -c /Users/darisadam/Documents/Projects/iOS\ Apps/madabank-ios/Madabank/Tuist/.build/checkouts/RxSwift/Sources/RxCocoaRuntime/_RXKVOObserver.m -o /Users/darisadam/Library/Developer/Xcode/DerivedData/Madabank-hkohthnbjtgnoechirsoymtykttx/Build/Intermediates.noindex/RxSwift.build/Debug-iphonesimulator/RxCocoaRuntime.build/Objects-normal/arm64/_RXKVOObserver.o -index-unit-output-path /RxSwift.build/Debug-iphonesimulator/RxCocoaRuntime.build/Objects-normal/arm64/_RXKVOObserver.o

CompileC /Users/darisadam/Library/Developer/Xcode/DerivedData/Madabank-hkohthnbjtgnoechirsoymtykttx/Build/Intermediates.noindex/RxSwift.build/Debug-iphonesimulator/RxCocoaRuntime.build/Objects-normal/arm64/_RX.o /Users/darisadam/Documents/Projects/iOS\ Apps/madabank-ios/Madabank/Tuist/.build/checkouts/RxSwift/Sources/RxCocoaRuntime/_RX.m normal arm64 objective-c com.apple.compilers.llvm.clang.1_0.compiler (in target 'RxCocoaRuntime' from project 'RxSwift')
    cd /Users/darisadam/Documents/Projects/iOS\ Apps/madabank-ios/Madabank/Tuist/.build/tuist-derived/RxSwift
    
    Using response file: /Users/darisadam/Library/Developer/Xcode/DerivedData/Madabank-hkohthnbjtgnoechirsoymtykttx/Build/Intermediates.noindex/RxSwift.build/Debug-iphonesimulator/RxCocoaRuntime.build/Objects-normal/arm64/e6072d4f65d7061329687fe24e3d63a7-common-args.resp
    
    /Applications/Xcode.app/Contents/Developer/Toolchains/XcodeDefault.xctoolchain/usr/bin/clang -x objective-c -ivfsstatcache /Users/darisadam/Library/Developer/Xcode/DerivedData/SDKStatCaches.noindex/iphonesimulator26.1-23B77-3885c01c3e6b6a337905948deab2002e90cf18a4295e390e64c810bc6bd7acbc.sdkstatcache -fmessage-length\=0 -fdiagnostics-show-note-include-stack -fmacro-backtrace-limit\=0 -fno-color-diagnostics -fmodules-prune-interval\=86400 -fmodules-prune-after\=345600 -fbuild-session-file\=/Users/darisadam/Library/Developer/Xcode/DerivedData/ModuleCache.noindex/Session.modulevalidation -fmodules-validate-once-per-build-session -Wnon-modular-include-in-framework-module -Werror\=non-modular-include-in-framework-module -Wno-trigraphs -Wno-missing-field-initializers -Wno-missing-prototypes -Werror\=return-type -Wdocumentation -Wunreachable-code -Wno-implicit-atomic-properties -Werror\=deprecated-objc-isa-usage -Wno-objc-interface-ivars -Werror\=objc-root-class -Wno-arc-repeated-use-of-weak -Wimplicit-retain-self -Wduplicate-method-match -Wno-missing-braces -Wparentheses -Wswitch -Wunused-function -Wno-unused-label -Wno-unused-parameter -Wunused-variable -Wunused-value -Wempty-body -Wuninitialized -Wconditional-uninitialized -Wno-unknown-pragmas -w -Wno-shadow -Wno-four-char-constants -Wno-conversion -Wconstant-conversion -Wint-conversion -Wbool-conversion -Wenum-conversion -Wno-float-conversion -Wnon-literal-null-conversion -Wobjc-literal-conversion -Wshorten-64-to-32 -Wpointer-sign -Wno-newline-eof -Wno-selector -Wno-strict-selector-match -Wundeclared-selector -Wdeprecated-implementations -Wno-implicit-fallthrough -fstrict-aliasing -Wprotocol -Wdeprecated-declarations -Wno-sign-conversion -Winfinite-recursion -Wcomma -Wblock-capture-autoreleasing -Wstrict-prototypes -Wno-semicolon-before-method-body -Wunguarded-availability -index-store-path /Users/darisadam/Library/Developer/Xcode/DerivedData/Madabank-hkohthnbjtgnoechirsoymtykttx/Index.noindex/DataStore @/Users/darisadam/Library/Developer/Xcode/DerivedData/Madabank-hkohthnbjtgnoechirsoymtykttx/Build/Intermediates.noindex/RxSwift.build/Debug-iphonesimulator/RxCocoaRuntime.build/Objects-normal/arm64/e6072d4f65d7061329687fe24e3d63a7-common-args.resp -MMD -MT dependencies -MF /Users/darisadam/Library/Developer/Xcode/DerivedData/Madabank-hkohthnbjtgnoechirsoymtykttx/Build/Intermediates.noindex/RxSwift.build/Debug-iphonesimulator/RxCocoaRuntime.build/Objects-normal/arm64/_RX.d --serialize-diagnostics /Users/darisadam/Library/Developer/Xcode/DerivedData/Madabank-hkohthnbjtgnoechirsoymtykttx/Build/Intermediates.noindex/RxSwift.build/Debug-iphonesimulator/RxCocoaRuntime.build/Objects-normal/arm64/_RX.dia -c /Users/darisadam/Documents/Projects/iOS\ Apps/madabank-ios/Madabank/Tuist/.build/checkouts/RxSwift/Sources/RxCocoaRuntime/_RX.m -o /Users/darisadam/Library/Developer/Xcode/DerivedData/Madabank-hkohthnbjtgnoechirsoymtykttx/Build/Intermediates.noindex/RxSwift.build/Debug-iphonesimulator/RxCocoaRuntime.build/Objects-normal/arm64/_RX.o -index-unit-output-path /RxSwift.build/Debug-iphonesimulator/RxCocoaRuntime.build/Objects-normal/arm64/_RX.o

SwiftDriverJobDiscovery normal arm64 Compiling SchedulerType+SharedSequence.swift, SectionedViewDataSourceType.swift, SharedSequence+Concurrency.swift, SharedSequence+Operators+arity.swift, SharedSequence+Operators.swift, SharedSequence.swift, Signal+Subscription.swift, Signal.swift, TextInput.swift, UIActivityIndicatorView+Rx.swift, UIApplication+Rx.swift, UIBarButtonItem+Rx.swift (in target 'RxCocoa' from project 'RxSwift')

SwiftExplicitDependencyGeneratePcm arm64 /Users/darisadam/Library/Developer/Xcode/DerivedData/Madabank-hkohthnbjtgnoechirsoymtykttx/Build/Intermediates.noindex/SwiftExplicitPrecompiledModules/RxCocoaRuntime-34U4DOK2J2JR4LIUO8ILPIDV1.pcm

ExtractAppIntentsMetadata (in target 'Domain' from project 'Domain')
    cd /Users/darisadam/Documents/Projects/iOS\ Apps/madabank-ios/Madabank/Modules/Shared/Domain
    /Applications/Xcode.app/Contents/Developer/Toolchains/XcodeDefault.xctoolchain/usr/bin/appintentsmetadataprocessor --toolchain-dir /var/run/com.apple.security.cryptexd/mnt/com.apple.MobileAsset.MetalToolchain-v17.2.54.0.wH8bUi/Metal.xctoolchain --module-name Domain --sdk-root /Applications/Xcode.app/Contents/Developer/Platforms/iPhoneSimulator.platform/Developer/SDKs/iPhoneSimulator26.1.sdk --xcode-version 17B100 --platform-family iOS --deployment-target 15.0 --bundle-identifier online.darisadam.domain --output /Users/darisadam/Library/Developer/Xcode/DerivedData/Madabank-hkohthnbjtgnoechirsoymtykttx/Build/Products/Debug-iphonesimulator/Domain.framework --target-triple arm64-apple-ios15.0-simulator --binary-file /Users/darisadam/Library/Developer/Xcode/DerivedData/Madabank-hkohthnbjtgnoechirsoymtykttx/Build/Products/Debug-iphonesimulator/Domain.framework/Domain --dependency-file /Users/darisadam/Library/Developer/Xcode/DerivedData/Madabank-hkohthnbjtgnoechirsoymtykttx/Build/Intermediates.noindex/Domain.build/Debug-iphonesimulator/Domain.build/Objects-normal/arm64/Domain_dependency_info.dat --stringsdata-file /Users/darisadam/Library/Developer/Xcode/DerivedData/Madabank-hkohthnbjtgnoechirsoymtykttx/Build/Intermediates.noindex/Domain.build/Debug-iphonesimulator/Domain.build/Objects-normal/arm64/ExtractedAppShortcutsMetadata.stringsdata --source-file-list /Users/darisadam/Library/Developer/Xcode/DerivedData/Madabank-hkohthnbjtgnoechirsoymtykttx/Build/Intermediates.noindex/Domain.build/Debug-iphonesimulator/Domain.build/Objects-normal/arm64/Domain.SwiftFileList --metadata-file-list /Users/darisadam/Library/Developer/Xcode/DerivedData/Madabank-hkohthnbjtgnoechirsoymtykttx/Build/Intermediates.noindex/Domain.build/Debug-iphonesimulator/Domain.build/Domain.DependencyMetadataFileList --static-metadata-file-list /Users/darisadam/Library/Developer/Xcode/DerivedData/Madabank-hkohthnbjtgnoechirsoymtykttx/Build/Intermediates.noindex/Domain.build/Debug-iphonesimulator/Domain.build/Domain.DependencyStaticMetadataFileList --swift-const-vals-list /Users/darisadam/Library/Developer/Xcode/DerivedData/Madabank-hkohthnbjtgnoechirsoymtykttx/Build/Intermediates.noindex/Domain.build/Debug-iphonesimulator/Domain.build/Objects-normal/arm64/Domain.SwiftConstValuesFileList --compile-time-extraction --deployment-aware-processing --validate-assistant-intents --no-app-shortcuts-localization
2026-02-04 20:01:41.370 appintentsmetadataprocessor[11617:2539912] Starting appintentsmetadataprocessor export
2026-02-04 20:01:41.371 appintentsmetadataprocessor[11617:2539912] warning: Metadata extraction skipped. No AppIntents.framework dependency found.

SwiftCompile normal arm64 Compiling\ AuthRepository.swift /Users/darisadam/Documents/Projects/iOS\ Apps/madabank-ios/Madabank/Modules/Shared/Data/Sources/Repositories/AuthRepository.swift (in target 'Data' from project 'Data')

SwiftCompile normal arm64 /Users/darisadam/Documents/Projects/iOS\ Apps/madabank-ios/Madabank/Modules/Shared/Data/Sources/Repositories/AuthRepository.swift (in target 'Data' from project 'Data')
    cd /Users/darisadam/Documents/Projects/iOS\ Apps/madabank-ios/Madabank/Modules/Shared/Data
    

SwiftCompile normal arm64 Compiling\ Data.swift,\ AccountMapper.swift /Users/darisadam/Documents/Projects/iOS\ Apps/madabank-ios/Madabank/Modules/Shared/Data/Sources/Data.swift /Users/darisadam/Documents/Projects/iOS\ Apps/madabank-ios/Madabank/Modules/Shared/Data/Sources/Mappers/AccountMapper.swift (in target 'Data' from project 'Data')

SwiftCompile normal arm64 /Users/darisadam/Documents/Projects/iOS\ Apps/madabank-ios/Madabank/Modules/Shared/Data/Sources/Data.swift (in target 'Data' from project 'Data')
    cd /Users/darisadam/Documents/Projects/iOS\ Apps/madabank-ios/Madabank/Modules/Shared/Data
    

SwiftCompile normal arm64 /Users/darisadam/Documents/Projects/iOS\ Apps/madabank-ios/Madabank/Modules/Shared/Data/Sources/Mappers/AccountMapper.swift (in target 'Data' from project 'Data')
    cd /Users/darisadam/Documents/Projects/iOS\ Apps/madabank-ios/Madabank/Modules/Shared/Data
    

SwiftCompile normal arm64 Compiling\ AccountRepository.swift /Users/darisadam/Documents/Projects/iOS\ Apps/madabank-ios/Madabank/Modules/Shared/Data/Sources/Repositories/AccountRepository.swift (in target 'Data' from project 'Data')

SwiftCompile normal arm64 /Users/darisadam/Documents/Projects/iOS\ Apps/madabank-ios/Madabank/Modules/Shared/Data/Sources/Repositories/AccountRepository.swift (in target 'Data' from project 'Data')
    cd /Users/darisadam/Documents/Projects/iOS\ Apps/madabank-ios/Madabank/Modules/Shared/Data
    

SwiftCompile normal arm64 Compiling\ TransactionMapper.swift /Users/darisadam/Documents/Projects/iOS\ Apps/madabank-ios/Madabank/Modules/Shared/Data/Sources/Mappers/TransactionMapper.swift (in target 'Data' from project 'Data')

SwiftCompile normal arm64 /Users/darisadam/Documents/Projects/iOS\ Apps/madabank-ios/Madabank/Modules/Shared/Data/Sources/Mappers/TransactionMapper.swift (in target 'Data' from project 'Data')
    cd /Users/darisadam/Documents/Projects/iOS\ Apps/madabank-ios/Madabank/Modules/Shared/Data
    

SwiftEmitModule normal arm64 Emitting\ module\ for\ Data (in target 'Data' from project 'Data')

EmitSwiftModule normal arm64 (in target 'Data' from project 'Data')
    cd /Users/darisadam/Documents/Projects/iOS\ Apps/madabank-ios/Madabank/Modules/Shared/Data
    

SwiftCompile normal arm64 Compiling\ TransactionRepository.swift /Users/darisadam/Documents/Projects/iOS\ Apps/madabank-ios/Madabank/Modules/Shared/Data/Sources/Repositories/TransactionRepository.swift (in target 'Data' from project 'Data')

SwiftCompile normal arm64 /Users/darisadam/Documents/Projects/iOS\ Apps/madabank-ios/Madabank/Modules/Shared/Data/Sources/Repositories/TransactionRepository.swift (in target 'Data' from project 'Data')
    cd /Users/darisadam/Documents/Projects/iOS\ Apps/madabank-ios/Madabank/Modules/Shared/Data
    

SwiftEmitModule normal arm64 Emitting\ module\ for\ CommonUI (in target 'CommonUI' from project 'CommonUI')

EmitSwiftModule normal arm64 (in target 'CommonUI' from project 'CommonUI')
    cd /Users/darisadam/Documents/Projects/iOS\ Apps/madabank-ios/Madabank/Modules/Shared/CommonUI
    

Ld /Users/darisadam/Library/Developer/Xcode/DerivedData/Madabank-hkohthnbjtgnoechirsoymtykttx/Build/Products/Debug-iphonesimulator/RxCocoaRuntime.framework/RxCocoaRuntime normal (in target 'RxCocoaRuntime' from project 'RxSwift')
    cd /Users/darisadam/Documents/Projects/iOS\ Apps/madabank-ios/Madabank/Tuist/.build/tuist-derived/RxSwift
    /Applications/Xcode.app/Contents/Developer/Toolchains/XcodeDefault.xctoolchain/usr/bin/clang -Xlinker -reproducible -target arm64-apple-ios12.0-simulator -dynamiclib -isysroot /Applications/Xcode.app/Contents/Developer/Platforms/iPhoneSimulator.platform/Developer/SDKs/iPhoneSimulator26.1.sdk -O0 -L/Users/darisadam/Library/Developer/Xcode/DerivedData/Madabank-hkohthnbjtgnoechirsoymtykttx/Build/Intermediates.noindex/EagerLinkingTBDs/Debug-iphonesimulator -L/Users/darisadam/Library/Developer/Xcode/DerivedData/Madabank-hkohthnbjtgnoechirsoymtykttx/Build/Products/Debug-iphonesimulator -F/Users/darisadam/Library/Developer/Xcode/DerivedData/Madabank-hkohthnbjtgnoechirsoymtykttx/Build/Intermediates.noindex/EagerLinkingTBDs/Debug-iphonesimulator -F/Users/darisadam/Library/Developer/Xcode/DerivedData/Madabank-hkohthnbjtgnoechirsoymtykttx/Build/Products/Debug-iphonesimulator -F/Applications/Xcode.app/Contents/Developer/Platforms/iPhoneSimulator.platform/Developer/Library/Frameworks -filelist /Users/darisadam/Library/Developer/Xcode/DerivedData/Madabank-hkohthnbjtgnoechirsoymtykttx/Build/Intermediates.noindex/RxSwift.build/Debug-iphonesimulator/RxCocoaRuntime.build/Objects-normal/arm64/RxCocoaRuntime.LinkFileList -install_name @rpath/RxCocoaRuntime.framework/RxCocoaRuntime -Xlinker -rpath -Xlinker @executable_path/Frameworks -Xlinker -rpath -Xlinker @loader_path/Frameworks -dead_strip -Xlinker -object_path_lto -Xlinker /Users/darisadam/Library/Developer/Xcode/DerivedData/Madabank-hkohthnbjtgnoechirsoymtykttx/Build/Intermediates.noindex/RxSwift.build/Debug-iphonesimulator/RxCocoaRuntime.build/Objects-normal/arm64/RxCocoaRuntime_lto.o -rdynamic -Xlinker -no_deduplicate -Xlinker -objc_abi_version -Xlinker 2 -Xlinker -dependency_info -Xlinker /Users/darisadam/Library/Developer/Xcode/DerivedData/Madabank-hkohthnbjtgnoechirsoymtykttx/Build/Intermediates.noindex/RxSwift.build/Debug-iphonesimulator/RxCocoaRuntime.build/Objects-normal/arm64/RxCocoaRuntime_dependency_info.dat -fobjc-arc -fobjc-link-runtime -framework RxSwift -Xlinker -no_adhoc_codesign -compatibility_version 1 -current_version 1 -o /Users/darisadam/Library/Developer/Xcode/DerivedData/Madabank-hkohthnbjtgnoechirsoymtykttx/Build/Products/Debug-iphonesimulator/RxCocoaRuntime.framework/RxCocoaRuntime

SwiftDriverJobDiscovery normal arm64 Compiling TransactionMapper.swift (in target 'Data' from project 'Data')

SwiftCompile normal arm64 Compiling\ CardRepository.swift /Users/darisadam/Documents/Projects/iOS\ Apps/madabank-ios/Madabank/Modules/Shared/Data/Sources/Repositories/CardRepository.swift (in target 'Data' from project 'Data')

SwiftCompile normal arm64 /Users/darisadam/Documents/Projects/iOS\ Apps/madabank-ios/Madabank/Modules/Shared/Data/Sources/Repositories/CardRepository.swift (in target 'Data' from project 'Data')
    cd /Users/darisadam/Documents/Projects/iOS\ Apps/madabank-ios/Madabank/Modules/Shared/Data
    

SwiftCompile normal arm64 Compiling\ UserRepository.swift /Users/darisadam/Documents/Projects/iOS\ Apps/madabank-ios/Madabank/Modules/Shared/Data/Sources/Repositories/UserRepository.swift (in target 'Data' from project 'Data')

SwiftCompile normal arm64 /Users/darisadam/Documents/Projects/iOS\ Apps/madabank-ios/Madabank/Modules/Shared/Data/Sources/Repositories/UserRepository.swift (in target 'Data' from project 'Data')
    cd /Users/darisadam/Documents/Projects/iOS\ Apps/madabank-ios/Madabank/Modules/Shared/Data
    

SwiftDriverJobDiscovery normal arm64 Emitting module for Data (in target 'Data' from project 'Data')

SwiftDriverJobDiscovery normal arm64 Compiling Data.swift, AccountMapper.swift (in target 'Data' from project 'Data')

SwiftDriver\ Compilation\ Requirements Data normal arm64 com.apple.xcode.tools.swift.compiler (in target 'Data' from project 'Data')
    cd /Users/darisadam/Documents/Projects/iOS\ Apps/madabank-ios/Madabank/Modules/Shared/Data
    builtin-Swift-Compilation-Requirements -- /Applications/Xcode.app/Contents/Developer/Toolchains/XcodeDefault.xctoolchain/usr/bin/swiftc -module-name Data -Onone -enforce-exclusivity\=checked @/Users/darisadam/Library/Developer/Xcode/DerivedData/Madabank-hkohthnbjtgnoechirsoymtykttx/Build/Intermediates.noindex/Data.build/Debug-iphonesimulator/Data.build/Objects-normal/arm64/Data.SwiftFileList -DDEBUG -enable-bare-slash-regex -enable-experimental-feature DebugDescriptionMacro -sdk /Applications/Xcode.app/Contents/Developer/Platforms/iPhoneSimulator.platform/Developer/SDKs/iPhoneSimulator26.1.sdk -target arm64-apple-ios15.0-simulator -g -module-cache-path /Users/darisadam/Library/Developer/Xcode/DerivedData/ModuleCache.noindex -Xfrontend -serialize-debugging-options -enable-testing -index-store-path /Users/darisadam/Library/Developer/Xcode/DerivedData/Madabank-hkohthnbjtgnoechirsoymtykttx/Index.noindex/DataStore -Xcc -D_LIBCPP_HARDENING_MODE\=_LIBCPP_HARDENING_MODE_DEBUG -swift-version 5 -I /Users/darisadam/Library/Developer/Xcode/DerivedData/Madabank-hkohthnbjtgnoechirsoymtykttx/Build/Products/Debug-iphonesimulator -F /Users/darisadam/Library/Developer/Xcode/DerivedData/Madabank-hkohthnbjtgnoechirsoymtykttx/Build/Products/Debug-iphonesimulator -c -j8 -enable-batch-mode -incremental -Xcc -ivfsstatcache -Xcc /Users/darisadam/Library/Developer/Xcode/DerivedData/SDKStatCaches.noindex/iphonesimulator26.1-23B77-3885c01c3e6b6a337905948deab2002e90cf18a4295e390e64c810bc6bd7acbc.sdkstatcache -output-file-map /Users/darisadam/Library/Developer/Xcode/DerivedData/Madabank-hkohthnbjtgnoechirsoymtykttx/Build/Intermediates.noindex/Data.build/Debug-iphonesimulator/Data.build/Objects-normal/arm64/Data-OutputFileMap.json -use-frontend-parseable-output -save-temps -no-color-diagnostics -explicit-module-build -module-cache-path /Users/darisadam/Library/Developer/Xcode/DerivedData/Madabank-hkohthnbjtgnoechirsoymtykttx/Build/Intermediates.noindex/SwiftExplicitPrecompiledModules -clang-scanner-module-cache-path /Users/darisadam/Library/Developer/Xcode/DerivedData/ModuleCache.noindex -sdk-module-cache-path /Users/darisadam/Library/Developer/Xcode/DerivedData/ModuleCache.noindex -serialize-diagnostics -emit-dependencies -emit-module -emit-module-path /Users/darisadam/Library/Developer/Xcode/DerivedData/Madabank-hkohthnbjtgnoechirsoymtykttx/Build/Intermediates.noindex/Data.build/Debug-iphonesimulator/Data.build/Objects-normal/arm64/Data.swiftmodule -validate-clang-modules-once -clang-build-session-file /Users/darisadam/Library/Developer/Xcode/DerivedData/ModuleCache.noindex/Session.modulevalidation -Xcc -I/Users/darisadam/Library/Developer/Xcode/DerivedData/Madabank-hkohthnbjtgnoechirsoymtykttx/Build/Intermediates.noindex/Data.build/Debug-iphonesimulator/Data.build/swift-overrides.hmap -emit-const-values -Xfrontend -const-gather-protocols-file -Xfrontend /Users/darisadam/Library/Developer/Xcode/DerivedData/Madabank-hkohthnbjtgnoechirsoymtykttx/Build/Intermediates.noindex/Data.build/Debug-iphonesimulator/Data.build/Objects-normal/arm64/Data_const_extract_protocols.json -Xcc -iquote -Xcc /Users/darisadam/Library/Developer/Xcode/DerivedData/Madabank-hkohthnbjtgnoechirsoymtykttx/Build/Intermediates.noindex/Data.build/Debug-iphonesimulator/Data.build/Data-generated-files.hmap -Xcc -I/Users/darisadam/Library/Developer/Xcode/DerivedData/Madabank-hkohthnbjtgnoechirsoymtykttx/Build/Intermediates.noindex/Data.build/Debug-iphonesimulator/Data.build/Data-own-target-headers.hmap -Xcc -I/Users/darisadam/Library/Developer/Xcode/DerivedData/Madabank-hkohthnbjtgnoechirsoymtykttx/Build/Intermediates.noindex/Data.build/Debug-iphonesimulator/Data.build/Data-all-non-framework-target-headers.hmap -Xcc -ivfsoverlay -Xcc /Users/darisadam/Library/Developer/Xcode/DerivedData/Madabank-hkohthnbjtgnoechirsoymtykttx/Build/Intermediates.noindex/Data.build/Debug-iphonesimulator/Data-6330774ec221515250ab6759f27e1669-VFS-iphonesimulator/all-product-headers.yaml -Xcc -iquote -Xcc /Users/darisadam/Library/Developer/Xcode/DerivedData/Madabank-hkohthnbjtgnoechirsoymtykttx/Build/Intermediates.noindex/Data.build/Debug-iphonesimulator/Data.build/Data-project-headers.hmap -Xcc -I/Users/darisadam/Library/Developer/Xcode/DerivedData/Madabank-hkohthnbjtgnoechirsoymtykttx/Build/Products/Debug-iphonesimulator/include -Xcc -I/Users/darisadam/Library/Developer/Xcode/DerivedData/Madabank-hkohthnbjtgnoechirsoymtykttx/Build/Intermediates.noindex/Data.build/Debug-iphonesimulator/Data.build/DerivedSources-normal/arm64 -Xcc -I/Users/darisadam/Library/Developer/Xcode/DerivedData/Madabank-hkohthnbjtgnoechirsoymtykttx/Build/Intermediates.noindex/Data.build/Debug-iphonesimulator/Data.build/DerivedSources/arm64 -Xcc -I/Users/darisadam/Library/Developer/Xcode/DerivedData/Madabank-hkohthnbjtgnoechirsoymtykttx/Build/Intermediates.noindex/Data.build/Debug-iphonesimulator/Data.build/DerivedSources -Xcc -DDEBUG\=1 -emit-objc-header -emit-objc-header-path /Users/darisadam/Library/Developer/Xcode/DerivedData/Madabank-hkohthnbjtgnoechirsoymtykttx/Build/Intermediates.noindex/Data.build/Debug-iphonesimulator/Data.build/Objects-normal/arm64/Data-Swift.h -working-directory /Users/darisadam/Documents/Projects/iOS\ Apps/madabank-ios/Madabank/Modules/Shared/Data -experimental-emit-module-separately -disable-cmo

SwiftDriverJobDiscovery normal arm64 Compiling AuthRepository.swift (in target 'Data' from project 'Data')

SwiftCompile normal arm64 Compiling\ BeneficiaryRepository.swift /Users/darisadam/Documents/Projects/iOS\ Apps/madabank-ios/Madabank/Modules/Shared/Data/Sources/Repositories/BeneficiaryRepository.swift (in target 'Data' from project 'Data')

SwiftCompile normal arm64 /Users/darisadam/Documents/Projects/iOS\ Apps/madabank-ios/Madabank/Modules/Shared/Data/Sources/Repositories/BeneficiaryRepository.swift (in target 'Data' from project 'Data')
    cd /Users/darisadam/Documents/Projects/iOS\ Apps/madabank-ios/Madabank/Modules/Shared/Data
    

SwiftMergeGeneratedHeaders /Users/darisadam/Library/Developer/Xcode/DerivedData/Madabank-hkohthnbjtgnoechirsoymtykttx/Build/Products/Debug-iphonesimulator/Data.framework/Headers/Data-Swift.h /Users/darisadam/Library/Developer/Xcode/DerivedData/Madabank-hkohthnbjtgnoechirsoymtykttx/Build/Intermediates.noindex/Data.build/Debug-iphonesimulator/Data.build/Objects-normal/arm64/Data-Swift.h (in target 'Data' from project 'Data')
    cd /Users/darisadam/Documents/Projects/iOS\ Apps/madabank-ios/Madabank/Modules/Shared/Data
    builtin-swiftHeaderTool -arch arm64 /Users/darisadam/Library/Developer/Xcode/DerivedData/Madabank-hkohthnbjtgnoechirsoymtykttx/Build/Intermediates.noindex/Data.build/Debug-iphonesimulator/Data.build/Objects-normal/arm64/Data-Swift.h -o /Users/darisadam/Library/Developer/Xcode/DerivedData/Madabank-hkohthnbjtgnoechirsoymtykttx/Build/Products/Debug-iphonesimulator/Data.framework/Headers/Data-Swift.h

Copy /Users/darisadam/Library/Developer/Xcode/DerivedData/Madabank-hkohthnbjtgnoechirsoymtykttx/Build/Products/Debug-iphonesimulator/Data.framework/Modules/Data.swiftmodule/arm64-apple-ios-simulator.swiftmodule /Users/darisadam/Library/Developer/Xcode/DerivedData/Madabank-hkohthnbjtgnoechirsoymtykttx/Build/Intermediates.noindex/Data.build/Debug-iphonesimulator/Data.build/Objects-normal/arm64/Data.swiftmodule (in target 'Data' from project 'Data')
    cd /Users/darisadam/Documents/Projects/iOS\ Apps/madabank-ios/Madabank/Modules/Shared/Data
    builtin-copy -exclude .DS_Store -exclude CVS -exclude .svn -exclude .git -exclude .hg -resolve-src-symlinks -rename /Users/darisadam/Library/Developer/Xcode/DerivedData/Madabank-hkohthnbjtgnoechirsoymtykttx/Build/Intermediates.noindex/Data.build/Debug-iphonesimulator/Data.build/Objects-normal/arm64/Data.swiftmodule /Users/darisadam/Library/Developer/Xcode/DerivedData/Madabank-hkohthnbjtgnoechirsoymtykttx/Build/Products/Debug-iphonesimulator/Data.framework/Modules/Data.swiftmodule/arm64-apple-ios-simulator.swiftmodule

SwiftDriverJobDiscovery normal arm64 Compiling AccountRepository.swift (in target 'Data' from project 'Data')

Copy /Users/darisadam/Library/Developer/Xcode/DerivedData/Madabank-hkohthnbjtgnoechirsoymtykttx/Build/Products/Debug-iphonesimulator/Data.framework/Modules/Data.swiftmodule/arm64-apple-ios-simulator.swiftdoc /Users/darisadam/Library/Developer/Xcode/DerivedData/Madabank-hkohthnbjtgnoechirsoymtykttx/Build/Intermediates.noindex/Data.build/Debug-iphonesimulator/Data.build/Objects-normal/arm64/Data.swiftdoc (in target 'Data' from project 'Data')
    cd /Users/darisadam/Documents/Projects/iOS\ Apps/madabank-ios/Madabank/Modules/Shared/Data
    builtin-copy -exclude .DS_Store -exclude CVS -exclude .svn -exclude .git -exclude .hg -resolve-src-symlinks -rename /Users/darisadam/Library/Developer/Xcode/DerivedData/Madabank-hkohthnbjtgnoechirsoymtykttx/Build/Intermediates.noindex/Data.build/Debug-iphonesimulator/Data.build/Objects-normal/arm64/Data.swiftdoc /Users/darisadam/Library/Developer/Xcode/DerivedData/Madabank-hkohthnbjtgnoechirsoymtykttx/Build/Products/Debug-iphonesimulator/Data.framework/Modules/Data.swiftmodule/arm64-apple-ios-simulator.swiftdoc

Copy /Users/darisadam/Library/Developer/Xcode/DerivedData/Madabank-hkohthnbjtgnoechirsoymtykttx/Build/Products/Debug-iphonesimulator/Data.framework/Modules/Data.swiftmodule/arm64-apple-ios-simulator.abi.json /Users/darisadam/Library/Developer/Xcode/DerivedData/Madabank-hkohthnbjtgnoechirsoymtykttx/Build/Intermediates.noindex/Data.build/Debug-iphonesimulator/Data.build/Objects-normal/arm64/Data.abi.json (in target 'Data' from project 'Data')
    cd /Users/darisadam/Documents/Projects/iOS\ Apps/madabank-ios/Madabank/Modules/Shared/Data
    builtin-copy -exclude .DS_Store -exclude CVS -exclude .svn -exclude .git -exclude .hg -resolve-src-symlinks -rename /Users/darisadam/Library/Developer/Xcode/DerivedData/Madabank-hkohthnbjtgnoechirsoymtykttx/Build/Intermediates.noindex/Data.build/Debug-iphonesimulator/Data.build/Objects-normal/arm64/Data.abi.json /Users/darisadam/Library/Developer/Xcode/DerivedData/Madabank-hkohthnbjtgnoechirsoymtykttx/Build/Products/Debug-iphonesimulator/Data.framework/Modules/Data.swiftmodule/arm64-apple-ios-simulator.abi.json

Copy /Users/darisadam/Library/Developer/Xcode/DerivedData/Madabank-hkohthnbjtgnoechirsoymtykttx/Build/Products/Debug-iphonesimulator/Data.framework/Modules/Data.swiftmodule/Project/arm64-apple-ios-simulator.swiftsourceinfo /Users/darisadam/Library/Developer/Xcode/DerivedData/Madabank-hkohthnbjtgnoechirsoymtykttx/Build/Intermediates.noindex/Data.build/Debug-iphonesimulator/Data.build/Objects-normal/arm64/Data.swiftsourceinfo (in target 'Data' from project 'Data')
    cd /Users/darisadam/Documents/Projects/iOS\ Apps/madabank-ios/Madabank/Modules/Shared/Data
    builtin-copy -exclude .DS_Store -exclude CVS -exclude .svn -exclude .git -exclude .hg -resolve-src-symlinks -rename /Users/darisadam/Library/Developer/Xcode/DerivedData/Madabank-hkohthnbjtgnoechirsoymtykttx/Build/Intermediates.noindex/Data.build/Debug-iphonesimulator/Data.build/Objects-normal/arm64/Data.swiftsourceinfo /Users/darisadam/Library/Developer/Xcode/DerivedData/Madabank-hkohthnbjtgnoechirsoymtykttx/Build/Products/Debug-iphonesimulator/Data.framework/Modules/Data.swiftmodule/Project/arm64-apple-ios-simulator.swiftsourceinfo

SwiftCompile normal arm64 Compiling\ PasswordStrengthView.swift /Users/darisadam/Documents/Projects/iOS\ Apps/madabank-ios/Madabank/Modules/Shared/CommonUI/Sources/Components/PasswordStrengthView.swift (in target 'CommonUI' from project 'CommonUI')
SwiftCompile normal arm64 /Users/darisadam/Documents/Projects/iOS\ Apps/madabank-ios/Madabank/Modules/Shared/CommonUI/Sources/Components/PasswordStrengthView.swift (in target 'CommonUI' from project 'CommonUI')
    cd /Users/darisadam/Documents/Projects/iOS\ Apps/madabank-ios/Madabank/Modules/Shared/CommonUI
    

SwiftDriverJobDiscovery normal arm64 Compiling TransactionRepository.swift (in target 'Data' from project 'Data')

SwiftCompile normal arm64 Compiling\ ColorSystem.swift /Users/darisadam/Documents/Projects/iOS\ Apps/madabank-ios/Madabank/Modules/Shared/CommonUI/Sources/ColorSystem.swift (in target 'CommonUI' from project 'CommonUI')

SwiftCompile normal arm64 /Users/darisadam/Documents/Projects/iOS\ Apps/madabank-ios/Madabank/Modules/Shared/CommonUI/Sources/ColorSystem.swift (in target 'CommonUI' from project 'CommonUI')
    cd /Users/darisadam/Documents/Projects/iOS\ Apps/madabank-ios/Madabank/Modules/Shared/CommonUI
    

SwiftCompile normal arm64 Compiling\ MBButton.swift /Users/darisadam/Documents/Projects/iOS\ Apps/madabank-ios/Madabank/Modules/Shared/CommonUI/Sources/MBButton.swift (in target 'CommonUI' from project 'CommonUI')
SwiftCompile normal arm64 /Users/darisadam/Documents/Projects/iOS\ Apps/madabank-ios/Madabank/Modules/Shared/CommonUI/Sources/MBButton.swift (in target 'CommonUI' from project 'CommonUI')
    cd /Users/darisadam/Documents/Projects/iOS\ Apps/madabank-ios/Madabank/Modules/Shared/CommonUI
    

SwiftDriverJobDiscovery normal arm64 Compiling UserRepository.swift (in target 'Data' from project 'Data')

SwiftCompile normal arm64 Compiling\ MBTextField.swift /Users/darisadam/Documents/Projects/iOS\ Apps/madabank-ios/Madabank/Modules/Shared/CommonUI/Sources/MBTextField.swift (in target 'CommonUI' from project 'CommonUI')
SwiftCompile normal arm64 /Users/darisadam/Documents/Projects/iOS\ Apps/madabank-ios/Madabank/Modules/Shared/CommonUI/Sources/MBTextField.swift (in target 'CommonUI' from project 'CommonUI')
    cd /Users/darisadam/Documents/Projects/iOS\ Apps/madabank-ios/Madabank/Modules/Shared/CommonUI
    

SwiftCompile normal arm64 Compiling\ Typography.swift /Users/darisadam/Documents/Projects/iOS\ Apps/madabank-ios/Madabank/Modules/Shared/CommonUI/Sources/Typography.swift (in target 'CommonUI' from project 'CommonUI')

SwiftCompile normal arm64 /Users/darisadam/Documents/Projects/iOS\ Apps/madabank-ios/Madabank/Modules/Shared/CommonUI/Sources/Typography.swift (in target 'CommonUI' from project 'CommonUI')
    cd /Users/darisadam/Documents/Projects/iOS\ Apps/madabank-ios/Madabank/Modules/Shared/CommonUI
    

SwiftDriverJobDiscovery normal arm64 Compiling CardRepository.swift (in target 'Data' from project 'Data')

SwiftCompile normal arm64 Compiling\ CommonUI.swift /Users/darisadam/Documents/Projects/iOS\ Apps/madabank-ios/Madabank/Modules/Shared/CommonUI/Sources/CommonUI.swift (in target 'CommonUI' from project 'CommonUI')

SwiftCompile normal arm64 /Users/darisadam/Documents/Projects/iOS\ Apps/madabank-ios/Madabank/Modules/Shared/CommonUI/Sources/CommonUI.swift (in target 'CommonUI' from project 'CommonUI')
    cd /Users/darisadam/Documents/Projects/iOS\ Apps/madabank-ios/Madabank/Modules/Shared/CommonUI
    

SwiftDriverJobDiscovery normal arm64 Emitting module for CommonUI (in target 'CommonUI' from project 'CommonUI')

SwiftDriver\ Compilation\ Requirements CommonUI normal arm64 com.apple.xcode.tools.swift.compiler (in target 'CommonUI' from project 'CommonUI')
    cd /Users/darisadam/Documents/Projects/iOS\ Apps/madabank-ios/Madabank/Modules/Shared/CommonUI
    builtin-Swift-Compilation-Requirements -- /Applications/Xcode.app/Contents/Developer/Toolchains/XcodeDefault.xctoolchain/usr/bin/swiftc -module-name CommonUI -Onone -enforce-exclusivity\=checked @/Users/darisadam/Library/Developer/Xcode/DerivedData/Madabank-hkohthnbjtgnoechirsoymtykttx/Build/Intermediates.noindex/CommonUI.build/Debug-iphonesimulator/CommonUI.build/Objects-normal/arm64/CommonUI.SwiftFileList -DDEBUG -Xcc -fmodule-map-file\=/Users/darisadam/Documents/Projects/iOS\ Apps/madabank-ios/Madabank/Modules/Shared/CommonUI/../../../Tuist/.build/tuist-derived/RxCocoaRuntime/RxCocoaRuntime.modulemap -enable-bare-slash-regex -enable-experimental-feature DebugDescriptionMacro -sdk /Applications/Xcode.app/Contents/Developer/Platforms/iPhoneSimulator.platform/Developer/SDKs/iPhoneSimulator26.1.sdk -target arm64-apple-ios15.0-simulator -g -module-cache-path /Users/darisadam/Library/Developer/Xcode/DerivedData/ModuleCache.noindex -Xfrontend -serialize-debugging-options -enable-testing -index-store-path /Users/darisadam/Library/Developer/Xcode/DerivedData/Madabank-hkohthnbjtgnoechirsoymtykttx/Index.noindex/DataStore -Xcc -D_LIBCPP_HARDENING_MODE\=_LIBCPP_HARDENING_MODE_DEBUG -swift-version 5 -I /Users/darisadam/Library/Developer/Xcode/DerivedData/Madabank-hkohthnbjtgnoechirsoymtykttx/Build/Products/Debug-iphonesimulator -F /Users/darisadam/Library/Developer/Xcode/DerivedData/Madabank-hkohthnbjtgnoechirsoymtykttx/Build/Products/Debug-iphonesimulator -c -j8 -enable-batch-mode -incremental -Xcc -ivfsstatcache -Xcc /Users/darisadam/Library/Developer/Xcode/DerivedData/SDKStatCaches.noindex/iphonesimulator26.1-23B77-3885c01c3e6b6a337905948deab2002e90cf18a4295e390e64c810bc6bd7acbc.sdkstatcache -output-file-map /Users/darisadam/Library/Developer/Xcode/DerivedData/Madabank-hkohthnbjtgnoechirsoymtykttx/Build/Intermediates.noindex/CommonUI.build/Debug-iphonesimulator/CommonUI.build/Objects-normal/arm64/CommonUI-OutputFileMap.json -use-frontend-parseable-output -save-temps -no-color-diagnostics -explicit-module-build -module-cache-path /Users/darisadam/Library/Developer/Xcode/DerivedData/Madabank-hkohthnbjtgnoechirsoymtykttx/Build/Intermediates.noindex/SwiftExplicitPrecompiledModules -clang-scanner-module-cache-path /Users/darisadam/Library/Developer/Xcode/DerivedData/ModuleCache.noindex -sdk-module-cache-path /Users/darisadam/Library/Developer/Xcode/DerivedData/ModuleCache.noindex -serialize-diagnostics -emit-dependencies -emit-module -emit-module-path /Users/darisadam/Library/Developer/Xcode/DerivedData/Madabank-hkohthnbjtgnoechirsoymtykttx/Build/Intermediates.noindex/CommonUI.build/Debug-iphonesimulator/CommonUI.build/Objects-normal/arm64/CommonUI.swiftmodule -validate-clang-modules-once -clang-build-session-file /Users/darisadam/Library/Developer/Xcode/DerivedData/ModuleCache.noindex/Session.modulevalidation -Xcc -I/Users/darisadam/Library/Developer/Xcode/DerivedData/Madabank-hkohthnbjtgnoechirsoymtykttx/Build/Intermediates.noindex/CommonUI.build/Debug-iphonesimulator/CommonUI.build/swift-overrides.hmap -emit-const-values -Xfrontend -const-gather-protocols-file -Xfrontend /Users/darisadam/Library/Developer/Xcode/DerivedData/Madabank-hkohthnbjtgnoechirsoymtykttx/Build/Intermediates.noindex/CommonUI.build/Debug-iphonesimulator/CommonUI.build/Objects-normal/arm64/CommonUI_const_extract_protocols.json -Xcc -iquote -Xcc /Users/darisadam/Library/Developer/Xcode/DerivedData/Madabank-hkohthnbjtgnoechirsoymtykttx/Build/Intermediates.noindex/CommonUI.build/Debug-iphonesimulator/CommonUI.build/CommonUI-generated-files.hmap -Xcc -I/Users/darisadam/Library/Developer/Xcode/DerivedData/Madabank-hkohthnbjtgnoechirsoymtykttx/Build/Intermediates.noindex/CommonUI.build/Debug-iphonesimulator/CommonUI.build/CommonUI-own-target-headers.hmap -Xcc -I/Users/darisadam/Library/Developer/Xcode/DerivedData/Madabank-hkohthnbjtgnoechirsoymtykttx/Build/Intermediates.noindex/CommonUI.build/Debug-iphonesimulator/CommonUI.build/CommonUI-all-non-framework-target-headers.hmap -Xcc -ivfsoverlay -Xcc /Users/darisadam/Library/Developer/Xcode/DerivedData/Madabank-hkohthnbjtgnoechirsoymtykttx/Build/Intermediates.noindex/CommonUI.build/Debug-iphonesimulator/CommonUI-9a7bd76207b7ee6cd2c05a9907929af9-VFS-iphonesimulator/all-product-headers.yaml -Xcc -iquote -Xcc /Users/darisadam/Library/Developer/Xcode/DerivedData/Madabank-hkohthnbjtgnoechirsoymtykttx/Build/Intermediates.noindex/CommonUI.build/Debug-iphonesimulator/CommonUI.build/CommonUI-project-headers.hmap -Xcc -I/Users/darisadam/Library/Developer/Xcode/DerivedData/Madabank-hkohthnbjtgnoechirsoymtykttx/Build/Products/Debug-iphonesimulator/include -Xcc -I/Users/darisadam/Documents/Projects/iOS\ Apps/madabank-ios/Madabank/Tuist/.build/checkouts/RxSwift/Sources/RxCocoaRuntime/include -Xcc -I/Users/darisadam/Library/Developer/Xcode/DerivedData/Madabank-hkohthnbjtgnoechirsoymtykttx/Build/Intermediates.noindex/CommonUI.build/Debug-iphonesimulator/CommonUI.build/DerivedSources-normal/arm64 -Xcc -I/Users/darisadam/Library/Developer/Xcode/DerivedData/Madabank-hkohthnbjtgnoechirsoymtykttx/Build/Intermediates.noindex/CommonUI.build/Debug-iphonesimulator/CommonUI.build/DerivedSources/arm64 -Xcc -I/Users/darisadam/Library/Developer/Xcode/DerivedData/Madabank-hkohthnbjtgnoechirsoymtykttx/Build/Intermediates.noindex/CommonUI.build/Debug-iphonesimulator/CommonUI.build/DerivedSources -Xcc -DDEBUG\=1 -emit-objc-header -emit-objc-header-path /Users/darisadam/Library/Developer/Xcode/DerivedData/Madabank-hkohthnbjtgnoechirsoymtykttx/Build/Intermediates.noindex/CommonUI.build/Debug-iphonesimulator/CommonUI.build/Objects-normal/arm64/CommonUI-Swift.h -working-directory /Users/darisadam/Documents/Projects/iOS\ Apps/madabank-ios/Madabank/Modules/Shared/CommonUI -experimental-emit-module-separately -disable-cmo

SwiftDriverJobDiscovery normal arm64 Compiling BeneficiaryRepository.swift (in target 'Data' from project 'Data')

SwiftDriver\ Compilation Data normal arm64 com.apple.xcode.tools.swift.compiler (in target 'Data' from project 'Data')
    cd /Users/darisadam/Documents/Projects/iOS\ Apps/madabank-ios/Madabank/Modules/Shared/Data
    builtin-Swift-Compilation -- /Applications/Xcode.app/Contents/Developer/Toolchains/XcodeDefault.xctoolchain/usr/bin/swiftc -module-name Data -Onone -enforce-exclusivity\=checked @/Users/darisadam/Library/Developer/Xcode/DerivedData/Madabank-hkohthnbjtgnoechirsoymtykttx/Build/Intermediates.noindex/Data.build/Debug-iphonesimulator/Data.build/Objects-normal/arm64/Data.SwiftFileList -DDEBUG -enable-bare-slash-regex -enable-experimental-feature DebugDescriptionMacro -sdk /Applications/Xcode.app/Contents/Developer/Platforms/iPhoneSimulator.platform/Developer/SDKs/iPhoneSimulator26.1.sdk -target arm64-apple-ios15.0-simulator -g -module-cache-path /Users/darisadam/Library/Developer/Xcode/DerivedData/ModuleCache.noindex -Xfrontend -serialize-debugging-options -enable-testing -index-store-path /Users/darisadam/Library/Developer/Xcode/DerivedData/Madabank-hkohthnbjtgnoechirsoymtykttx/Index.noindex/DataStore -Xcc -D_LIBCPP_HARDENING_MODE\=_LIBCPP_HARDENING_MODE_DEBUG -swift-version 5 -I /Users/darisadam/Library/Developer/Xcode/DerivedData/Madabank-hkohthnbjtgnoechirsoymtykttx/Build/Products/Debug-iphonesimulator -F /Users/darisadam/Library/Developer/Xcode/DerivedData/Madabank-hkohthnbjtgnoechirsoymtykttx/Build/Products/Debug-iphonesimulator -c -j8 -enable-batch-mode -incremental -Xcc -ivfsstatcache -Xcc /Users/darisadam/Library/Developer/Xcode/DerivedData/SDKStatCaches.noindex/iphonesimulator26.1-23B77-3885c01c3e6b6a337905948deab2002e90cf18a4295e390e64c810bc6bd7acbc.sdkstatcache -output-file-map /Users/darisadam/Library/Developer/Xcode/DerivedData/Madabank-hkohthnbjtgnoechirsoymtykttx/Build/Intermediates.noindex/Data.build/Debug-iphonesimulator/Data.build/Objects-normal/arm64/Data-OutputFileMap.json -use-frontend-parseable-output -save-temps -no-color-diagnostics -explicit-module-build -module-cache-path /Users/darisadam/Library/Developer/Xcode/DerivedData/Madabank-hkohthnbjtgnoechirsoymtykttx/Build/Intermediates.noindex/SwiftExplicitPrecompiledModules -clang-scanner-module-cache-path /Users/darisadam/Library/Developer/Xcode/DerivedData/ModuleCache.noindex -sdk-module-cache-path /Users/darisadam/Library/Developer/Xcode/DerivedData/ModuleCache.noindex -serialize-diagnostics -emit-dependencies -emit-module -emit-module-path /Users/darisadam/Library/Developer/Xcode/DerivedData/Madabank-hkohthnbjtgnoechirsoymtykttx/Build/Intermediates.noindex/Data.build/Debug-iphonesimulator/Data.build/Objects-normal/arm64/Data.swiftmodule -validate-clang-modules-once -clang-build-session-file /Users/darisadam/Library/Developer/Xcode/DerivedData/ModuleCache.noindex/Session.modulevalidation -Xcc -I/Users/darisadam/Library/Developer/Xcode/DerivedData/Madabank-hkohthnbjtgnoechirsoymtykttx/Build/Intermediates.noindex/Data.build/Debug-iphonesimulator/Data.build/swift-overrides.hmap -emit-const-values -Xfrontend -const-gather-protocols-file -Xfrontend /Users/darisadam/Library/Developer/Xcode/DerivedData/Madabank-hkohthnbjtgnoechirsoymtykttx/Build/Intermediates.noindex/Data.build/Debug-iphonesimulator/Data.build/Objects-normal/arm64/Data_const_extract_protocols.json -Xcc -iquote -Xcc /Users/darisadam/Library/Developer/Xcode/DerivedData/Madabank-hkohthnbjtgnoechirsoymtykttx/Build/Intermediates.noindex/Data.build/Debug-iphonesimulator/Data.build/Data-generated-files.hmap -Xcc -I/Users/darisadam/Library/Developer/Xcode/DerivedData/Madabank-hkohthnbjtgnoechirsoymtykttx/Build/Intermediates.noindex/Data.build/Debug-iphonesimulator/Data.build/Data-own-target-headers.hmap -Xcc -I/Users/darisadam/Library/Developer/Xcode/DerivedData/Madabank-hkohthnbjtgnoechirsoymtykttx/Build/Intermediates.noindex/Data.build/Debug-iphonesimulator/Data.build/Data-all-non-framework-target-headers.hmap -Xcc -ivfsoverlay -Xcc /Users/darisadam/Library/Developer/Xcode/DerivedData/Madabank-hkohthnbjtgnoechirsoymtykttx/Build/Intermediates.noindex/Data.build/Debug-iphonesimulator/Data-6330774ec221515250ab6759f27e1669-VFS-iphonesimulator/all-product-headers.yaml -Xcc -iquote -Xcc /Users/darisadam/Library/Developer/Xcode/DerivedData/Madabank-hkohthnbjtgnoechirsoymtykttx/Build/Intermediates.noindex/Data.build/Debug-iphonesimulator/Data.build/Data-project-headers.hmap -Xcc -I/Users/darisadam/Library/Developer/Xcode/DerivedData/Madabank-hkohthnbjtgnoechirsoymtykttx/Build/Products/Debug-iphonesimulator/include -Xcc -I/Users/darisadam/Library/Developer/Xcode/DerivedData/Madabank-hkohthnbjtgnoechirsoymtykttx/Build/Intermediates.noindex/Data.build/Debug-iphonesimulator/Data.build/DerivedSources-normal/arm64 -Xcc -I/Users/darisadam/Library/Developer/Xcode/DerivedData/Madabank-hkohthnbjtgnoechirsoymtykttx/Build/Intermediates.noindex/Data.build/Debug-iphonesimulator/Data.build/DerivedSources/arm64 -Xcc -I/Users/darisadam/Library/Developer/Xcode/DerivedData/Madabank-hkohthnbjtgnoechirsoymtykttx/Build/Intermediates.noindex/Data.build/Debug-iphonesimulator/Data.build/DerivedSources -Xcc -DDEBUG\=1 -emit-objc-header -emit-objc-header-path /Users/darisadam/Library/Developer/Xcode/DerivedData/Madabank-hkohthnbjtgnoechirsoymtykttx/Build/Intermediates.noindex/Data.build/Debug-iphonesimulator/Data.build/Objects-normal/arm64/Data-Swift.h -working-directory /Users/darisadam/Documents/Projects/iOS\ Apps/madabank-ios/Madabank/Modules/Shared/Data -experimental-emit-module-separately -disable-cmo

SwiftDriverJobDiscovery normal arm64 Compiling Infallible+Bind.swift, Infallible+Driver.swift, ItemEvents.swift, KVORepresentable+CoreGraphics.swift, KVORepresentable+Swift.swift, KVORepresentable.swift, NSButton+Rx.swift, NSControl+Rx.swift, NSObject+Rx+KVORepresentable.swift, NSObject+Rx+RawRepresentable.swift, NSObject+Rx.swift, NSSlider+Rx.swift (in target 'RxCocoa' from project 'RxSwift')

SwiftMergeGeneratedHeaders /Users/darisadam/Library/Developer/Xcode/DerivedData/Madabank-hkohthnbjtgnoechirsoymtykttx/Build/Products/Debug-iphonesimulator/CommonUI.framework/Headers/CommonUI-Swift.h /Users/darisadam/Library/Developer/Xcode/DerivedData/Madabank-hkohthnbjtgnoechirsoymtykttx/Build/Intermediates.noindex/CommonUI.build/Debug-iphonesimulator/CommonUI.build/Objects-normal/arm64/CommonUI-Swift.h (in target 'CommonUI' from project 'CommonUI')
    cd /Users/darisadam/Documents/Projects/iOS\ Apps/madabank-ios/Madabank/Modules/Shared/CommonUI
    builtin-swiftHeaderTool -arch arm64 /Users/darisadam/Library/Developer/Xcode/DerivedData/Madabank-hkohthnbjtgnoechirsoymtykttx/Build/Intermediates.noindex/CommonUI.build/Debug-iphonesimulator/CommonUI.build/Objects-normal/arm64/CommonUI-Swift.h -o /Users/darisadam/Library/Developer/Xcode/DerivedData/Madabank-hkohthnbjtgnoechirsoymtykttx/Build/Products/Debug-iphonesimulator/CommonUI.framework/Headers/CommonUI-Swift.h

SwiftDriver\ Compilation RxCocoa normal arm64 com.apple.xcode.tools.swift.compiler (in target 'RxCocoa' from project 'RxSwift')
    cd /Users/darisadam/Documents/Projects/iOS\ Apps/madabank-ios/Madabank/Tuist/.build/tuist-derived/RxSwift
    builtin-Swift-Compilation -- /Applications/Xcode.app/Contents/Developer/Toolchains/XcodeDefault.xctoolchain/usr/bin/swiftc -module-name RxCocoa -Onone -enforce-exclusivity\=checked @/Users/darisadam/Library/Developer/Xcode/DerivedData/Madabank-hkohthnbjtgnoechirsoymtykttx/Build/Intermediates.noindex/RxSwift.build/Debug-iphonesimulator/RxCocoa.build/Objects-normal/arm64/RxCocoa.SwiftFileList -DSWIFT_PACKAGE -DDEBUG -package-name RxSwift -Xcc -fmodule-map-file\=/Users/darisadam/Documents/Projects/iOS\ Apps/madabank-ios/Madabank/Tuist/.build/checkouts/RxSwift/../../tuist-derived/RxCocoaRuntime/RxCocoaRuntime.modulemap -enable-bare-slash-regex -enable-experimental-feature DebugDescriptionMacro -sdk /Applications/Xcode.app/Contents/Developer/Platforms/iPhoneSimulator.platform/Developer/SDKs/iPhoneSimulator26.1.sdk -target arm64-apple-ios12.0-simulator -g -module-cache-path /Users/darisadam/Library/Developer/Xcode/DerivedData/ModuleCache.noindex -Xfrontend -serialize-debugging-options -enable-testing -suppress-warnings -index-store-path /Users/darisadam/Library/Developer/Xcode/DerivedData/Madabank-hkohthnbjtgnoechirsoymtykttx/Index.noindex/DataStore -Xcc -D_LIBCPP_HARDENING_MODE\=_LIBCPP_HARDENING_MODE_DEBUG -swift-version 5 -I /Users/darisadam/Library/Developer/Xcode/DerivedData/Madabank-hkohthnbjtgnoechirsoymtykttx/Build/Products/Debug-iphonesimulator -F /Users/darisadam/Library/Developer/Xcode/DerivedData/Madabank-hkohthnbjtgnoechirsoymtykttx/Build/Products/Debug-iphonesimulator -F /Applications/Xcode.app/Contents/Developer/Platforms/iPhoneSimulator.platform/Developer/Library/Frameworks -c -j8 -enable-batch-mode -incremental -Xcc -ivfsstatcache -Xcc /Users/darisadam/Library/Developer/Xcode/DerivedData/SDKStatCaches.noindex/iphonesimulator26.1-23B77-3885c01c3e6b6a337905948deab2002e90cf18a4295e390e64c810bc6bd7acbc.sdkstatcache -output-file-map /Users/darisadam/Library/Developer/Xcode/DerivedData/Madabank-hkohthnbjtgnoechirsoymtykttx/Build/Intermediates.noindex/RxSwift.build/Debug-iphonesimulator/RxCocoa.build/Objects-normal/arm64/RxCocoa-OutputFileMap.json -use-frontend-parseable-output -save-temps -no-color-diagnostics -explicit-module-build -module-cache-path /Users/darisadam/Library/Developer/Xcode/DerivedData/Madabank-hkohthnbjtgnoechirsoymtykttx/Build/Intermediates.noindex/SwiftExplicitPrecompiledModules -clang-scanner-module-cache-path /Users/darisadam/Library/Developer/Xcode/DerivedData/ModuleCache.noindex -sdk-module-cache-path /Users/darisadam/Library/Developer/Xcode/DerivedData/ModuleCache.noindex -serialize-diagnostics -emit-dependencies -emit-module -emit-module-path /Users/darisadam/Library/Developer/Xcode/DerivedData/Madabank-hkohthnbjtgnoechirsoymtykttx/Build/Intermediates.noindex/RxSwift.build/Debug-iphonesimulator/RxCocoa.build/Objects-normal/arm64/RxCocoa.swiftmodule -validate-clang-modules-once -clang-build-session-file /Users/darisadam/Library/Developer/Xcode/DerivedData/ModuleCache.noindex/Session.modulevalidation -Xcc -I/Users/darisadam/Library/Developer/Xcode/DerivedData/Madabank-hkohthnbjtgnoechirsoymtykttx/Build/Intermediates.noindex/RxSwift.build/Debug-iphonesimulator/RxCocoa.build/swift-overrides.hmap -emit-const-values -Xfrontend -const-gather-protocols-file -Xfrontend /Users/darisadam/Library/Developer/Xcode/DerivedData/Madabank-hkohthnbjtgnoechirsoymtykttx/Build/Intermediates.noindex/RxSwift.build/Debug-iphonesimulator/RxCocoa.build/Objects-normal/arm64/RxCocoa_const_extract_protocols.json -Xcc -I/Users/darisadam/Library/Developer/Xcode/DerivedData/Madabank-hkohthnbjtgnoechirsoymtykttx/Build/Products/Debug-iphonesimulator/include -Xcc -I/Users/darisadam/Documents/Projects/iOS\ Apps/madabank-ios/Madabank/Tuist/.build/checkouts/RxSwift/Sources/RxCocoaRuntime/include -Xcc -I/Users/darisadam/Library/Developer/Xcode/DerivedData/Madabank-hkohthnbjtgnoechirsoymtykttx/Build/Intermediates.noindex/RxSwift.build/Debug-iphonesimulator/RxCocoa.build/DerivedSources-normal/arm64 -Xcc -I/Users/darisadam/Library/Developer/Xcode/DerivedData/Madabank-hkohthnbjtgnoechirsoymtykttx/Build/Intermediates.noindex/RxSwift.build/Debug-iphonesimulator/RxCocoa.build/DerivedSources/arm64 -Xcc -I/Users/darisadam/Library/Developer/Xcode/DerivedData/Madabank-hkohthnbjtgnoechirsoymtykttx/Build/Intermediates.noindex/RxSwift.build/Debug-iphonesimulator/RxCocoa.build/DerivedSources -Xcc -DDEBUG\=1 -Xcc -DSWIFT_PACKAGE\=1 -emit-objc-header -emit-objc-header-path /Users/darisadam/Library/Developer/Xcode/DerivedData/Madabank-hkohthnbjtgnoechirsoymtykttx/Build/Intermediates.noindex/RxSwift.build/Debug-iphonesimulator/RxCocoa.build/Objects-normal/arm64/RxCocoa-Swift.h -working-directory /Users/darisadam/Documents/Projects/iOS\ Apps/madabank-ios/Madabank/Tuist/.build/tuist-derived/RxSwift -experimental-emit-module-separately -disable-cmo

Copy /Users/darisadam/Library/Developer/Xcode/DerivedData/Madabank-hkohthnbjtgnoechirsoymtykttx/Build/Products/Debug-iphonesimulator/CommonUI.framework/Modules/CommonUI.swiftmodule/arm64-apple-ios-simulator.swiftmodule /Users/darisadam/Library/Developer/Xcode/DerivedData/Madabank-hkohthnbjtgnoechirsoymtykttx/Build/Intermediates.noindex/CommonUI.build/Debug-iphonesimulator/CommonUI.build/Objects-normal/arm64/CommonUI.swiftmodule (in target 'CommonUI' from project 'CommonUI')
    cd /Users/darisadam/Documents/Projects/iOS\ Apps/madabank-ios/Madabank/Modules/Shared/CommonUI
    builtin-copy -exclude .DS_Store -exclude CVS -exclude .svn -exclude .git -exclude .hg -resolve-src-symlinks -rename /Users/darisadam/Library/Developer/Xcode/DerivedData/Madabank-hkohthnbjtgnoechirsoymtykttx/Build/Intermediates.noindex/CommonUI.build/Debug-iphonesimulator/CommonUI.build/Objects-normal/arm64/CommonUI.swiftmodule /Users/darisadam/Library/Developer/Xcode/DerivedData/Madabank-hkohthnbjtgnoechirsoymtykttx/Build/Products/Debug-iphonesimulator/CommonUI.framework/Modules/CommonUI.swiftmodule/arm64-apple-ios-simulator.swiftmodule

Copy /Users/darisadam/Library/Developer/Xcode/DerivedData/Madabank-hkohthnbjtgnoechirsoymtykttx/Build/Products/Debug-iphonesimulator/CommonUI.framework/Modules/CommonUI.swiftmodule/arm64-apple-ios-simulator.swiftdoc /Users/darisadam/Library/Developer/Xcode/DerivedData/Madabank-hkohthnbjtgnoechirsoymtykttx/Build/Intermediates.noindex/CommonUI.build/Debug-iphonesimulator/CommonUI.build/Objects-normal/arm64/CommonUI.swiftdoc (in target 'CommonUI' from project 'CommonUI')
    cd /Users/darisadam/Documents/Projects/iOS\ Apps/madabank-ios/Madabank/Modules/Shared/CommonUI
    builtin-copy -exclude .DS_Store -exclude CVS -exclude .svn -exclude .git -exclude .hg -resolve-src-symlinks -rename /Users/darisadam/Library/Developer/Xcode/DerivedData/Madabank-hkohthnbjtgnoechirsoymtykttx/Build/Intermediates.noindex/CommonUI.build/Debug-iphonesimulator/CommonUI.build/Objects-normal/arm64/CommonUI.swiftdoc /Users/darisadam/Library/Developer/Xcode/DerivedData/Madabank-hkohthnbjtgnoechirsoymtykttx/Build/Products/Debug-iphonesimulator/CommonUI.framework/Modules/CommonUI.swiftmodule/arm64-apple-ios-simulator.swiftdoc

SwiftDriverJobDiscovery normal arm64 Compiling ColorSystem.swift (in target 'CommonUI' from project 'CommonUI')

Copy /Users/darisadam/Library/Developer/Xcode/DerivedData/Madabank-hkohthnbjtgnoechirsoymtykttx/Build/Products/Debug-iphonesimulator/CommonUI.framework/Modules/CommonUI.swiftmodule/arm64-apple-ios-simulator.abi.json /Users/darisadam/Library/Developer/Xcode/DerivedData/Madabank-hkohthnbjtgnoechirsoymtykttx/Build/Intermediates.noindex/CommonUI.build/Debug-iphonesimulator/CommonUI.build/Objects-normal/arm64/CommonUI.abi.json (in target 'CommonUI' from project 'CommonUI')
    cd /Users/darisadam/Documents/Projects/iOS\ Apps/madabank-ios/Madabank/Modules/Shared/CommonUI
    builtin-copy -exclude .DS_Store -exclude CVS -exclude .svn -exclude .git -exclude .hg -resolve-src-symlinks -rename /Users/darisadam/Library/Developer/Xcode/DerivedData/Madabank-hkohthnbjtgnoechirsoymtykttx/Build/Intermediates.noindex/CommonUI.build/Debug-iphonesimulator/CommonUI.build/Objects-normal/arm64/CommonUI.abi.json /Users/darisadam/Library/Developer/Xcode/DerivedData/Madabank-hkohthnbjtgnoechirsoymtykttx/Build/Products/Debug-iphonesimulator/CommonUI.framework/Modules/CommonUI.swiftmodule/arm64-apple-ios-simulator.abi.json

Copy /Users/darisadam/Library/Developer/Xcode/DerivedData/Madabank-hkohthnbjtgnoechirsoymtykttx/Build/Products/Debug-iphonesimulator/CommonUI.framework/Modules/CommonUI.swiftmodule/Project/arm64-apple-ios-simulator.swiftsourceinfo /Users/darisadam/Library/Developer/Xcode/DerivedData/Madabank-hkohthnbjtgnoechirsoymtykttx/Build/Intermediates.noindex/CommonUI.build/Debug-iphonesimulator/CommonUI.build/Objects-normal/arm64/CommonUI.swiftsourceinfo (in target 'CommonUI' from project 'CommonUI')
    cd /Users/darisadam/Documents/Projects/iOS\ Apps/madabank-ios/Madabank/Modules/Shared/CommonUI
    builtin-copy -exclude .DS_Store -exclude CVS -exclude .svn -exclude .git -exclude .hg -resolve-src-symlinks -rename /Users/darisadam/Library/Developer/Xcode/DerivedData/Madabank-hkohthnbjtgnoechirsoymtykttx/Build/Intermediates.noindex/CommonUI.build/Debug-iphonesimulator/CommonUI.build/Objects-normal/arm64/CommonUI.swiftsourceinfo /Users/darisadam/Library/Developer/Xcode/DerivedData/Madabank-hkohthnbjtgnoechirsoymtykttx/Build/Products/Debug-iphonesimulator/CommonUI.framework/Modules/CommonUI.swiftmodule/Project/arm64-apple-ios-simulator.swiftsourceinfo

GenerateTAPI /Users/darisadam/Library/Developer/Xcode/DerivedData/Madabank-hkohthnbjtgnoechirsoymtykttx/Build/Intermediates.noindex/EagerLinkingTBDs/Debug-iphonesimulator/Domain.framework/Domain.tbd (in target 'Domain' from project 'Domain')
    cd /Users/darisadam/Documents/Projects/iOS\ Apps/madabank-ios/Madabank/Modules/Shared/Domain
    /Applications/Xcode.app/Contents/Developer/Toolchains/XcodeDefault.xctoolchain/usr/bin/tapi stubify -isysroot /Applications/Xcode.app/Contents/Developer/Platforms/iPhoneSimulator.platform/Developer/SDKs/iPhoneSimulator26.1.sdk -F/Users/darisadam/Library/Developer/Xcode/DerivedData/Madabank-hkohthnbjtgnoechirsoymtykttx/Build/Products/Debug-iphonesimulator -L/Users/darisadam/Library/Developer/Xcode/DerivedData/Madabank-hkohthnbjtgnoechirsoymtykttx/Build/Products/Debug-iphonesimulator /Users/darisadam/Library/Developer/Xcode/DerivedData/Madabank-hkohthnbjtgnoechirsoymtykttx/Build/Products/Debug-iphonesimulator/Domain.framework/Domain -o /Users/darisadam/Library/Developer/Xcode/DerivedData/Madabank-hkohthnbjtgnoechirsoymtykttx/Build/Intermediates.noindex/EagerLinkingTBDs/Debug-iphonesimulator/Domain.framework/Domain.tbd

ScanDependencies /Users/darisadam/Library/Developer/Xcode/DerivedData/Madabank-hkohthnbjtgnoechirsoymtykttx/Build/Intermediates.noindex/Data.build/Debug-iphonesimulator/Data.build/Objects-normal/arm64/Data_vers.o /Users/darisadam/Library/Developer/Xcode/DerivedData/Madabank-hkohthnbjtgnoechirsoymtykttx/Build/Intermediates.noindex/Data.build/Debug-iphonesimulator/Data.build/DerivedSources/Data_vers.c normal arm64 c com.apple.compilers.llvm.clang.1_0.compiler (in target 'Data' from project 'Data')
    cd /Users/darisadam/Documents/Projects/iOS\ Apps/madabank-ios/Madabank/Modules/Shared/Data
    
    Using response file: /Users/darisadam/Library/Developer/Xcode/DerivedData/Madabank-hkohthnbjtgnoechirsoymtykttx/Build/Intermediates.noindex/Data.build/Debug-iphonesimulator/Data.build/Objects-normal/arm64/7187679823f38a2a940e0043cdf9d637-common-args.resp
    
    builtin-ScanDependencies -o /Users/darisadam/Library/Developer/Xcode/DerivedData/Madabank-hkohthnbjtgnoechirsoymtykttx/Build/Intermediates.noindex/Data.build/Debug-iphonesimulator/Data.build/Objects-normal/arm64/Data_vers.o.scan -- /Applications/Xcode.app/Contents/Developer/Toolchains/XcodeDefault.xctoolchain/usr/bin/clang -x c -ivfsstatcache /Users/darisadam/Library/Developer/Xcode/DerivedData/SDKStatCaches.noindex/iphonesimulator26.1-23B77-3885c01c3e6b6a337905948deab2002e90cf18a4295e390e64c810bc6bd7acbc.sdkstatcache -fmessage-length\=0 -fdiagnostics-show-note-include-stack -fmacro-backtrace-limit\=0 -fno-color-diagnostics -fmodules-prune-interval\=86400 -fmodules-prune-after\=345600 -fbuild-session-file\=/Users/darisadam/Library/Developer/Xcode/DerivedData/ModuleCache.noindex/Session.modulevalidation -fmodules-validate-once-per-build-session -Wnon-modular-include-in-framework-module -Werror\=non-modular-include-in-framework-module -Wno-trigraphs -Wno-missing-field-initializers -Wno-missing-prototypes -Werror\=return-type -Wdocumentation -Wunreachable-code -Wquoted-include-in-framework-header -Werror\=deprecated-objc-isa-usage -Werror\=objc-root-class -Wno-missing-braces -Wparentheses -Wswitch -Wunused-function -Wno-unused-label -Wno-unused-parameter -Wunused-variable -Wunused-value -Wempty-body -Wuninitialized -Wconditional-uninitialized -Wno-unknown-pragmas -Wno-shadow -Wno-four-char-constants -Wno-conversion -Wconstant-conversion -Wint-conversion -Wbool-conversion -Wenum-conversion -Wno-float-conversion -Wnon-literal-null-conversion -Wobjc-literal-conversion -Wshorten-64-to-32 -Wpointer-sign -Wno-newline-eof -Wno-implicit-fallthrough -fstrict-aliasing -Wdeprecated-declarations -Wno-sign-conversion -Winfinite-recursion -Wcomma -Wblock-capture-autoreleasing -Wstrict-prototypes -Wno-semicolon-before-method-body -Wunguarded-availability -index-store-path /Users/darisadam/Library/Developer/Xcode/DerivedData/Madabank-hkohthnbjtgnoechirsoymtykttx/Index.noindex/DataStore @/Users/darisadam/Library/Developer/Xcode/DerivedData/Madabank-hkohthnbjtgnoechirsoymtykttx/Build/Intermediates.noindex/Data.build/Debug-iphonesimulator/Data.build/Objects-normal/arm64/7187679823f38a2a940e0043cdf9d637-common-args.resp -MMD -MT dependencies -MF /Users/darisadam/Library/Developer/Xcode/DerivedData/Madabank-hkohthnbjtgnoechirsoymtykttx/Build/Intermediates.noindex/Data.build/Debug-iphonesimulator/Data.build/Objects-normal/arm64/Data_vers.d --serialize-diagnostics /Users/darisadam/Library/Developer/Xcode/DerivedData/Madabank-hkohthnbjtgnoechirsoymtykttx/Build/Intermediates.noindex/Data.build/Debug-iphonesimulator/Data.build/Objects-normal/arm64/Data_vers.dia -c /Users/darisadam/Library/Developer/Xcode/DerivedData/Madabank-hkohthnbjtgnoechirsoymtykttx/Build/Intermediates.noindex/Data.build/Debug-iphonesimulator/Data.build/DerivedSources/Data_vers.c -o /Users/darisadam/Library/Developer/Xcode/DerivedData/Madabank-hkohthnbjtgnoechirsoymtykttx/Build/Intermediates.noindex/Data.build/Debug-iphonesimulator/Data.build/Objects-normal/arm64/Data_vers.o -index-unit-output-path /Data.build/Debug-iphonesimulator/Data.build/Objects-normal/arm64/Data_vers.o

ScanDependencies /Users/darisadam/Library/Developer/Xcode/DerivedData/Madabank-hkohthnbjtgnoechirsoymtykttx/Build/Intermediates.noindex/CommonUI.build/Debug-iphonesimulator/CommonUI.build/Objects-normal/arm64/CommonUI_vers.o /Users/darisadam/Library/Developer/Xcode/DerivedData/Madabank-hkohthnbjtgnoechirsoymtykttx/Build/Intermediates.noindex/CommonUI.build/Debug-iphonesimulator/CommonUI.build/DerivedSources/CommonUI_vers.c normal arm64 c com.apple.compilers.llvm.clang.1_0.compiler (in target 'CommonUI' from project 'CommonUI')
    cd /Users/darisadam/Documents/Projects/iOS\ Apps/madabank-ios/Madabank/Modules/Shared/CommonUI
    
    Using response file: /Users/darisadam/Library/Developer/Xcode/DerivedData/Madabank-hkohthnbjtgnoechirsoymtykttx/Build/Intermediates.noindex/CommonUI.build/Debug-iphonesimulator/CommonUI.build/Objects-normal/arm64/7187679823f38a2a940e0043cdf9d637-common-args.resp
    
    builtin-ScanDependencies -o /Users/darisadam/Library/Developer/Xcode/DerivedData/Madabank-hkohthnbjtgnoechirsoymtykttx/Build/Intermediates.noindex/CommonUI.build/Debug-iphonesimulator/CommonUI.build/Objects-normal/arm64/CommonUI_vers.o.scan -- /Applications/Xcode.app/Contents/Developer/Toolchains/XcodeDefault.xctoolchain/usr/bin/clang -x c -ivfsstatcache /Users/darisadam/Library/Developer/Xcode/DerivedData/SDKStatCaches.noindex/iphonesimulator26.1-23B77-3885c01c3e6b6a337905948deab2002e90cf18a4295e390e64c810bc6bd7acbc.sdkstatcache -fmessage-length\=0 -fdiagnostics-show-note-include-stack -fmacro-backtrace-limit\=0 -fno-color-diagnostics -fmodules-prune-interval\=86400 -fmodules-prune-after\=345600 -fbuild-session-file\=/Users/darisadam/Library/Developer/Xcode/DerivedData/ModuleCache.noindex/Session.modulevalidation -fmodules-validate-once-per-build-session -Wnon-modular-include-in-framework-module -Werror\=non-modular-include-in-framework-module -Wno-trigraphs -Wno-missing-field-initializers -Wno-missing-prototypes -Werror\=return-type -Wdocumentation -Wunreachable-code -Wquoted-include-in-framework-header -Werror\=deprecated-objc-isa-usage -Werror\=objc-root-class -Wno-missing-braces -Wparentheses -Wswitch -Wunused-function -Wno-unused-label -Wno-unused-parameter -Wunused-variable -Wunused-value -Wempty-body -Wuninitialized -Wconditional-uninitialized -Wno-unknown-pragmas -Wno-shadow -Wno-four-char-constants -Wno-conversion -Wconstant-conversion -Wint-conversion -Wbool-conversion -Wenum-conversion -Wno-float-conversion -Wnon-literal-null-conversion -Wobjc-literal-conversion -Wshorten-64-to-32 -Wpointer-sign -Wno-newline-eof -Wno-implicit-fallthrough -fstrict-aliasing -Wdeprecated-declarations -Wno-sign-conversion -Winfinite-recursion -Wcomma -Wblock-capture-autoreleasing -Wstrict-prototypes -Wno-semicolon-before-method-body -Wunguarded-availability -index-store-path /Users/darisadam/Library/Developer/Xcode/DerivedData/Madabank-hkohthnbjtgnoechirsoymtykttx/Index.noindex/DataStore @/Users/darisadam/Library/Developer/Xcode/DerivedData/Madabank-hkohthnbjtgnoechirsoymtykttx/Build/Intermediates.noindex/CommonUI.build/Debug-iphonesimulator/CommonUI.build/Objects-normal/arm64/7187679823f38a2a940e0043cdf9d637-common-args.resp -MMD -MT dependencies -MF /Users/darisadam/Library/Developer/Xcode/DerivedData/Madabank-hkohthnbjtgnoechirsoymtykttx/Build/Intermediates.noindex/CommonUI.build/Debug-iphonesimulator/CommonUI.build/Objects-normal/arm64/CommonUI_vers.d --serialize-diagnostics /Users/darisadam/Library/Developer/Xcode/DerivedData/Madabank-hkohthnbjtgnoechirsoymtykttx/Build/Intermediates.noindex/CommonUI.build/Debug-iphonesimulator/CommonUI.build/Objects-normal/arm64/CommonUI_vers.dia -c /Users/darisadam/Library/Developer/Xcode/DerivedData/Madabank-hkohthnbjtgnoechirsoymtykttx/Build/Intermediates.noindex/CommonUI.build/Debug-iphonesimulator/CommonUI.build/DerivedSources/CommonUI_vers.c -o /Users/darisadam/Library/Developer/Xcode/DerivedData/Madabank-hkohthnbjtgnoechirsoymtykttx/Build/Intermediates.noindex/CommonUI.build/Debug-iphonesimulator/CommonUI.build/Objects-normal/arm64/CommonUI_vers.o -index-unit-output-path /CommonUI.build/Debug-iphonesimulator/CommonUI.build/Objects-normal/arm64/CommonUI_vers.o

CompileC /Users/darisadam/Library/Developer/Xcode/DerivedData/Madabank-hkohthnbjtgnoechirsoymtykttx/Build/Intermediates.noindex/Data.build/Debug-iphonesimulator/Data.build/Objects-normal/arm64/Data_vers.o /Users/darisadam/Library/Developer/Xcode/DerivedData/Madabank-hkohthnbjtgnoechirsoymtykttx/Build/Intermediates.noindex/Data.build/Debug-iphonesimulator/Data.build/DerivedSources/Data_vers.c normal arm64 c com.apple.compilers.llvm.clang.1_0.compiler (in target 'Data' from project 'Data')
    cd /Users/darisadam/Documents/Projects/iOS\ Apps/madabank-ios/Madabank/Modules/Shared/Data
    
    Using response file: /Users/darisadam/Library/Developer/Xcode/DerivedData/Madabank-hkohthnbjtgnoechirsoymtykttx/Build/Intermediates.noindex/Data.build/Debug-iphonesimulator/Data.build/Objects-normal/arm64/7187679823f38a2a940e0043cdf9d637-common-args.resp
    
    /Applications/Xcode.app/Contents/Developer/Toolchains/XcodeDefault.xctoolchain/usr/bin/clang -x c -ivfsstatcache /Users/darisadam/Library/Developer/Xcode/DerivedData/SDKStatCaches.noindex/iphonesimulator26.1-23B77-3885c01c3e6b6a337905948deab2002e90cf18a4295e390e64c810bc6bd7acbc.sdkstatcache -fmessage-length\=0 -fdiagnostics-show-note-include-stack -fmacro-backtrace-limit\=0 -fno-color-diagnostics -fmodules-prune-interval\=86400 -fmodules-prune-after\=345600 -fbuild-session-file\=/Users/darisadam/Library/Developer/Xcode/DerivedData/ModuleCache.noindex/Session.modulevalidation -fmodules-validate-once-per-build-session -Wnon-modular-include-in-framework-module -Werror\=non-modular-include-in-framework-module -Wno-trigraphs -Wno-missing-field-initializers -Wno-missing-prototypes -Werror\=return-type -Wdocumentation -Wunreachable-code -Wquoted-include-in-framework-header -Werror\=deprecated-objc-isa-usage -Werror\=objc-root-class -Wno-missing-braces -Wparentheses -Wswitch -Wunused-function -Wno-unused-label -Wno-unused-parameter -Wunused-variable -Wunused-value -Wempty-body -Wuninitialized -Wconditional-uninitialized -Wno-unknown-pragmas -Wno-shadow -Wno-four-char-constants -Wno-conversion -Wconstant-conversion -Wint-conversion -Wbool-conversion -Wenum-conversion -Wno-float-conversion -Wnon-literal-null-conversion -Wobjc-literal-conversion -Wshorten-64-to-32 -Wpointer-sign -Wno-newline-eof -Wno-implicit-fallthrough -fstrict-aliasing -Wdeprecated-declarations -Wno-sign-conversion -Winfinite-recursion -Wcomma -Wblock-capture-autoreleasing -Wstrict-prototypes -Wno-semicolon-before-method-body -Wunguarded-availability -index-store-path /Users/darisadam/Library/Developer/Xcode/DerivedData/Madabank-hkohthnbjtgnoechirsoymtykttx/Index.noindex/DataStore @/Users/darisadam/Library/Developer/Xcode/DerivedData/Madabank-hkohthnbjtgnoechirsoymtykttx/Build/Intermediates.noindex/Data.build/Debug-iphonesimulator/Data.build/Objects-normal/arm64/7187679823f38a2a940e0043cdf9d637-common-args.resp -MMD -MT dependencies -MF /Users/darisadam/Library/Developer/Xcode/DerivedData/Madabank-hkohthnbjtgnoechirsoymtykttx/Build/Intermediates.noindex/Data.build/Debug-iphonesimulator/Data.build/Objects-normal/arm64/Data_vers.d --serialize-diagnostics /Users/darisadam/Library/Developer/Xcode/DerivedData/Madabank-hkohthnbjtgnoechirsoymtykttx/Build/Intermediates.noindex/Data.build/Debug-iphonesimulator/Data.build/Objects-normal/arm64/Data_vers.dia -c /Users/darisadam/Library/Developer/Xcode/DerivedData/Madabank-hkohthnbjtgnoechirsoymtykttx/Build/Intermediates.noindex/Data.build/Debug-iphonesimulator/Data.build/DerivedSources/Data_vers.c -o /Users/darisadam/Library/Developer/Xcode/DerivedData/Madabank-hkohthnbjtgnoechirsoymtykttx/Build/Intermediates.noindex/Data.build/Debug-iphonesimulator/Data.build/Objects-normal/arm64/Data_vers.o -index-unit-output-path /Data.build/Debug-iphonesimulator/Data.build/Objects-normal/arm64/Data_vers.o

CodeSign /Users/darisadam/Library/Developer/Xcode/DerivedData/Madabank-hkohthnbjtgnoechirsoymtykttx/Build/Products/Debug-iphonesimulator/Domain.framework (in target 'Domain' from project 'Domain')
    cd /Users/darisadam/Documents/Projects/iOS\ Apps/madabank-ios/Madabank/Modules/Shared/Domain
    
    Signing Identity:     "Sign to Run Locally"
    
    /usr/bin/codesign --force --sign - --timestamp\=none --generate-entitlement-der /Users/darisadam/Library/Developer/Xcode/DerivedData/Madabank-hkohthnbjtgnoechirsoymtykttx/Build/Products/Debug-iphonesimulator/Domain.framework

CompileC /Users/darisadam/Library/Developer/Xcode/DerivedData/Madabank-hkohthnbjtgnoechirsoymtykttx/Build/Intermediates.noindex/CommonUI.build/Debug-iphonesimulator/CommonUI.build/Objects-normal/arm64/CommonUI_vers.o /Users/darisadam/Library/Developer/Xcode/DerivedData/Madabank-hkohthnbjtgnoechirsoymtykttx/Build/Intermediates.noindex/CommonUI.build/Debug-iphonesimulator/CommonUI.build/DerivedSources/CommonUI_vers.c normal arm64 c com.apple.compilers.llvm.clang.1_0.compiler (in target 'CommonUI' from project 'CommonUI')
    cd /Users/darisadam/Documents/Projects/iOS\ Apps/madabank-ios/Madabank/Modules/Shared/CommonUI
    
    Using response file: /Users/darisadam/Library/Developer/Xcode/DerivedData/Madabank-hkohthnbjtgnoechirsoymtykttx/Build/Intermediates.noindex/CommonUI.build/Debug-iphonesimulator/CommonUI.build/Objects-normal/arm64/7187679823f38a2a940e0043cdf9d637-common-args.resp
    
    /Applications/Xcode.app/Contents/Developer/Toolchains/XcodeDefault.xctoolchain/usr/bin/clang -x c -ivfsstatcache /Users/darisadam/Library/Developer/Xcode/DerivedData/SDKStatCaches.noindex/iphonesimulator26.1-23B77-3885c01c3e6b6a337905948deab2002e90cf18a4295e390e64c810bc6bd7acbc.sdkstatcache -fmessage-length\=0 -fdiagnostics-show-note-include-stack -fmacro-backtrace-limit\=0 -fno-color-diagnostics -fmodules-prune-interval\=86400 -fmodules-prune-after\=345600 -fbuild-session-file\=/Users/darisadam/Library/Developer/Xcode/DerivedData/ModuleCache.noindex/Session.modulevalidation -fmodules-validate-once-per-build-session -Wnon-modular-include-in-framework-module -Werror\=non-modular-include-in-framework-module -Wno-trigraphs -Wno-missing-field-initializers -Wno-missing-prototypes -Werror\=return-type -Wdocumentation -Wunreachable-code -Wquoted-include-in-framework-header -Werror\=deprecated-objc-isa-usage -Werror\=objc-root-class -Wno-missing-braces -Wparentheses -Wswitch -Wunused-function -Wno-unused-label -Wno-unused-parameter -Wunused-variable -Wunused-value -Wempty-body -Wuninitialized -Wconditional-uninitialized -Wno-unknown-pragmas -Wno-shadow -Wno-four-char-constants -Wno-conversion -Wconstant-conversion -Wint-conversion -Wbool-conversion -Wenum-conversion -Wno-float-conversion -Wnon-literal-null-conversion -Wobjc-literal-conversion -Wshorten-64-to-32 -Wpointer-sign -Wno-newline-eof -Wno-implicit-fallthrough -fstrict-aliasing -Wdeprecated-declarations -Wno-sign-conversion -Winfinite-recursion -Wcomma -Wblock-capture-autoreleasing -Wstrict-prototypes -Wno-semicolon-before-method-body -Wunguarded-availability -index-store-path /Users/darisadam/Library/Developer/Xcode/DerivedData/Madabank-hkohthnbjtgnoechirsoymtykttx/Index.noindex/DataStore @/Users/darisadam/Library/Developer/Xcode/DerivedData/Madabank-hkohthnbjtgnoechirsoymtykttx/Build/Intermediates.noindex/CommonUI.build/Debug-iphonesimulator/CommonUI.build/Objects-normal/arm64/7187679823f38a2a940e0043cdf9d637-common-args.resp -MMD -MT dependencies -MF /Users/darisadam/Library/Developer/Xcode/DerivedData/Madabank-hkohthnbjtgnoechirsoymtykttx/Build/Intermediates.noindex/CommonUI.build/Debug-iphonesimulator/CommonUI.build/Objects-normal/arm64/CommonUI_vers.d --serialize-diagnostics /Users/darisadam/Library/Developer/Xcode/DerivedData/Madabank-hkohthnbjtgnoechirsoymtykttx/Build/Intermediates.noindex/CommonUI.build/Debug-iphonesimulator/CommonUI.build/Objects-normal/arm64/CommonUI_vers.dia -c /Users/darisadam/Library/Developer/Xcode/DerivedData/Madabank-hkohthnbjtgnoechirsoymtykttx/Build/Intermediates.noindex/CommonUI.build/Debug-iphonesimulator/CommonUI.build/DerivedSources/CommonUI_vers.c -o /Users/darisadam/Library/Developer/Xcode/DerivedData/Madabank-hkohthnbjtgnoechirsoymtykttx/Build/Intermediates.noindex/CommonUI.build/Debug-iphonesimulator/CommonUI.build/Objects-normal/arm64/CommonUI_vers.o -index-unit-output-path /CommonUI.build/Debug-iphonesimulator/CommonUI.build/Objects-normal/arm64/CommonUI_vers.o

GenerateTAPI /Users/darisadam/Library/Developer/Xcode/DerivedData/Madabank-hkohthnbjtgnoechirsoymtykttx/Build/Intermediates.noindex/EagerLinkingTBDs/Debug-iphonesimulator/RxCocoaRuntime.framework/RxCocoaRuntime.tbd (in target 'RxCocoaRuntime' from project 'RxSwift')
    cd /Users/darisadam/Documents/Projects/iOS\ Apps/madabank-ios/Madabank/Tuist/.build/tuist-derived/RxSwift
    /Applications/Xcode.app/Contents/Developer/Toolchains/XcodeDefault.xctoolchain/usr/bin/tapi stubify -isysroot /Applications/Xcode.app/Contents/Developer/Platforms/iPhoneSimulator.platform/Developer/SDKs/iPhoneSimulator26.1.sdk -F/Users/darisadam/Library/Developer/Xcode/DerivedData/Madabank-hkohthnbjtgnoechirsoymtykttx/Build/Products/Debug-iphonesimulator -F/Applications/Xcode.app/Contents/Developer/Platforms/iPhoneSimulator.platform/Developer/Library/Frameworks -L/Users/darisadam/Library/Developer/Xcode/DerivedData/Madabank-hkohthnbjtgnoechirsoymtykttx/Build/Products/Debug-iphonesimulator /Users/darisadam/Library/Developer/Xcode/DerivedData/Madabank-hkohthnbjtgnoechirsoymtykttx/Build/Products/Debug-iphonesimulator/RxCocoaRuntime.framework/RxCocoaRuntime -o /Users/darisadam/Library/Developer/Xcode/DerivedData/Madabank-hkohthnbjtgnoechirsoymtykttx/Build/Intermediates.noindex/EagerLinkingTBDs/Debug-iphonesimulator/RxCocoaRuntime.framework/RxCocoaRuntime.tbd

SwiftDriver Transactions normal arm64 com.apple.xcode.tools.swift.compiler (in target 'Transactions' from project 'Transactions')
    cd /Users/darisadam/Documents/Projects/iOS\ Apps/madabank-ios/Madabank/Modules/Features/Transactions
    builtin-SwiftDriver -- /Applications/Xcode.app/Contents/Developer/Toolchains/XcodeDefault.xctoolchain/usr/bin/swiftc -module-name Transactions -Onone -enforce-exclusivity\=checked @/Users/darisadam/Library/Developer/Xcode/DerivedData/Madabank-hkohthnbjtgnoechirsoymtykttx/Build/Intermediates.noindex/Transactions.build/Debug-iphonesimulator/Transactions.build/Objects-normal/arm64/Transactions.SwiftFileList -DDEBUG -Xcc -fmodule-map-file\=/Users/darisadam/Documents/Projects/iOS\ Apps/madabank-ios/Madabank/Modules/Features/Transactions/../../../Tuist/.build/tuist-derived/RxCocoaRuntime/RxCocoaRuntime.modulemap -enable-bare-slash-regex -enable-experimental-feature DebugDescriptionMacro -sdk /Applications/Xcode.app/Contents/Developer/Platforms/iPhoneSimulator.platform/Developer/SDKs/iPhoneSimulator26.1.sdk -target arm64-apple-ios15.0-simulator -g -module-cache-path /Users/darisadam/Library/Developer/Xcode/DerivedData/ModuleCache.noindex -Xfrontend -serialize-debugging-options -enable-testing -index-store-path /Users/darisadam/Library/Developer/Xcode/DerivedData/Madabank-hkohthnbjtgnoechirsoymtykttx/Index.noindex/DataStore -Xcc -D_LIBCPP_HARDENING_MODE\=_LIBCPP_HARDENING_MODE_DEBUG -swift-version 5 -I /Users/darisadam/Library/Developer/Xcode/DerivedData/Madabank-hkohthnbjtgnoechirsoymtykttx/Build/Products/Debug-iphonesimulator -F /Users/darisadam/Library/Developer/Xcode/DerivedData/Madabank-hkohthnbjtgnoechirsoymtykttx/Build/Products/Debug-iphonesimulator -c -j8 -enable-batch-mode -incremental -Xcc -ivfsstatcache -Xcc /Users/darisadam/Library/Developer/Xcode/DerivedData/SDKStatCaches.noindex/iphonesimulator26.1-23B77-3885c01c3e6b6a337905948deab2002e90cf18a4295e390e64c810bc6bd7acbc.sdkstatcache -output-file-map /Users/darisadam/Library/Developer/Xcode/DerivedData/Madabank-hkohthnbjtgnoechirsoymtykttx/Build/Intermediates.noindex/Transactions.build/Debug-iphonesimulator/Transactions.build/Objects-normal/arm64/Transactions-OutputFileMap.json -use-frontend-parseable-output -save-temps -no-color-diagnostics -explicit-module-build -module-cache-path /Users/darisadam/Library/Developer/Xcode/DerivedData/Madabank-hkohthnbjtgnoechirsoymtykttx/Build/Intermediates.noindex/SwiftExplicitPrecompiledModules -clang-scanner-module-cache-path /Users/darisadam/Library/Developer/Xcode/DerivedData/ModuleCache.noindex -sdk-module-cache-path /Users/darisadam/Library/Developer/Xcode/DerivedData/ModuleCache.noindex -serialize-diagnostics -emit-dependencies -emit-module -emit-module-path /Users/darisadam/Library/Developer/Xcode/DerivedData/Madabank-hkohthnbjtgnoechirsoymtykttx/Build/Intermediates.noindex/Transactions.build/Debug-iphonesimulator/Transactions.build/Objects-normal/arm64/Transactions.swiftmodule -validate-clang-modules-once -clang-build-session-file /Users/darisadam/Library/Developer/Xcode/DerivedData/ModuleCache.noindex/Session.modulevalidation -Xcc -I/Users/darisadam/Library/Developer/Xcode/DerivedData/Madabank-hkohthnbjtgnoechirsoymtykttx/Build/Intermediates.noindex/Transactions.build/Debug-iphonesimulator/Transactions.build/swift-overrides.hmap -emit-const-values -Xfrontend -const-gather-protocols-file -Xfrontend /Users/darisadam/Library/Developer/Xcode/DerivedData/Madabank-hkohthnbjtgnoechirsoymtykttx/Build/Intermediates.noindex/Transactions.build/Debug-iphonesimulator/Transactions.build/Objects-normal/arm64/Transactions_const_extract_protocols.json -Xcc -iquote -Xcc /Users/darisadam/Library/Developer/Xcode/DerivedData/Madabank-hkohthnbjtgnoechirsoymtykttx/Build/Intermediates.noindex/Transactions.build/Debug-iphonesimulator/Transactions.build/Transactions-generated-files.hmap -Xcc -I/Users/darisadam/Library/Developer/Xcode/DerivedData/Madabank-hkohthnbjtgnoechirsoymtykttx/Build/Intermediates.noindex/Transactions.build/Debug-iphonesimulator/Transactions.build/Transactions-own-target-headers.hmap -Xcc -I/Users/darisadam/Library/Developer/Xcode/DerivedData/Madabank-hkohthnbjtgnoechirsoymtykttx/Build/Intermediates.noindex/Transactions.build/Debug-iphonesimulator/Transactions.build/Transactions-all-non-framework-target-headers.hmap -Xcc -ivfsoverlay -Xcc /Users/darisadam/Library/Developer/Xcode/DerivedData/Madabank-hkohthnbjtgnoechirsoymtykttx/Build/Intermediates.noindex/Transactions.build/Debug-iphonesimulator/Transactions-5088c79df1e1ae7b914a571ab0fbf32c-VFS-iphonesimulator/all-product-headers.yaml -Xcc -iquote -Xcc /Users/darisadam/Library/Developer/Xcode/DerivedData/Madabank-hkohthnbjtgnoechirsoymtykttx/Build/Intermediates.noindex/Transactions.build/Debug-iphonesimulator/Transactions.build/Transactions-project-headers.hmap -Xcc -I/Users/darisadam/Library/Developer/Xcode/DerivedData/Madabank-hkohthnbjtgnoechirsoymtykttx/Build/Products/Debug-iphonesimulator/include -Xcc -I/Users/darisadam/Documents/Projects/iOS\ Apps/madabank-ios/Madabank/Tuist/.build/checkouts/RxSwift/Sources/RxCocoaRuntime/include -Xcc -I/Users/darisadam/Library/Developer/Xcode/DerivedData/Madabank-hkohthnbjtgnoechirsoymtykttx/Build/Intermediates.noindex/Transactions.build/Debug-iphonesimulator/Transactions.build/DerivedSources-normal/arm64 -Xcc -I/Users/darisadam/Library/Developer/Xcode/DerivedData/Madabank-hkohthnbjtgnoechirsoymtykttx/Build/Intermediates.noindex/Transactions.build/Debug-iphonesimulator/Transactions.build/DerivedSources/arm64 -Xcc -I/Users/darisadam/Library/Developer/Xcode/DerivedData/Madabank-hkohthnbjtgnoechirsoymtykttx/Build/Intermediates.noindex/Transactions.build/Debug-iphonesimulator/Transactions.build/DerivedSources -Xcc -DDEBUG\=1 -emit-objc-header -emit-objc-header-path /Users/darisadam/Library/Developer/Xcode/DerivedData/Madabank-hkohthnbjtgnoechirsoymtykttx/Build/Intermediates.noindex/Transactions.build/Debug-iphonesimulator/Transactions.build/Objects-normal/arm64/Transactions-Swift.h -working-directory /Users/darisadam/Documents/Projects/iOS\ Apps/madabank-ios/Madabank/Modules/Features/Transactions -experimental-emit-module-separately -disable-cmo

CodeSign /Users/darisadam/Library/Developer/Xcode/DerivedData/Madabank-hkohthnbjtgnoechirsoymtykttx/Build/Products/Debug-iphonesimulator/RxCocoaRuntime.framework (in target 'RxCocoaRuntime' from project 'RxSwift')
    cd /Users/darisadam/Documents/Projects/iOS\ Apps/madabank-ios/Madabank/Tuist/.build/tuist-derived/RxSwift
    
    Signing Identity:     "Sign to Run Locally"
    
    /usr/bin/codesign --force --sign - --timestamp\=none --generate-entitlement-der /Users/darisadam/Library/Developer/Xcode/DerivedData/Madabank-hkohthnbjtgnoechirsoymtykttx/Build/Products/Debug-iphonesimulator/RxCocoaRuntime.framework

ProcessInfoPlistFile /Users/darisadam/Library/Developer/Xcode/DerivedData/Madabank-hkohthnbjtgnoechirsoymtykttx/Build/Products/Debug-iphonesimulator/Data.framework/Info.plist /Users/darisadam/Documents/Projects/iOS\ Apps/madabank-ios/Madabank/Modules/Shared/Data/Derived/InfoPlists/Data-Info.plist (in target 'Data' from project 'Data')
    cd /Users/darisadam/Documents/Projects/iOS\ Apps/madabank-ios/Madabank/Modules/Shared/Data
    builtin-infoPlistUtility /Users/darisadam/Documents/Projects/iOS\ Apps/madabank-ios/Madabank/Modules/Shared/Data/Derived/InfoPlists/Data-Info.plist -producttype com.apple.product-type.framework -expandbuildsettings -format binary -platform iphonesimulator -o /Users/darisadam/Library/Developer/Xcode/DerivedData/Madabank-hkohthnbjtgnoechirsoymtykttx/Build/Products/Debug-iphonesimulator/Data.framework/Info.plist

Ld /Users/darisadam/Library/Developer/Xcode/DerivedData/Madabank-hkohthnbjtgnoechirsoymtykttx/Build/Products/Debug-iphonesimulator/Data.framework/Data normal (in target 'Data' from project 'Data')
    cd /Users/darisadam/Documents/Projects/iOS\ Apps/madabank-ios/Madabank/Modules/Shared/Data
    /Applications/Xcode.app/Contents/Developer/Toolchains/XcodeDefault.xctoolchain/usr/bin/clang -Xlinker -reproducible -target arm64-apple-ios15.0-simulator -dynamiclib -isysroot /Applications/Xcode.app/Contents/Developer/Platforms/iPhoneSimulator.platform/Developer/SDKs/iPhoneSimulator26.1.sdk -O0 -L/Users/darisadam/Library/Developer/Xcode/DerivedData/Madabank-hkohthnbjtgnoechirsoymtykttx/Build/Intermediates.noindex/EagerLinkingTBDs/Debug-iphonesimulator -L/Users/darisadam/Library/Developer/Xcode/DerivedData/Madabank-hkohthnbjtgnoechirsoymtykttx/Build/Products/Debug-iphonesimulator -F/Users/darisadam/Library/Developer/Xcode/DerivedData/Madabank-hkohthnbjtgnoechirsoymtykttx/Build/Intermediates.noindex/EagerLinkingTBDs/Debug-iphonesimulator -F/Users/darisadam/Library/Developer/Xcode/DerivedData/Madabank-hkohthnbjtgnoechirsoymtykttx/Build/Products/Debug-iphonesimulator -filelist /Users/darisadam/Library/Developer/Xcode/DerivedData/Madabank-hkohthnbjtgnoechirsoymtykttx/Build/Intermediates.noindex/Data.build/Debug-iphonesimulator/Data.build/Objects-normal/arm64/Data.LinkFileList -install_name @rpath/Data.framework/Data -Xlinker -rpath -Xlinker /usr/lib/swift -Xlinker -rpath -Xlinker @executable_path/Frameworks -Xlinker -rpath -Xlinker @loader_path/Frameworks -dead_strip -Xlinker -object_path_lto -Xlinker /Users/darisadam/Library/Developer/Xcode/DerivedData/Madabank-hkohthnbjtgnoechirsoymtykttx/Build/Intermediates.noindex/Data.build/Debug-iphonesimulator/Data.build/Objects-normal/arm64/Data_lto.o -rdynamic -Xlinker -no_deduplicate -Xlinker -objc_abi_version -Xlinker 2 -Xlinker -dependency_info -Xlinker /Users/darisadam/Library/Developer/Xcode/DerivedData/Madabank-hkohthnbjtgnoechirsoymtykttx/Build/Intermediates.noindex/Data.build/Debug-iphonesimulator/Data.build/Objects-normal/arm64/Data_dependency_info.dat -fobjc-link-runtime -L/Applications/Xcode.app/Contents/Developer/Toolchains/XcodeDefault.xctoolchain/usr/lib/swift/iphonesimulator -L/usr/lib/swift -Xlinker -add_ast_path -Xlinker /Users/darisadam/Library/Developer/Xcode/DerivedData/Madabank-hkohthnbjtgnoechirsoymtykttx/Build/Intermediates.noindex/Data.build/Debug-iphonesimulator/Data.build/Objects-normal/arm64/Data.swiftmodule @/Users/darisadam/Library/Developer/Xcode/DerivedData/Madabank-hkohthnbjtgnoechirsoymtykttx/Build/Intermediates.noindex/Data.build/Debug-iphonesimulator/Data.build/Objects-normal/arm64/Data-linker-args.resp -framework Domain -framework Networking -framework RxSwift -Xlinker -no_adhoc_codesign -compatibility_version 1 -current_version 1 -o /Users/darisadam/Library/Developer/Xcode/DerivedData/Madabank-hkohthnbjtgnoechirsoymtykttx/Build/Products/Debug-iphonesimulator/Data.framework/Data

RegisterExecutionPolicyException /Users/darisadam/Library/Developer/Xcode/DerivedData/Madabank-hkohthnbjtgnoechirsoymtykttx/Build/Products/Debug-iphonesimulator/RxCocoaRuntime.framework (in target 'RxCocoaRuntime' from project 'RxSwift')
    cd /Users/darisadam/Documents/Projects/iOS\ Apps/madabank-ios/Madabank/Tuist/.build/tuist-derived/RxSwift
    builtin-RegisterExecutionPolicyException /Users/darisadam/Library/Developer/Xcode/DerivedData/Madabank-hkohthnbjtgnoechirsoymtykttx/Build/Products/Debug-iphonesimulator/RxCocoaRuntime.framework

SwiftDriverJobDiscovery normal arm64 Compiling PasswordStrengthView.swift (in target 'CommonUI' from project 'CommonUI')

Touch /Users/darisadam/Library/Developer/Xcode/DerivedData/Madabank-hkohthnbjtgnoechirsoymtykttx/Build/Products/Debug-iphonesimulator/RxCocoaRuntime.framework (in target 'RxCocoaRuntime' from project 'RxSwift')
    cd /Users/darisadam/Documents/Projects/iOS\ Apps/madabank-ios/Madabank/Tuist/.build/tuist-derived/RxSwift
    /usr/bin/touch -c /Users/darisadam/Library/Developer/Xcode/DerivedData/Madabank-hkohthnbjtgnoechirsoymtykttx/Build/Products/Debug-iphonesimulator/RxCocoaRuntime.framework

Ld /Users/darisadam/Library/Developer/Xcode/DerivedData/Madabank-hkohthnbjtgnoechirsoymtykttx/Build/Products/Debug-iphonesimulator/RxCocoa.framework/RxCocoa normal (in target 'RxCocoa' from project 'RxSwift')
    cd /Users/darisadam/Documents/Projects/iOS\ Apps/madabank-ios/Madabank/Tuist/.build/tuist-derived/RxSwift
    /Applications/Xcode.app/Contents/Developer/Toolchains/XcodeDefault.xctoolchain/usr/bin/clang -Xlinker -reproducible -target arm64-apple-ios12.0-simulator -dynamiclib -isysroot /Applications/Xcode.app/Contents/Developer/Platforms/iPhoneSimulator.platform/Developer/SDKs/iPhoneSimulator26.1.sdk -O0 -L/Users/darisadam/Library/Developer/Xcode/DerivedData/Madabank-hkohthnbjtgnoechirsoymtykttx/Build/Intermediates.noindex/EagerLinkingTBDs/Debug-iphonesimulator -L/Users/darisadam/Library/Developer/Xcode/DerivedData/Madabank-hkohthnbjtgnoechirsoymtykttx/Build/Products/Debug-iphonesimulator -F/Users/darisadam/Library/Developer/Xcode/DerivedData/Madabank-hkohthnbjtgnoechirsoymtykttx/Build/Intermediates.noindex/EagerLinkingTBDs/Debug-iphonesimulator -F/Users/darisadam/Library/Developer/Xcode/DerivedData/Madabank-hkohthnbjtgnoechirsoymtykttx/Build/Products/Debug-iphonesimulator -F/Applications/Xcode.app/Contents/Developer/Platforms/iPhoneSimulator.platform/Developer/Library/Frameworks -filelist /Users/darisadam/Library/Developer/Xcode/DerivedData/Madabank-hkohthnbjtgnoechirsoymtykttx/Build/Intermediates.noindex/RxSwift.build/Debug-iphonesimulator/RxCocoa.build/Objects-normal/arm64/RxCocoa.LinkFileList -install_name @rpath/RxCocoa.framework/RxCocoa -Xlinker -rpath -Xlinker /usr/lib/swift -Xlinker -rpath -Xlinker @executable_path/Frameworks -Xlinker -rpath -Xlinker @loader_path/Frameworks -dead_strip -Xlinker -object_path_lto -Xlinker /Users/darisadam/Library/Developer/Xcode/DerivedData/Madabank-hkohthnbjtgnoechirsoymtykttx/Build/Intermediates.noindex/RxSwift.build/Debug-iphonesimulator/RxCocoa.build/Objects-normal/arm64/RxCocoa_lto.o -rdynamic -Xlinker -no_deduplicate -Xlinker -objc_abi_version -Xlinker 2 -Xlinker -dependency_info -Xlinker /Users/darisadam/Library/Developer/Xcode/DerivedData/Madabank-hkohthnbjtgnoechirsoymtykttx/Build/Intermediates.noindex/RxSwift.build/Debug-iphonesimulator/RxCocoa.build/Objects-normal/arm64/RxCocoa_dependency_info.dat -fobjc-link-runtime -L/Applications/Xcode.app/Contents/Developer/Toolchains/XcodeDefault.xctoolchain/usr/lib/swift/iphonesimulator -L/usr/lib/swift -Xlinker -add_ast_path -Xlinker /Users/darisadam/Library/Developer/Xcode/DerivedData/Madabank-hkohthnbjtgnoechirsoymtykttx/Build/Intermediates.noindex/RxSwift.build/Debug-iphonesimulator/RxCocoa.build/Objects-normal/arm64/RxCocoa.swiftmodule @/Users/darisadam/Library/Developer/Xcode/DerivedData/Madabank-hkohthnbjtgnoechirsoymtykttx/Build/Intermediates.noindex/RxSwift.build/Debug-iphonesimulator/RxCocoa.build/Objects-normal/arm64/RxCocoa-linker-args.resp -framework RxCocoaRuntime -framework RxRelay -framework RxSwift -Xlinker -no_adhoc_codesign -compatibility_version 1 -current_version 1 -o /Users/darisadam/Library/Developer/Xcode/DerivedData/Madabank-hkohthnbjtgnoechirsoymtykttx/Build/Products/Debug-iphonesimulator/RxCocoa.framework/RxCocoa

CpResource /Users/darisadam/Library/Developer/Xcode/DerivedData/Madabank-hkohthnbjtgnoechirsoymtykttx/Build/Products/Debug-iphonesimulator/RxCocoa.framework/PrivacyInfo.xcprivacy /Users/darisadam/Documents/Projects/iOS\ Apps/madabank-ios/Madabank/Tuist/.build/checkouts/RxSwift/Sources/RxCocoa/PrivacyInfo.xcprivacy (in target 'RxCocoa' from project 'RxSwift')
    cd /Users/darisadam/Documents/Projects/iOS\ Apps/madabank-ios/Madabank/Tuist/.build/tuist-derived/RxSwift
    builtin-copy -exclude .DS_Store -exclude CVS -exclude .svn -exclude .git -exclude .hg -resolve-src-symlinks /Users/darisadam/Documents/Projects/iOS\ Apps/madabank-ios/Madabank/Tuist/.build/checkouts/RxSwift/Sources/RxCocoa/PrivacyInfo.xcprivacy /Users/darisadam/Library/Developer/Xcode/DerivedData/Madabank-hkohthnbjtgnoechirsoymtykttx/Build/Products/Debug-iphonesimulator/RxCocoa.framework

ProcessInfoPlistFile /Users/darisadam/Library/Developer/Xcode/DerivedData/Madabank-hkohthnbjtgnoechirsoymtykttx/Build/Products/Debug-iphonesimulator/RxCocoa.framework/Info.plist /Users/darisadam/Documents/Projects/iOS\ Apps/madabank-ios/Madabank/Tuist/.build/tuist-derived/RxCocoa/InfoPlists/RxCocoa-Info.plist (in target 'RxCocoa' from project 'RxSwift')
    cd /Users/darisadam/Documents/Projects/iOS\ Apps/madabank-ios/Madabank/Tuist/.build/tuist-derived/RxSwift
    builtin-infoPlistUtility /Users/darisadam/Documents/Projects/iOS\ Apps/madabank-ios/Madabank/Tuist/.build/tuist-derived/RxCocoa/InfoPlists/RxCocoa-Info.plist -producttype com.apple.product-type.framework -expandbuildsettings -format binary -platform iphonesimulator -o /Users/darisadam/Library/Developer/Xcode/DerivedData/Madabank-hkohthnbjtgnoechirsoymtykttx/Build/Products/Debug-iphonesimulator/RxCocoa.framework/Info.plist

SwiftDriverJobDiscovery normal arm64 Compiling Typography.swift (in target 'CommonUI' from project 'CommonUI')

SwiftDriverJobDiscovery normal arm64 Compiling CommonUI.swift (in target 'CommonUI' from project 'CommonUI')

SwiftDriverJobDiscovery normal arm64 Compiling MBButton.swift (in target 'CommonUI' from project 'CommonUI')

ExtractAppIntentsMetadata (in target 'Data' from project 'Data')
    cd /Users/darisadam/Documents/Projects/iOS\ Apps/madabank-ios/Madabank/Modules/Shared/Data
    /Applications/Xcode.app/Contents/Developer/Toolchains/XcodeDefault.xctoolchain/usr/bin/appintentsmetadataprocessor --toolchain-dir /var/run/com.apple.security.cryptexd/mnt/com.apple.MobileAsset.MetalToolchain-v17.2.54.0.wH8bUi/Metal.xctoolchain --module-name Data --sdk-root /Applications/Xcode.app/Contents/Developer/Platforms/iPhoneSimulator.platform/Developer/SDKs/iPhoneSimulator26.1.sdk --xcode-version 17B100 --platform-family iOS --deployment-target 15.0 --bundle-identifier online.darisadam.data --output /Users/darisadam/Library/Developer/Xcode/DerivedData/Madabank-hkohthnbjtgnoechirsoymtykttx/Build/Products/Debug-iphonesimulator/Data.framework --target-triple arm64-apple-ios15.0-simulator --binary-file /Users/darisadam/Library/Developer/Xcode/DerivedData/Madabank-hkohthnbjtgnoechirsoymtykttx/Build/Products/Debug-iphonesimulator/Data.framework/Data --dependency-file /Users/darisadam/Library/Developer/Xcode/DerivedData/Madabank-hkohthnbjtgnoechirsoymtykttx/Build/Intermediates.noindex/Data.build/Debug-iphonesimulator/Data.build/Objects-normal/arm64/Data_dependency_info.dat --stringsdata-file /Users/darisadam/Library/Developer/Xcode/DerivedData/Madabank-hkohthnbjtgnoechirsoymtykttx/Build/Intermediates.noindex/Data.build/Debug-iphonesimulator/Data.build/Objects-normal/arm64/ExtractedAppShortcutsMetadata.stringsdata --source-file-list /Users/darisadam/Library/Developer/Xcode/DerivedData/Madabank-hkohthnbjtgnoechirsoymtykttx/Build/Intermediates.noindex/Data.build/Debug-iphonesimulator/Data.build/Objects-normal/arm64/Data.SwiftFileList --metadata-file-list /Users/darisadam/Library/Developer/Xcode/DerivedData/Madabank-hkohthnbjtgnoechirsoymtykttx/Build/Intermediates.noindex/Data.build/Debug-iphonesimulator/Data.build/Data.DependencyMetadataFileList --static-metadata-file-list /Users/darisadam/Library/Developer/Xcode/DerivedData/Madabank-hkohthnbjtgnoechirsoymtykttx/Build/Intermediates.noindex/Data.build/Debug-iphonesimulator/Data.build/Data.DependencyStaticMetadataFileList --swift-const-vals-list /Users/darisadam/Library/Developer/Xcode/DerivedData/Madabank-hkohthnbjtgnoechirsoymtykttx/Build/Intermediates.noindex/Data.build/Debug-iphonesimulator/Data.build/Objects-normal/arm64/Data.SwiftConstValuesFileList --compile-time-extraction --deployment-aware-processing --validate-assistant-intents --no-app-shortcuts-localization
2026-02-04 20:01:42.361 appintentsmetadataprocessor[11664:2540066] Starting appintentsmetadataprocessor export
2026-02-04 20:01:42.367 appintentsmetadataprocessor[11664:2540066] warning: Metadata extraction skipped. No AppIntents.framework dependency found.

SwiftDriverJobDiscovery normal arm64 Compiling MBTextField.swift (in target 'CommonUI' from project 'CommonUI')

SwiftDriver\ Compilation CommonUI normal arm64 com.apple.xcode.tools.swift.compiler (in target 'CommonUI' from project 'CommonUI')
    cd /Users/darisadam/Documents/Projects/iOS\ Apps/madabank-ios/Madabank/Modules/Shared/CommonUI
    builtin-Swift-Compilation -- /Applications/Xcode.app/Contents/Developer/Toolchains/XcodeDefault.xctoolchain/usr/bin/swiftc -module-name CommonUI -Onone -enforce-exclusivity\=checked @/Users/darisadam/Library/Developer/Xcode/DerivedData/Madabank-hkohthnbjtgnoechirsoymtykttx/Build/Intermediates.noindex/CommonUI.build/Debug-iphonesimulator/CommonUI.build/Objects-normal/arm64/CommonUI.SwiftFileList -DDEBUG -Xcc -fmodule-map-file\=/Users/darisadam/Documents/Projects/iOS\ Apps/madabank-ios/Madabank/Modules/Shared/CommonUI/../../../Tuist/.build/tuist-derived/RxCocoaRuntime/RxCocoaRuntime.modulemap -enable-bare-slash-regex -enable-experimental-feature DebugDescriptionMacro -sdk /Applications/Xcode.app/Contents/Developer/Platforms/iPhoneSimulator.platform/Developer/SDKs/iPhoneSimulator26.1.sdk -target arm64-apple-ios15.0-simulator -g -module-cache-path /Users/darisadam/Library/Developer/Xcode/DerivedData/ModuleCache.noindex -Xfrontend -serialize-debugging-options -enable-testing -index-store-path /Users/darisadam/Library/Developer/Xcode/DerivedData/Madabank-hkohthnbjtgnoechirsoymtykttx/Index.noindex/DataStore -Xcc -D_LIBCPP_HARDENING_MODE\=_LIBCPP_HARDENING_MODE_DEBUG -swift-version 5 -I /Users/darisadam/Library/Developer/Xcode/DerivedData/Madabank-hkohthnbjtgnoechirsoymtykttx/Build/Products/Debug-iphonesimulator -F /Users/darisadam/Library/Developer/Xcode/DerivedData/Madabank-hkohthnbjtgnoechirsoymtykttx/Build/Products/Debug-iphonesimulator -c -j8 -enable-batch-mode -incremental -Xcc -ivfsstatcache -Xcc /Users/darisadam/Library/Developer/Xcode/DerivedData/SDKStatCaches.noindex/iphonesimulator26.1-23B77-3885c01c3e6b6a337905948deab2002e90cf18a4295e390e64c810bc6bd7acbc.sdkstatcache -output-file-map /Users/darisadam/Library/Developer/Xcode/DerivedData/Madabank-hkohthnbjtgnoechirsoymtykttx/Build/Intermediates.noindex/CommonUI.build/Debug-iphonesimulator/CommonUI.build/Objects-normal/arm64/CommonUI-OutputFileMap.json -use-frontend-parseable-output -save-temps -no-color-diagnostics -explicit-module-build -module-cache-path /Users/darisadam/Library/Developer/Xcode/DerivedData/Madabank-hkohthnbjtgnoechirsoymtykttx/Build/Intermediates.noindex/SwiftExplicitPrecompiledModules -clang-scanner-module-cache-path /Users/darisadam/Library/Developer/Xcode/DerivedData/ModuleCache.noindex -sdk-module-cache-path /Users/darisadam/Library/Developer/Xcode/DerivedData/ModuleCache.noindex -serialize-diagnostics -emit-dependencies -emit-module -emit-module-path /Users/darisadam/Library/Developer/Xcode/DerivedData/Madabank-hkohthnbjtgnoechirsoymtykttx/Build/Intermediates.noindex/CommonUI.build/Debug-iphonesimulator/CommonUI.build/Objects-normal/arm64/CommonUI.swiftmodule -validate-clang-modules-once -clang-build-session-file /Users/darisadam/Library/Developer/Xcode/DerivedData/ModuleCache.noindex/Session.modulevalidation -Xcc -I/Users/darisadam/Library/Developer/Xcode/DerivedData/Madabank-hkohthnbjtgnoechirsoymtykttx/Build/Intermediates.noindex/CommonUI.build/Debug-iphonesimulator/CommonUI.build/swift-overrides.hmap -emit-const-values -Xfrontend -const-gather-protocols-file -Xfrontend /Users/darisadam/Library/Developer/Xcode/DerivedData/Madabank-hkohthnbjtgnoechirsoymtykttx/Build/Intermediates.noindex/CommonUI.build/Debug-iphonesimulator/CommonUI.build/Objects-normal/arm64/CommonUI_const_extract_protocols.json -Xcc -iquote -Xcc /Users/darisadam/Library/Developer/Xcode/DerivedData/Madabank-hkohthnbjtgnoechirsoymtykttx/Build/Intermediates.noindex/CommonUI.build/Debug-iphonesimulator/CommonUI.build/CommonUI-generated-files.hmap -Xcc -I/Users/darisadam/Library/Developer/Xcode/DerivedData/Madabank-hkohthnbjtgnoechirsoymtykttx/Build/Intermediates.noindex/CommonUI.build/Debug-iphonesimulator/CommonUI.build/CommonUI-own-target-headers.hmap -Xcc -I/Users/darisadam/Library/Developer/Xcode/DerivedData/Madabank-hkohthnbjtgnoechirsoymtykttx/Build/Intermediates.noindex/CommonUI.build/Debug-iphonesimulator/CommonUI.build/CommonUI-all-non-framework-target-headers.hmap -Xcc -ivfsoverlay -Xcc /Users/darisadam/Library/Developer/Xcode/DerivedData/Madabank-hkohthnbjtgnoechirsoymtykttx/Build/Intermediates.noindex/CommonUI.build/Debug-iphonesimulator/CommonUI-9a7bd76207b7ee6cd2c05a9907929af9-VFS-iphonesimulator/all-product-headers.yaml -Xcc -iquote -Xcc /Users/darisadam/Library/Developer/Xcode/DerivedData/Madabank-hkohthnbjtgnoechirsoymtykttx/Build/Intermediates.noindex/CommonUI.build/Debug-iphonesimulator/CommonUI.build/CommonUI-project-headers.hmap -Xcc -I/Users/darisadam/Library/Developer/Xcode/DerivedData/Madabank-hkohthnbjtgnoechirsoymtykttx/Build/Products/Debug-iphonesimulator/include -Xcc -I/Users/darisadam/Documents/Projects/iOS\ Apps/madabank-ios/Madabank/Tuist/.build/checkouts/RxSwift/Sources/RxCocoaRuntime/include -Xcc -I/Users/darisadam/Library/Developer/Xcode/DerivedData/Madabank-hkohthnbjtgnoechirsoymtykttx/Build/Intermediates.noindex/CommonUI.build/Debug-iphonesimulator/CommonUI.build/DerivedSources-normal/arm64 -Xcc -I/Users/darisadam/Library/Developer/Xcode/DerivedData/Madabank-hkohthnbjtgnoechirsoymtykttx/Build/Intermediates.noindex/CommonUI.build/Debug-iphonesimulator/CommonUI.build/DerivedSources/arm64 -Xcc -I/Users/darisadam/Library/Developer/Xcode/DerivedData/Madabank-hkohthnbjtgnoechirsoymtykttx/Build/Intermediates.noindex/CommonUI.build/Debug-iphonesimulator/CommonUI.build/DerivedSources -Xcc -DDEBUG\=1 -emit-objc-header -emit-objc-header-path /Users/darisadam/Library/Developer/Xcode/DerivedData/Madabank-hkohthnbjtgnoechirsoymtykttx/Build/Intermediates.noindex/CommonUI.build/Debug-iphonesimulator/CommonUI.build/Objects-normal/arm64/CommonUI-Swift.h -working-directory /Users/darisadam/Documents/Projects/iOS\ Apps/madabank-ios/Madabank/Modules/Shared/CommonUI -experimental-emit-module-separately -disable-cmo

SwiftCompile normal arm64 Compiling\ Transactions.swift,\ BeneficiariesListViewModel.swift /Users/darisadam/Documents/Projects/iOS\ Apps/madabank-ios/Madabank/Modules/Features/Transactions/Sources/Transactions.swift /Users/darisadam/Documents/Projects/iOS\ Apps/madabank-ios/Madabank/Modules/Features/Transactions/Sources/ViewModels/BeneficiariesListViewModel.swift (in target 'Transactions' from project 'Transactions')

SwiftCompile normal arm64 /Users/darisadam/Documents/Projects/iOS\ Apps/madabank-ios/Madabank/Modules/Features/Transactions/Sources/Transactions.swift (in target 'Transactions' from project 'Transactions')
    cd /Users/darisadam/Documents/Projects/iOS\ Apps/madabank-ios/Madabank/Modules/Features/Transactions
    

SwiftCompile normal arm64 /Users/darisadam/Documents/Projects/iOS\ Apps/madabank-ios/Madabank/Modules/Features/Transactions/Sources/ViewModels/BeneficiariesListViewModel.swift (in target 'Transactions' from project 'Transactions')
    cd /Users/darisadam/Documents/Projects/iOS\ Apps/madabank-ios/Madabank/Modules/Features/Transactions
    

SwiftCompile normal arm64 Compiling\ QRScannerViewController.swift,\ TransactionDetailViewController.swift /Users/darisadam/Documents/Projects/iOS\ Apps/madabank-ios/Madabank/Modules/Features/Transactions/Sources/Views/QRScannerViewController.swift /Users/darisadam/Documents/Projects/iOS\ Apps/madabank-ios/Madabank/Modules/Features/Transactions/Sources/Views/TransactionDetailViewController.swift (in target 'Transactions' from project 'Transactions')

SwiftCompile normal arm64 /Users/darisadam/Documents/Projects/iOS\ Apps/madabank-ios/Madabank/Modules/Features/Transactions/Sources/Views/QRScannerViewController.swift (in target 'Transactions' from project 'Transactions')
    cd /Users/darisadam/Documents/Projects/iOS\ Apps/madabank-ios/Madabank/Modules/Features/Transactions
    

SwiftCompile normal arm64 /Users/darisadam/Documents/Projects/iOS\ Apps/madabank-ios/Madabank/Modules/Features/Transactions/Sources/Views/TransactionDetailViewController.swift (in target 'Transactions' from project 'Transactions')
    cd /Users/darisadam/Documents/Projects/iOS\ Apps/madabank-ios/Madabank/Modules/Features/Transactions
    

SwiftCompile normal arm64 Compiling\ ManageFundsViewController.swift,\ QRPaymentViewController.swift /Users/darisadam/Documents/Projects/iOS\ Apps/madabank-ios/Madabank/Modules/Features/Transactions/Sources/Views/ManageFundsViewController.swift /Users/darisadam/Documents/Projects/iOS\ Apps/madabank-ios/Madabank/Modules/Features/Transactions/Sources/Views/QRPaymentViewController.swift (in target 'Transactions' from project 'Transactions')
SwiftCompile normal arm64 /Users/darisadam/Documents/Projects/iOS\ Apps/madabank-ios/Madabank/Modules/Features/Transactions/Sources/Views/ManageFundsViewController.swift (in target 'Transactions' from project 'Transactions')
    cd /Users/darisadam/Documents/Projects/iOS\ Apps/madabank-ios/Madabank/Modules/Features/Transactions
    

SwiftCompile normal arm64 /Users/darisadam/Documents/Projects/iOS\ Apps/madabank-ios/Madabank/Modules/Features/Transactions/Sources/Views/QRPaymentViewController.swift (in target 'Transactions' from project 'Transactions')
    cd /Users/darisadam/Documents/Projects/iOS\ Apps/madabank-ios/Madabank/Modules/Features/Transactions
    

SwiftCompile normal arm64 Compiling\ TransactionDetailViewModel.swift,\ TransactionsViewModel.swift /Users/darisadam/Documents/Projects/iOS\ Apps/madabank-ios/Madabank/Modules/Features/Transactions/Sources/ViewModels/TransactionDetailViewModel.swift /Users/darisadam/Documents/Projects/iOS\ Apps/madabank-ios/Madabank/Modules/Features/Transactions/Sources/ViewModels/TransactionsViewModel.swift (in target 'Transactions' from project 'Transactions')
SwiftCompile normal arm64 /Users/darisadam/Documents/Projects/iOS\ Apps/madabank-ios/Madabank/Modules/Features/Transactions/Sources/ViewModels/TransactionDetailViewModel.swift (in target 'Transactions' from project 'Transactions')
    cd /Users/darisadam/Documents/Projects/iOS\ Apps/madabank-ios/Madabank/Modules/Features/Transactions
    

SwiftCompile normal arm64 /Users/darisadam/Documents/Projects/iOS\ Apps/madabank-ios/Madabank/Modules/Features/Transactions/Sources/ViewModels/TransactionsViewModel.swift (in target 'Transactions' from project 'Transactions')
    cd /Users/darisadam/Documents/Projects/iOS\ Apps/madabank-ios/Madabank/Modules/Features/Transactions
    

SwiftEmitModule normal arm64 Emitting\ module\ for\ Transactions (in target 'Transactions' from project 'Transactions')
Failed frontend command:
/Applications/Xcode.app/Contents/Developer/Toolchains/XcodeDefault.xctoolchain/usr/bin/swift-frontend -frontend -emit-module -experimental-skip-non-inlinable-function-bodies-without-types /Users/darisadam/Documents/Projects/iOS\ Apps/madabank-ios/Madabank/Modules/Features/Transactions/Sources/Transactions.swift /Users/darisadam/Documents/Projects/iOS\ Apps/madabank-ios/Madabank/Modules/Features/Transactions/Sources/ViewModels/BeneficiariesListViewModel.swift /Users/darisadam/Documents/Projects/iOS\ Apps/madabank-ios/Madabank/Modules/Features/Transactions/Sources/ViewModels/ManageFundsViewModel.swift /Users/darisadam/Documents/Projects/iOS\ Apps/madabank-ios/Madabank/Modules/Features/Transactions/Sources/ViewModels/QRPaymentViewModel.swift /Users/darisadam/Documents/Projects/iOS\ Apps/madabank-ios/Madabank/Modules/Features/Transactions/Sources/ViewModels/TransactionDetailViewModel.swift /Users/darisadam/Documents/Projects/iOS\ Apps/madabank-ios/Madabank/Modules/Features/Transactions/Sources/ViewModels/TransactionsViewModel.swift /Users/darisadam/Documents/Projects/iOS\ Apps/madabank-ios/Madabank/Modules/Features/Transactions/Sources/ViewModels/TransferViewModel.swift /Users/darisadam/Documents/Projects/iOS\ Apps/madabank-ios/Madabank/Modules/Features/Transactions/Sources/Views/BeneficiariesListViewController.swift /Users/darisadam/Documents/Projects/iOS\ Apps/madabank-ios/Madabank/Modules/Features/Transactions/Sources/Views/ManageFundsViewController.swift /Users/darisadam/Documents/Projects/iOS\ Apps/madabank-ios/Madabank/Modules/Features/Transactions/Sources/Views/QRPaymentViewController.swift /Users/darisadam/Documents/Projects/iOS\ Apps/madabank-ios/Madabank/Modules/Features/Transactions/Sources/Views/QRScannerViewController.swift /Users/darisadam/Documents/Projects/iOS\ Apps/madabank-ios/Madabank/Modules/Features/Transactions/Sources/Views/TransactionDetailViewController.swift /Users/darisadam/Documents/Projects/iOS\ Apps/madabank-ios/Madabank/Modules/Features/Transactions/Sources/Views/TransactionsViewController.swift /Users/darisadam/Documents/Projects/iOS\ Apps/madabank-ios/Madabank/Modules/Features/Transactions/Sources/Views/TransferViewController.swift -target arm64-apple-ios15.0-simulator -load-resolved-plugin /Applications/Xcode.app/Contents/Developer/Platforms/iPhoneOS.platform/Developer/usr/lib/swift/host/plugins/libFoundationMacros.dylib\#/Applications/Xcode.app/Contents/Developer/Platforms/iPhoneOS.platform/Developer/usr/bin/swift-plugin-server\#FoundationMacros -load-resolved-plugin /Applications/Xcode.app/Contents/Developer/Platforms/iPhoneOS.platform/Developer/usr/lib/swift/host/plugins/libObservationMacros.dylib\#/Applications/Xcode.app/Contents/Developer/Platforms/iPhoneOS.platform/Developer/usr/bin/swift-plugin-server\#ObservationMacros -load-resolved-plugin /Applications/Xcode.app/Contents/Developer/Platforms/iPhoneOS.platform/Developer/usr/lib/swift/host/plugins/libPreviewsMacros.dylib\#/Applications/Xcode.app/Contents/Developer/Platforms/iPhoneOS.platform/Developer/usr/bin/swift-plugin-server\#PreviewsMacros -load-resolved-plugin /Applications/Xcode.app/Contents/Developer/Platforms/iPhoneOS.platform/Developer/usr/lib/swift/host/plugins/libSwiftMacros.dylib\#/Applications/Xcode.app/Contents/Developer/Platforms/iPhoneOS.platform/Developer/usr/bin/swift-plugin-server\#SwiftMacros -load-resolved-plugin /Applications/Xcode.app/Contents/Developer/Platforms/iPhoneOS.platform/Developer/usr/lib/swift/host/plugins/libSwiftUIMacros.dylib\#/Applications/Xcode.app/Contents/Developer/Platforms/iPhoneOS.platform/Developer/usr/bin/swift-plugin-server\#SwiftUIMacros -disable-implicit-swift-modules -Xcc -fno-implicit-modules -Xcc -fno-implicit-module-maps -explicit-swift-module-map-file /Users/darisadam/Library/Developer/Xcode/DerivedData/Madabank-hkohthnbjtgnoechirsoymtykttx/Build/Intermediates.noindex/Transactions.build/Debug-iphonesimulator/Transactions.build/Objects-normal/arm64/Transactions-dependencies-1.json -Xllvm -aarch64-use-tbi -enable-objc-interop -sdk /Applications/Xcode.app/Contents/Developer/Platforms/iPhoneSimulator.platform/Developer/SDKs/iPhoneSimulator26.1.sdk -I /Users/darisadam/Library/Developer/Xcode/DerivedData/Madabank-hkohthnbjtgnoechirsoymtykttx/Build/Products/Debug-iphonesimulator -F /Users/darisadam/Library/Developer/Xcode/DerivedData/Madabank-hkohthnbjtgnoechirsoymtykttx/Build/Products/Debug-iphonesimulator -no-color-diagnostics -Xcc -fno-color-diagnostics -enable-testing -g -debug-info-format\=dwarf -dwarf-version\=4 -module-cache-path /Users/darisadam/Library/Developer/Xcode/DerivedData/Madabank-hkohthnbjtgnoechirsoymtykttx/Build/Intermediates.noindex/SwiftExplicitPrecompiledModules -swift-version 5 -enforce-exclusivity\=checked -Onone -D DEBUG -serialize-debugging-options -const-gather-protocols-file /Users/darisadam/Library/Developer/Xcode/DerivedData/Madabank-hkohthnbjtgnoechirsoymtykttx/Build/Intermediates.noindex/Transactions.build/Debug-iphonesimulator/Transactions.build/Objects-normal/arm64/Transactions_const_extract_protocols.json -enable-experimental-feature DebugDescriptionMacro -enable-bare-slash-regex -empty-abi-descriptor -validate-clang-modules-once -clang-build-session-file /Users/darisadam/Library/Developer/Xcode/DerivedData/ModuleCache.noindex/Session.modulevalidation -Xcc -working-directory -Xcc /Users/darisadam/Documents/Projects/iOS\ Apps/madabank-ios/Madabank/Modules/Features/Transactions -enable-anonymous-context-mangled-names -file-compilation-dir /Users/darisadam/Documents/Projects/iOS\ Apps/madabank-ios/Madabank/Modules/Features/Transactions -Xcc -fmodule-map-file\=/Users/darisadam/Documents/Projects/iOS\ Apps/madabank-ios/Madabank/Modules/Features/Transactions/../../../Tuist/.build/tuist-derived/RxCocoaRuntime/RxCocoaRuntime.modulemap -Xcc -D_LIBCPP_HARDENING_MODE\=_LIBCPP_HARDENING_MODE_DEBUG -Xcc -ivfsstatcache -Xcc /Users/darisadam/Library/Developer/Xcode/DerivedData/SDKStatCaches.noindex/iphonesimulator26.1-23B77-3885c01c3e6b6a337905948deab2002e90cf18a4295e390e64c810bc6bd7acbc.sdkstatcache -Xcc -I/Users/darisadam/Library/Developer/Xcode/DerivedData/Madabank-hkohthnbjtgnoechirsoymtykttx/Build/Intermediates.noindex/Transactions.build/Debug-iphonesimulator/Transactions.build/swift-overrides.hmap -Xcc -iquote -Xcc /Users/darisadam/Library/Developer/Xcode/DerivedData/Madabank-hkohthnbjtgnoechirsoymtykttx/Build/Intermediates.noindex/Transactions.build/Debug-iphonesimulator/Transactions.build/Transactions-generated-files.hmap -Xcc -I/Users/darisadam/Library/Developer/Xcode/DerivedData/Madabank-hkohthnbjtgnoechirsoymtykttx/Build/Intermediates.noindex/Transactions.build/Debug-iphonesimulator/Transactions.build/Transactions-own-target-headers.hmap -Xcc -I/Users/darisadam/Library/Developer/Xcode/DerivedData/Madabank-hkohthnbjtgnoechirsoymtykttx/Build/Intermediates.noindex/Transactions.build/Debug-iphonesimulator/Transactions.build/Transactions-all-non-framework-target-headers.hmap -Xcc -ivfsoverlay -Xcc /Users/darisadam/Library/Developer/Xcode/DerivedData/Madabank-hkohthnbjtgnoechirsoymtykttx/Build/Intermediates.noindex/Transactions.build/Debug-iphonesimulator/Transactions-5088c79df1e1ae7b914a571ab0fbf32c-VFS-iphonesimulator/all-product-headers.yaml -Xcc -iquote -Xcc /Users/darisadam/Library/Developer/Xcode/DerivedData/Madabank-hkohthnbjtgnoechirsoymtykttx/Build/Intermediates.noindex/Transactions.build/Debug-iphonesimulator/Transactions.build/Transactions-project-headers.hmap -Xcc -I/Users/darisadam/Library/Developer/Xcode/DerivedData/Madabank-hkohthnbjtgnoechirsoymtykttx/Build/Products/Debug-iphonesimulator/include -Xcc -I/Users/darisadam/Documents/Projects/iOS\ Apps/madabank-ios/Madabank/Tuist/.build/checkouts/RxSwift/Sources/RxCocoaRuntime/include -Xcc -I/Users/darisadam/Library/Developer/Xcode/DerivedData/Madabank-hkohthnbjtgnoechirsoymtykttx/Build/Intermediates.noindex/Transactions.build/Debug-iphonesimulator/Transactions.build/DerivedSources-normal/arm64 -Xcc -I/Users/darisadam/Library/Developer/Xcode/DerivedData/Madabank-hkohthnbjtgnoechirsoymtykttx/Build/Intermediates.noindex/Transactions.build/Debug-iphonesimulator/Transactions.build/DerivedSources/arm64 -Xcc -I/Users/darisadam/Library/Developer/Xcode/DerivedData/Madabank-hkohthnbjtgnoechirsoymtykttx/Build/Intermediates.noindex/Transactions.build/Debug-iphonesimulator/Transactions.build/DerivedSources -Xcc -DDEBUG\=1 -no-auto-bridging-header-chaining -module-name Transactions -frontend-parseable-output -disable-clang-spi -target-sdk-version 26.1 -target-sdk-name iphonesimulator26.1 -clang-target arm64-apple-ios26.1-simulator -in-process-plugin-server-path /Applications/Xcode.app/Contents/Developer/Toolchains/XcodeDefault.xctoolchain/usr/lib/swift/host/libSwiftInProcPluginServer.dylib -emit-module-doc-path /Users/darisadam/Library/Developer/Xcode/DerivedData/Madabank-hkohthnbjtgnoechirsoymtykttx/Build/Intermediates.noindex/Transactions.build/Debug-iphonesimulator/Transactions.build/Objects-normal/arm64/Transactions.swiftdoc -emit-module-source-info-path /Users/darisadam/Library/Developer/Xcode/DerivedData/Madabank-hkohthnbjtgnoechirsoymtykttx/Build/Intermediates.noindex/Transactions.build/Debug-iphonesimulator/Transactions.build/Objects-normal/arm64/Transactions.swiftsourceinfo -emit-objc-header-path /Users/darisadam/Library/Developer/Xcode/DerivedData/Madabank-hkohthnbjtgnoechirsoymtykttx/Build/Intermediates.noindex/Transactions.build/Debug-iphonesimulator/Transactions.build/Objects-normal/arm64/Transactions-Swift.h -serialize-diagnostics-path /Users/darisadam/Library/Developer/Xcode/DerivedData/Madabank-hkohthnbjtgnoechirsoymtykttx/Build/Intermediates.noindex/Transactions.build/Debug-iphonesimulator/Transactions.build/Objects-normal/arm64/Transactions-primary-emit-module.dia -emit-dependencies-path /Users/darisadam/Library/Developer/Xcode/DerivedData/Madabank-hkohthnbjtgnoechirsoymtykttx/Build/Intermediates.noindex/Transactions.build/Debug-iphonesimulator/Transactions.build/Objects-normal/arm64/Transactions-primary-emit-module.d -o /Users/darisadam/Library/Developer/Xcode/DerivedData/Madabank-hkohthnbjtgnoechirsoymtykttx/Build/Intermediates.noindex/Transactions.build/Debug-iphonesimulator/Transactions.build/Objects-normal/arm64/Transactions.swiftmodule -emit-abi-descriptor-path /Users/darisadam/Library/Developer/Xcode/DerivedData/Madabank-hkohthnbjtgnoechirsoymtykttx/Build/Intermediates.noindex/Transactions.build/Debug-iphonesimulator/Transactions.build/Objects-normal/arm64/Transactions.abi.json

EmitSwiftModule normal arm64 (in target 'Transactions' from project 'Transactions')
    cd /Users/darisadam/Documents/Projects/iOS\ Apps/madabank-ios/Madabank/Modules/Features/Transactions
    
/Users/darisadam/Documents/Projects/iOS Apps/madabank-ios/Madabank/Modules/Features/Transactions/Sources/Views/ManageFundsViewController.swift:12:30: error: cannot find 'MBLabel' in scope
    private let titleLabel = MBLabel(style: .header1, text: "")
                             ^~~~~~~
/Users/darisadam/Documents/Projects/iOS Apps/madabank-ios/Madabank/Modules/Features/Transactions/Sources/Views/ManageFundsViewController.swift:12:46: error: cannot infer contextual base in reference to member 'header1'
    private let titleLabel = MBLabel(style: .header1, text: "")
                                            ~^~~~~~~
/Users/darisadam/Documents/Projects/iOS Apps/madabank-ios/Madabank/Modules/Features/Transactions/Sources/Views/ManageFundsViewController.swift:13:32: error: cannot find 'MBLabel' in scope
    private let accountLabel = MBLabel(style: .body, text: "Account")
                               ^~~~~~~
/Users/darisadam/Documents/Projects/iOS Apps/madabank-ios/Madabank/Modules/Features/Transactions/Sources/Views/ManageFundsViewController.swift:13:48: error: cannot infer contextual base in reference to member 'body'
    private let accountLabel = MBLabel(style: .body, text: "Account")
                                              ~^~~~
/Users/darisadam/Documents/Projects/iOS Apps/madabank-ios/Madabank/Modules/Features/Transactions/Sources/Views/ManageFundsViewController.swift:17:31: error: cannot find 'MBLabel' in scope
    private let amountLabel = MBLabel(style: .body, text: "Amount")
                              ^~~~~~~
/Users/darisadam/Documents/Projects/iOS Apps/madabank-ios/Madabank/Modules/Features/Transactions/Sources/Views/ManageFundsViewController.swift:17:47: error: cannot infer contextual base in reference to member 'body'
    private let amountLabel = MBLabel(style: .body, text: "Amount")
                                             ~^~~~
/Users/darisadam/Documents/Projects/iOS Apps/madabank-ios/Madabank/Modules/Features/Transactions/Sources/Views/QRPaymentViewController.swift:12:30: error: cannot find 'MBLabel' in scope
    private let titleLabel = MBLabel(style: .header1, text: "Payment")
                             ^~~~~~~
/Users/darisadam/Documents/Projects/iOS Apps/madabank-ios/Madabank/Modules/Features/Transactions/Sources/Views/QRPaymentViewController.swift:12:46: error: cannot infer contextual base in reference to member 'header1'
    private let titleLabel = MBLabel(style: .header1, text: "Payment")
                                            ~^~~~~~~
/Users/darisadam/Documents/Projects/iOS Apps/madabank-ios/Madabank/Modules/Features/Transactions/Sources/Views/QRPaymentViewController.swift:13:34: error: cannot find 'MBLabel' in scope
    private let recipientLabel = MBLabel(style: .body, text: "")
                                 ^~~~~~~
/Users/darisadam/Documents/Projects/iOS Apps/madabank-ios/Madabank/Modules/Features/Transactions/Sources/Views/QRPaymentViewController.swift:13:50: error: cannot infer contextual base in reference to member 'body'
    private let recipientLabel = MBLabel(style: .body, text: "")
                                                ~^~~~
/Users/darisadam/Documents/Projects/iOS Apps/madabank-ios/Madabank/Modules/Features/Transactions/Sources/Views/QRPaymentViewController.swift:15:31: error: cannot find 'MBLabel' in scope
    private let amountLabel = MBLabel(style: .body, text: "Amount")
                              ^~~~~~~
/Users/darisadam/Documents/Projects/iOS Apps/madabank-ios/Madabank/Modules/Features/Transactions/Sources/Views/QRPaymentViewController.swift:15:47: error: cannot infer contextual base in reference to member 'body'
    private let amountLabel = MBLabel(style: .body, text: "Amount")
                                             ~^~~~
/Users/darisadam/Documents/Projects/iOS Apps/madabank-ios/Madabank/Modules/Features/Transactions/Sources/Views/TransferViewController.swift:12:30: error: cannot find 'MBLabel' in scope
    private let titleLabel = MBLabel(style: .header1, text: "Transfer Money")
                             ^~~~~~~
/Users/darisadam/Documents/Projects/iOS Apps/madabank-ios/Madabank/Modules/Features/Transactions/Sources/Views/TransferViewController.swift:12:46: error: cannot infer contextual base in reference to member 'header1'
    private let titleLabel = MBLabel(style: .header1, text: "Transfer Money")
                                            ~^~~~~~~
/Users/darisadam/Documents/Projects/iOS Apps/madabank-ios/Madabank/Modules/Features/Transactions/Sources/Views/TransferViewController.swift:14:29: error: cannot find 'MBLabel' in scope
    private let fromLabel = MBLabel(style: .body, text: "From Account")
                            ^~~~~~~
/Users/darisadam/Documents/Projects/iOS Apps/madabank-ios/Madabank/Modules/Features/Transactions/Sources/Views/TransferViewController.swift:14:45: error: cannot infer contextual base in reference to member 'body'
    private let fromLabel = MBLabel(style: .body, text: "From Account")
                                           ~^~~~
/Users/darisadam/Documents/Projects/iOS Apps/madabank-ios/Madabank/Modules/Features/Transactions/Sources/Views/TransferViewController.swift:18:27: error: cannot find 'MBLabel' in scope
    private let toLabel = MBLabel(style: .body, text: "To Account ID")
                          ^~~~~~~
/Users/darisadam/Documents/Projects/iOS Apps/madabank-ios/Madabank/Modules/Features/Transactions/Sources/Views/TransferViewController.swift:18:43: error: cannot infer contextual base in reference to member 'body'
    private let toLabel = MBLabel(style: .body, text: "To Account ID")
                                         ~^~~~
/Users/darisadam/Documents/Projects/iOS Apps/madabank-ios/Madabank/Modules/Features/Transactions/Sources/Views/TransferViewController.swift:21:31: error: cannot find 'MBLabel' in scope
    private let amountLabel = MBLabel(style: .body, text: "Amount")
                              ^~~~~~~
/Users/darisadam/Documents/Projects/iOS Apps/madabank-ios/Madabank/Modules/Features/Transactions/Sources/Views/TransferViewController.swift:21:47: error: cannot infer contextual base in reference to member 'body'
    private let amountLabel = MBLabel(style: .body, text: "Amount")
                                             ~^~~~
/Users/darisadam/Documents/Projects/iOS Apps/madabank-ios/Madabank/Modules/Features/Transactions/Sources/Views/TransferViewController.swift:24:29: error: cannot find 'MBLabel' in scope
    private let noteLabel = MBLabel(style: .body, text: "Note (Optional)")
                            ^~~~~~~
/Users/darisadam/Documents/Projects/iOS Apps/madabank-ios/Madabank/Modules/Features/Transactions/Sources/Views/TransferViewController.swift:24:45: error: cannot infer contextual base in reference to member 'body'
    private let noteLabel = MBLabel(style: .body, text: "Note (Optional)")
                                           ~^~~~

SwiftCompile normal arm64 Compiling\ TransferViewController.swift /Users/darisadam/Documents/Projects/iOS\ Apps/madabank-ios/Madabank/Modules/Features/Transactions/Sources/Views/TransferViewController.swift (in target 'Transactions' from project 'Transactions')
SwiftCompile normal arm64 /Users/darisadam/Documents/Projects/iOS\ Apps/madabank-ios/Madabank/Modules/Features/Transactions/Sources/Views/TransferViewController.swift (in target 'Transactions' from project 'Transactions')
    cd /Users/darisadam/Documents/Projects/iOS\ Apps/madabank-ios/Madabank/Modules/Features/Transactions
    

SwiftCompile normal arm64 Compiling\ TransactionsViewController.swift /Users/darisadam/Documents/Projects/iOS\ Apps/madabank-ios/Madabank/Modules/Features/Transactions/Sources/Views/TransactionsViewController.swift (in target 'Transactions' from project 'Transactions')

SwiftCompile normal arm64 /Users/darisadam/Documents/Projects/iOS\ Apps/madabank-ios/Madabank/Modules/Features/Transactions/Sources/Views/TransactionsViewController.swift (in target 'Transactions' from project 'Transactions')
    cd /Users/darisadam/Documents/Projects/iOS\ Apps/madabank-ios/Madabank/Modules/Features/Transactions
    

SwiftCompile normal arm64 Compiling\ ManageFundsViewModel.swift,\ QRPaymentViewModel.swift /Users/darisadam/Documents/Projects/iOS\ Apps/madabank-ios/Madabank/Modules/Features/Transactions/Sources/ViewModels/ManageFundsViewModel.swift /Users/darisadam/Documents/Projects/iOS\ Apps/madabank-ios/Madabank/Modules/Features/Transactions/Sources/ViewModels/QRPaymentViewModel.swift (in target 'Transactions' from project 'Transactions')

SwiftCompile normal arm64 /Users/darisadam/Documents/Projects/iOS\ Apps/madabank-ios/Madabank/Modules/Features/Transactions/Sources/ViewModels/ManageFundsViewModel.swift (in target 'Transactions' from project 'Transactions')
    cd /Users/darisadam/Documents/Projects/iOS\ Apps/madabank-ios/Madabank/Modules/Features/Transactions
    

SwiftCompile normal arm64 /Users/darisadam/Documents/Projects/iOS\ Apps/madabank-ios/Madabank/Modules/Features/Transactions/Sources/ViewModels/QRPaymentViewModel.swift (in target 'Transactions' from project 'Transactions')
    cd /Users/darisadam/Documents/Projects/iOS\ Apps/madabank-ios/Madabank/Modules/Features/Transactions
    

SwiftCompile normal arm64 Compiling\ TransferViewModel.swift,\ BeneficiariesListViewController.swift /Users/darisadam/Documents/Projects/iOS\ Apps/madabank-ios/Madabank/Modules/Features/Transactions/Sources/ViewModels/TransferViewModel.swift /Users/darisadam/Documents/Projects/iOS\ Apps/madabank-ios/Madabank/Modules/Features/Transactions/Sources/Views/BeneficiariesListViewController.swift (in target 'Transactions' from project 'Transactions')

** BUILD FAILED **


The following build commands failed:
	SwiftEmitModule normal arm64 Emitting\ module\ for\ Transactions (in target 'Transactions' from project 'Transactions')
	EmitSwiftModule normal arm64 (in target 'Transactions' from project 'Transactions')
	Building workspace Madabank with scheme Transactions
(3 failures)
