Command line invocation:
    /Applications/Xcode.app/Contents/Developer/usr/bin/xcodebuild build -workspace Madabank.xcworkspace -scheme Madabank -destination "platform=iOS Simulator,name=iPhone 17 Pro"

Build Preparation
Build task concurrency set to 8 via user default IDEBuildOperationMaxNumberOfConcurrentCompileTasks

ComputePackagePrebuildTargetDependencyGraph

Prepare packages

CreateBuildRequest

SendProjectDescription

CreateBuildOperation

ComputeTargetDependencyGraph
note: Building targets in dependency order
note: Target dependency graph (20 targets)
    Target 'Madabank' in project 'Madabank'
        ➜ Implicit dependency on target 'Accounts' in project 'Accounts' via file 'Accounts.framework' in build phase 'Link Binary'
        ➜ Implicit dependency on target 'Auth' in project 'Auth' via file 'Auth.framework' in build phase 'Link Binary'
        ➜ Implicit dependency on target 'Cards' in project 'Cards' via file 'Cards.framework' in build phase 'Link Binary'
        ➜ Implicit dependency on target 'Home' in project 'Home' via file 'Home.framework' in build phase 'Link Binary'
        ➜ Implicit dependency on target 'IQKeyboardManagerSwift' in project 'IQKeyboardManagerSwift' via file 'IQKeyboardManagerSwift.framework' in build phase 'Link Binary'
        ➜ Implicit dependency on target 'Profile' in project 'Profile' via file 'Profile.framework' in build phase 'Link Binary'
        ➜ Implicit dependency on target 'RxCocoa' in project 'RxSwift' via file 'RxCocoa.framework' in build phase 'Link Binary'
        ➜ Implicit dependency on target 'RxSwift' in project 'RxSwift' via file 'RxSwift.framework' in build phase 'Link Binary'
        ➜ Implicit dependency on target 'Transactions' in project 'Transactions' via file 'Transactions.framework' in build phase 'Link Binary'
        ➜ Implicit dependency on target 'netfox' in project 'netfox' via file 'netfox.framework' in build phase 'Link Binary'
        ➜ Implicit dependency on target 'Alamofire' in project 'Alamofire' via file 'Alamofire.framework' in build phase 'Copy Files'
        ➜ Implicit dependency on target 'CommonUI' in project 'CommonUI' via file 'CommonUI.framework' in build phase 'Copy Files'
        ➜ Implicit dependency on target 'Core' in project 'Core' via file 'Core.framework' in build phase 'Copy Files'
        ➜ Implicit dependency on target 'Data' in project 'Data' via file 'Data.framework' in build phase 'Copy Files'
        ➜ Implicit dependency on target 'Domain' in project 'Domain' via file 'Domain.framework' in build phase 'Copy Files'
        ➜ Implicit dependency on target 'Networking' in project 'Networking' via file 'Networking.framework' in build phase 'Copy Files'
        ➜ Implicit dependency on target 'RxCocoaRuntime' in project 'RxSwift' via file 'RxCocoaRuntime.framework' in build phase 'Copy Files'
        ➜ Implicit dependency on target 'RxRelay' in project 'RxSwift' via file 'RxRelay.framework' in build phase 'Copy Files'
        ➜ Implicit dependency on target 'SnapKit' in project 'SnapKit' via file 'SnapKit.framework' in build phase 'Copy Files'
    Target 'netfox' in project 'netfox' (no dependencies)
    Target 'Transactions' in project 'Transactions'
        ➜ Implicit dependency on target 'CommonUI' in project 'CommonUI' via file 'CommonUI.framework' in build phase 'Link Binary'
        ➜ Implicit dependency on target 'Data' in project 'Data' via file 'Data.framework' in build phase 'Link Binary'
        ➜ Implicit dependency on target 'Domain' in project 'Domain' via file 'Domain.framework' in build phase 'Link Binary'
        ➜ Implicit dependency on target 'RxCocoa' in project 'RxSwift' via file 'RxCocoa.framework' in build phase 'Link Binary'
        ➜ Implicit dependency on target 'RxSwift' in project 'RxSwift' via file 'RxSwift.framework' in build phase 'Link Binary'
    Target 'Profile' in project 'Profile'
        ➜ Implicit dependency on target 'CommonUI' in project 'CommonUI' via file 'CommonUI.framework' in build phase 'Link Binary'
        ➜ Implicit dependency on target 'Data' in project 'Data' via file 'Data.framework' in build phase 'Link Binary'
        ➜ Implicit dependency on target 'Domain' in project 'Domain' via file 'Domain.framework' in build phase 'Link Binary'
        ➜ Implicit dependency on target 'RxCocoa' in project 'RxSwift' via file 'RxCocoa.framework' in build phase 'Link Binary'
        ➜ Implicit dependency on target 'RxSwift' in project 'RxSwift' via file 'RxSwift.framework' in build phase 'Link Binary'
    Target 'IQKeyboardManagerSwift' in project 'IQKeyboardManagerSwift' (no dependencies)
    Target 'Home' in project 'Home'
        ➜ Implicit dependency on target 'CommonUI' in project 'CommonUI' via file 'CommonUI.framework' in build phase 'Link Binary'
        ➜ Implicit dependency on target 'Data' in project 'Data' via file 'Data.framework' in build phase 'Link Binary'
        ➜ Implicit dependency on target 'Domain' in project 'Domain' via file 'Domain.framework' in build phase 'Link Binary'
        ➜ Implicit dependency on target 'RxCocoa' in project 'RxSwift' via file 'RxCocoa.framework' in build phase 'Link Binary'
        ➜ Implicit dependency on target 'RxSwift' in project 'RxSwift' via file 'RxSwift.framework' in build phase 'Link Binary'
    Target 'Cards' in project 'Cards'
        ➜ Implicit dependency on target 'CommonUI' in project 'CommonUI' via file 'CommonUI.framework' in build phase 'Link Binary'
        ➜ Implicit dependency on target 'Data' in project 'Data' via file 'Data.framework' in build phase 'Link Binary'
        ➜ Implicit dependency on target 'Domain' in project 'Domain' via file 'Domain.framework' in build phase 'Link Binary'
        ➜ Implicit dependency on target 'RxCocoa' in project 'RxSwift' via file 'RxCocoa.framework' in build phase 'Link Binary'
        ➜ Implicit dependency on target 'RxSwift' in project 'RxSwift' via file 'RxSwift.framework' in build phase 'Link Binary'
    Target 'Auth' in project 'Auth'
        ➜ Implicit dependency on target 'CommonUI' in project 'CommonUI' via file 'CommonUI.framework' in build phase 'Link Binary'
        ➜ Implicit dependency on target 'Data' in project 'Data' via file 'Data.framework' in build phase 'Link Binary'
        ➜ Implicit dependency on target 'Domain' in project 'Domain' via file 'Domain.framework' in build phase 'Link Binary'
        ➜ Implicit dependency on target 'RxCocoa' in project 'RxSwift' via file 'RxCocoa.framework' in build phase 'Link Binary'
        ➜ Implicit dependency on target 'RxSwift' in project 'RxSwift' via file 'RxSwift.framework' in build phase 'Link Binary'
    Target 'Accounts' in project 'Accounts'
        ➜ Implicit dependency on target 'CommonUI' in project 'CommonUI' via file 'CommonUI.framework' in build phase 'Link Binary'
        ➜ Implicit dependency on target 'Data' in project 'Data' via file 'Data.framework' in build phase 'Link Binary'
        ➜ Implicit dependency on target 'Domain' in project 'Domain' via file 'Domain.framework' in build phase 'Link Binary'
        ➜ Implicit dependency on target 'RxCocoa' in project 'RxSwift' via file 'RxCocoa.framework' in build phase 'Link Binary'
        ➜ Implicit dependency on target 'RxSwift' in project 'RxSwift' via file 'RxSwift.framework' in build phase 'Link Binary'
    Target 'Data' in project 'Data'
        ➜ Implicit dependency on target 'Domain' in project 'Domain' via file 'Domain.framework' in build phase 'Link Binary'
        ➜ Implicit dependency on target 'Networking' in project 'Networking' via file 'Networking.framework' in build phase 'Link Binary'
        ➜ Implicit dependency on target 'RxSwift' in project 'RxSwift' via file 'RxSwift.framework' in build phase 'Link Binary'
    Target 'Domain' in project 'Domain'
        ➜ Implicit dependency on target 'Core' in project 'Core' via file 'Core.framework' in build phase 'Link Binary'
        ➜ Implicit dependency on target 'Networking' in project 'Networking' via file 'Networking.framework' in build phase 'Link Binary'
        ➜ Implicit dependency on target 'RxSwift' in project 'RxSwift' via file 'RxSwift.framework' in build phase 'Link Binary'
    Target 'Networking' in project 'Networking'
        ➜ Implicit dependency on target 'Alamofire' in project 'Alamofire' via file 'Alamofire.framework' in build phase 'Link Binary'
        ➜ Implicit dependency on target 'Core' in project 'Core' via file 'Core.framework' in build phase 'Link Binary'
    Target 'Alamofire' in project 'Alamofire' (no dependencies)
    Target 'CommonUI' in project 'CommonUI'
        ➜ Implicit dependency on target 'Core' in project 'Core' via file 'Core.framework' in build phase 'Link Binary'
        ➜ Implicit dependency on target 'RxCocoa' in project 'RxSwift' via file 'RxCocoa.framework' in build phase 'Link Binary'
        ➜ Implicit dependency on target 'RxSwift' in project 'RxSwift' via file 'RxSwift.framework' in build phase 'Link Binary'
        ➜ Implicit dependency on target 'SnapKit' in project 'SnapKit' via file 'SnapKit.framework' in build phase 'Link Binary'
    Target 'SnapKit' in project 'SnapKit' (no dependencies)
    Target 'RxCocoa' in project 'RxSwift'
        ➜ Explicit dependency on target 'RxCocoaRuntime' in project 'RxSwift'
        ➜ Explicit dependency on target 'RxRelay' in project 'RxSwift'
        ➜ Explicit dependency on target 'RxSwift' in project 'RxSwift'
    Target 'RxRelay' in project 'RxSwift'
        ➜ Explicit dependency on target 'RxSwift' in project 'RxSwift'
    Target 'RxCocoaRuntime' in project 'RxSwift'
        ➜ Explicit dependency on target 'RxSwift' in project 'RxSwift'
    Target 'RxSwift' in project 'RxSwift' (no dependencies)
    Target 'Core' in project 'Core' (no dependencies)

GatherProvisioningInputs

CreateBuildDescription

ClangStatCache /Applications/Xcode.app/Contents/Developer/Toolchains/XcodeDefault.xctoolchain/usr/bin/clang-stat-cache /Applications/Xcode.app/Contents/Developer/Platforms/iPhoneSimulator.platform/Developer/SDKs/iPhoneSimulator26.1.sdk /Users/darisadam/Library/Developer/Xcode/DerivedData/SDKStatCaches.noindex/iphonesimulator26.1-23B77-3885c01c3e6b6a337905948deab2002e90cf18a4295e390e64c810bc6bd7acbc.sdkstatcache
    cd /Users/darisadam/Documents/Projects/iOS\ Apps/madabank-ios/Madabank
    /Applications/Xcode.app/Contents/Developer/Toolchains/XcodeDefault.xctoolchain/usr/bin/clang-stat-cache /Applications/Xcode.app/Contents/Developer/Platforms/iPhoneSimulator.platform/Developer/SDKs/iPhoneSimulator26.1.sdk -o /Users/darisadam/Library/Developer/Xcode/DerivedData/SDKStatCaches.noindex/iphonesimulator26.1-23B77-3885c01c3e6b6a337905948deab2002e90cf18a4295e390e64c810bc6bd7acbc.sdkstatcache

SwiftDriver Profile normal arm64 com.apple.xcode.tools.swift.compiler (in target 'Profile' from project 'Profile')
    cd /Users/darisadam/Documents/Projects/iOS\ Apps/madabank-ios/Madabank/Modules/Features/Profile
    builtin-SwiftDriver -- /Applications/Xcode.app/Contents/Developer/Toolchains/XcodeDefault.xctoolchain/usr/bin/swiftc -module-name Profile -Onone -enforce-exclusivity\=checked @/Users/darisadam/Library/Developer/Xcode/DerivedData/Madabank-hkohthnbjtgnoechirsoymtykttx/Build/Intermediates.noindex/Profile.build/Debug-iphonesimulator/Profile.build/Objects-normal/arm64/Profile.SwiftFileList -DDEBUG -Xcc -fmodule-map-file\=/Users/darisadam/Documents/Projects/iOS\ Apps/madabank-ios/Madabank/Modules/Features/Profile/../../../Tuist/.build/tuist-derived/RxCocoaRuntime/RxCocoaRuntime.modulemap -enable-bare-slash-regex -enable-experimental-feature DebugDescriptionMacro -sdk /Applications/Xcode.app/Contents/Developer/Platforms/iPhoneSimulator.platform/Developer/SDKs/iPhoneSimulator26.1.sdk -target arm64-apple-ios15.0-simulator -g -module-cache-path /Users/darisadam/Library/Developer/Xcode/DerivedData/ModuleCache.noindex -Xfrontend -serialize-debugging-options -enable-testing -index-store-path /Users/darisadam/Library/Developer/Xcode/DerivedData/Madabank-hkohthnbjtgnoechirsoymtykttx/Index.noindex/DataStore -Xcc -D_LIBCPP_HARDENING_MODE\=_LIBCPP_HARDENING_MODE_DEBUG -swift-version 5 -I /Users/darisadam/Library/Developer/Xcode/DerivedData/Madabank-hkohthnbjtgnoechirsoymtykttx/Build/Products/Debug-iphonesimulator -F /Users/darisadam/Library/Developer/Xcode/DerivedData/Madabank-hkohthnbjtgnoechirsoymtykttx/Build/Products/Debug-iphonesimulator -c -j8 -enable-batch-mode -incremental -Xcc -ivfsstatcache -Xcc /Users/darisadam/Library/Developer/Xcode/DerivedData/SDKStatCaches.noindex/iphonesimulator26.1-23B77-3885c01c3e6b6a337905948deab2002e90cf18a4295e390e64c810bc6bd7acbc.sdkstatcache -output-file-map /Users/darisadam/Library/Developer/Xcode/DerivedData/Madabank-hkohthnbjtgnoechirsoymtykttx/Build/Intermediates.noindex/Profile.build/Debug-iphonesimulator/Profile.build/Objects-normal/arm64/Profile-OutputFileMap.json -use-frontend-parseable-output -save-temps -no-color-diagnostics -explicit-module-build -module-cache-path /Users/darisadam/Library/Developer/Xcode/DerivedData/Madabank-hkohthnbjtgnoechirsoymtykttx/Build/Intermediates.noindex/SwiftExplicitPrecompiledModules -clang-scanner-module-cache-path /Users/darisadam/Library/Developer/Xcode/DerivedData/ModuleCache.noindex -sdk-module-cache-path /Users/darisadam/Library/Developer/Xcode/DerivedData/ModuleCache.noindex -serialize-diagnostics -emit-dependencies -emit-module -emit-module-path /Users/darisadam/Library/Developer/Xcode/DerivedData/Madabank-hkohthnbjtgnoechirsoymtykttx/Build/Intermediates.noindex/Profile.build/Debug-iphonesimulator/Profile.build/Objects-normal/arm64/Profile.swiftmodule -validate-clang-modules-once -clang-build-session-file /Users/darisadam/Library/Developer/Xcode/DerivedData/ModuleCache.noindex/Session.modulevalidation -Xcc -I/Users/darisadam/Library/Developer/Xcode/DerivedData/Madabank-hkohthnbjtgnoechirsoymtykttx/Build/Intermediates.noindex/Profile.build/Debug-iphonesimulator/Profile.build/swift-overrides.hmap -emit-const-values -Xfrontend -const-gather-protocols-file -Xfrontend /Users/darisadam/Library/Developer/Xcode/DerivedData/Madabank-hkohthnbjtgnoechirsoymtykttx/Build/Intermediates.noindex/Profile.build/Debug-iphonesimulator/Profile.build/Objects-normal/arm64/Profile_const_extract_protocols.json -Xcc -iquote -Xcc /Users/darisadam/Library/Developer/Xcode/DerivedData/Madabank-hkohthnbjtgnoechirsoymtykttx/Build/Intermediates.noindex/Profile.build/Debug-iphonesimulator/Profile.build/Profile-generated-files.hmap -Xcc -I/Users/darisadam/Library/Developer/Xcode/DerivedData/Madabank-hkohthnbjtgnoechirsoymtykttx/Build/Intermediates.noindex/Profile.build/Debug-iphonesimulator/Profile.build/Profile-own-target-headers.hmap -Xcc -I/Users/darisadam/Library/Developer/Xcode/DerivedData/Madabank-hkohthnbjtgnoechirsoymtykttx/Build/Intermediates.noindex/Profile.build/Debug-iphonesimulator/Profile.build/Profile-all-non-framework-target-headers.hmap -Xcc -ivfsoverlay -Xcc /Users/darisadam/Library/Developer/Xcode/DerivedData/Madabank-hkohthnbjtgnoechirsoymtykttx/Build/Intermediates.noindex/Profile.build/Debug-iphonesimulator/Profile-2467ca3073161e8f17e14bc6987dea85-VFS-iphonesimulator/all-product-headers.yaml -Xcc -iquote -Xcc /Users/darisadam/Library/Developer/Xcode/DerivedData/Madabank-hkohthnbjtgnoechirsoymtykttx/Build/Intermediates.noindex/Profile.build/Debug-iphonesimulator/Profile.build/Profile-project-headers.hmap -Xcc -I/Users/darisadam/Library/Developer/Xcode/DerivedData/Madabank-hkohthnbjtgnoechirsoymtykttx/Build/Products/Debug-iphonesimulator/include -Xcc -I/Users/darisadam/Documents/Projects/iOS\ Apps/madabank-ios/Madabank/Tuist/.build/checkouts/RxSwift/Sources/RxCocoaRuntime/include -Xcc -I/Users/darisadam/Library/Developer/Xcode/DerivedData/Madabank-hkohthnbjtgnoechirsoymtykttx/Build/Intermediates.noindex/Profile.build/Debug-iphonesimulator/Profile.build/DerivedSources-normal/arm64 -Xcc -I/Users/darisadam/Library/Developer/Xcode/DerivedData/Madabank-hkohthnbjtgnoechirsoymtykttx/Build/Intermediates.noindex/Profile.build/Debug-iphonesimulator/Profile.build/DerivedSources/arm64 -Xcc -I/Users/darisadam/Library/Developer/Xcode/DerivedData/Madabank-hkohthnbjtgnoechirsoymtykttx/Build/Intermediates.noindex/Profile.build/Debug-iphonesimulator/Profile.build/DerivedSources -Xcc -DDEBUG\=1 -emit-objc-header -emit-objc-header-path /Users/darisadam/Library/Developer/Xcode/DerivedData/Madabank-hkohthnbjtgnoechirsoymtykttx/Build/Intermediates.noindex/Profile.build/Debug-iphonesimulator/Profile.build/Objects-normal/arm64/Profile-Swift.h -working-directory /Users/darisadam/Documents/Projects/iOS\ Apps/madabank-ios/Madabank/Modules/Features/Profile -experimental-emit-module-separately -disable-cmo

SwiftEmitModule normal arm64 Emitting\ module\ for\ Profile (in target 'Profile' from project 'Profile')

EmitSwiftModule normal arm64 (in target 'Profile' from project 'Profile')
    cd /Users/darisadam/Documents/Projects/iOS\ Apps/madabank-ios/Madabank/Modules/Features/Profile
    

SwiftCompile normal arm64 Compiling\ Profile.swift /Users/darisadam/Documents/Projects/iOS\ Apps/madabank-ios/Madabank/Modules/Features/Profile/Sources/Profile.swift (in target 'Profile' from project 'Profile')
SwiftCompile normal arm64 /Users/darisadam/Documents/Projects/iOS\ Apps/madabank-ios/Madabank/Modules/Features/Profile/Sources/Profile.swift (in target 'Profile' from project 'Profile')
    cd /Users/darisadam/Documents/Projects/iOS\ Apps/madabank-ios/Madabank/Modules/Features/Profile
    

SwiftDriverJobDiscovery normal arm64 Emitting module for Profile (in target 'Profile' from project 'Profile')

SwiftDriver\ Compilation\ Requirements Profile normal arm64 com.apple.xcode.tools.swift.compiler (in target 'Profile' from project 'Profile')
    cd /Users/darisadam/Documents/Projects/iOS\ Apps/madabank-ios/Madabank/Modules/Features/Profile
    builtin-Swift-Compilation-Requirements -- /Applications/Xcode.app/Contents/Developer/Toolchains/XcodeDefault.xctoolchain/usr/bin/swiftc -module-name Profile -Onone -enforce-exclusivity\=checked @/Users/darisadam/Library/Developer/Xcode/DerivedData/Madabank-hkohthnbjtgnoechirsoymtykttx/Build/Intermediates.noindex/Profile.build/Debug-iphonesimulator/Profile.build/Objects-normal/arm64/Profile.SwiftFileList -DDEBUG -Xcc -fmodule-map-file\=/Users/darisadam/Documents/Projects/iOS\ Apps/madabank-ios/Madabank/Modules/Features/Profile/../../../Tuist/.build/tuist-derived/RxCocoaRuntime/RxCocoaRuntime.modulemap -enable-bare-slash-regex -enable-experimental-feature DebugDescriptionMacro -sdk /Applications/Xcode.app/Contents/Developer/Platforms/iPhoneSimulator.platform/Developer/SDKs/iPhoneSimulator26.1.sdk -target arm64-apple-ios15.0-simulator -g -module-cache-path /Users/darisadam/Library/Developer/Xcode/DerivedData/ModuleCache.noindex -Xfrontend -serialize-debugging-options -enable-testing -index-store-path /Users/darisadam/Library/Developer/Xcode/DerivedData/Madabank-hkohthnbjtgnoechirsoymtykttx/Index.noindex/DataStore -Xcc -D_LIBCPP_HARDENING_MODE\=_LIBCPP_HARDENING_MODE_DEBUG -swift-version 5 -I /Users/darisadam/Library/Developer/Xcode/DerivedData/Madabank-hkohthnbjtgnoechirsoymtykttx/Build/Products/Debug-iphonesimulator -F /Users/darisadam/Library/Developer/Xcode/DerivedData/Madabank-hkohthnbjtgnoechirsoymtykttx/Build/Products/Debug-iphonesimulator -c -j8 -enable-batch-mode -incremental -Xcc -ivfsstatcache -Xcc /Users/darisadam/Library/Developer/Xcode/DerivedData/SDKStatCaches.noindex/iphonesimulator26.1-23B77-3885c01c3e6b6a337905948deab2002e90cf18a4295e390e64c810bc6bd7acbc.sdkstatcache -output-file-map /Users/darisadam/Library/Developer/Xcode/DerivedData/Madabank-hkohthnbjtgnoechirsoymtykttx/Build/Intermediates.noindex/Profile.build/Debug-iphonesimulator/Profile.build/Objects-normal/arm64/Profile-OutputFileMap.json -use-frontend-parseable-output -save-temps -no-color-diagnostics -explicit-module-build -module-cache-path /Users/darisadam/Library/Developer/Xcode/DerivedData/Madabank-hkohthnbjtgnoechirsoymtykttx/Build/Intermediates.noindex/SwiftExplicitPrecompiledModules -clang-scanner-module-cache-path /Users/darisadam/Library/Developer/Xcode/DerivedData/ModuleCache.noindex -sdk-module-cache-path /Users/darisadam/Library/Developer/Xcode/DerivedData/ModuleCache.noindex -serialize-diagnostics -emit-dependencies -emit-module -emit-module-path /Users/darisadam/Library/Developer/Xcode/DerivedData/Madabank-hkohthnbjtgnoechirsoymtykttx/Build/Intermediates.noindex/Profile.build/Debug-iphonesimulator/Profile.build/Objects-normal/arm64/Profile.swiftmodule -validate-clang-modules-once -clang-build-session-file /Users/darisadam/Library/Developer/Xcode/DerivedData/ModuleCache.noindex/Session.modulevalidation -Xcc -I/Users/darisadam/Library/Developer/Xcode/DerivedData/Madabank-hkohthnbjtgnoechirsoymtykttx/Build/Intermediates.noindex/Profile.build/Debug-iphonesimulator/Profile.build/swift-overrides.hmap -emit-const-values -Xfrontend -const-gather-protocols-file -Xfrontend /Users/darisadam/Library/Developer/Xcode/DerivedData/Madabank-hkohthnbjtgnoechirsoymtykttx/Build/Intermediates.noindex/Profile.build/Debug-iphonesimulator/Profile.build/Objects-normal/arm64/Profile_const_extract_protocols.json -Xcc -iquote -Xcc /Users/darisadam/Library/Developer/Xcode/DerivedData/Madabank-hkohthnbjtgnoechirsoymtykttx/Build/Intermediates.noindex/Profile.build/Debug-iphonesimulator/Profile.build/Profile-generated-files.hmap -Xcc -I/Users/darisadam/Library/Developer/Xcode/DerivedData/Madabank-hkohthnbjtgnoechirsoymtykttx/Build/Intermediates.noindex/Profile.build/Debug-iphonesimulator/Profile.build/Profile-own-target-headers.hmap -Xcc -I/Users/darisadam/Library/Developer/Xcode/DerivedData/Madabank-hkohthnbjtgnoechirsoymtykttx/Build/Intermediates.noindex/Profile.build/Debug-iphonesimulator/Profile.build/Profile-all-non-framework-target-headers.hmap -Xcc -ivfsoverlay -Xcc /Users/darisadam/Library/Developer/Xcode/DerivedData/Madabank-hkohthnbjtgnoechirsoymtykttx/Build/Intermediates.noindex/Profile.build/Debug-iphonesimulator/Profile-2467ca3073161e8f17e14bc6987dea85-VFS-iphonesimulator/all-product-headers.yaml -Xcc -iquote -Xcc /Users/darisadam/Library/Developer/Xcode/DerivedData/Madabank-hkohthnbjtgnoechirsoymtykttx/Build/Intermediates.noindex/Profile.build/Debug-iphonesimulator/Profile.build/Profile-project-headers.hmap -Xcc -I/Users/darisadam/Library/Developer/Xcode/DerivedData/Madabank-hkohthnbjtgnoechirsoymtykttx/Build/Products/Debug-iphonesimulator/include -Xcc -I/Users/darisadam/Documents/Projects/iOS\ Apps/madabank-ios/Madabank/Tuist/.build/checkouts/RxSwift/Sources/RxCocoaRuntime/include -Xcc -I/Users/darisadam/Library/Developer/Xcode/DerivedData/Madabank-hkohthnbjtgnoechirsoymtykttx/Build/Intermediates.noindex/Profile.build/Debug-iphonesimulator/Profile.build/DerivedSources-normal/arm64 -Xcc -I/Users/darisadam/Library/Developer/Xcode/DerivedData/Madabank-hkohthnbjtgnoechirsoymtykttx/Build/Intermediates.noindex/Profile.build/Debug-iphonesimulator/Profile.build/DerivedSources/arm64 -Xcc -I/Users/darisadam/Library/Developer/Xcode/DerivedData/Madabank-hkohthnbjtgnoechirsoymtykttx/Build/Intermediates.noindex/Profile.build/Debug-iphonesimulator/Profile.build/DerivedSources -Xcc -DDEBUG\=1 -emit-objc-header -emit-objc-header-path /Users/darisadam/Library/Developer/Xcode/DerivedData/Madabank-hkohthnbjtgnoechirsoymtykttx/Build/Intermediates.noindex/Profile.build/Debug-iphonesimulator/Profile.build/Objects-normal/arm64/Profile-Swift.h -working-directory /Users/darisadam/Documents/Projects/iOS\ Apps/madabank-ios/Madabank/Modules/Features/Profile -experimental-emit-module-separately -disable-cmo

Copy /Users/darisadam/Library/Developer/Xcode/DerivedData/Madabank-hkohthnbjtgnoechirsoymtykttx/Build/Products/Debug-iphonesimulator/Profile.framework/Modules/Profile.swiftmodule/arm64-apple-ios-simulator.swiftmodule /Users/darisadam/Library/Developer/Xcode/DerivedData/Madabank-hkohthnbjtgnoechirsoymtykttx/Build/Intermediates.noindex/Profile.build/Debug-iphonesimulator/Profile.build/Objects-normal/arm64/Profile.swiftmodule (in target 'Profile' from project 'Profile')
    cd /Users/darisadam/Documents/Projects/iOS\ Apps/madabank-ios/Madabank/Modules/Features/Profile
    builtin-copy -exclude .DS_Store -exclude CVS -exclude .svn -exclude .git -exclude .hg -resolve-src-symlinks -rename /Users/darisadam/Library/Developer/Xcode/DerivedData/Madabank-hkohthnbjtgnoechirsoymtykttx/Build/Intermediates.noindex/Profile.build/Debug-iphonesimulator/Profile.build/Objects-normal/arm64/Profile.swiftmodule /Users/darisadam/Library/Developer/Xcode/DerivedData/Madabank-hkohthnbjtgnoechirsoymtykttx/Build/Products/Debug-iphonesimulator/Profile.framework/Modules/Profile.swiftmodule/arm64-apple-ios-simulator.swiftmodule

Copy /Users/darisadam/Library/Developer/Xcode/DerivedData/Madabank-hkohthnbjtgnoechirsoymtykttx/Build/Products/Debug-iphonesimulator/Profile.framework/Modules/Profile.swiftmodule/Project/arm64-apple-ios-simulator.swiftsourceinfo /Users/darisadam/Library/Developer/Xcode/DerivedData/Madabank-hkohthnbjtgnoechirsoymtykttx/Build/Intermediates.noindex/Profile.build/Debug-iphonesimulator/Profile.build/Objects-normal/arm64/Profile.swiftsourceinfo (in target 'Profile' from project 'Profile')
    cd /Users/darisadam/Documents/Projects/iOS\ Apps/madabank-ios/Madabank/Modules/Features/Profile
    builtin-copy -exclude .DS_Store -exclude CVS -exclude .svn -exclude .git -exclude .hg -resolve-src-symlinks -rename /Users/darisadam/Library/Developer/Xcode/DerivedData/Madabank-hkohthnbjtgnoechirsoymtykttx/Build/Intermediates.noindex/Profile.build/Debug-iphonesimulator/Profile.build/Objects-normal/arm64/Profile.swiftsourceinfo /Users/darisadam/Library/Developer/Xcode/DerivedData/Madabank-hkohthnbjtgnoechirsoymtykttx/Build/Products/Debug-iphonesimulator/Profile.framework/Modules/Profile.swiftmodule/Project/arm64-apple-ios-simulator.swiftsourceinfo

Copy /Users/darisadam/Library/Developer/Xcode/DerivedData/Madabank-hkohthnbjtgnoechirsoymtykttx/Build/Products/Debug-iphonesimulator/Profile.framework/Modules/Profile.swiftmodule/arm64-apple-ios-simulator.abi.json /Users/darisadam/Library/Developer/Xcode/DerivedData/Madabank-hkohthnbjtgnoechirsoymtykttx/Build/Intermediates.noindex/Profile.build/Debug-iphonesimulator/Profile.build/Objects-normal/arm64/Profile.abi.json (in target 'Profile' from project 'Profile')
    cd /Users/darisadam/Documents/Projects/iOS\ Apps/madabank-ios/Madabank/Modules/Features/Profile
    builtin-copy -exclude .DS_Store -exclude CVS -exclude .svn -exclude .git -exclude .hg -resolve-src-symlinks -rename /Users/darisadam/Library/Developer/Xcode/DerivedData/Madabank-hkohthnbjtgnoechirsoymtykttx/Build/Intermediates.noindex/Profile.build/Debug-iphonesimulator/Profile.build/Objects-normal/arm64/Profile.abi.json /Users/darisadam/Library/Developer/Xcode/DerivedData/Madabank-hkohthnbjtgnoechirsoymtykttx/Build/Products/Debug-iphonesimulator/Profile.framework/Modules/Profile.swiftmodule/arm64-apple-ios-simulator.abi.json

SwiftDriverJobDiscovery normal arm64 Compiling Profile.swift (in target 'Profile' from project 'Profile')

SwiftCompile normal arm64 Compiling\ ProfileViewModel.swift /Users/darisadam/Documents/Projects/iOS\ Apps/madabank-ios/Madabank/Modules/Features/Profile/Sources/ViewModels/ProfileViewModel.swift (in target 'Profile' from project 'Profile')

SwiftCompile normal arm64 /Users/darisadam/Documents/Projects/iOS\ Apps/madabank-ios/Madabank/Modules/Features/Profile/Sources/ViewModels/ProfileViewModel.swift (in target 'Profile' from project 'Profile')
    cd /Users/darisadam/Documents/Projects/iOS\ Apps/madabank-ios/Madabank/Modules/Features/Profile
    
/Users/darisadam/Documents/Projects/iOS Apps/madabank-ios/Madabank/Modules/Features/Profile/Sources/ViewModels/ProfileViewModel.swift:26:32: warning: backward matching of the unlabeled trailing closure is deprecated; label the argument with 'onDisposed' to suppress this warning
        logoutTapped.subscribe { [weak self] in self?.logout() }.disposed(by: disposeBag)
                               ^
                              (onDisposed:                      )
RxSwift.ObservableType.subscribe:2:13: note: 'subscribe(onNext:onError:onCompleted:onDisposed:)' declared here
public func subscribe(onNext: ((Self.Element) -> Void)? = nil, onError: ((any Error) -> Void)? = nil, onCompleted: (() -> Void)? = nil, onDisposed: (() -> Void)? = nil) -> any RxSwift.Disposable}
            ^

SwiftCompile normal arm64 Compiling\ ProfileViewController.swift /Users/darisadam/Documents/Projects/iOS\ Apps/madabank-ios/Madabank/Modules/Features/Profile/Sources/Views/ProfileViewController.swift (in target 'Profile' from project 'Profile')
SwiftCompile normal arm64 /Users/darisadam/Documents/Projects/iOS\ Apps/madabank-ios/Madabank/Modules/Features/Profile/Sources/Views/ProfileViewController.swift (in target 'Profile' from project 'Profile')
    cd /Users/darisadam/Documents/Projects/iOS\ Apps/madabank-ios/Madabank/Modules/Features/Profile
    
/Users/darisadam/Documents/Projects/iOS Apps/madabank-ios/Madabank/Modules/Features/Profile/Sources/Views/ProfileViewController.swift:40:39: warning: backward matching of the unlabeled trailing closure is deprecated; label the argument with 'onDisposed' to suppress this warning
        settingsItem.rx.tap.subscribe { [weak self] in self?.viewModel.didTapSettings() }.disposed(by: disposeBag)
                                      ^
                                     (onDisposed:                                        )
RxSwift.ObservableType.subscribe:2:13: note: 'subscribe(onNext:onError:onCompleted:onDisposed:)' declared here
public func subscribe(onNext: ((Self.Element) -> Void)? = nil, onError: ((any Error) -> Void)? = nil, onCompleted: (() -> Void)? = nil, onDisposed: (() -> Void)? = nil) -> any RxSwift.Disposable}
            ^

SwiftDriverJobDiscovery normal arm64 Compiling ProfileViewModel.swift (in target 'Profile' from project 'Profile')

SwiftDriverJobDiscovery normal arm64 Compiling ProfileViewController.swift (in target 'Profile' from project 'Profile')

SwiftDriver\ Compilation Profile normal arm64 com.apple.xcode.tools.swift.compiler (in target 'Profile' from project 'Profile')
    cd /Users/darisadam/Documents/Projects/iOS\ Apps/madabank-ios/Madabank/Modules/Features/Profile
    builtin-Swift-Compilation -- /Applications/Xcode.app/Contents/Developer/Toolchains/XcodeDefault.xctoolchain/usr/bin/swiftc -module-name Profile -Onone -enforce-exclusivity\=checked @/Users/darisadam/Library/Developer/Xcode/DerivedData/Madabank-hkohthnbjtgnoechirsoymtykttx/Build/Intermediates.noindex/Profile.build/Debug-iphonesimulator/Profile.build/Objects-normal/arm64/Profile.SwiftFileList -DDEBUG -Xcc -fmodule-map-file\=/Users/darisadam/Documents/Projects/iOS\ Apps/madabank-ios/Madabank/Modules/Features/Profile/../../../Tuist/.build/tuist-derived/RxCocoaRuntime/RxCocoaRuntime.modulemap -enable-bare-slash-regex -enable-experimental-feature DebugDescriptionMacro -sdk /Applications/Xcode.app/Contents/Developer/Platforms/iPhoneSimulator.platform/Developer/SDKs/iPhoneSimulator26.1.sdk -target arm64-apple-ios15.0-simulator -g -module-cache-path /Users/darisadam/Library/Developer/Xcode/DerivedData/ModuleCache.noindex -Xfrontend -serialize-debugging-options -enable-testing -index-store-path /Users/darisadam/Library/Developer/Xcode/DerivedData/Madabank-hkohthnbjtgnoechirsoymtykttx/Index.noindex/DataStore -Xcc -D_LIBCPP_HARDENING_MODE\=_LIBCPP_HARDENING_MODE_DEBUG -swift-version 5 -I /Users/darisadam/Library/Developer/Xcode/DerivedData/Madabank-hkohthnbjtgnoechirsoymtykttx/Build/Products/Debug-iphonesimulator -F /Users/darisadam/Library/Developer/Xcode/DerivedData/Madabank-hkohthnbjtgnoechirsoymtykttx/Build/Products/Debug-iphonesimulator -c -j8 -enable-batch-mode -incremental -Xcc -ivfsstatcache -Xcc /Users/darisadam/Library/Developer/Xcode/DerivedData/SDKStatCaches.noindex/iphonesimulator26.1-23B77-3885c01c3e6b6a337905948deab2002e90cf18a4295e390e64c810bc6bd7acbc.sdkstatcache -output-file-map /Users/darisadam/Library/Developer/Xcode/DerivedData/Madabank-hkohthnbjtgnoechirsoymtykttx/Build/Intermediates.noindex/Profile.build/Debug-iphonesimulator/Profile.build/Objects-normal/arm64/Profile-OutputFileMap.json -use-frontend-parseable-output -save-temps -no-color-diagnostics -explicit-module-build -module-cache-path /Users/darisadam/Library/Developer/Xcode/DerivedData/Madabank-hkohthnbjtgnoechirsoymtykttx/Build/Intermediates.noindex/SwiftExplicitPrecompiledModules -clang-scanner-module-cache-path /Users/darisadam/Library/Developer/Xcode/DerivedData/ModuleCache.noindex -sdk-module-cache-path /Users/darisadam/Library/Developer/Xcode/DerivedData/ModuleCache.noindex -serialize-diagnostics -emit-dependencies -emit-module -emit-module-path /Users/darisadam/Library/Developer/Xcode/DerivedData/Madabank-hkohthnbjtgnoechirsoymtykttx/Build/Intermediates.noindex/Profile.build/Debug-iphonesimulator/Profile.build/Objects-normal/arm64/Profile.swiftmodule -validate-clang-modules-once -clang-build-session-file /Users/darisadam/Library/Developer/Xcode/DerivedData/ModuleCache.noindex/Session.modulevalidation -Xcc -I/Users/darisadam/Library/Developer/Xcode/DerivedData/Madabank-hkohthnbjtgnoechirsoymtykttx/Build/Intermediates.noindex/Profile.build/Debug-iphonesimulator/Profile.build/swift-overrides.hmap -emit-const-values -Xfrontend -const-gather-protocols-file -Xfrontend /Users/darisadam/Library/Developer/Xcode/DerivedData/Madabank-hkohthnbjtgnoechirsoymtykttx/Build/Intermediates.noindex/Profile.build/Debug-iphonesimulator/Profile.build/Objects-normal/arm64/Profile_const_extract_protocols.json -Xcc -iquote -Xcc /Users/darisadam/Library/Developer/Xcode/DerivedData/Madabank-hkohthnbjtgnoechirsoymtykttx/Build/Intermediates.noindex/Profile.build/Debug-iphonesimulator/Profile.build/Profile-generated-files.hmap -Xcc -I/Users/darisadam/Library/Developer/Xcode/DerivedData/Madabank-hkohthnbjtgnoechirsoymtykttx/Build/Intermediates.noindex/Profile.build/Debug-iphonesimulator/Profile.build/Profile-own-target-headers.hmap -Xcc -I/Users/darisadam/Library/Developer/Xcode/DerivedData/Madabank-hkohthnbjtgnoechirsoymtykttx/Build/Intermediates.noindex/Profile.build/Debug-iphonesimulator/Profile.build/Profile-all-non-framework-target-headers.hmap -Xcc -ivfsoverlay -Xcc /Users/darisadam/Library/Developer/Xcode/DerivedData/Madabank-hkohthnbjtgnoechirsoymtykttx/Build/Intermediates.noindex/Profile.build/Debug-iphonesimulator/Profile-2467ca3073161e8f17e14bc6987dea85-VFS-iphonesimulator/all-product-headers.yaml -Xcc -iquote -Xcc /Users/darisadam/Library/Developer/Xcode/DerivedData/Madabank-hkohthnbjtgnoechirsoymtykttx/Build/Intermediates.noindex/Profile.build/Debug-iphonesimulator/Profile.build/Profile-project-headers.hmap -Xcc -I/Users/darisadam/Library/Developer/Xcode/DerivedData/Madabank-hkohthnbjtgnoechirsoymtykttx/Build/Products/Debug-iphonesimulator/include -Xcc -I/Users/darisadam/Documents/Projects/iOS\ Apps/madabank-ios/Madabank/Tuist/.build/checkouts/RxSwift/Sources/RxCocoaRuntime/include -Xcc -I/Users/darisadam/Library/Developer/Xcode/DerivedData/Madabank-hkohthnbjtgnoechirsoymtykttx/Build/Intermediates.noindex/Profile.build/Debug-iphonesimulator/Profile.build/DerivedSources-normal/arm64 -Xcc -I/Users/darisadam/Library/Developer/Xcode/DerivedData/Madabank-hkohthnbjtgnoechirsoymtykttx/Build/Intermediates.noindex/Profile.build/Debug-iphonesimulator/Profile.build/DerivedSources/arm64 -Xcc -I/Users/darisadam/Library/Developer/Xcode/DerivedData/Madabank-hkohthnbjtgnoechirsoymtykttx/Build/Intermediates.noindex/Profile.build/Debug-iphonesimulator/Profile.build/DerivedSources -Xcc -DDEBUG\=1 -emit-objc-header -emit-objc-header-path /Users/darisadam/Library/Developer/Xcode/DerivedData/Madabank-hkohthnbjtgnoechirsoymtykttx/Build/Intermediates.noindex/Profile.build/Debug-iphonesimulator/Profile.build/Objects-normal/arm64/Profile-Swift.h -working-directory /Users/darisadam/Documents/Projects/iOS\ Apps/madabank-ios/Madabank/Modules/Features/Profile -experimental-emit-module-separately -disable-cmo

Ld /Users/darisadam/Library/Developer/Xcode/DerivedData/Madabank-hkohthnbjtgnoechirsoymtykttx/Build/Products/Debug-iphonesimulator/Profile.framework/Profile normal (in target 'Profile' from project 'Profile')
    cd /Users/darisadam/Documents/Projects/iOS\ Apps/madabank-ios/Madabank/Modules/Features/Profile
    /Applications/Xcode.app/Contents/Developer/Toolchains/XcodeDefault.xctoolchain/usr/bin/clang -Xlinker -reproducible -target arm64-apple-ios15.0-simulator -dynamiclib -isysroot /Applications/Xcode.app/Contents/Developer/Platforms/iPhoneSimulator.platform/Developer/SDKs/iPhoneSimulator26.1.sdk -O0 -L/Users/darisadam/Library/Developer/Xcode/DerivedData/Madabank-hkohthnbjtgnoechirsoymtykttx/Build/Intermediates.noindex/EagerLinkingTBDs/Debug-iphonesimulator -L/Users/darisadam/Library/Developer/Xcode/DerivedData/Madabank-hkohthnbjtgnoechirsoymtykttx/Build/Products/Debug-iphonesimulator -F/Users/darisadam/Library/Developer/Xcode/DerivedData/Madabank-hkohthnbjtgnoechirsoymtykttx/Build/Intermediates.noindex/EagerLinkingTBDs/Debug-iphonesimulator -F/Users/darisadam/Library/Developer/Xcode/DerivedData/Madabank-hkohthnbjtgnoechirsoymtykttx/Build/Products/Debug-iphonesimulator -filelist /Users/darisadam/Library/Developer/Xcode/DerivedData/Madabank-hkohthnbjtgnoechirsoymtykttx/Build/Intermediates.noindex/Profile.build/Debug-iphonesimulator/Profile.build/Objects-normal/arm64/Profile.LinkFileList -install_name @rpath/Profile.framework/Profile -Xlinker -rpath -Xlinker /usr/lib/swift -Xlinker -rpath -Xlinker @executable_path/Frameworks -Xlinker -rpath -Xlinker @loader_path/Frameworks -dead_strip -Xlinker -object_path_lto -Xlinker /Users/darisadam/Library/Developer/Xcode/DerivedData/Madabank-hkohthnbjtgnoechirsoymtykttx/Build/Intermediates.noindex/Profile.build/Debug-iphonesimulator/Profile.build/Objects-normal/arm64/Profile_lto.o -rdynamic -Xlinker -no_deduplicate -Xlinker -objc_abi_version -Xlinker 2 -Xlinker -dependency_info -Xlinker /Users/darisadam/Library/Developer/Xcode/DerivedData/Madabank-hkohthnbjtgnoechirsoymtykttx/Build/Intermediates.noindex/Profile.build/Debug-iphonesimulator/Profile.build/Objects-normal/arm64/Profile_dependency_info.dat -fobjc-link-runtime -L/Applications/Xcode.app/Contents/Developer/Toolchains/XcodeDefault.xctoolchain/usr/lib/swift/iphonesimulator -L/usr/lib/swift -Xlinker -add_ast_path -Xlinker /Users/darisadam/Library/Developer/Xcode/DerivedData/Madabank-hkohthnbjtgnoechirsoymtykttx/Build/Intermediates.noindex/Profile.build/Debug-iphonesimulator/Profile.build/Objects-normal/arm64/Profile.swiftmodule @/Users/darisadam/Library/Developer/Xcode/DerivedData/Madabank-hkohthnbjtgnoechirsoymtykttx/Build/Intermediates.noindex/Profile.build/Debug-iphonesimulator/Profile.build/Objects-normal/arm64/Profile-linker-args.resp -framework CommonUI -framework Data -framework Domain -framework RxCocoa -framework RxSwift -Xlinker -no_adhoc_codesign -compatibility_version 1 -current_version 1 -o /Users/darisadam/Library/Developer/Xcode/DerivedData/Madabank-hkohthnbjtgnoechirsoymtykttx/Build/Products/Debug-iphonesimulator/Profile.framework/Profile

ExtractAppIntentsMetadata (in target 'Profile' from project 'Profile')
    cd /Users/darisadam/Documents/Projects/iOS\ Apps/madabank-ios/Madabank/Modules/Features/Profile
    /Applications/Xcode.app/Contents/Developer/Toolchains/XcodeDefault.xctoolchain/usr/bin/appintentsmetadataprocessor --toolchain-dir /var/run/com.apple.security.cryptexd/mnt/com.apple.MobileAsset.MetalToolchain-v17.2.54.0.wH8bUi/Metal.xctoolchain --module-name Profile --sdk-root /Applications/Xcode.app/Contents/Developer/Platforms/iPhoneSimulator.platform/Developer/SDKs/iPhoneSimulator26.1.sdk --xcode-version 17B100 --platform-family iOS --deployment-target 15.0 --bundle-identifier online.darisadam.profile --output /Users/darisadam/Library/Developer/Xcode/DerivedData/Madabank-hkohthnbjtgnoechirsoymtykttx/Build/Products/Debug-iphonesimulator/Profile.framework --target-triple arm64-apple-ios15.0-simulator --binary-file /Users/darisadam/Library/Developer/Xcode/DerivedData/Madabank-hkohthnbjtgnoechirsoymtykttx/Build/Products/Debug-iphonesimulator/Profile.framework/Profile --dependency-file /Users/darisadam/Library/Developer/Xcode/DerivedData/Madabank-hkohthnbjtgnoechirsoymtykttx/Build/Intermediates.noindex/Profile.build/Debug-iphonesimulator/Profile.build/Objects-normal/arm64/Profile_dependency_info.dat --stringsdata-file /Users/darisadam/Library/Developer/Xcode/DerivedData/Madabank-hkohthnbjtgnoechirsoymtykttx/Build/Intermediates.noindex/Profile.build/Debug-iphonesimulator/Profile.build/Objects-normal/arm64/ExtractedAppShortcutsMetadata.stringsdata --source-file-list /Users/darisadam/Library/Developer/Xcode/DerivedData/Madabank-hkohthnbjtgnoechirsoymtykttx/Build/Intermediates.noindex/Profile.build/Debug-iphonesimulator/Profile.build/Objects-normal/arm64/Profile.SwiftFileList --metadata-file-list /Users/darisadam/Library/Developer/Xcode/DerivedData/Madabank-hkohthnbjtgnoechirsoymtykttx/Build/Intermediates.noindex/Profile.build/Debug-iphonesimulator/Profile.build/Profile.DependencyMetadataFileList --static-metadata-file-list /Users/darisadam/Library/Developer/Xcode/DerivedData/Madabank-hkohthnbjtgnoechirsoymtykttx/Build/Intermediates.noindex/Profile.build/Debug-iphonesimulator/Profile.build/Profile.DependencyStaticMetadataFileList --swift-const-vals-list /Users/darisadam/Library/Developer/Xcode/DerivedData/Madabank-hkohthnbjtgnoechirsoymtykttx/Build/Intermediates.noindex/Profile.build/Debug-iphonesimulator/Profile.build/Objects-normal/arm64/Profile.SwiftConstValuesFileList --compile-time-extraction --deployment-aware-processing --validate-assistant-intents --no-app-shortcuts-localization
2026-02-04 20:13:53.251 appintentsmetadataprocessor[17472:2569828] Starting appintentsmetadataprocessor export
2026-02-04 20:13:53.252 appintentsmetadataprocessor[17472:2569828] warning: Metadata extraction skipped. No AppIntents.framework dependency found.

GenerateTAPI /Users/darisadam/Library/Developer/Xcode/DerivedData/Madabank-hkohthnbjtgnoechirsoymtykttx/Build/Intermediates.noindex/EagerLinkingTBDs/Debug-iphonesimulator/Profile.framework/Profile.tbd (in target 'Profile' from project 'Profile')
    cd /Users/darisadam/Documents/Projects/iOS\ Apps/madabank-ios/Madabank/Modules/Features/Profile
    /Applications/Xcode.app/Contents/Developer/Toolchains/XcodeDefault.xctoolchain/usr/bin/tapi stubify -isysroot /Applications/Xcode.app/Contents/Developer/Platforms/iPhoneSimulator.platform/Developer/SDKs/iPhoneSimulator26.1.sdk -F/Users/darisadam/Library/Developer/Xcode/DerivedData/Madabank-hkohthnbjtgnoechirsoymtykttx/Build/Products/Debug-iphonesimulator -L/Users/darisadam/Library/Developer/Xcode/DerivedData/Madabank-hkohthnbjtgnoechirsoymtykttx/Build/Products/Debug-iphonesimulator /Users/darisadam/Library/Developer/Xcode/DerivedData/Madabank-hkohthnbjtgnoechirsoymtykttx/Build/Products/Debug-iphonesimulator/Profile.framework/Profile -o /Users/darisadam/Library/Developer/Xcode/DerivedData/Madabank-hkohthnbjtgnoechirsoymtykttx/Build/Intermediates.noindex/EagerLinkingTBDs/Debug-iphonesimulator/Profile.framework/Profile.tbd

CodeSign /Users/darisadam/Library/Developer/Xcode/DerivedData/Madabank-hkohthnbjtgnoechirsoymtykttx/Build/Products/Debug-iphonesimulator/Profile.framework (in target 'Profile' from project 'Profile')
    cd /Users/darisadam/Documents/Projects/iOS\ Apps/madabank-ios/Madabank/Modules/Features/Profile
    
    Signing Identity:     "Sign to Run Locally"
    
    /usr/bin/codesign --force --sign - --timestamp\=none --generate-entitlement-der /Users/darisadam/Library/Developer/Xcode/DerivedData/Madabank-hkohthnbjtgnoechirsoymtykttx/Build/Products/Debug-iphonesimulator/Profile.framework

note: Run script build phase 'SwiftLint' will be run during every build because the option to run the script phase "Based on dependency analysis" is unchecked. (in target 'Madabank' from project 'Madabank')
PhaseScriptExecution SwiftLint /Users/darisadam/Library/Developer/Xcode/DerivedData/Madabank-hkohthnbjtgnoechirsoymtykttx/Build/Intermediates.noindex/Madabank.build/Debug-iphonesimulator/Madabank.build/Script-03A767AAD39A0BBFC87CBFF0.sh (in target 'Madabank' from project 'Madabank')
    cd /Users/darisadam/Documents/Projects/iOS\ Apps/madabank-ios/Madabank
    export ACTION\=build
    export AD_HOC_CODE_SIGNING_ALLOWED\=YES
    export AGGREGATE_TRACKED_DOMAINS\=YES
    export ALLOW_BUILD_REQUEST_OVERRIDES\=NO
    export ALLOW_TARGET_PLATFORM_SPECIALIZATION\=NO
    export ALTERNATE_GROUP\=staff
    export ALTERNATE_MODE\=u+w,go-w,a+rX
    export ALTERNATE_OWNER\=darisadam
    export ALTERNATIVE_DISTRIBUTION_WEB\=NO
    export ALWAYS_EMBED_SWIFT_STANDARD_LIBRARIES\=NO
    export ALWAYS_SEARCH_USER_PATHS\=NO
    export ALWAYS_USE_SEPARATE_HEADERMAPS\=NO
    export APPLICATION_EXTENSION_API_ONLY\=NO
    export APPLY_RULES_IN_COPY_FILES\=NO
    export APPLY_RULES_IN_COPY_HEADERS\=NO
    export APP_SHORTCUTS_ENABLE_FLEXIBLE_MATCHING\=YES
    export ARCHS\=arm64
    export ARCHS_STANDARD\=arm64\ x86_64
    export ARCHS_STANDARD_32_64_BIT\=arm64\ x86_64
    export ARCHS_STANDARD_64_BIT\=arm64\ x86_64
    export ARCHS_STANDARD_INCLUDING_64_BIT\=arm64\ x86_64
    export ARCHS_UNIVERSAL_IPHONE_OS\=arm64\ x86_64
    export ASSETCATALOG_COMPILER_APPICON_NAME\=AppIcon
    export ASSETCATALOG_COMPILER_GLOBAL_ACCENT_COLOR_NAME\=AccentColor
    export ASSETCATALOG_FILTER_FOR_DEVICE_MODEL\=iPhone18,1
    export ASSETCATALOG_FILTER_FOR_DEVICE_OS_VERSION\=26.1
    export ASSETCATALOG_FILTER_FOR_THINNING_DEVICE_CONFIGURATION\=iPhone18,1
    export AUTOMATICALLY_MERGE_DEPENDENCIES\=NO
    export AUTOMATION_APPLE_EVENTS\=NO
    export AVAILABLE_PLATFORMS\=android\ appletvos\ appletvsimulator\ driverkit\ iphoneos\ iphonesimulator\ macosx\ qnx\ watchos\ watchsimulator\ webassembly\ xros\ xrsimulator
    export AppIdentifierPrefix\=Q99UJS4WY6.
    export BUILD_ACTIVE_RESOURCES_ONLY\=YES
    export BUILD_COMPONENTS\=headers\ build
    export BUILD_DIR\=/Users/darisadam/Library/Developer/Xcode/DerivedData/Madabank-hkohthnbjtgnoechirsoymtykttx/Build/Products
    export BUILD_LIBRARY_FOR_DISTRIBUTION\=NO
    export BUILD_ROOT\=/Users/darisadam/Library/Developer/Xcode/DerivedData/Madabank-hkohthnbjtgnoechirsoymtykttx/Build/Products
    export BUILD_STYLE\=
    export BUILD_VARIANTS\=normal
    export BUILT_PRODUCTS_DIR\=/Users/darisadam/Library/Developer/Xcode/DerivedData/Madabank-hkohthnbjtgnoechirsoymtykttx/Build/Products/Debug-iphonesimulator
    export BUNDLE_CONTENTS_FOLDER_PATH_deep\=Contents/
    export BUNDLE_EXECUTABLE_FOLDER_NAME_deep\=MacOS
    export BUNDLE_EXTENSIONS_FOLDER_PATH\=Extensions
    export BUNDLE_FORMAT\=shallow
    export BUNDLE_FRAMEWORKS_FOLDER_PATH\=Frameworks
    export BUNDLE_PLUGINS_FOLDER_PATH\=PlugIns
    export BUNDLE_PRIVATE_HEADERS_FOLDER_PATH\=PrivateHeaders
    export BUNDLE_PUBLIC_HEADERS_FOLDER_PATH\=Headers
    export CACHE_ROOT\=/var/folders/g5/6jzt1wwn41s5zrgzg247r0jr0000gn/C/com.apple.DeveloperTools/26.1.1-17B100/Xcode
    export CCHROOT\=/var/folders/g5/6jzt1wwn41s5zrgzg247r0jr0000gn/C/com.apple.DeveloperTools/26.1.1-17B100/Xcode
    export CHMOD\=/bin/chmod
    export CHOWN\=/usr/sbin/chown
    export CLANG_ANALYZER_LOCALIZABILITY_NONLOCALIZED\=YES
    export CLANG_ANALYZER_NONNULL\=YES
    export CLANG_ANALYZER_NUMBER_OBJECT_CONVERSION\=YES_AGGRESSIVE
    export CLANG_CACHE_FINE_GRAINED_OUTPUTS\=YES
    export CLANG_CXX_LANGUAGE_STANDARD\=gnu++14
    export CLANG_CXX_LIBRARY\=libc++
    export CLANG_ENABLE_EXPLICIT_MODULES\=YES
    export CLANG_ENABLE_MODULES\=YES
    export CLANG_ENABLE_OBJC_ARC\=YES
    export CLANG_ENABLE_OBJC_WEAK\=YES
    export CLANG_MODULES_BUILD_SESSION_FILE\=/Users/darisadam/Library/Developer/Xcode/DerivedData/ModuleCache.noindex/Session.modulevalidation
    export CLANG_WARN_BLOCK_CAPTURE_AUTORELEASING\=YES
    export CLANG_WARN_BOOL_CONVERSION\=YES
    export CLANG_WARN_COMMA\=YES
    export CLANG_WARN_CONSTANT_CONVERSION\=YES
    export CLANG_WARN_DEPRECATED_OBJC_IMPLEMENTATIONS\=YES
    export CLANG_WARN_DIRECT_OBJC_ISA_USAGE\=YES_ERROR
    export CLANG_WARN_DOCUMENTATION_COMMENTS\=YES
    export CLANG_WARN_EMPTY_BODY\=YES
    export CLANG_WARN_ENUM_CONVERSION\=YES
    export CLANG_WARN_INFINITE_RECURSION\=YES
    export CLANG_WARN_INT_CONVERSION\=YES
    export CLANG_WARN_NON_LITERAL_NULL_CONVERSION\=YES
    export CLANG_WARN_OBJC_IMPLICIT_RETAIN_SELF\=YES
    export CLANG_WARN_OBJC_LITERAL_CONVERSION\=YES
    export CLANG_WARN_OBJC_ROOT_CLASS\=YES_ERROR
    export CLANG_WARN_QUOTED_INCLUDE_IN_FRAMEWORK_HEADER\=YES
    export CLANG_WARN_RANGE_LOOP_ANALYSIS\=YES
    export CLANG_WARN_STRICT_PROTOTYPES\=YES
    export CLANG_WARN_SUSPICIOUS_MOVE\=YES
    export CLANG_WARN_UNGUARDED_AVAILABILITY\=YES_AGGRESSIVE
    export CLANG_WARN_UNREACHABLE_CODE\=YES
    export CLANG_WARN__DUPLICATE_METHOD_MATCH\=YES
    export CLASS_FILE_DIR\=/Users/darisadam/Library/Developer/Xcode/DerivedData/Madabank-hkohthnbjtgnoechirsoymtykttx/Build/Intermediates.noindex/Madabank.build/Debug-iphonesimulator/Madabank.build/JavaClasses
    export CLEAN_PRECOMPS\=YES
    export CLONE_HEADERS\=NO
    export CODESIGNING_FOLDER_PATH\=/Users/darisadam/Library/Developer/Xcode/DerivedData/Madabank-hkohthnbjtgnoechirsoymtykttx/Build/Products/Debug-iphonesimulator/Madabank.app
    export CODE_SIGNING_ALLOWED\=YES
    export CODE_SIGNING_REQUIRED\=YES
    export CODE_SIGN_CONTEXT_CLASS\=XCiPhoneSimulatorCodeSignContext
    export CODE_SIGN_IDENTITY\=iPhone\ Developer
    export CODE_SIGN_INJECT_BASE_ENTITLEMENTS\=YES
    export COLOR_DIAGNOSTICS\=NO
    export COMBINE_HIDPI_IMAGES\=NO
    export COMPILATION_CACHE_CAS_PATH\=/Users/darisadam/Library/Developer/Xcode/DerivedData/CompilationCache.noindex
    export COMPILATION_CACHE_KEEP_CAS_DIRECTORY\=YES
    export COMPILER_INDEX_STORE_ENABLE\=Default
    export COMPOSITE_SDK_DIRS\=/Users/darisadam/Library/Developer/Xcode/DerivedData/Madabank-hkohthnbjtgnoechirsoymtykttx/Build/Intermediates.noindex/CompositeSDKs
    export COMPRESS_PNG_FILES\=YES
    export CONFIGURATION\=Debug
    export CONFIGURATION_BUILD_DIR\=/Users/darisadam/Library/Developer/Xcode/DerivedData/Madabank-hkohthnbjtgnoechirsoymtykttx/Build/Products/Debug-iphonesimulator
    export CONFIGURATION_TEMP_DIR\=/Users/darisadam/Library/Developer/Xcode/DerivedData/Madabank-hkohthnbjtgnoechirsoymtykttx/Build/Intermediates.noindex/Madabank.build/Debug-iphonesimulator
    export CONTENTS_FOLDER_PATH\=Madabank.app
    export CONTENTS_FOLDER_PATH_SHALLOW_BUNDLE_NO\=Madabank.app/Contents
    export CONTENTS_FOLDER_PATH_SHALLOW_BUNDLE_YES\=Madabank.app
    export COPYING_PRESERVES_HFS_DATA\=NO
    export COPY_HEADERS_RUN_UNIFDEF\=NO
    export COPY_PHASE_STRIP\=NO
    export CORRESPONDING_DEVICE_PLATFORM_DIR\=/Applications/Xcode.app/Contents/Developer/Platforms/iPhoneOS.platform
    export CORRESPONDING_DEVICE_PLATFORM_NAME\=iphoneos
    export CORRESPONDING_DEVICE_SDK_DIR\=/Applications/Xcode.app/Contents/Developer/Platforms/iPhoneOS.platform/Developer/SDKs/iPhoneOS26.1.sdk
    export CORRESPONDING_DEVICE_SDK_NAME\=iphoneos26.1
    export CP\=/bin/cp
    export CREATE_INFOPLIST_SECTION_IN_BINARY\=NO
    export CURRENT_ARCH\=undefined_arch
    export CURRENT_VARIANT\=normal
    export DEAD_CODE_STRIPPING\=YES
    export DEBUGGING_SYMBOLS\=YES
    export DEBUG_INFORMATION_FORMAT\=dwarf
    export DEBUG_INFORMATION_VERSION\=compiler-default
    export DEFAULT_COMPILER\=com.apple.compilers.llvm.clang.1_0
    export DEFAULT_DEXT_INSTALL_PATH\=/System/Library/DriverExtensions
    export DEFAULT_KEXT_INSTALL_PATH\=/System/Library/Extensions
    export DEFINES_MODULE\=NO
    export DEPLOYMENT_LOCATION\=NO
    export DEPLOYMENT_POSTPROCESSING\=NO
    export DEPLOYMENT_TARGET_SETTING_NAME\=IPHONEOS_DEPLOYMENT_TARGET
    export DEPLOYMENT_TARGET_SUGGESTED_VALUES\=12.0\ 12.1\ 12.2\ 12.3\ 12.4\ 13.0\ 13.1\ 13.2\ 13.3\ 13.4\ 13.5\ 13.6\ 14.0\ 14.1\ 14.2\ 14.3\ 14.4\ 14.5\ 14.6\ 14.7\ 15.0\ 15.1\ 15.2\ 15.3\ 15.4\ 15.5\ 15.6\ 16.0\ 16.1\ 16.2\ 16.3\ 16.4\ 16.5\ 16.6\ 17.0\ 17.1\ 17.2\ 17.3\ 17.4\ 17.5\ 17.6\ 18.0\ 18.1\ 18.2\ 18.3\ 18.4\ 18.5\ 18.6\ 26.0\ 26.1
    export DERIVED_FILES_DIR\=/Users/darisadam/Library/Developer/Xcode/DerivedData/Madabank-hkohthnbjtgnoechirsoymtykttx/Build/Intermediates.noindex/Madabank.build/Debug-iphonesimulator/Madabank.build/DerivedSources
    export DERIVED_FILE_DIR\=/Users/darisadam/Library/Developer/Xcode/DerivedData/Madabank-hkohthnbjtgnoechirsoymtykttx/Build/Intermediates.noindex/Madabank.build/Debug-iphonesimulator/Madabank.build/DerivedSources
    export DERIVED_SOURCES_DIR\=/Users/darisadam/Library/Developer/Xcode/DerivedData/Madabank-hkohthnbjtgnoechirsoymtykttx/Build/Intermediates.noindex/Madabank.build/Debug-iphonesimulator/Madabank.build/DerivedSources
    export DEVELOPER_APPLICATIONS_DIR\=/Applications/Xcode.app/Contents/Developer/Applications
    export DEVELOPER_BIN_DIR\=/Applications/Xcode.app/Contents/Developer/usr/bin
    export DEVELOPER_DIR\=/Applications/Xcode.app/Contents/Developer
    export DEVELOPER_FRAMEWORKS_DIR\=/Applications/Xcode.app/Contents/Developer/Library/Frameworks
    export DEVELOPER_FRAMEWORKS_DIR_QUOTED\=/Applications/Xcode.app/Contents/Developer/Library/Frameworks
    export DEVELOPER_LIBRARY_DIR\=/Applications/Xcode.app/Contents/Developer/Library
    export DEVELOPER_SDK_DIR\=/Applications/Xcode.app/Contents/Developer/Platforms/MacOSX.platform/Developer/SDKs
    export DEVELOPER_TOOLS_DIR\=/Applications/Xcode.app/Contents/Developer/Tools
    export DEVELOPER_USR_DIR\=/Applications/Xcode.app/Contents/Developer/usr
    export DEVELOPMENT_LANGUAGE\=en
    export DIAGNOSE_MISSING_TARGET_DEPENDENCIES\=YES
    export DIFF\=/usr/bin/diff
    export DOCUMENTATION_FOLDER_PATH\=Madabank.app/en.lproj/Documentation
    export DONT_GENERATE_INFOPLIST_FILE\=NO
    export DSTROOT\=/tmp/Madabank.dst
    export DT_TOOLCHAIN_DIR\=/Applications/Xcode.app/Contents/Developer/Toolchains/XcodeDefault.xctoolchain
    export DWARF_DSYM_FILE_NAME\=Madabank.app.dSYM
    export DWARF_DSYM_FILE_SHOULD_ACCOMPANY_PRODUCT\=NO
    export DWARF_DSYM_FOLDER_PATH\=/Users/darisadam/Library/Developer/Xcode/DerivedData/Madabank-hkohthnbjtgnoechirsoymtykttx/Build/Products/Debug-iphonesimulator
    export DYNAMIC_LIBRARY_EXTENSION\=dylib
    export EAGER_COMPILATION_ALLOW_SCRIPTS\=NO
    export EAGER_LINKING\=NO
    export EFFECTIVE_PLATFORM_NAME\=-iphonesimulator
    export EMBEDDED_CONTENT_CONTAINS_SWIFT\=NO
    export EMBED_ASSET_PACKS_IN_PRODUCT_BUNDLE\=NO
    export ENABLE_APP_SANDBOX\=NO
    export ENABLE_CODE_COVERAGE\=YES
    export ENABLE_CPLUSPLUS_BOUNDS_SAFE_BUFFERS\=NO
    export ENABLE_C_BOUNDS_SAFETY\=NO
    export ENABLE_DEBUG_DYLIB\=YES
    export ENABLE_DEFAULT_HEADER_SEARCH_PATHS\=YES
    export ENABLE_DEFAULT_SEARCH_PATHS\=YES
    export ENABLE_ENHANCED_SECURITY\=NO
    export ENABLE_HARDENED_RUNTIME\=NO
    export ENABLE_HEADER_DEPENDENCIES\=YES
    export ENABLE_INCOMING_NETWORK_CONNECTIONS\=NO
    export ENABLE_ON_DEMAND_RESOURCES\=YES
    export ENABLE_OUTGOING_NETWORK_CONNECTIONS\=NO
    export ENABLE_POINTER_AUTHENTICATION\=NO
    export ENABLE_PREVIEWS\=NO
    export ENABLE_RESOURCE_ACCESS_AUDIO_INPUT\=NO
    export ENABLE_RESOURCE_ACCESS_BLUETOOTH\=NO
    export ENABLE_RESOURCE_ACCESS_CALENDARS\=NO
    export ENABLE_RESOURCE_ACCESS_CAMERA\=NO
    export ENABLE_RESOURCE_ACCESS_CONTACTS\=NO
    export ENABLE_RESOURCE_ACCESS_LOCATION\=NO
    export ENABLE_RESOURCE_ACCESS_PHOTO_LIBRARY\=NO
    export ENABLE_RESOURCE_ACCESS_PRINTING\=NO
    export ENABLE_RESOURCE_ACCESS_USB\=NO
    export ENABLE_SDK_IMPORTS\=NO
    export ENABLE_SECURITY_COMPILER_WARNINGS\=NO
    export ENABLE_STRICT_OBJC_MSGSEND\=YES
    export ENABLE_TESTABILITY\=YES
    export ENABLE_TESTING_SEARCH_PATHS\=NO
    export ENABLE_USER_SCRIPT_SANDBOXING\=NO
    export ENABLE_XOJIT_PREVIEWS\=YES
    export ENFORCE_VALID_ARCHS\=YES
    export ENTITLEMENTS_ALLOWED\=NO
    export ENTITLEMENTS_DESTINATION\=__entitlements
    export ENTITLEMENTS_REQUIRED\=NO
    export EXCLUDED_INSTALLSRC_SUBDIRECTORY_PATTERNS\=.DS_Store\ .svn\ .git\ .hg\ CVS
    export EXCLUDED_RECURSIVE_SEARCH_PATH_SUBDIRECTORIES\=\*.nib\ \*.lproj\ \*.framework\ \*.gch\ \*.xcode\*\ \*.xcassets\ \*.icon\ \(\*\)\ .DS_Store\ CVS\ .svn\ .git\ .hg\ \*.pbproj\ \*.pbxproj
    export EXECUTABLES_FOLDER_PATH\=Madabank.app/Executables
    export EXECUTABLE_BLANK_INJECTION_DYLIB_PATH\=Madabank.app/__preview.dylib
    export EXECUTABLE_DEBUG_DYLIB_INSTALL_NAME\=@rpath/Madabank.debug.dylib
    export EXECUTABLE_DEBUG_DYLIB_PATH\=Madabank.app/Madabank.debug.dylib
    export EXECUTABLE_FOLDER_PATH\=Madabank.app
    export EXECUTABLE_FOLDER_PATH_SHALLOW_BUNDLE_NO\=Madabank.app/MacOS
    export EXECUTABLE_FOLDER_PATH_SHALLOW_BUNDLE_YES\=Madabank.app
    export EXECUTABLE_NAME\=Madabank
    export EXECUTABLE_PATH\=Madabank.app/Madabank
    export EXPANDED_CODE_SIGN_IDENTITY\=-
    export EXPANDED_CODE_SIGN_IDENTITY_NAME\=Sign\ to\ Run\ Locally
    export EXTENSIONS_FOLDER_PATH\=Madabank.app/Extensions
    export FILE_LIST\=/Users/darisadam/Library/Developer/Xcode/DerivedData/Madabank-hkohthnbjtgnoechirsoymtykttx/Build/Intermediates.noindex/Madabank.build/Debug-iphonesimulator/Madabank.build/Objects/LinkFileList
    export FIXED_FILES_DIR\=/Users/darisadam/Library/Developer/Xcode/DerivedData/Madabank-hkohthnbjtgnoechirsoymtykttx/Build/Intermediates.noindex/Madabank.build/Debug-iphonesimulator/Madabank.build/FixedFiles
    export FRAMEWORKS_FOLDER_PATH\=Madabank.app/Frameworks
    export FRAMEWORK_FLAG_PREFIX\=-framework
    export FRAMEWORK_SEARCH_PATHS\=/Users/darisadam/Library/Developer/Xcode/DerivedData/Madabank-hkohthnbjtgnoechirsoymtykttx/Build/Products/Debug-iphonesimulator\ 
    export FRAMEWORK_VERSION\=A
    export FULL_PRODUCT_NAME\=Madabank.app
    export FUSE_BUILD_PHASES\=YES
    export FUSE_BUILD_SCRIPT_PHASES\=NO
    export GCC3_VERSION\=3.3
    export GCC_C_LANGUAGE_STANDARD\=gnu11
    export GCC_DYNAMIC_NO_PIC\=NO
    export GCC_INLINES_ARE_PRIVATE_EXTERN\=YES
    export GCC_NO_COMMON_BLOCKS\=YES
    export GCC_OBJC_LEGACY_DISPATCH\=YES
    export GCC_OPTIMIZATION_LEVEL\=0
    export GCC_PFE_FILE_C_DIALECTS\=c\ objective-c\ c++\ objective-c++
    export GCC_PREPROCESSOR_DEFINITIONS\=DEBUG\=1\ 
    export GCC_SYMBOLS_PRIVATE_EXTERN\=NO
    export GCC_TREAT_WARNINGS_AS_ERRORS\=NO
    export GCC_VERSION\=com.apple.compilers.llvm.clang.1_0
    export GCC_VERSION_IDENTIFIER\=com_apple_compilers_llvm_clang_1_0
    export GCC_WARN_64_TO_32_BIT_CONVERSION\=YES
    export GCC_WARN_ABOUT_RETURN_TYPE\=YES_ERROR
    export GCC_WARN_UNDECLARED_SELECTOR\=YES
    export GCC_WARN_UNINITIALIZED_AUTOS\=YES_AGGRESSIVE
    export GCC_WARN_UNUSED_FUNCTION\=YES
    export GCC_WARN_UNUSED_VARIABLE\=YES
    export GENERATED_MODULEMAP_DIR\=/Users/darisadam/Library/Developer/Xcode/DerivedData/Madabank-hkohthnbjtgnoechirsoymtykttx/Build/Intermediates.noindex/GeneratedModuleMaps-iphonesimulator
    export GENERATE_INFOPLIST_FILE\=NO
    export GENERATE_INTERMEDIATE_TEXT_BASED_STUBS\=YES
    export GENERATE_PKGINFO_FILE\=YES
    export GENERATE_PRELINK_OBJECT_FILE\=NO
    export GENERATE_PROFILING_CODE\=NO
    export GENERATE_TEXT_BASED_STUBS\=NO
    export GID\=20
    export GROUP\=staff
    export HEADERMAP_INCLUDES_FLAT_ENTRIES_FOR_TARGET_BEING_BUILT\=YES
    export HEADERMAP_INCLUDES_FRAMEWORK_ENTRIES_FOR_ALL_PRODUCT_TYPES\=YES
    export HEADERMAP_INCLUDES_FRAMEWORK_ENTRIES_FOR_TARGETS_NOT_BEING_BUILT\=YES
    export HEADERMAP_INCLUDES_NONPUBLIC_NONPRIVATE_HEADERS\=YES
    export HEADERMAP_INCLUDES_PROJECT_HEADERS\=YES
    export HEADERMAP_USES_FRAMEWORK_PREFIX_ENTRIES\=YES
    export HEADERMAP_USES_VFS\=NO
    export HEADER_SEARCH_PATHS\=/Users/darisadam/Library/Developer/Xcode/DerivedData/Madabank-hkohthnbjtgnoechirsoymtykttx/Build/Products/Debug-iphonesimulator/include\ \ /Users/darisadam/Documents/Projects/iOS\ Apps/madabank-ios/Madabank/Tuist/.build/checkouts/RxSwift/Sources/RxCocoaRuntime/include
    export HOME\=/Users/darisadam
    export HOST_ARCH\=arm64
    export HOST_PLATFORM\=macosx
    export ICONV\=/usr/bin/iconv
    export IMPLICIT_DEPENDENCY_DOMAIN\=default
    export INFOPLIST_ENABLE_CFBUNDLEICONS_MERGE\=YES
    export INFOPLIST_EXPAND_BUILD_SETTINGS\=YES
    export INFOPLIST_FILE\=Derived/InfoPlists/Madabank-Info.plist
    export INFOPLIST_OUTPUT_FORMAT\=binary
    export INFOPLIST_PATH\=Madabank.app/Info.plist
    export INFOPLIST_PREPROCESS\=NO
    export INFOSTRINGS_PATH\=Madabank.app/en.lproj/InfoPlist.strings
    export INLINE_PRIVATE_FRAMEWORKS\=NO
    export INSTALLAPI_IGNORE_SKIP_INSTALL\=YES
    export INSTALLHDRS_COPY_PHASE\=NO
    export INSTALLHDRS_SCRIPT_PHASE\=NO
    export INSTALL_DIR\=/tmp/Madabank.dst/Applications
    export INSTALL_GROUP\=staff
    export INSTALL_MODE_FLAG\=u+w,go-w,a+rX
    export INSTALL_OWNER\=darisadam
    export INSTALL_PATH\=/Applications
    export INSTALL_ROOT\=/tmp/Madabank.dst
    export IPHONEOS_DEPLOYMENT_TARGET\=15.0
    export IS_UNOPTIMIZED_BUILD\=YES
    export JAVAC_DEFAULT_FLAGS\=-J-Xms64m\ -J-XX:NewSize\=4M\ -J-Dfile.encoding\=UTF8
    export JAVA_APP_STUB\=/System/Library/Frameworks/JavaVM.framework/Resources/MacOS/JavaApplicationStub
    export JAVA_ARCHIVE_CLASSES\=YES
    export JAVA_ARCHIVE_TYPE\=JAR
    export JAVA_COMPILER\=/usr/bin/javac
    export JAVA_FOLDER_PATH\=Madabank.app/Java
    export JAVA_FRAMEWORK_RESOURCES_DIRS\=Resources
    export JAVA_JAR_FLAGS\=cv
    export JAVA_SOURCE_SUBDIR\=.
    export JAVA_USE_DEPENDENCIES\=YES
    export JAVA_ZIP_FLAGS\=-urg
    export JIKES_DEFAULT_FLAGS\=+E\ +OLDCSO
    export KEEP_PRIVATE_EXTERNS\=NO
    export LD_DEPENDENCY_INFO_FILE\=/Users/darisadam/Library/Developer/Xcode/DerivedData/Madabank-hkohthnbjtgnoechirsoymtykttx/Build/Intermediates.noindex/Madabank.build/Debug-iphonesimulator/Madabank.build/Objects-normal/undefined_arch/Madabank_dependency_info.dat
    export LD_ENTITLEMENTS_SECTION\=/Users/darisadam/Library/Developer/Xcode/DerivedData/Madabank-hkohthnbjtgnoechirsoymtykttx/Build/Intermediates.noindex/Madabank.build/Debug-iphonesimulator/Madabank.build/Madabank.app-Simulated.xcent
    export LD_ENTITLEMENTS_SECTION_DER\=/Users/darisadam/Library/Developer/Xcode/DerivedData/Madabank-hkohthnbjtgnoechirsoymtykttx/Build/Intermediates.noindex/Madabank.build/Debug-iphonesimulator/Madabank.build/Madabank.app-Simulated.xcent.der
    export LD_EXPORT_SYMBOLS\=YES
    export LD_GENERATE_MAP_FILE\=NO
    export LD_MAP_FILE_PATH\=/Users/darisadam/Library/Developer/Xcode/DerivedData/Madabank-hkohthnbjtgnoechirsoymtykttx/Build/Intermediates.noindex/Madabank.build/Debug-iphonesimulator/Madabank.build/Madabank-LinkMap-normal-undefined_arch.txt
    export LD_NO_PIE\=NO
    export LD_QUOTE_LINKER_ARGUMENTS_FOR_COMPILER_DRIVER\=YES
    export LD_RUNPATH_SEARCH_PATHS\=\ @executable_path/Frameworks
    export LD_RUNPATH_SEARCH_PATHS_YES\=@loader_path/../Frameworks
    export LD_SHARED_CACHE_ELIGIBLE\=Automatic
    export LD_WARN_DUPLICATE_LIBRARIES\=NO
    export LD_WARN_UNUSED_DYLIBS\=NO
    export LEGACY_DEVELOPER_DIR\=/Applications/Xcode.app/Contents/PlugIns/Xcode3Core.ideplugin/Contents/SharedSupport/Developer
    export LEX\=lex
    export LIBRARY_DEXT_INSTALL_PATH\=/Library/DriverExtensions
    export LIBRARY_FLAG_NOSPACE\=YES
    export LIBRARY_FLAG_PREFIX\=-l
    export LIBRARY_KEXT_INSTALL_PATH\=/Library/Extensions
    export LIBRARY_SEARCH_PATHS\=/Users/darisadam/Library/Developer/Xcode/DerivedData/Madabank-hkohthnbjtgnoechirsoymtykttx/Build/Products/Debug-iphonesimulator\ 
    export LINKER_DISPLAYS_MANGLED_NAMES\=NO
    export LINK_FILE_LIST_normal_arm64\=/Users/darisadam/Library/Developer/Xcode/DerivedData/Madabank-hkohthnbjtgnoechirsoymtykttx/Build/Intermediates.noindex/Madabank.build/Debug-iphonesimulator/Madabank.build/Objects-normal/arm64/Madabank.LinkFileList
    export LINK_OBJC_RUNTIME\=YES
    export LINK_WITH_STANDARD_LIBRARIES\=YES
    export LLVM_TARGET_TRIPLE_OS_VERSION\=ios15.0
    export LLVM_TARGET_TRIPLE_SUFFIX\=-simulator
    export LLVM_TARGET_TRIPLE_VENDOR\=apple
    export LM_AUX_CONST_METADATA_LIST_PATH_normal_arm64\=/Users/darisadam/Library/Developer/Xcode/DerivedData/Madabank-hkohthnbjtgnoechirsoymtykttx/Build/Intermediates.noindex/Madabank.build/Debug-iphonesimulator/Madabank.build/Objects-normal/arm64/Madabank.SwiftConstValuesFileList
    export LOCALIZATION_EXPORT_SUPPORTED\=YES
    export LOCALIZATION_PREFERS_STRING_CATALOGS\=NO
    export LOCALIZED_RESOURCES_FOLDER_PATH\=Madabank.app/en.lproj
    export LOCALIZED_STRING_MACRO_NAMES\=NSLocalizedString\ CFCopyLocalizedString
    export LOCALIZED_STRING_SWIFTUI_SUPPORT\=YES
    export LOCAL_ADMIN_APPS_DIR\=/Applications/Utilities
    export LOCAL_APPS_DIR\=/Applications
    export LOCAL_DEVELOPER_DIR\=/Library/Developer
    export LOCAL_LIBRARY_DIR\=/Library
    export LOCROOT\=/Users/darisadam/Documents/Projects/iOS\ Apps/madabank-ios/Madabank
    export LOCSYMROOT\=/Users/darisadam/Documents/Projects/iOS\ Apps/madabank-ios/Madabank
    export MACH_O_TYPE\=mh_execute
    export MAC_OS_X_PRODUCT_BUILD_VERSION\=25C56
    export MAC_OS_X_VERSION_ACTUAL\=260200
    export MAC_OS_X_VERSION_MAJOR\=260000
    export MAC_OS_X_VERSION_MINOR\=260200
    export MAKE_MERGEABLE\=NO
    export MERGEABLE_LIBRARY\=NO
    export MERGED_BINARY_TYPE\=none
    export MERGE_LINKED_LIBRARIES\=NO
    export METAL_LIBRARY_FILE_BASE\=default
    export METAL_LIBRARY_OUTPUT_DIR\=/Users/darisadam/Library/Developer/Xcode/DerivedData/Madabank-hkohthnbjtgnoechirsoymtykttx/Build/Products/Debug-iphonesimulator/Madabank.app
    export MODULES_FOLDER_PATH\=Madabank.app/Modules
    export MODULE_CACHE_DIR\=/Users/darisadam/Library/Developer/Xcode/DerivedData/ModuleCache.noindex
    export MTL_ENABLE_DEBUG_INFO\=YES
    export NATIVE_ARCH\=arm64
    export NATIVE_ARCH_32_BIT\=arm
    export NATIVE_ARCH_64_BIT\=arm64
    export NATIVE_ARCH_ACTUAL\=arm64
    export NO_COMMON\=YES
    export OBJC_ABI_VERSION\=2
    export OBJECT_FILE_DIR\=/Users/darisadam/Library/Developer/Xcode/DerivedData/Madabank-hkohthnbjtgnoechirsoymtykttx/Build/Intermediates.noindex/Madabank.build/Debug-iphonesimulator/Madabank.build/Objects
    export OBJECT_FILE_DIR_normal\=/Users/darisadam/Library/Developer/Xcode/DerivedData/Madabank-hkohthnbjtgnoechirsoymtykttx/Build/Intermediates.noindex/Madabank.build/Debug-iphonesimulator/Madabank.build/Objects-normal
    export OBJROOT\=/Users/darisadam/Library/Developer/Xcode/DerivedData/Madabank-hkohthnbjtgnoechirsoymtykttx/Build/Intermediates.noindex
    export ONLY_ACTIVE_ARCH\=YES
    export OS\=MACOS
    export OSAC\=/usr/bin/osacompile
    export OTHER_CFLAGS\=\ -fmodule-map-file\=/Users/darisadam/Documents/Projects/iOS\ Apps/madabank-ios/Madabank/Tuist/.build/tuist-derived/RxCocoaRuntime/RxCocoaRuntime.modulemap
    export OTHER_CPLUSPLUSFLAGS\=\ -fmodule-map-file\=/Users/darisadam/Documents/Projects/iOS\ Apps/madabank-ios/Madabank/Tuist/.build/tuist-derived/RxCocoaRuntime/RxCocoaRuntime.modulemap
    export OTHER_SWIFT_FLAGS\=\ -Xcc\ -fmodule-map-file\=/Users/darisadam/Documents/Projects/iOS\ Apps/madabank-ios/Madabank/Tuist/.build/tuist-derived/RxCocoaRuntime/RxCocoaRuntime.modulemap
    export PACKAGE_TYPE\=com.apple.package-type.wrapper.application
    export PASCAL_STRINGS\=YES
    export PATH\=/Applications/Xcode.app/Contents/SharedFrameworks/SwiftBuild.framework/Versions/A/PlugIns/SWBBuildService.bundle/Contents/PlugIns/SWBUniversalPlatformPlugin.bundle/Contents/Frameworks/SWBUniversalPlatform.framework/Resources:/var/run/com.apple.security.cryptexd/mnt/com.apple.MobileAsset.MetalToolchain-v17.2.54.0.wH8bUi/Metal.xctoolchain/usr/bin:/var/run/com.apple.security.cryptexd/mnt/com.apple.MobileAsset.MetalToolchain-v17.2.54.0.wH8bUi/Metal.xctoolchain/usr/local/bin:/var/run/com.apple.security.cryptexd/mnt/com.apple.MobileAsset.MetalToolchain-v17.2.54.0.wH8bUi/Metal.xctoolchain/usr/libexec:/Applications/Xcode.app/Contents/Developer/Toolchains/XcodeDefault.xctoolchain/usr/bin:/Applications/Xcode.app/Contents/Developer/Toolchains/XcodeDefault.xctoolchain/usr/local/bin:/Applications/Xcode.app/Contents/Developer/Toolchains/XcodeDefault.xctoolchain/usr/libexec:/Applications/Xcode.app/Contents/Developer/Platforms/iPhoneSimulator.platform/usr/bin:/Applications/Xcode.app/Contents/Developer/Platforms/iPhoneSimulator.platform/usr/local/bin:/Applications/Xcode.app/Contents/Developer/Platforms/iPhoneSimulator.platform/Developer/usr/bin:/Applications/Xcode.app/Contents/Developer/Platforms/iPhoneSimulator.platform/Developer/usr/local/bin:/Applications/Xcode.app/Contents/Developer/usr/bin:/Applications/Xcode.app/Contents/Developer/usr/local/bin:/Users/darisadam/.nvm/versions/node/v20.19.6/bin:/Users/darisadam/.antigravity/antigravity/bin:/opt/homebrew/opt/ruby/bin:/opt/homebrew/bin:/opt/homebrew/sbin:/usr/local/bin:/System/Cryptexes/App/usr/bin:/usr/bin:/bin:/usr/sbin:/sbin:/var/run/com.apple.security.cryptexd/codex.system/bootstrap/usr/local/bin:/var/run/com.apple.security.cryptexd/codex.system/bootstrap/usr/bin:/var/run/com.apple.security.cryptexd/codex.system/bootstrap/usr/appleinternal/bin:/opt/pmk/env/global/bin:/Library/Apple/usr/bin:/Applications/VMware\ Fusion.app/Contents/Public:/usr/local/share/dotnet:/Library/Frameworks/Mono.framework/Versions/Current/Commands:/opt/anaconda3/bin:/opt/anaconda3/condabin
    export PATH_PREFIXES_EXCLUDED_FROM_HEADER_DEPENDENCIES\=/usr/include\ /usr/local/include\ /System/Library/Frameworks\ /System/Library/PrivateFrameworks\ /Applications/Xcode.app/Contents/Developer/Headers\ /Applications/Xcode.app/Contents/Developer/SDKs\ /Applications/Xcode.app/Contents/Developer/Platforms
    export PBDEVELOPMENTPLIST_PATH\=Madabank.app/pbdevelopment.plist
    export PER_ARCH_MODULE_FILE_DIR\=/Users/darisadam/Library/Developer/Xcode/DerivedData/Madabank-hkohthnbjtgnoechirsoymtykttx/Build/Intermediates.noindex/Madabank.build/Debug-iphonesimulator/Madabank.build/Objects-normal/undefined_arch
    export PER_ARCH_OBJECT_FILE_DIR\=/Users/darisadam/Library/Developer/Xcode/DerivedData/Madabank-hkohthnbjtgnoechirsoymtykttx/Build/Intermediates.noindex/Madabank.build/Debug-iphonesimulator/Madabank.build/Objects-normal/undefined_arch
    export PER_VARIANT_OBJECT_FILE_DIR\=/Users/darisadam/Library/Developer/Xcode/DerivedData/Madabank-hkohthnbjtgnoechirsoymtykttx/Build/Intermediates.noindex/Madabank.build/Debug-iphonesimulator/Madabank.build/Objects-normal
    export PKGINFO_FILE_PATH\=/Users/darisadam/Library/Developer/Xcode/DerivedData/Madabank-hkohthnbjtgnoechirsoymtykttx/Build/Intermediates.noindex/Madabank.build/Debug-iphonesimulator/Madabank.build/PkgInfo
    export PKGINFO_PATH\=Madabank.app/PkgInfo
    export PLATFORM_DEVELOPER_APPLICATIONS_DIR\=/Applications/Xcode.app/Contents/Developer/Platforms/iPhoneSimulator.platform/Developer/Applications
    export PLATFORM_DEVELOPER_BIN_DIR\=/Applications/Xcode.app/Contents/Developer/Platforms/iPhoneSimulator.platform/Developer/usr/bin
    export PLATFORM_DEVELOPER_LIBRARY_DIR\=/Applications/Xcode.app/Contents/Developer/Platforms/iPhoneSimulator.platform/Developer/Library
    export PLATFORM_DEVELOPER_SDK_DIR\=/Applications/Xcode.app/Contents/Developer/Platforms/iPhoneSimulator.platform/Developer/SDKs
    export PLATFORM_DEVELOPER_TOOLS_DIR\=/Applications/Xcode.app/Contents/Developer/Platforms/iPhoneSimulator.platform/Developer/Tools
    export PLATFORM_DEVELOPER_USR_DIR\=/Applications/Xcode.app/Contents/Developer/Platforms/iPhoneSimulator.platform/Developer/usr
    export PLATFORM_DIR\=/Applications/Xcode.app/Contents/Developer/Platforms/iPhoneSimulator.platform
    export PLATFORM_DISPLAY_NAME\=iOS\ Simulator
    export PLATFORM_FAMILY_NAME\=iOS
    export PLATFORM_NAME\=iphonesimulator
    export PLATFORM_PREFERRED_ARCH\=x86_64
    export PLATFORM_PRODUCT_BUILD_VERSION\=23B77
    export PLATFORM_REQUIRES_SWIFT_AUTOLINK_EXTRACT\=NO
    export PLATFORM_REQUIRES_SWIFT_MODULEWRAP\=NO
    export PLIST_FILE_OUTPUT_FORMAT\=binary
    export PLUGINS_FOLDER_PATH\=Madabank.app/PlugIns
    export PRECOMPS_INCLUDE_HEADERS_FROM_BUILT_PRODUCTS_DIR\=YES
    export PRECOMP_DESTINATION_DIR\=/Users/darisadam/Library/Developer/Xcode/DerivedData/Madabank-hkohthnbjtgnoechirsoymtykttx/Build/Intermediates.noindex/Madabank.build/Debug-iphonesimulator/Madabank.build/PrefixHeaders
    export PRIVATE_HEADERS_FOLDER_PATH\=Madabank.app/PrivateHeaders
    export PROCESSED_INFOPLIST_PATH\=/Users/darisadam/Library/Developer/Xcode/DerivedData/Madabank-hkohthnbjtgnoechirsoymtykttx/Build/Intermediates.noindex/Madabank.build/Debug-iphonesimulator/Madabank.build/Objects-normal/undefined_arch/Processed-Info.plist
    export PRODUCT_BUNDLE_IDENTIFIER\=online.darisadam.madabank
    export PRODUCT_BUNDLE_PACKAGE_TYPE\=APPL
    export PRODUCT_MODULE_NAME\=Madabank
    export PRODUCT_NAME\=Madabank
    export PRODUCT_SETTINGS_PATH\=/Users/darisadam/Documents/Projects/iOS\ Apps/madabank-ios/Madabank/Derived/InfoPlists/Madabank-Info.plist
    export PRODUCT_TYPE\=com.apple.product-type.application
    export PROFILING_CODE\=NO
    export PROJECT\=Madabank
    export PROJECT_DERIVED_FILE_DIR\=/Users/darisadam/Library/Developer/Xcode/DerivedData/Madabank-hkohthnbjtgnoechirsoymtykttx/Build/Intermediates.noindex/Madabank.build/DerivedSources
    export PROJECT_DIR\=/Users/darisadam/Documents/Projects/iOS\ Apps/madabank-ios/Madabank
    export PROJECT_FILE_PATH\=/Users/darisadam/Documents/Projects/iOS\ Apps/madabank-ios/Madabank/Madabank.xcodeproj
    export PROJECT_GUID\=6b8f23b26fb50a69bf27348274a22005
    export PROJECT_NAME\=Madabank
    export PROJECT_TEMP_DIR\=/Users/darisadam/Library/Developer/Xcode/DerivedData/Madabank-hkohthnbjtgnoechirsoymtykttx/Build/Intermediates.noindex/Madabank.build
    export PROJECT_TEMP_ROOT\=/Users/darisadam/Library/Developer/Xcode/DerivedData/Madabank-hkohthnbjtgnoechirsoymtykttx/Build/Intermediates.noindex
    export PROVISIONING_PROFILE_REQUIRED\=NO
    export PROVISIONING_PROFILE_REQUIRED_YES_YES\=YES
    export PROVISIONING_PROFILE_SUPPORTED\=YES
    export PUBLIC_HEADERS_FOLDER_PATH\=Madabank.app/Headers
    export RECOMMENDED_IPHONEOS_DEPLOYMENT_TARGET\=15.0
    export RECURSIVE_SEARCH_PATHS_FOLLOW_SYMLINKS\=YES
    export REMOVE_CVS_FROM_RESOURCES\=YES
    export REMOVE_GIT_FROM_RESOURCES\=YES
    export REMOVE_HEADERS_FROM_EMBEDDED_BUNDLES\=YES
    export REMOVE_HG_FROM_RESOURCES\=YES
    export REMOVE_STATIC_EXECUTABLES_FROM_EMBEDDED_BUNDLES\=YES
    export REMOVE_SVN_FROM_RESOURCES\=YES
    export RESCHEDULE_INDEPENDENT_HEADERS_PHASES\=YES
    export REZ_COLLECTOR_DIR\=/Users/darisadam/Library/Developer/Xcode/DerivedData/Madabank-hkohthnbjtgnoechirsoymtykttx/Build/Intermediates.noindex/Madabank.build/Debug-iphonesimulator/Madabank.build/ResourceManagerResources
    export REZ_OBJECTS_DIR\=/Users/darisadam/Library/Developer/Xcode/DerivedData/Madabank-hkohthnbjtgnoechirsoymtykttx/Build/Intermediates.noindex/Madabank.build/Debug-iphonesimulator/Madabank.build/ResourceManagerResources/Objects
    export REZ_SEARCH_PATHS\=/Users/darisadam/Library/Developer/Xcode/DerivedData/Madabank-hkohthnbjtgnoechirsoymtykttx/Build/Products/Debug-iphonesimulator\ 
    export RUNTIME_EXCEPTION_ALLOW_DYLD_ENVIRONMENT_VARIABLES\=NO
    export RUNTIME_EXCEPTION_ALLOW_JIT\=NO
    export RUNTIME_EXCEPTION_ALLOW_UNSIGNED_EXECUTABLE_MEMORY\=NO
    export RUNTIME_EXCEPTION_DEBUGGING_TOOL\=NO
    export RUNTIME_EXCEPTION_DISABLE_EXECUTABLE_PAGE_PROTECTION\=NO
    export RUNTIME_EXCEPTION_DISABLE_LIBRARY_VALIDATION\=NO
    export SCAN_ALL_SOURCE_FILES_FOR_INCLUDES\=NO
    export SCRIPTS_FOLDER_PATH\=Madabank.app/Scripts
    export SCRIPT_INPUT_FILE_COUNT\=0
    export SCRIPT_INPUT_FILE_LIST_COUNT\=0
    export SCRIPT_OUTPUT_FILE_COUNT\=0
    export SCRIPT_OUTPUT_FILE_LIST_COUNT\=0
    export SDKROOT\=/Applications/Xcode.app/Contents/Developer/Platforms/iPhoneSimulator.platform/Developer/SDKs/iPhoneSimulator26.1.sdk
    export SDK_DIR\=/Applications/Xcode.app/Contents/Developer/Platforms/iPhoneSimulator.platform/Developer/SDKs/iPhoneSimulator26.1.sdk
    export SDK_DIR_iphonesimulator\=/Applications/Xcode.app/Contents/Developer/Platforms/iPhoneSimulator.platform/Developer/SDKs/iPhoneSimulator26.1.sdk
    export SDK_DIR_iphonesimulator26_1\=/Applications/Xcode.app/Contents/Developer/Platforms/iPhoneSimulator.platform/Developer/SDKs/iPhoneSimulator26.1.sdk
    export SDK_NAME\=iphonesimulator26.1
    export SDK_NAMES\=iphonesimulator26.1
    export SDK_PRODUCT_BUILD_VERSION\=23B77
    export SDK_STAT_CACHE_DIR\=/Users/darisadam/Library/Developer/Xcode/DerivedData
    export SDK_STAT_CACHE_ENABLE\=YES
    export SDK_STAT_CACHE_PATH\=/Users/darisadam/Library/Developer/Xcode/DerivedData/SDKStatCaches.noindex/iphonesimulator26.1-23B77-3885c01c3e6b6a337905948deab2002e90cf18a4295e390e64c810bc6bd7acbc.sdkstatcache
    export SDK_VERSION\=26.1
    export SDK_VERSION_ACTUAL\=260100
    export SDK_VERSION_MAJOR\=260000
    export SDK_VERSION_MINOR\=260100
    export SED\=/usr/bin/sed
    export SEPARATE_STRIP\=NO
    export SEPARATE_SYMBOL_EDIT\=NO
    export SET_DIR_MODE_OWNER_GROUP\=YES
    export SET_FILE_MODE_OWNER_GROUP\=NO
    export SHALLOW_BUNDLE\=YES
    export SHALLOW_BUNDLE_TRIPLE\=ios-simulator
    export SHALLOW_BUNDLE_ios_macabi\=NO
    export SHALLOW_BUNDLE_macos\=NO
    export SHARED_DERIVED_FILE_DIR\=/Users/darisadam/Library/Developer/Xcode/DerivedData/Madabank-hkohthnbjtgnoechirsoymtykttx/Build/Products/Debug-iphonesimulator/DerivedSources
    export SHARED_FRAMEWORKS_FOLDER_PATH\=Madabank.app/SharedFrameworks
    export SHARED_PRECOMPS_DIR\=/Users/darisadam/Library/Developer/Xcode/DerivedData/Madabank-hkohthnbjtgnoechirsoymtykttx/Build/Intermediates.noindex/PrecompiledHeaders
    export SHARED_SUPPORT_FOLDER_PATH\=Madabank.app/SharedSupport
    export SKIP_INSTALL\=NO
    export SOURCE_ROOT\=/Users/darisadam/Documents/Projects/iOS\ Apps/madabank-ios/Madabank
    export SRCROOT\=/Users/darisadam/Documents/Projects/iOS\ Apps/madabank-ios/Madabank
    export STRINGSDATA_DIR\=/Users/darisadam/Library/Developer/Xcode/DerivedData/Madabank-hkohthnbjtgnoechirsoymtykttx/Build/Intermediates.noindex/Madabank.build/Debug-iphonesimulator/Madabank.build/Objects-normal/undefined_arch
    export STRINGSDATA_ROOT\=/Users/darisadam/Library/Developer/Xcode/DerivedData/Madabank-hkohthnbjtgnoechirsoymtykttx/Build/Intermediates.noindex/Madabank.build/Debug-iphonesimulator/Madabank.build
    export STRINGS_FILE_INFOPLIST_RENAME\=YES
    export STRINGS_FILE_OUTPUT_ENCODING\=binary
    export STRING_CATALOG_GENERATE_SYMBOLS\=NO
    export STRIP_BITCODE_FROM_COPIED_FILES\=NO
    export STRIP_INSTALLED_PRODUCT\=NO
    export STRIP_STYLE\=all
    export STRIP_SWIFT_SYMBOLS\=YES
    export SUPPORTED_DEVICE_FAMILIES\=1,2
    export SUPPORTED_PLATFORMS\=iphoneos\ iphonesimulator
    export SUPPORTS_MACCATALYST\=NO
    export SUPPORTS_MAC_DESIGNED_FOR_IPHONE_IPAD\=NO
    export SUPPORTS_ON_DEMAND_RESOURCES\=YES
    export SUPPORTS_TEXT_BASED_API\=NO
    export SUPPORTS_XR_DESIGNED_FOR_IPHONE_IPAD\=NO
    export SUPPRESS_WARNINGS\=NO
    export SWIFT_ACTIVE_COMPILATION_CONDITIONS\=\ DEBUG
    export SWIFT_COMPILATION_MODE\=singlefile
    export SWIFT_EMIT_CONST_VALUE_PROTOCOLS\=AppIntent\ EntityQuery\ AppEntity\ TransientEntity\ AppEnum\ AppShortcutProviding\ AppShortcutsProvider\ AnyResolverProviding\ AppIntentsPackage\ DynamicOptionsProvider\ _IntentValueRepresentable\ _AssistantIntentsProvider\ _GenerativeFunctionExtractable\ IntentValueQuery\ Resolver\ AppExtension\ ExtensionPointDefining
    export SWIFT_EMIT_LOC_STRINGS\=NO
    export SWIFT_ENABLE_EXPLICIT_MODULES\=YES
    export SWIFT_OPTIMIZATION_LEVEL\=-Onone
    export SWIFT_PLATFORM_TARGET_PREFIX\=ios
    export SWIFT_RESPONSE_FILE_PATH_normal_arm64\=/Users/darisadam/Library/Developer/Xcode/DerivedData/Madabank-hkohthnbjtgnoechirsoymtykttx/Build/Intermediates.noindex/Madabank.build/Debug-iphonesimulator/Madabank.build/Objects-normal/arm64/Madabank.SwiftFileList
    export SWIFT_VERSION\=5.0
    export SYMROOT\=/Users/darisadam/Library/Developer/Xcode/DerivedData/Madabank-hkohthnbjtgnoechirsoymtykttx/Build/Products
    export SYSTEM_ADMIN_APPS_DIR\=/Applications/Utilities
    export SYSTEM_APPS_DIR\=/Applications
    export SYSTEM_CORE_SERVICES_DIR\=/System/Library/CoreServices
    export SYSTEM_DEMOS_DIR\=/Applications/Extras
    export SYSTEM_DEVELOPER_APPS_DIR\=/Applications/Xcode.app/Contents/Developer/Applications
    export SYSTEM_DEVELOPER_BIN_DIR\=/Applications/Xcode.app/Contents/Developer/usr/bin
    export SYSTEM_DEVELOPER_DEMOS_DIR\=/Applications/Xcode.app/Contents/Developer/Applications/Utilities/Built\ Examples
    export SYSTEM_DEVELOPER_DIR\=/Applications/Xcode.app/Contents/Developer
    export SYSTEM_DEVELOPER_DOC_DIR\=/Applications/Xcode.app/Contents/Developer/ADC\ Reference\ Library
    export SYSTEM_DEVELOPER_GRAPHICS_TOOLS_DIR\=/Applications/Xcode.app/Contents/Developer/Applications/Graphics\ Tools
    export SYSTEM_DEVELOPER_JAVA_TOOLS_DIR\=/Applications/Xcode.app/Contents/Developer/Applications/Java\ Tools
    export SYSTEM_DEVELOPER_PERFORMANCE_TOOLS_DIR\=/Applications/Xcode.app/Contents/Developer/Applications/Performance\ Tools
    export SYSTEM_DEVELOPER_RELEASENOTES_DIR\=/Applications/Xcode.app/Contents/Developer/ADC\ Reference\ Library/releasenotes
    export SYSTEM_DEVELOPER_TOOLS\=/Applications/Xcode.app/Contents/Developer/Tools
    export SYSTEM_DEVELOPER_TOOLS_DOC_DIR\=/Applications/Xcode.app/Contents/Developer/ADC\ Reference\ Library/documentation/DeveloperTools
    export SYSTEM_DEVELOPER_TOOLS_RELEASENOTES_DIR\=/Applications/Xcode.app/Contents/Developer/ADC\ Reference\ Library/releasenotes/DeveloperTools
    export SYSTEM_DEVELOPER_USR_DIR\=/Applications/Xcode.app/Contents/Developer/usr
    export SYSTEM_DEVELOPER_UTILITIES_DIR\=/Applications/Xcode.app/Contents/Developer/Applications/Utilities
    export SYSTEM_DEXT_INSTALL_PATH\=/System/Library/DriverExtensions
    export SYSTEM_DOCUMENTATION_DIR\=/Library/Documentation
    export SYSTEM_EXTENSIONS_FOLDER_PATH\=Madabank.app/SystemExtensions
    export SYSTEM_EXTENSIONS_FOLDER_PATH_SHALLOW_BUNDLE_NO\=Madabank.app/Library/SystemExtensions
    export SYSTEM_EXTENSIONS_FOLDER_PATH_SHALLOW_BUNDLE_YES\=Madabank.app/SystemExtensions
    export SYSTEM_KEXT_INSTALL_PATH\=/System/Library/Extensions
    export SYSTEM_LIBRARY_DIR\=/System/Library
    export TAPI_DEMANGLE\=YES
    export TAPI_ENABLE_PROJECT_HEADERS\=NO
    export TAPI_LANGUAGE\=objective-c
    export TAPI_LANGUAGE_STANDARD\=compiler-default
    export TAPI_USE_SRCROOT\=YES
    export TAPI_VERIFY_MODE\=Pedantic
    export TARGETED_DEVICE_FAMILY\=1
    export TARGETNAME\=Madabank
    export TARGET_BUILD_DIR\=/Users/darisadam/Library/Developer/Xcode/DerivedData/Madabank-hkohthnbjtgnoechirsoymtykttx/Build/Products/Debug-iphonesimulator
    export TARGET_DEVICE_IDENTIFIER\=2C8DA8D6-86AC-4314-89AD-96ACA9F1F0CE
    export TARGET_DEVICE_MODEL\=iPhone18,1
    export TARGET_DEVICE_OS_VERSION\=26.1
    export TARGET_DEVICE_PLATFORM_NAME\=iphonesimulator
    export TARGET_NAME\=Madabank
    export TARGET_TEMP_DIR\=/Users/darisadam/Library/Developer/Xcode/DerivedData/Madabank-hkohthnbjtgnoechirsoymtykttx/Build/Intermediates.noindex/Madabank.build/Debug-iphonesimulator/Madabank.build
    export TEMP_DIR\=/Users/darisadam/Library/Developer/Xcode/DerivedData/Madabank-hkohthnbjtgnoechirsoymtykttx/Build/Intermediates.noindex/Madabank.build/Debug-iphonesimulator/Madabank.build
    export TEMP_FILES_DIR\=/Users/darisadam/Library/Developer/Xcode/DerivedData/Madabank-hkohthnbjtgnoechirsoymtykttx/Build/Intermediates.noindex/Madabank.build/Debug-iphonesimulator/Madabank.build
    export TEMP_FILE_DIR\=/Users/darisadam/Library/Developer/Xcode/DerivedData/Madabank-hkohthnbjtgnoechirsoymtykttx/Build/Intermediates.noindex/Madabank.build/Debug-iphonesimulator/Madabank.build
    export TEMP_ROOT\=/Users/darisadam/Library/Developer/Xcode/DerivedData/Madabank-hkohthnbjtgnoechirsoymtykttx/Build/Intermediates.noindex
    export TEMP_SANDBOX_DIR\=/Users/darisadam/Library/Developer/Xcode/DerivedData/Madabank-hkohthnbjtgnoechirsoymtykttx/Build/Intermediates.noindex/TemporaryTaskSandboxes
    export TEST_FRAMEWORK_SEARCH_PATHS\=\ /Applications/Xcode.app/Contents/Developer/Platforms/iPhoneSimulator.platform/Developer/Library/Frameworks\ /Applications/Xcode.app/Contents/Developer/Platforms/iPhoneSimulator.platform/Developer/SDKs/iPhoneSimulator26.1.sdk/Developer/Library/Frameworks
    export TEST_LIBRARY_SEARCH_PATHS\=\ /Applications/Xcode.app/Contents/Developer/Platforms/iPhoneSimulator.platform/Developer/usr/lib
    export TOOLCHAINS\=com.apple.dt.toolchain.Metal.32023\ com.apple.dt.toolchain.XcodeDefault
    export TOOLCHAIN_DIR\=/var/run/com.apple.security.cryptexd/mnt/com.apple.MobileAsset.MetalToolchain-v17.2.54.0.wH8bUi/Metal.xctoolchain
    export TOOLCHAIN_VERSION\=32023
    export TREAT_MISSING_BASELINES_AS_TEST_FAILURES\=NO
    export TREAT_MISSING_SCRIPT_PHASE_OUTPUTS_AS_ERRORS\=NO
    export TeamIdentifierPrefix\=Q99UJS4WY6.
    export UID\=501
    export UNINSTALLED_PRODUCTS_DIR\=/Users/darisadam/Library/Developer/Xcode/DerivedData/Madabank-hkohthnbjtgnoechirsoymtykttx/Build/Intermediates.noindex/UninstalledProducts
    export UNLOCALIZED_RESOURCES_FOLDER_PATH\=Madabank.app
    export UNLOCALIZED_RESOURCES_FOLDER_PATH_SHALLOW_BUNDLE_NO\=Madabank.app/Resources
    export UNLOCALIZED_RESOURCES_FOLDER_PATH_SHALLOW_BUNDLE_YES\=Madabank.app
    export UNSTRIPPED_PRODUCT\=NO
    export USER\=darisadam
    export USER_APPS_DIR\=/Users/darisadam/Applications
    export USER_LIBRARY_DIR\=/Users/darisadam/Library
    export USE_DYNAMIC_NO_PIC\=YES
    export USE_HEADERMAP\=YES
    export USE_HEADER_SYMLINKS\=NO
    export VALIDATE_DEVELOPMENT_ASSET_PATHS\=YES_ERROR
    export VALIDATE_PRODUCT\=NO
    export VALID_ARCHS\=arm64\ x86_64
    export VERBOSE_PBXCP\=NO
    export VERSIONPLIST_PATH\=Madabank.app/version.plist
    export VERSION_INFO_BUILDER\=darisadam
    export VERSION_INFO_FILE\=Madabank_vers.c
    export VERSION_INFO_STRING\=\"@\(\#\)PROGRAM:Madabank\ \ PROJECT:Madabank-\"
    export WORKSPACE_DIR\=/Users/darisadam/Documents/Projects/iOS\ Apps/madabank-ios/Madabank
    export WRAPPER_EXTENSION\=app
    export WRAPPER_NAME\=Madabank.app
    export WRAPPER_SUFFIX\=.app
    export WRAP_ASSET_PACKS_IN_SEPARATE_DIRECTORIES\=NO
    export XCODE_APP_SUPPORT_DIR\=/Applications/Xcode.app/Contents/Developer/Library/Xcode
    export XCODE_PRODUCT_BUILD_VERSION\=17B100
    export XCODE_VERSION_ACTUAL\=2611
    export XCODE_VERSION_MAJOR\=2600
    export XCODE_VERSION_MINOR\=2610
    export XPCSERVICES_FOLDER_PATH\=Madabank.app/XPCServices
    export YACC\=yacc
    export _DISCOVER_COMMAND_LINE_LINKER_INPUTS\=YES
    export _DISCOVER_COMMAND_LINE_LINKER_INPUTS_INCLUDE_WL\=YES
    export _LD_MULTIARCH\=YES
    export _WRAPPER_CONTENTS_DIR_SHALLOW_BUNDLE_NO\=/Contents
    export _WRAPPER_PARENT_PATH_SHALLOW_BUNDLE_NO\=/..
    export _WRAPPER_RESOURCES_DIR_SHALLOW_BUNDLE_NO\=/Resources
    export __DIAGNOSE_DEPRECATED_ARCHS\=YES
    export __IS_NOT_MACOS\=YES
    export __IS_NOT_MACOS_macosx\=NO
    export __IS_NOT_SIMULATOR\=NO
    export __IS_NOT_SIMULATOR_simulator\=NO
    export arch\=undefined_arch
    export variant\=normal
    /bin/sh -c /Users/darisadam/Library/Developer/Xcode/DerivedData/Madabank-hkohthnbjtgnoechirsoymtykttx/Build/Intermediates.noindex/Madabank.build/Debug-iphonesimulator/Madabank.build/Script-03A767AAD39A0BBFC87CBFF0.sh
Linting Swift files in current working directory
Linting 'AppDIContainer.swift' (1/132)
Linting 'AppCoordinator.swift' (2/132)
Linting 'BlockingFailureViewController.swift' (3/132)
Linting 'AppDelegate.swift' (4/132)
Linting 'SceneDelegate.swift' (5/132)
Linting 'Home.swift' (6/132)
Linting 'SplashViewController.swift' (7/132)
Linting 'Modules/Features/Home/Project.swift' (8/132)
/Users/darisadam/Documents/Projects/iOS Apps/madabank-ios/Madabank/Madabank/Sources/App/SceneDelegate.swift:1:1: warning: File Header Violation: Header comments should be consistent with project patterns (file_header)
/Users/darisadam/Documents/Projects/iOS Apps/madabank-ios/Madabank/Madabank/Sources/App/AppDelegate.swift:1:1: warning: File Header Violation: Header comments should be consistent with project patterns (file_header)
/Users/darisadam/Documents/Projects/iOS Apps/madabank-ios/Madabank/Modules/Features/Home/Sources/Home.swift:42:43: warning: No print statements Violation: Use proper logging instead of print() (no_print)
/Users/darisadam/Documents/Projects/iOS Apps/madabank-ios/Madabank/Modules/Features/Home/Sources/Home.swift:43:41: warning: No print statements Violation: Use proper logging instead of print() (no_print)
/Users/darisadam/Documents/Projects/iOS Apps/madabank-ios/Madabank/Modules/Features/Home/Sources/Home.swift:1:1: warning: File Header Violation: Header comments should be consistent with project patterns (file_header)
/Users/darisadam/Documents/Projects/iOS Apps/madabank-ios/Madabank/Modules/Features/Home/Sources/Home.swift:40:102: warning: Force Unwrapping Violation: Force unwrapping should be avoided (force_unwrapping)
/Users/darisadam/Documents/Projects/iOS Apps/madabank-ios/Madabank/Modules/Features/Home/Sources/Home.swift:41:98: warning: Force Unwrapping Violation: Force unwrapping should be avoided (force_unwrapping)
Linting 'HomeViewModel.swift' (9/132)
Linting 'HomeViewController.swift' (10/132)
/Users/darisadam/Documents/Projects/iOS Apps/madabank-ios/Madabank/Madabank/Sources/App/SplashViewController.swift:1:1: warning: File Header Violation: Header comments should be consistent with project patterns (file_header)
/Users/darisadam/Documents/Projects/iOS Apps/madabank-ios/Madabank/Madabank/Sources/App/AppCoordinator.swift:150:9: warning: No print statements Violation: Use proper logging instead of print() (no_print)
/Users/darisadam/Documents/Projects/iOS Apps/madabank-ios/Madabank/Madabank/Sources/App/AppCoordinator.swift:1:1: warning: File Header Violation: Header comments should be consistent with project patterns (file_header)
/Users/darisadam/Documents/Projects/iOS Apps/madabank-ios/Madabank/Madabank/Sources/App/BlockingFailureViewController.swift:37:38: warning: Fatal Error Message Violation: A fatalError call should have a message (fatal_error_message)
/Users/darisadam/Documents/Projects/iOS Apps/madabank-ios/Madabank/Madabank/Sources/App/BlockingFailureViewController.swift:1:1: warning: File Header Violation: Header comments should be consistent with project patterns (file_header)
Linting 'Modules/Features/Auth/Project.swift' (11/132)
Linting 'Auth.swift' (12/132)
/Users/darisadam/Documents/Projects/iOS Apps/madabank-ios/Madabank/Modules/Features/Home/Project.swift:1:1: warning: File Header Violation: Header comments should be consistent with project patterns (file_header)
Linting 'LoginViewModel.swift' (13/132)
Linting 'AccessibilityIdentifiers.swift' (14/132)
Linting 'ForgotPasswordViewModel.swift' (15/132)
/Users/darisadam/Documents/Projects/iOS Apps/madabank-ios/Madabank/Modules/Features/Home/Sources/ViewModels/HomeViewModel.swift:1:1: warning: File Header Violation: Header comments should be consistent with project patterns (file_header)
/Users/darisadam/Documents/Projects/iOS Apps/madabank-ios/Madabank/Modules/Features/Auth/Project.swift:1:1: warning: File Header Violation: Header comments should be consistent with project patterns (file_header)
Linting 'RegisterViewModel.swift' (16/132)
Linting 'LoginViewController.swift' (17/132)
/Users/darisadam/Documents/Projects/iOS Apps/madabank-ios/Madabank/Modules/Features/Auth/Sources/ViewModels/ForgotPasswordViewModel.swift:1:1: warning: File Header Violation: Header comments should be consistent with project patterns (file_header)
/Users/darisadam/Documents/Projects/iOS Apps/madabank-ios/Madabank/Modules/Features/Auth/Sources/ViewModels/LoginViewModel.swift:1:1: warning: File Header Violation: Header comments should be consistent with project patterns (file_header)
Linting 'ForgotPasswordViewController.swift' (18/132)
Linting 'RegisterViewController.swift' (19/132)
/Users/darisadam/Documents/Projects/iOS Apps/madabank-ios/Madabank/Modules/Features/Home/Sources/Views/HomeViewController.swift:1:1: warning: File Header Violation: Header comments should be consistent with project patterns (file_header)
Linting 'Cards.swift' (20/132)
/Users/darisadam/Documents/Projects/iOS Apps/madabank-ios/Madabank/Modules/Features/Auth/Sources/ViewModels/RegisterViewModel.swift:1:1: warning: File Header Violation: Header comments should be consistent with project patterns (file_header)
/Users/darisadam/Documents/Projects/iOS Apps/madabank-ios/Madabank/Modules/Features/Auth/Sources/Auth.swift:1:1: warning: File Header Violation: Header comments should be consistent with project patterns (file_header)
Linting 'CardsViewModel.swift' (21/132)
Linting 'CardDetailViewModel.swift' (22/132)
/Users/darisadam/Documents/Projects/iOS Apps/madabank-ios/Madabank/Modules/Features/Auth/Sources/Views/LoginViewController.swift:1:1: warning: File Header Violation: Header comments should be consistent with project patterns (file_header)
/Users/darisadam/Documents/Projects/iOS Apps/madabank-ios/Madabank/Modules/Features/Auth/Sources/AccessibilityIdentifiers.swift:1:1: warning: File Header Violation: Header comments should be consistent with project patterns (file_header)
Linting 'CardDetailViewController.swift' (23/132)
Linting 'CardCell.swift' (24/132)
/Users/darisadam/Documents/Projects/iOS Apps/madabank-ios/Madabank/Modules/Features/Cards/Sources/ViewModels/CardsViewModel.swift:1:1: warning: File Header Violation: Header comments should be consistent with project patterns (file_header)
Linting 'CardsViewController.swift' (25/132)
/Users/darisadam/Documents/Projects/iOS Apps/madabank-ios/Madabank/Modules/Features/Auth/Sources/Views/ForgotPasswordViewController.swift:1:1: warning: File Header Violation: Header comments should be consistent with project patterns (file_header)
/Users/darisadam/Documents/Projects/iOS Apps/madabank-ios/Madabank/Modules/Features/Cards/Sources/Cards.swift:31:56: warning: Closure Spacing Violation: Closure expressions should have a single space inside each brace (closure_spacing)
/Users/darisadam/Documents/Projects/iOS Apps/madabank-ios/Madabank/Modules/Features/Cards/Sources/Cards.swift:1:1: warning: File Header Violation: Header comments should be consistent with project patterns (file_header)
/Users/darisadam/Documents/Projects/iOS Apps/madabank-ios/Madabank/Modules/Features/Cards/Sources/Cards.swift:31:56: warning: Opening Brace Spacing Violation: Opening braces should be preceded by a single space and on the same line as the declaration (opening_brace)
Linting 'Modules/Features/Cards/Project.swift' (26/132)
/Users/darisadam/Documents/Projects/iOS Apps/madabank-ios/Madabank/Modules/Features/Cards/Sources/ViewModels/CardDetailViewModel.swift:1:1: warning: File Header Violation: Header comments should be consistent with project patterns (file_header)
Linting 'Transactions.swift' (27/132)
/Users/darisadam/Documents/Projects/iOS Apps/madabank-ios/Madabank/Modules/Features/Cards/Sources/Views/CardCell.swift:85:38: warning: Fatal Error Message Violation: A fatalError call should have a message (fatal_error_message)
/Users/darisadam/Documents/Projects/iOS Apps/madabank-ios/Madabank/Modules/Features/Cards/Sources/Views/CardCell.swift:1:1: warning: File Header Violation: Header comments should be consistent with project patterns (file_header)
/Users/darisadam/Documents/Projects/iOS Apps/madabank-ios/Madabank/Modules/Features/Cards/Sources/Views/CardCell.swift:10:13: warning: Identifier Name Violation: Variable name 'v' should be between 2 and 60 characters long (identifier_name)
/Users/darisadam/Documents/Projects/iOS Apps/madabank-ios/Madabank/Modules/Features/Cards/Sources/Views/CardCell.swift:17:13: warning: Identifier Name Violation: Variable name 'l' should be between 2 and 60 characters long (identifier_name)
/Users/darisadam/Documents/Projects/iOS Apps/madabank-ios/Madabank/Modules/Features/Cards/Sources/Views/CardCell.swift:24:13: warning: Identifier Name Violation: Variable name 'l' should be between 2 and 60 characters long (identifier_name)
/Users/darisadam/Documents/Projects/iOS Apps/madabank-ios/Madabank/Modules/Features/Cards/Sources/Views/CardCell.swift:39:13: warning: Identifier Name Violation: Variable name 'l' should be between 2 and 60 characters long (identifier_name)
/Users/darisadam/Documents/Projects/iOS Apps/madabank-ios/Madabank/Modules/Features/Cards/Sources/Views/CardCell.swift:47:13: warning: Identifier Name Violation: Variable name 'l' should be between 2 and 60 characters long (identifier_name)
/Users/darisadam/Documents/Projects/iOS Apps/madabank-ios/Madabank/Modules/Features/Cards/Sources/Views/CardCell.swift:54:13: warning: Identifier Name Violation: Variable name 'l' should be between 2 and 60 characters long (identifier_name)
/Users/darisadam/Documents/Projects/iOS Apps/madabank-ios/Madabank/Modules/Features/Cards/Sources/Views/CardCell.swift:61:13: warning: Identifier Name Violation: Variable name 'l' should be between 2 and 60 characters long (identifier_name)
/Users/darisadam/Documents/Projects/iOS Apps/madabank-ios/Madabank/Modules/Features/Cards/Sources/Views/CardCell.swift:69:13: warning: Identifier Name Violation: Variable name 'l' should be between 2 and 60 characters long (identifier_name)
Linting 'TransactionsViewModel.swift' (28/132)
Linting 'TransferViewModel.swift' (29/132)
/Users/darisadam/Documents/Projects/iOS Apps/madabank-ios/Madabank/Modules/Features/Cards/Sources/Views/CardsViewController.swift:42:38: warning: Fatal Error Message Violation: A fatalError call should have a message (fatal_error_message)
/Users/darisadam/Documents/Projects/iOS Apps/madabank-ios/Madabank/Modules/Features/Cards/Sources/Views/CardsViewController.swift:1:1: warning: File Header Violation: Header comments should be consistent with project patterns (file_header)
Linting 'BeneficiariesListViewModel.swift' (30/132)
/Users/darisadam/Documents/Projects/iOS Apps/madabank-ios/Madabank/Modules/Features/Cards/Sources/Views/CardDetailViewController.swift:29:38: warning: Fatal Error Message Violation: A fatalError call should have a message (fatal_error_message)
/Users/darisadam/Documents/Projects/iOS Apps/madabank-ios/Madabank/Modules/Features/Cards/Sources/Views/CardDetailViewController.swift:1:1: warning: File Header Violation: Header comments should be consistent with project patterns (file_header)
Linting 'QRPaymentViewModel.swift' (31/132)
/Users/darisadam/Documents/Projects/iOS Apps/madabank-ios/Madabank/Modules/Features/Auth/Sources/Views/RegisterViewController.swift:1:1: warning: File Header Violation: Header comments should be consistent with project patterns (file_header)
Linting 'ManageFundsViewModel.swift' (32/132)
/Users/darisadam/Documents/Projects/iOS Apps/madabank-ios/Madabank/Modules/Features/Transactions/Sources/ViewModels/TransferViewModel.swift:131:17: warning: Closure End Indentation Violation: expected 17, got 16 (closure_end_indentation)
/Users/darisadam/Documents/Projects/iOS Apps/madabank-ios/Madabank/Modules/Features/Transactions/Sources/ViewModels/TransferViewModel.swift:1:1: warning: File Header Violation: Header comments should be consistent with project patterns (file_header)
/Users/darisadam/Documents/Projects/iOS Apps/madabank-ios/Madabank/Modules/Features/Transactions/Sources/ViewModels/TransferViewModel.swift:51:32: warning: Trailing Closure Violation: Trailing closure syntax should be used whenever possible (trailing_closure)
/Users/darisadam/Documents/Projects/iOS Apps/madabank-ios/Madabank/Modules/Features/Transactions/Sources/ViewModels/TransferViewModel.swift:56:32: warning: Trailing Closure Violation: Trailing closure syntax should be used whenever possible (trailing_closure)
/Users/darisadam/Documents/Projects/iOS Apps/madabank-ios/Madabank/Modules/Features/Transactions/Sources/ViewModels/TransferViewModel.swift:62:32: warning: Trailing Closure Violation: Trailing closure syntax should be used whenever possible (trailing_closure)
Linting 'TransactionDetailViewModel.swift' (33/132)
/Users/darisadam/Documents/Projects/iOS Apps/madabank-ios/Madabank/Modules/Features/Cards/Project.swift:1:1: warning: File Header Violation: Header comments should be consistent with project patterns (file_header)
Linting 'Modules/Features/Transactions/Project.swift' (34/132)
/Users/darisadam/Documents/Projects/iOS Apps/madabank-ios/Madabank/Modules/Features/Transactions/Sources/ViewModels/BeneficiariesListViewModel.swift:1:1: warning: File Header Violation: Header comments should be consistent with project patterns (file_header)
/Users/darisadam/Documents/Projects/iOS Apps/madabank-ios/Madabank/Modules/Features/Transactions/Sources/ViewModels/BeneficiariesListViewModel.swift:56:32: warning: Trailing Closure Violation: Trailing closure syntax should be used whenever possible (trailing_closure)
/Users/darisadam/Documents/Projects/iOS Apps/madabank-ios/Madabank/Modules/Features/Transactions/Sources/ViewModels/BeneficiariesListViewModel.swift:62:32: warning: Trailing Closure Violation: Trailing closure syntax should be used whenever possible (trailing_closure)
/Users/darisadam/Documents/Projects/iOS Apps/madabank-ios/Madabank/Modules/Features/Transactions/Sources/ViewModels/BeneficiariesListViewModel.swift:68:32: warning: Trailing Closure Violation: Trailing closure syntax should be used whenever possible (trailing_closure)
Linting 'TransferViewController.swift' (35/132)
/Users/darisadam/Documents/Projects/iOS Apps/madabank-ios/Madabank/Modules/Features/Transactions/Sources/ViewModels/ManageFundsViewModel.swift:1:1: warning: File Header Violation: Header comments should be consistent with project patterns (file_header)
/Users/darisadam/Documents/Projects/iOS Apps/madabank-ios/Madabank/Modules/Features/Transactions/Sources/ViewModels/ManageFundsViewModel.swift:64:32: warning: Trailing Closure Violation: Trailing closure syntax should be used whenever possible (trailing_closure)
/Users/darisadam/Documents/Projects/iOS Apps/madabank-ios/Madabank/Modules/Features/Transactions/Sources/ViewModels/ManageFundsViewModel.swift:69:32: warning: Trailing Closure Violation: Trailing closure syntax should be used whenever possible (trailing_closure)
Linting 'ManageFundsViewController.swift' (36/132)
/Users/darisadam/Documents/Projects/iOS Apps/madabank-ios/Madabank/Modules/Features/Transactions/Sources/ViewModels/TransactionsViewModel.swift:1:1: warning: File Header Violation: Header comments should be consistent with project patterns (file_header)
Linting 'TransactionDetailViewController.swift' (37/132)
/Users/darisadam/Documents/Projects/iOS Apps/madabank-ios/Madabank/Modules/Features/Transactions/Sources/Transactions.swift:1:1: warning: File Header Violation: Header comments should be consistent with project patterns (file_header)
/Users/darisadam/Documents/Projects/iOS Apps/madabank-ios/Madabank/Modules/Features/Transactions/Sources/Transactions.swift:127:1: warning: Vertical Whitespace Violation: Limit vertical whitespace to a single empty line; currently 2 (vertical_whitespace)
Linting 'BeneficiariesListViewController.swift' (38/132)
/Users/darisadam/Documents/Projects/iOS Apps/madabank-ios/Madabank/Modules/Features/Transactions/Sources/ViewModels/TransactionDetailViewModel.swift:1:1: warning: File Header Violation: Header comments should be consistent with project patterns (file_header)
/Users/darisadam/Documents/Projects/iOS Apps/madabank-ios/Madabank/Modules/Features/Transactions/Sources/ViewModels/TransactionDetailViewModel.swift:38:32: warning: Trailing Closure Violation: Trailing closure syntax should be used whenever possible (trailing_closure)
Linting 'TransactionsViewController.swift' (39/132)
/Users/darisadam/Documents/Projects/iOS Apps/madabank-ios/Madabank/Modules/Features/Transactions/Sources/Views/TransferViewController.swift:1:1: warning: File Header Violation: Header comments should be consistent with project patterns (file_header)
/Users/darisadam/Documents/Projects/iOS Apps/madabank-ios/Madabank/Modules/Features/Transactions/Sources/Views/TransferViewController.swift:105:17: warning: Implicit Return Violation: Prefer implicit returns in closures, functions and getters (implicit_return)
/Users/darisadam/Documents/Projects/iOS Apps/madabank-ios/Madabank/Modules/Features/Transactions/Sources/Views/TransferViewController.swift:37:21: warning: Modifier Order Violation: override modifier should come before public (modifier_order)
/Users/darisadam/Documents/Projects/iOS Apps/madabank-ios/Madabank/Modules/Features/Transactions/Sources/Views/TransferViewController.swift:117:32: warning: Trailing Closure Violation: Trailing closure syntax should be used whenever possible (trailing_closure)
/Users/darisadam/Documents/Projects/iOS Apps/madabank-ios/Madabank/Modules/Features/Transactions/Sources/Views/TransferViewController.swift:153:32: warning: Trailing Closure Violation: Trailing closure syntax should be used whenever possible (trailing_closure)
/Users/darisadam/Documents/Projects/iOS Apps/madabank-ios/Madabank/Modules/Features/Transactions/Sources/Views/TransferViewController.swift:159:32: warning: Trailing Closure Violation: Trailing closure syntax should be used whenever possible (trailing_closure)
Linting 'QRScannerViewController.swift' (40/132)
/Users/darisadam/Documents/Projects/iOS Apps/madabank-ios/Madabank/Modules/Features/Transactions/Sources/Views/ManageFundsViewController.swift:1:1: warning: File Header Violation: Header comments should be consistent with project patterns (file_header)
/Users/darisadam/Documents/Projects/iOS Apps/madabank-ios/Madabank/Modules/Features/Transactions/Sources/Views/ManageFundsViewController.swift:82:65: warning: Implicit Return Violation: Prefer implicit returns in closures, functions and getters (implicit_return)
/Users/darisadam/Documents/Projects/iOS Apps/madabank-ios/Madabank/Modules/Features/Transactions/Sources/Views/ManageFundsViewController.swift:30:21: warning: Modifier Order Violation: override modifier should come before public (modifier_order)
/Users/darisadam/Documents/Projects/iOS Apps/madabank-ios/Madabank/Modules/Features/Transactions/Sources/Views/ManageFundsViewController.swift:106:11: warning: Multiline Function Chains Violation: Chained function calls should be either on the same line, or one per line (multiline_function_chains)
/Users/darisadam/Documents/Projects/iOS Apps/madabank-ios/Madabank/Modules/Features/Transactions/Sources/Views/ManageFundsViewController.swift:88:32: warning: Trailing Closure Violation: Trailing closure syntax should be used whenever possible (trailing_closure)
/Users/darisadam/Documents/Projects/iOS Apps/madabank-ios/Madabank/Modules/Features/Transactions/Sources/Views/ManageFundsViewController.swift:104:43: warning: Trailing Closure Violation: Trailing closure syntax should be used whenever possible (trailing_closure)
Linting 'QRPaymentViewController.swift' (41/132)
/Users/darisadam/Documents/Projects/iOS Apps/madabank-ios/Madabank/Modules/Features/Transactions/Sources/ViewModels/QRPaymentViewModel.swift:1:1: warning: File Header Violation: Header comments should be consistent with project patterns (file_header)
/Users/darisadam/Documents/Projects/iOS Apps/madabank-ios/Madabank/Modules/Features/Transactions/Sources/ViewModels/QRPaymentViewModel.swift:38:32: warning: Trailing Closure Violation: Trailing closure syntax should be used whenever possible (trailing_closure)
Linting 'Profile.swift' (42/132)
/Users/darisadam/Documents/Projects/iOS Apps/madabank-ios/Madabank/Modules/Features/Transactions/Sources/Views/BeneficiariesListViewController.swift:1:1: warning: File Header Violation: Header comments should be consistent with project patterns (file_header)
/Users/darisadam/Documents/Projects/iOS Apps/madabank-ios/Madabank/Modules/Features/Transactions/Sources/Views/BeneficiariesListViewController.swift:34:21: warning: Modifier Order Violation: override modifier should come before public (modifier_order)
/Users/darisadam/Documents/Projects/iOS Apps/madabank-ios/Madabank/Modules/Features/Transactions/Sources/Views/BeneficiariesListViewController.swift:41:21: warning: Modifier Order Violation: override modifier should come before public (modifier_order)
/Users/darisadam/Documents/Projects/iOS Apps/madabank-ios/Madabank/Modules/Features/Transactions/Sources/Views/BeneficiariesListViewController.swift:91:32: warning: Trailing Closure Violation: Trailing closure syntax should be used whenever possible (trailing_closure)
/Users/darisadam/Documents/Projects/iOS Apps/madabank-ios/Madabank/Modules/Features/Transactions/Sources/Views/BeneficiariesListViewController.swift:101:28: warning: Trailing Closure Violation: Trailing closure syntax should be used whenever possible (trailing_closure)
/Users/darisadam/Documents/Projects/iOS Apps/madabank-ios/Madabank/Modules/Features/Transactions/Sources/Views/BeneficiariesListViewController.swift:113:80: warning: Trailing Closure Violation: Trailing closure syntax should be used whenever possible (trailing_closure)
/Users/darisadam/Documents/Projects/iOS Apps/madabank-ios/Madabank/Modules/Features/Transactions/Sources/Views/BeneficiariesListViewController.swift:75:98: warning: Unused Closure Parameter Violation: Unused parameter in a closure should be replaced with _ (unused_closure_parameter)
/Users/darisadam/Documents/Projects/iOS Apps/madabank-ios/Madabank/Modules/Features/Transactions/Sources/Views/TransactionsViewController.swift:34:38: warning: Fatal Error Message Violation: A fatalError call should have a message (fatal_error_message)
/Users/darisadam/Documents/Projects/iOS Apps/madabank-ios/Madabank/Modules/Features/Transactions/Sources/Views/TransactionsViewController.swift:1:1: warning: File Header Violation: Header comments should be consistent with project patterns (file_header)
/Users/darisadam/Documents/Projects/iOS Apps/madabank-ios/Madabank/Modules/Features/Transactions/Sources/Views/TransactionsViewController.swift:84:32: warning: Trailing Closure Violation: Trailing closure syntax should be used whenever possible (trailing_closure)
Linting 'SettingsViewModel.swift' (43/132)
Linting 'ChangePasswordViewModel.swift' (44/132)
/Users/darisadam/Documents/Projects/iOS Apps/madabank-ios/Madabank/Modules/Features/Transactions/Sources/Views/TransactionDetailViewController.swift:26:38: warning: Fatal Error Message Violation: A fatalError call should have a message (fatal_error_message)
/Users/darisadam/Documents/Projects/iOS Apps/madabank-ios/Madabank/Modules/Features/Transactions/Sources/Views/TransactionDetailViewController.swift:1:1: warning: File Header Violation: Header comments should be consistent with project patterns (file_header)
/Users/darisadam/Documents/Projects/iOS Apps/madabank-ios/Madabank/Modules/Features/Transactions/Sources/Views/TransactionDetailViewController.swift:104:28: warning: Trailing Closure Violation: Trailing closure syntax should be used whenever possible (trailing_closure)
Linting 'EditProfileViewModel.swift' (45/132)
/Users/darisadam/Documents/Projects/iOS Apps/madabank-ios/Madabank/Modules/Features/Transactions/Sources/Views/QRPaymentViewController.swift:1:1: warning: File Header Violation: Header comments should be consistent with project patterns (file_header)
/Users/darisadam/Documents/Projects/iOS Apps/madabank-ios/Madabank/Modules/Features/Transactions/Sources/Views/QRPaymentViewController.swift:28:21: warning: Modifier Order Violation: override modifier should come before public (modifier_order)
/Users/darisadam/Documents/Projects/iOS Apps/madabank-ios/Madabank/Modules/Features/Transactions/Sources/Views/QRPaymentViewController.swift:79:11: warning: Multiline Function Chains Violation: Chained function calls should be either on the same line, or one per line (multiline_function_chains)
/Users/darisadam/Documents/Projects/iOS Apps/madabank-ios/Madabank/Modules/Features/Transactions/Sources/Views/QRPaymentViewController.swift:83:11: warning: Multiline Function Chains Violation: Chained function calls should be either on the same line, or one per line (multiline_function_chains)
/Users/darisadam/Documents/Projects/iOS Apps/madabank-ios/Madabank/Modules/Features/Transactions/Sources/Views/QRPaymentViewController.swift:77:43: warning: Trailing Closure Violation: Trailing closure syntax should be used whenever possible (trailing_closure)
/Users/darisadam/Documents/Projects/iOS Apps/madabank-ios/Madabank/Modules/Features/Transactions/Sources/Views/QRPaymentViewController.swift:81:45: warning: Trailing Closure Violation: Trailing closure syntax should be used whenever possible (trailing_closure)
/Users/darisadam/Documents/Projects/iOS Apps/madabank-ios/Madabank/Modules/Features/Transactions/Sources/Views/QRPaymentViewController.swift:96:80: warning: Trailing Closure Violation: Trailing closure syntax should be used whenever possible (trailing_closure)
/Users/darisadam/Documents/Projects/iOS Apps/madabank-ios/Madabank/Modules/Features/Transactions/Sources/Views/QRScannerViewController.swift:24:9: warning: Control Statement Violation: `if`, `for`, `guard`, `switch`, `while`, and `catch` statements shouldn't unnecessarily wrap their conditionals or arguments in parentheses (control_statement)
/Users/darisadam/Documents/Projects/iOS Apps/madabank-ios/Madabank/Modules/Features/Transactions/Sources/Views/QRScannerViewController.swift:33:9: warning: Control Statement Violation: `if`, `for`, `guard`, `switch`, `while`, and `catch` statements shouldn't unnecessarily wrap their conditionals or arguments in parentheses (control_statement)
/Users/darisadam/Documents/Projects/iOS Apps/madabank-ios/Madabank/Modules/Features/Transactions/Sources/Views/QRScannerViewController.swift:50:9: warning: Control Statement Violation: `if`, `for`, `guard`, `switch`, `while`, and `catch` statements shouldn't unnecessarily wrap their conditionals or arguments in parentheses (control_statement)
/Users/darisadam/Documents/Projects/iOS Apps/madabank-ios/Madabank/Modules/Features/Transactions/Sources/Views/QRScannerViewController.swift:59:9: warning: Control Statement Violation: `if`, `for`, `guard`, `switch`, `while`, and `catch` statements shouldn't unnecessarily wrap their conditionals or arguments in parentheses (control_statement)
/Users/darisadam/Documents/Projects/iOS Apps/madabank-ios/Madabank/Modules/Features/Transactions/Sources/Views/QRScannerViewController.swift:1:1: warning: File Header Violation: Header comments should be consistent with project patterns (file_header)
/Users/darisadam/Documents/Projects/iOS Apps/madabank-ios/Madabank/Modules/Features/Transactions/Sources/Views/QRScannerViewController.swift:116:9: warning: Implicit Return Violation: Prefer implicit returns in closures, functions and getters (implicit_return)
/Users/darisadam/Documents/Projects/iOS Apps/madabank-ios/Madabank/Modules/Features/Transactions/Sources/Views/QRScannerViewController.swift:120:9: warning: Implicit Return Violation: Prefer implicit returns in closures, functions and getters (implicit_return)
/Users/darisadam/Documents/Projects/iOS Apps/madabank-ios/Madabank/Modules/Features/Transactions/Sources/Views/QRScannerViewController.swift:15:21: warning: Modifier Order Violation: override modifier should come before public (modifier_order)
/Users/darisadam/Documents/Projects/iOS Apps/madabank-ios/Madabank/Modules/Features/Transactions/Sources/Views/QRScannerViewController.swift:22:21: warning: Modifier Order Violation: override modifier should come before public (modifier_order)
/Users/darisadam/Documents/Projects/iOS Apps/madabank-ios/Madabank/Modules/Features/Transactions/Sources/Views/QRScannerViewController.swift:31:21: warning: Modifier Order Violation: override modifier should come before public (modifier_order)
/Users/darisadam/Documents/Projects/iOS Apps/madabank-ios/Madabank/Modules/Features/Transactions/Sources/Views/QRScannerViewController.swift:115:21: warning: Modifier Order Violation: override modifier should come before public (modifier_order)
/Users/darisadam/Documents/Projects/iOS Apps/madabank-ios/Madabank/Modules/Features/Transactions/Sources/Views/QRScannerViewController.swift:119:21: warning: Modifier Order Violation: override modifier should come before public (modifier_order)
Linting 'ProfileViewModel.swift' (46/132)
Linting 'ChangePasswordViewController.swift' (47/132)
/Users/darisadam/Documents/Projects/iOS Apps/madabank-ios/Madabank/Modules/Features/Profile/Sources/ViewModels/SettingsViewModel.swift:1:1: warning: File Header Violation: Header comments should be consistent with project patterns (file_header)
Linting 'Modules/Features/Profile/Project.swift' (48/132)
/Users/darisadam/Documents/Projects/iOS Apps/madabank-ios/Madabank/Modules/Features/Profile/Sources/ViewModels/EditProfileViewModel.swift:1:1: warning: File Header Violation: Header comments should be consistent with project patterns (file_header)
Linting 'EditProfileViewController.swift' (49/132)
/Users/darisadam/Documents/Projects/iOS Apps/madabank-ios/Madabank/Modules/Features/Profile/Sources/Views/ChangePasswordViewController.swift:1:1: warning: File Header Violation: Header comments should be consistent with project patterns (file_header)
Linting 'ProfileViewController.swift' (50/132)
/Users/darisadam/Documents/Projects/iOS Apps/madabank-ios/Madabank/Modules/Features/Transactions/Project.swift:1:1: warning: File Header Violation: Header comments should be consistent with project patterns (file_header)
Linting 'SettingsViewController.swift' (51/132)
/Users/darisadam/Documents/Projects/iOS Apps/madabank-ios/Madabank/Modules/Features/Profile/Sources/Views/EditProfileViewController.swift:1:1: warning: File Header Violation: Header comments should be consistent with project patterns (file_header)
Linting 'Accounts.swift' (52/132)
/Users/darisadam/Documents/Projects/iOS Apps/madabank-ios/Madabank/Modules/Features/Profile/Sources/Views/SettingsViewController.swift:1:1: warning: File Header Violation: Header comments should be consistent with project patterns (file_header)
/Users/darisadam/Documents/Projects/iOS Apps/madabank-ios/Madabank/Modules/Features/Profile/Sources/Views/SettingsViewController.swift:179:86: warning: Trailing Closure Violation: Trailing closure syntax should be used whenever possible (trailing_closure)
Linting 'CreateAccountViewModel.swift' (53/132)
/Users/darisadam/Documents/Projects/iOS Apps/madabank-ios/Madabank/Modules/Features/Profile/Sources/Views/ProfileViewController.swift:22:38: warning: Fatal Error Message Violation: A fatalError call should have a message (fatal_error_message)
/Users/darisadam/Documents/Projects/iOS Apps/madabank-ios/Madabank/Modules/Features/Profile/Sources/Views/ProfileViewController.swift:1:1: warning: File Header Violation: Header comments should be consistent with project patterns (file_header)
/Users/darisadam/Documents/Projects/iOS Apps/madabank-ios/Madabank/Modules/Features/Profile/Sources/Views/ProfileViewController.swift:12:13: warning: Identifier Name Violation: Variable name 'b' should be between 2 and 60 characters long (identifier_name)
/Users/darisadam/Documents/Projects/iOS Apps/madabank-ios/Madabank/Modules/Features/Accounts/Sources/Accounts.swift:1:1: warning: File Header Violation: Header comments should be consistent with project patterns (file_header)
Linting 'AccountsViewModel.swift' (54/132)
Linting 'AccountDetailViewModel.swift' (55/132)
/Users/darisadam/Documents/Projects/iOS Apps/madabank-ios/Madabank/Modules/Features/Accounts/Sources/ViewModels/CreateAccountViewModel.swift:1:1: warning: File Header Violation: Header comments should be consistent with project patterns (file_header)
Linting 'AccountDetailViewController.swift' (56/132)
/Users/darisadam/Documents/Projects/iOS Apps/madabank-ios/Madabank/Modules/Features/Profile/Sources/ViewModels/ChangePasswordViewModel.swift:1:1: warning: File Header Violation: Header comments should be consistent with project patterns (file_header)
Linting 'AccountsViewController.swift' (57/132)
/Users/darisadam/Documents/Projects/iOS Apps/madabank-ios/Madabank/Modules/Features/Accounts/Sources/ViewModels/AccountsViewModel.swift:1:1: warning: File Header Violation: Header comments should be consistent with project patterns (file_header)
Linting 'Modules/Features/Accounts/Project.swift' (58/132)
/Users/darisadam/Documents/Projects/iOS Apps/madabank-ios/Madabank/Modules/Features/Accounts/Sources/Views/AccountDetailViewController.swift:1:1: warning: File Header Violation: Header comments should be consistent with project patterns (file_header)
Linting 'CreateAccountViewController.swift' (59/132)
/Users/darisadam/Documents/Projects/iOS Apps/madabank-ios/Madabank/Modules/Features/Accounts/Sources/ViewModels/AccountDetailViewModel.swift:1:1: warning: File Header Violation: Header comments should be consistent with project patterns (file_header)
/Users/darisadam/Documents/Projects/iOS Apps/madabank-ios/Madabank/Modules/Features/Profile/Sources/ViewModels/ProfileViewModel.swift:1:1: warning: File Header Violation: Header comments should be consistent with project patterns (file_header)
Linting 'LanguageManager.swift' (60/132)
Linting 'Modules/Shared/Core/Project.swift' (61/132)
/Users/darisadam/Documents/Projects/iOS Apps/madabank-ios/Madabank/Modules/Features/Accounts/Sources/Views/CreateAccountViewController.swift:1:1: warning: File Header Violation: Header comments should be consistent with project patterns (file_header)
Linting 'KeychainManager.swift' (62/132)
/Users/darisadam/Documents/Projects/iOS Apps/madabank-ios/Madabank/Modules/Features/Accounts/Project.swift:1:1: warning: File Header Violation: Header comments should be consistent with project patterns (file_header)
Linting 'ThemeManager.swift' (63/132)
/Users/darisadam/Documents/Projects/iOS Apps/madabank-ios/Madabank/Modules/Features/Accounts/Sources/Views/AccountsViewController.swift:1:1: warning: File Header Violation: Header comments should be consistent with project patterns (file_header)
Linting 'Core.swift' (64/132)
/Users/darisadam/Documents/Projects/iOS Apps/madabank-ios/Madabank/Modules/Shared/Core/Sources/KeychainManager.swift:1:1: warning: File Header Violation: Header comments should be consistent with project patterns (file_header)
/Users/darisadam/Documents/Projects/iOS Apps/madabank-ios/Madabank/Modules/Shared/Core/Sources/ThemeManager.swift:1:1: warning: File Header Violation: Header comments should be consistent with project patterns (file_header)
Linting 'TokenManager.swift' (65/132)
Linting 'Networking.swift' (66/132)
/Users/darisadam/Documents/Projects/iOS Apps/madabank-ios/Madabank/Modules/Shared/Core/Sources/LanguageManager.swift:1:1: warning: File Header Violation: Header comments should be consistent with project patterns (file_header)
Linting 'TokenRefreshInterceptor.swift' (67/132)
/Users/darisadam/Documents/Projects/iOS Apps/madabank-ios/Madabank/Modules/Shared/Core/Sources/Core.swift:1:1: warning: File Header Violation: Header comments should be consistent with project patterns (file_header)
Linting 'UserModels.swift' (68/132)
/Users/darisadam/Documents/Projects/iOS Apps/madabank-ios/Madabank/Modules/Shared/Core/Sources/TokenManager.swift:1:1: warning: File Header Violation: Header comments should be consistent with project patterns (file_header)
Linting 'APIEndpoint.swift' (69/132)
/Users/darisadam/Documents/Projects/iOS Apps/madabank-ios/Madabank/Modules/Shared/Networking/Sources/TokenRefreshInterceptor.swift:1:1: warning: File Header Violation: Header comments should be consistent with project patterns (file_header)
/Users/darisadam/Documents/Projects/iOS Apps/madabank-ios/Madabank/Modules/Shared/Networking/Sources/TokenRefreshInterceptor.swift:16:79: warning: Force Unwrapping Violation: Force unwrapping should be avoided (force_unwrapping)
Linting 'AccountModels.swift' (70/132)
/Users/darisadam/Documents/Projects/iOS Apps/madabank-ios/Madabank/Modules/Shared/Networking/Sources/Models/AccountModels.swift:1:1: warning: File Header Violation: Header comments should be consistent with project patterns (file_header)
Linting 'AuthModels.swift' (71/132)
/Users/darisadam/Documents/Projects/iOS Apps/madabank-ios/Madabank/Modules/Shared/Networking/Sources/Networking.swift:1:1: warning: File Header Violation: Header comments should be consistent with project patterns (file_header)
Linting 'CardModels.swift' (72/132)
/Users/darisadam/Documents/Projects/iOS Apps/madabank-ios/Madabank/Modules/Shared/Networking/Sources/Models/UserModels.swift:1:1: warning: File Header Violation: Header comments should be consistent with project patterns (file_header)
Linting 'Modules/Shared/Networking/Project.swift' (73/132)
/Users/darisadam/Documents/Projects/iOS Apps/madabank-ios/Madabank/Modules/Shared/Networking/Sources/Models/CardModels.swift:1:1: warning: File Header Violation: Header comments should be consistent with project patterns (file_header)
Linting 'TransactionModels.swift' (74/132)
/Users/darisadam/Documents/Projects/iOS Apps/madabank-ios/Madabank/Modules/Features/Profile/Project.swift:1:1: warning: File Header Violation: Header comments should be consistent with project patterns (file_header)
Linting 'NetworkManager.swift' (75/132)
/Users/darisadam/Documents/Projects/iOS Apps/madabank-ios/Madabank/Modules/Shared/Core/Project.swift:1:1: warning: File Header Violation: Header comments should be consistent with project patterns (file_header)
Linting 'MockResponseProvider.swift' (76/132)
/Users/darisadam/Documents/Projects/iOS Apps/madabank-ios/Madabank/Modules/Shared/Networking/Sources/Models/TransactionModels.swift:1:1: warning: File Header Violation: Header comments should be consistent with project patterns (file_header)
/Users/darisadam/Documents/Projects/iOS Apps/madabank-ios/Madabank/Modules/Shared/Networking/Project.swift:1:1: warning: File Header Violation: Header comments should be consistent with project patterns (file_header)
Linting 'AuthInterceptor.swift' (77/132)
Linting 'MBTextField.swift' (78/132)
/Users/darisadam/Documents/Projects/iOS Apps/madabank-ios/Madabank/Modules/Shared/Networking/Sources/Service/NetworkManager.swift:47:18: warning: No print statements Violation: Use proper logging instead of print() (no_print)
/Users/darisadam/Documents/Projects/iOS Apps/madabank-ios/Madabank/Modules/Shared/Networking/Sources/Service/NetworkManager.swift:1:1: warning: File Header Violation: Header comments should be consistent with project patterns (file_header)
Linting 'Typography.swift' (79/132)
/Users/darisadam/Documents/Projects/iOS Apps/madabank-ios/Madabank/Modules/Shared/Networking/Sources/Endpoints/APIEndpoint.swift:1:1: warning: File Header Violation: Header comments should be consistent with project patterns (file_header)
/Users/darisadam/Documents/Projects/iOS Apps/madabank-ios/Madabank/Modules/Shared/Networking/Sources/Endpoints/APIEndpoint.swift:33:5: warning: Vertical Whitespace Violation: Limit vertical whitespace to a single empty line; currently 2 (vertical_whitespace)
/Users/darisadam/Documents/Projects/iOS Apps/madabank-ios/Madabank/Modules/Shared/Networking/Sources/Endpoints/APIEndpoint.swift:125:5: warning: Vertical Whitespace Violation: Limit vertical whitespace to a single empty line; currently 2 (vertical_whitespace)
Linting 'CommonUI.swift' (80/132)
/Users/darisadam/Documents/Projects/iOS Apps/madabank-ios/Madabank/Modules/Shared/CommonUI/Sources/Typography.swift:1:1: warning: File Header Violation: Header comments should be consistent with project patterns (file_header)
/Users/darisadam/Documents/Projects/iOS Apps/madabank-ios/Madabank/Modules/Shared/Networking/Sources/Service/AuthInterceptor.swift:1:1: warning: File Header Violation: Header comments should be consistent with project patterns (file_header)
Linting 'ColorSystem.swift' (81/132)
Linting 'MBButton.swift' (82/132)
/Users/darisadam/Documents/Projects/iOS Apps/madabank-ios/Madabank/Modules/Shared/CommonUI/Sources/CommonUI.swift:1:1: warning: File Header Violation: Header comments should be consistent with project patterns (file_header)
/Users/darisadam/Documents/Projects/iOS Apps/madabank-ios/Madabank/Modules/Shared/CommonUI/Sources/MBTextField.swift:1:1: warning: File Header Violation: Header comments should be consistent with project patterns (file_header)
Linting 'PasswordStrengthView.swift' (83/132)
Linting 'MBLabel.swift' (84/132)
/Users/darisadam/Documents/Projects/iOS Apps/madabank-ios/Madabank/Modules/Shared/Networking/Sources/Service/MockResponseProvider.swift:40:13: warning: No print statements Violation: Use proper logging instead of print() (no_print)
/Users/darisadam/Documents/Projects/iOS Apps/madabank-ios/Madabank/Modules/Shared/Networking/Sources/Service/MockResponseProvider.swift:47:13: warning: No print statements Violation: Use proper logging instead of print() (no_print)
/Users/darisadam/Documents/Projects/iOS Apps/madabank-ios/Madabank/Modules/Shared/Networking/Sources/Service/MockResponseProvider.swift:1:1: warning: File Header Violation: Header comments should be consistent with project patterns (file_header)
Linting 'Modules/Shared/CommonUI/Project.swift' (85/132)
/Users/darisadam/Documents/Projects/iOS Apps/madabank-ios/Madabank/Modules/Shared/CommonUI/Sources/Components/PasswordStrengthView.swift:1:1: warning: File Header Violation: Header comments should be consistent with project patterns (file_header)
Linting 'Data.swift' (86/132)
/Users/darisadam/Documents/Projects/iOS Apps/madabank-ios/Madabank/Modules/Shared/CommonUI/Project.swift:1:1: warning: File Header Violation: Header comments should be consistent with project patterns (file_header)
Linting 'UserRepository.swift' (87/132)
/Users/darisadam/Documents/Projects/iOS Apps/madabank-ios/Madabank/Modules/Shared/Networking/Sources/Models/AuthModels.swift:1:1: warning: File Header Violation: Header comments should be consistent with project patterns (file_header)
/Users/darisadam/Documents/Projects/iOS Apps/madabank-ios/Madabank/Modules/Shared/Data/Sources/Data.swift:1:1: warning: File Header Violation: Header comments should be consistent with project patterns (file_header)
Linting 'AuthRepository.swift' (88/132)
Linting 'Environment.swift' (89/132)
/Users/darisadam/Documents/Projects/iOS Apps/madabank-ios/Madabank/Modules/Shared/CommonUI/Sources/MBButton.swift:1:1: warning: File Header Violation: Header comments should be consistent with project patterns (file_header)
/Users/darisadam/Documents/Projects/iOS Apps/madabank-ios/Madabank/Modules/Shared/Data/Sources/Repositories/UserRepository.swift:1:1: warning: File Header Violation: Header comments should be consistent with project patterns (file_header)
Linting 'BeneficiaryRepository.swift' (90/132)
Linting 'CardRepository.swift' (91/132)
/Users/darisadam/Documents/Projects/iOS Apps/madabank-ios/Madabank/Modules/Shared/CommonUI/Sources/ColorSystem.swift:1:1: warning: File Header Violation: Header comments should be consistent with project patterns (file_header)
Linting 'Modules/Shared/Data/Project.swift' (92/132)
/Users/darisadam/Documents/Projects/iOS Apps/madabank-ios/Madabank/Modules/Shared/Networking/Sources/Service/Environment.swift:1:1: warning: File Header Violation: Header comments should be consistent with project patterns (file_header)
/Users/darisadam/Documents/Projects/iOS Apps/madabank-ios/Madabank/Modules/Shared/Networking/Sources/Service/Environment.swift:28:9: warning: Implicit Return Violation: Prefer implicit returns in closures, functions and getters (implicit_return)
Linting 'TransactionRepository.swift' (93/132)
/Users/darisadam/Documents/Projects/iOS Apps/madabank-ios/Madabank/Modules/Shared/CommonUI/Sources/Components/MBLabel.swift:1:1: warning: File Header Violation: Header comments should be consistent with project patterns (file_header)
Linting 'AccountRepository.swift' (94/132)
/Users/darisadam/Documents/Projects/iOS Apps/madabank-ios/Madabank/Modules/Shared/Data/Sources/Repositories/AuthRepository.swift:1:1: warning: File Header Violation: Header comments should be consistent with project patterns (file_header)
Linting 'AccountMapper.swift' (95/132)
/Users/darisadam/Documents/Projects/iOS Apps/madabank-ios/Madabank/Modules/Shared/Data/Project.swift:1:1: warning: File Header Violation: Header comments should be consistent with project patterns (file_header)
/Users/darisadam/Documents/Projects/iOS Apps/madabank-ios/Madabank/Modules/Shared/Data/Sources/Repositories/TransactionRepository.swift:1:1: warning: File Header Violation: Header comments should be consistent with project patterns (file_header)
/Users/darisadam/Documents/Projects/iOS Apps/madabank-ios/Madabank/Modules/Shared/Data/Sources/Repositories/CardRepository.swift:1:1: warning: File Header Violation: Header comments should be consistent with project patterns (file_header)
Linting 'Domain.swift' (96/132)
Linting 'TransactionMapper.swift' (97/132)
Linting 'DepositUseCase.swift' (98/132)
/Users/darisadam/Documents/Projects/iOS Apps/madabank-ios/Madabank/Modules/Shared/Data/Sources/Repositories/AccountRepository.swift:1:1: warning: File Header Violation: Header comments should be consistent with project patterns (file_header)
Linting 'GetProfileUseCase.swift' (99/132)
/Users/darisadam/Documents/Projects/iOS Apps/madabank-ios/Madabank/Modules/Shared/Data/Sources/Mappers/AccountMapper.swift:1:1: warning: File Header Violation: Header comments should be consistent with project patterns (file_header)
Linting 'TransferMoneyUseCase.swift' (100/132)
/Users/darisadam/Documents/Projects/iOS Apps/madabank-ios/Madabank/Modules/Shared/Data/Sources/Repositories/BeneficiaryRepository.swift:1:1: warning: File Header Violation: Header comments should be consistent with project patterns (file_header)
Linting 'GetAccountDetailsUseCase.swift' (101/132)
/Users/darisadam/Documents/Projects/iOS Apps/madabank-ios/Madabank/Modules/Shared/Domain/Sources/Domain.swift:1:1: warning: File Header Violation: Header comments should be consistent with project patterns (file_header)
/Users/darisadam/Documents/Projects/iOS Apps/madabank-ios/Madabank/Modules/Shared/Domain/Sources/Domain.swift:3:1: warning: Orphaned Doc Comment Violation: A doc comment should be attached to a declaration (orphaned_doc_comment)
/Users/darisadam/Documents/Projects/iOS Apps/madabank-ios/Madabank/Modules/Shared/Domain/Sources/UseCases/DepositUseCase.swift:1:1: warning: File Header Violation: Header comments should be consistent with project patterns (file_header)
/Users/darisadam/Documents/Projects/iOS Apps/madabank-ios/Madabank/Modules/Shared/Domain/Sources/UseCases/GetAccountDetailsUseCase.swift:1:1: warning: File Header Violation: Header comments should be consistent with project patterns (file_header)
Linting 'UpdateProfileUseCase.swift' (102/132)
Linting 'RegisterUseCase.swift' (103/132)
/Users/darisadam/Documents/Projects/iOS Apps/madabank-ios/Madabank/Modules/Shared/Data/Sources/Mappers/TransactionMapper.swift:1:1: warning: File Header Violation: Header comments should be consistent with project patterns (file_header)
Linting 'GetTransactionsUseCase.swift' (104/132)
Linting 'GetAccountsUseCase.swift' (105/132)
/Users/darisadam/Documents/Projects/iOS Apps/madabank-ios/Madabank/Modules/Shared/Domain/Sources/UseCases/UpdateProfileUseCase.swift:1:1: warning: File Header Violation: Header comments should be consistent with project patterns (file_header)
Linting 'LoginUseCase.swift' (106/132)
/Users/darisadam/Documents/Projects/iOS Apps/madabank-ios/Madabank/Modules/Shared/Domain/Sources/UseCases/TransferMoneyUseCase.swift:1:1: warning: File Header Violation: Header comments should be consistent with project patterns (file_header)
Linting 'GetCardsUseCase.swift' (107/132)
/Users/darisadam/Documents/Projects/iOS Apps/madabank-ios/Madabank/Modules/Shared/Domain/Sources/UseCases/LoginUseCase.swift:1:1: warning: File Header Violation: Header comments should be consistent with project patterns (file_header)
Linting 'Modules/Shared/Domain/Project.swift' (108/132)
/Users/darisadam/Documents/Projects/iOS Apps/madabank-ios/Madabank/Modules/Shared/Domain/Sources/UseCases/GetAccountsUseCase.swift:1:1: warning: File Header Violation: Header comments should be consistent with project patterns (file_header)
Linting 'DeleteProfileUseCase.swift' (109/132)
/Users/darisadam/Documents/Projects/iOS Apps/madabank-ios/Madabank/Modules/Shared/Domain/Project.swift:1:1: warning: File Header Violation: Header comments should be consistent with project patterns (file_header)
Linting 'CheckSystemStatusUseCase.swift' (110/132)
/Users/darisadam/Documents/Projects/iOS Apps/madabank-ios/Madabank/Modules/Shared/Domain/Sources/UseCases/GetTransactionsUseCase.swift:1:1: warning: File Header Violation: Header comments should be consistent with project patterns (file_header)
Linting 'WithdrawUseCase.swift' (111/132)
/Users/darisadam/Documents/Projects/iOS Apps/madabank-ios/Madabank/Modules/Shared/Domain/Sources/UseCases/DeleteProfileUseCase.swift:1:1: warning: File Header Violation: Header comments should be consistent with project patterns (file_header)
Linting 'GetUserProfileUseCase.swift' (112/132)
/Users/darisadam/Documents/Projects/iOS Apps/madabank-ios/Madabank/Modules/Shared/Domain/Sources/UseCases/GetCardsUseCase.swift:1:1: warning: File Header Violation: Header comments should be consistent with project patterns (file_header)
Linting 'CreateAccountUseCase.swift' (113/132)
/Users/darisadam/Documents/Projects/iOS Apps/madabank-ios/Madabank/Modules/Shared/Domain/Sources/UseCases/WithdrawUseCase.swift:1:1: warning: File Header Violation: Header comments should be consistent with project patterns (file_header)
/Users/darisadam/Documents/Projects/iOS Apps/madabank-ios/Madabank/Modules/Shared/Domain/Sources/UseCases/CheckSystemStatusUseCase.swift:1:1: warning: File Header Violation: Header comments should be consistent with project patterns (file_header)
Linting 'GetAccountBalanceUseCase.swift' (114/132)
Linting 'GetRecentTransactionsUseCase.swift' (115/132)
/Users/darisadam/Documents/Projects/iOS Apps/madabank-ios/Madabank/Modules/Shared/Domain/Sources/UseCases/GetProfileUseCase.swift:1:1: warning: File Header Violation: Header comments should be consistent with project patterns (file_header)
/Users/darisadam/Documents/Projects/iOS Apps/madabank-ios/Madabank/Modules/Shared/Domain/Sources/UseCases/RegisterUseCase.swift:1:1: warning: File Header Violation: Header comments should be consistent with project patterns (file_header)
Linting 'GetBeneficiariesUseCase.swift' (117/132)
/Users/darisadam/Documents/Projects/iOS Apps/madabank-ios/Madabank/Modules/Shared/Domain/Sources/UseCases/CreateAccountUseCase.swift:1:1: warning: File Header Violation: Header comments should be consistent with project patterns (file_header)
Linting 'AddBeneficiaryUseCase.swift' (116/132)
Linting 'GetTransactionDetailsUseCase.swift' (118/132)
/Users/darisadam/Documents/Projects/iOS Apps/madabank-ios/Madabank/Modules/Shared/Domain/Sources/UseCases/GetRecentTransactionsUseCase.swift:1:1: warning: File Header Violation: Header comments should be consistent with project patterns (file_header)
Linting 'ChangePasswordUseCase.swift' (119/132)
/Users/darisadam/Documents/Projects/iOS Apps/madabank-ios/Madabank/Modules/Shared/Domain/Sources/UseCases/GetTransactionDetailsUseCase.swift:1:1: warning: File Header Violation: Header comments should be consistent with project patterns (file_header)
Linting 'ManageCardUseCase.swift' (120/132)
/Users/darisadam/Documents/Projects/iOS Apps/madabank-ios/Madabank/Modules/Shared/Domain/Sources/UseCases/GetAccountBalanceUseCase.swift:1:1: warning: File Header Violation: Header comments should be consistent with project patterns (file_header)
/Users/darisadam/Documents/Projects/iOS Apps/madabank-ios/Madabank/Modules/Shared/Domain/Sources/UseCases/GetUserProfileUseCase.swift:1:1: warning: File Header Violation: Header comments should be consistent with project patterns (file_header)
Linting 'Card.swift' (121/132)
Linting 'ForgotPasswordUseCase.swift' (122/132)
/Users/darisadam/Documents/Projects/iOS Apps/madabank-ios/Madabank/Modules/Shared/Domain/Sources/UseCases/GetBeneficiariesUseCase.swift:1:1: warning: File Header Violation: Header comments should be consistent with project patterns (file_header)
/Users/darisadam/Documents/Projects/iOS Apps/madabank-ios/Madabank/Modules/Shared/Domain/Sources/UseCases/GetBeneficiariesUseCase.swift:15:9: warning: Implicit Return Violation: Prefer implicit returns in closures, functions and getters (implicit_return)
/Users/darisadam/Documents/Projects/iOS Apps/madabank-ios/Madabank/Modules/Shared/Domain/Sources/UseCases/ChangePasswordUseCase.swift:1:1: warning: File Header Violation: Header comments should be consistent with project patterns (file_header)
Linting 'User.swift' (123/132)
Linting 'Beneficiary.swift' (124/132)
/Users/darisadam/Documents/Projects/iOS Apps/madabank-ios/Madabank/Modules/Shared/Domain/Sources/UseCases/ManageCardUseCase.swift:1:1: warning: File Header Violation: Header comments should be consistent with project patterns (file_header)
Linting 'Account.swift' (125/132)
/Users/darisadam/Documents/Projects/iOS Apps/madabank-ios/Madabank/Modules/Shared/Domain/Sources/Entities/Card.swift:1:1: warning: File Header Violation: Header comments should be consistent with project patterns (file_header)
Linting 'Transaction.swift' (126/132)
/Users/darisadam/Documents/Projects/iOS Apps/madabank-ios/Madabank/Modules/Shared/Domain/Sources/UseCases/AddBeneficiaryUseCase.swift:1:1: warning: File Header Violation: Header comments should be consistent with project patterns (file_header)
/Users/darisadam/Documents/Projects/iOS Apps/madabank-ios/Madabank/Modules/Shared/Domain/Sources/UseCases/AddBeneficiaryUseCase.swift:15:9: warning: Implicit Return Violation: Prefer implicit returns in closures, functions and getters (implicit_return)
/Users/darisadam/Documents/Projects/iOS Apps/madabank-ios/Madabank/Modules/Shared/Domain/Sources/Entities/User.swift:1:1: warning: File Header Violation: Header comments should be consistent with project patterns (file_header)
Linting 'BeneficiaryRepositoryProtocol.swift' (127/132)
Linting 'UserRepositoryProtocol.swift' (128/132)
/Users/darisadam/Documents/Projects/iOS Apps/madabank-ios/Madabank/Modules/Shared/Domain/Sources/Entities/Beneficiary.swift:1:1: warning: File Header Violation: Header comments should be consistent with project patterns (file_header)
Linting 'AuthRepositoryProtocol.swift' (129/132)
/Users/darisadam/Documents/Projects/iOS Apps/madabank-ios/Madabank/Modules/Shared/Domain/Sources/Entities/Account.swift:1:1: warning: File Header Violation: Header comments should be consistent with project patterns (file_header)
/Users/darisadam/Documents/Projects/iOS Apps/madabank-ios/Madabank/Modules/Shared/Domain/Sources/UseCases/ForgotPasswordUseCase.swift:1:1: warning: File Header Violation: Header comments should be consistent with project patterns (file_header)
Linting 'CardRepositoryProtocol.swift' (131/132)
Linting 'TransactionRepositoryProtocol.swift' (130/132)
/Users/darisadam/Documents/Projects/iOS Apps/madabank-ios/Madabank/Modules/Shared/Domain/Sources/Interfaces/Repositories/BeneficiaryRepositoryProtocol.swift:1:1: warning: File Header Violation: Header comments should be consistent with project patterns (file_header)
Linting 'AccountRepositoryProtocol.swift' (132/132)
/Users/darisadam/Documents/Projects/iOS Apps/madabank-ios/Madabank/Modules/Shared/Domain/Sources/Interfaces/Repositories/AuthRepositoryProtocol.swift:1:1: warning: File Header Violation: Header comments should be consistent with project patterns (file_header)
/Users/darisadam/Documents/Projects/iOS Apps/madabank-ios/Madabank/Modules/Shared/Domain/Sources/Entities/Transaction.swift:1:1: warning: File Header Violation: Header comments should be consistent with project patterns (file_header)
/Users/darisadam/Documents/Projects/iOS Apps/madabank-ios/Madabank/Modules/Shared/Domain/Sources/Interfaces/Repositories/AccountRepositoryProtocol.swift:1:1: warning: File Header Violation: Header comments should be consistent with project patterns (file_header)
/Users/darisadam/Documents/Projects/iOS Apps/madabank-ios/Madabank/Modules/Shared/Domain/Sources/Interfaces/Repositories/TransactionRepositoryProtocol.swift:1:1: warning: File Header Violation: Header comments should be consistent with project patterns (file_header)
/Users/darisadam/Documents/Projects/iOS Apps/madabank-ios/Madabank/Modules/Shared/Domain/Sources/Interfaces/Repositories/UserRepositoryProtocol.swift:1:1: warning: File Header Violation: Header comments should be consistent with project patterns (file_header)
/Users/darisadam/Documents/Projects/iOS Apps/madabank-ios/Madabank/Madabank/Sources/DI/AppDIContainer.swift:1:1: warning: File Header Violation: Header comments should be consistent with project patterns (file_header)
/Users/darisadam/Documents/Projects/iOS Apps/madabank-ios/Madabank/Modules/Shared/Domain/Sources/Interfaces/Repositories/CardRepositoryProtocol.swift:1:1: warning: File Header Violation: Header comments should be consistent with project patterns (file_header)
/Users/darisadam/Documents/Projects/iOS Apps/madabank-ios/Madabank/Modules/Features/Profile/Sources/Profile.swift:62:9: warning: No print statements Violation: Use proper logging instead of print() (no_print)
/Users/darisadam/Documents/Projects/iOS Apps/madabank-ios/Madabank/Modules/Features/Profile/Sources/Profile.swift:1:1: warning: File Header Violation: Header comments should be consistent with project patterns (file_header)
Done linting! Found 214 violations, 0 serious in 132 files.

SwiftDriver Madabank normal arm64 com.apple.xcode.tools.swift.compiler (in target 'Madabank' from project 'Madabank')
    cd /Users/darisadam/Documents/Projects/iOS\ Apps/madabank-ios/Madabank
    builtin-SwiftDriver -- /Applications/Xcode.app/Contents/Developer/Toolchains/XcodeDefault.xctoolchain/usr/bin/swiftc -module-name Madabank -Onone -enforce-exclusivity\=checked @/Users/darisadam/Library/Developer/Xcode/DerivedData/Madabank-hkohthnbjtgnoechirsoymtykttx/Build/Intermediates.noindex/Madabank.build/Debug-iphonesimulator/Madabank.build/Objects-normal/arm64/Madabank.SwiftFileList -DDEBUG -Xcc -fmodule-map-file\=/Users/darisadam/Documents/Projects/iOS\ Apps/madabank-ios/Madabank/Tuist/.build/tuist-derived/RxCocoaRuntime/RxCocoaRuntime.modulemap -enable-bare-slash-regex -enable-experimental-feature DebugDescriptionMacro -sdk /Applications/Xcode.app/Contents/Developer/Platforms/iPhoneSimulator.platform/Developer/SDKs/iPhoneSimulator26.1.sdk -target arm64-apple-ios15.0-simulator -g -module-cache-path /Users/darisadam/Library/Developer/Xcode/DerivedData/ModuleCache.noindex -Xfrontend -serialize-debugging-options -enable-testing -index-store-path /Users/darisadam/Library/Developer/Xcode/DerivedData/Madabank-hkohthnbjtgnoechirsoymtykttx/Index.noindex/DataStore -Xcc -D_LIBCPP_HARDENING_MODE\=_LIBCPP_HARDENING_MODE_DEBUG -swift-version 5 -I /Users/darisadam/Library/Developer/Xcode/DerivedData/Madabank-hkohthnbjtgnoechirsoymtykttx/Build/Products/Debug-iphonesimulator -F /Users/darisadam/Library/Developer/Xcode/DerivedData/Madabank-hkohthnbjtgnoechirsoymtykttx/Build/Products/Debug-iphonesimulator -c -j8 -enable-batch-mode -incremental -Xcc -ivfsstatcache -Xcc /Users/darisadam/Library/Developer/Xcode/DerivedData/SDKStatCaches.noindex/iphonesimulator26.1-23B77-3885c01c3e6b6a337905948deab2002e90cf18a4295e390e64c810bc6bd7acbc.sdkstatcache -output-file-map /Users/darisadam/Library/Developer/Xcode/DerivedData/Madabank-hkohthnbjtgnoechirsoymtykttx/Build/Intermediates.noindex/Madabank.build/Debug-iphonesimulator/Madabank.build/Objects-normal/arm64/Madabank-OutputFileMap.json -use-frontend-parseable-output -save-temps -no-color-diagnostics -explicit-module-build -module-cache-path /Users/darisadam/Library/Developer/Xcode/DerivedData/Madabank-hkohthnbjtgnoechirsoymtykttx/Build/Intermediates.noindex/SwiftExplicitPrecompiledModules -clang-scanner-module-cache-path /Users/darisadam/Library/Developer/Xcode/DerivedData/ModuleCache.noindex -sdk-module-cache-path /Users/darisadam/Library/Developer/Xcode/DerivedData/ModuleCache.noindex -serialize-diagnostics -emit-dependencies -emit-module -emit-module-path /Users/darisadam/Library/Developer/Xcode/DerivedData/Madabank-hkohthnbjtgnoechirsoymtykttx/Build/Intermediates.noindex/Madabank.build/Debug-iphonesimulator/Madabank.build/Objects-normal/arm64/Madabank.swiftmodule -validate-clang-modules-once -clang-build-session-file /Users/darisadam/Library/Developer/Xcode/DerivedData/ModuleCache.noindex/Session.modulevalidation -Xcc -I/Users/darisadam/Library/Developer/Xcode/DerivedData/Madabank-hkohthnbjtgnoechirsoymtykttx/Build/Intermediates.noindex/Madabank.build/Debug-iphonesimulator/Madabank.build/swift-overrides.hmap -emit-const-values -Xfrontend -const-gather-protocols-file -Xfrontend /Users/darisadam/Library/Developer/Xcode/DerivedData/Madabank-hkohthnbjtgnoechirsoymtykttx/Build/Intermediates.noindex/Madabank.build/Debug-iphonesimulator/Madabank.build/Objects-normal/arm64/Madabank_const_extract_protocols.json -Xcc -iquote -Xcc /Users/darisadam/Library/Developer/Xcode/DerivedData/Madabank-hkohthnbjtgnoechirsoymtykttx/Build/Intermediates.noindex/Madabank.build/Debug-iphonesimulator/Madabank.build/Madabank-generated-files.hmap -Xcc -I/Users/darisadam/Library/Developer/Xcode/DerivedData/Madabank-hkohthnbjtgnoechirsoymtykttx/Build/Intermediates.noindex/Madabank.build/Debug-iphonesimulator/Madabank.build/Madabank-own-target-headers.hmap -Xcc -I/Users/darisadam/Library/Developer/Xcode/DerivedData/Madabank-hkohthnbjtgnoechirsoymtykttx/Build/Intermediates.noindex/Madabank.build/Debug-iphonesimulator/Madabank.build/Madabank-all-non-framework-target-headers.hmap -Xcc -ivfsoverlay -Xcc /Users/darisadam/Library/Developer/Xcode/DerivedData/Madabank-hkohthnbjtgnoechirsoymtykttx/Build/Intermediates.noindex/Madabank.build/Debug-iphonesimulator/Madabank-6b8f23b26fb50a69bf27348274a22005-VFS-iphonesimulator/all-product-headers.yaml -Xcc -iquote -Xcc /Users/darisadam/Library/Developer/Xcode/DerivedData/Madabank-hkohthnbjtgnoechirsoymtykttx/Build/Intermediates.noindex/Madabank.build/Debug-iphonesimulator/Madabank.build/Madabank-project-headers.hmap -Xcc -I/Users/darisadam/Library/Developer/Xcode/DerivedData/Madabank-hkohthnbjtgnoechirsoymtykttx/Build/Products/Debug-iphonesimulator/include -Xcc -I/Users/darisadam/Documents/Projects/iOS\ Apps/madabank-ios/Madabank/Tuist/.build/checkouts/RxSwift/Sources/RxCocoaRuntime/include -Xcc -I/Users/darisadam/Library/Developer/Xcode/DerivedData/Madabank-hkohthnbjtgnoechirsoymtykttx/Build/Intermediates.noindex/Madabank.build/Debug-iphonesimulator/Madabank.build/DerivedSources-normal/arm64 -Xcc -I/Users/darisadam/Library/Developer/Xcode/DerivedData/Madabank-hkohthnbjtgnoechirsoymtykttx/Build/Intermediates.noindex/Madabank.build/Debug-iphonesimulator/Madabank.build/DerivedSources/arm64 -Xcc -I/Users/darisadam/Library/Developer/Xcode/DerivedData/Madabank-hkohthnbjtgnoechirsoymtykttx/Build/Intermediates.noindex/Madabank.build/Debug-iphonesimulator/Madabank.build/DerivedSources -Xcc -DDEBUG\=1 -emit-objc-header -emit-objc-header-path /Users/darisadam/Library/Developer/Xcode/DerivedData/Madabank-hkohthnbjtgnoechirsoymtykttx/Build/Intermediates.noindex/Madabank.build/Debug-iphonesimulator/Madabank.build/Objects-normal/arm64/Madabank-Swift.h -working-directory /Users/darisadam/Documents/Projects/iOS\ Apps/madabank-ios/Madabank -experimental-emit-module-separately -disable-cmo

CompileAssetCatalogVariant thinned /Users/darisadam/Library/Developer/Xcode/DerivedData/Madabank-hkohthnbjtgnoechirsoymtykttx/Build/Products/Debug-iphonesimulator/Madabank.app /Users/darisadam/Documents/Projects/iOS\ Apps/madabank-ios/Madabank/Madabank/Resources/Assets.xcassets /Users/darisadam/Documents/Projects/iOS\ Apps/madabank-ios/Madabank/Madabank/Resources/Preview\ Content/Preview\ Assets.xcassets (in target 'Madabank' from project 'Madabank')
    cd /Users/darisadam/Documents/Projects/iOS\ Apps/madabank-ios/Madabank
    /Applications/Xcode.app/Contents/Developer/usr/bin/actool /Users/darisadam/Documents/Projects/iOS\ Apps/madabank-ios/Madabank/Madabank/Resources/Assets.xcassets /Users/darisadam/Documents/Projects/iOS\ Apps/madabank-ios/Madabank/Madabank/Resources/Preview\ Content/Preview\ Assets.xcassets --compile /Users/darisadam/Library/Developer/Xcode/DerivedData/Madabank-hkohthnbjtgnoechirsoymtykttx/Build/Intermediates.noindex/Madabank.build/Debug-iphonesimulator/Madabank.build/assetcatalog_output/thinned --output-format human-readable-text --notices --warnings --export-dependency-info /Users/darisadam/Library/Developer/Xcode/DerivedData/Madabank-hkohthnbjtgnoechirsoymtykttx/Build/Intermediates.noindex/Madabank.build/Debug-iphonesimulator/Madabank.build/assetcatalog_dependencies_thinned --output-partial-info-plist /Users/darisadam/Library/Developer/Xcode/DerivedData/Madabank-hkohthnbjtgnoechirsoymtykttx/Build/Intermediates.noindex/Madabank.build/Debug-iphonesimulator/Madabank.build/assetcatalog_generated_info.plist_thinned --app-icon AppIcon --accent-color AccentColor --compress-pngs --enable-on-demand-resources YES --filter-for-thinning-device-configuration iPhone18,1 --filter-for-device-os-version 26.1 --development-region en --target-device iphone --minimum-deployment-target 15.0 --platform iphonesimulator
/* com.apple.actool.compilation-results */
/Users/darisadam/Library/Developer/Xcode/DerivedData/Madabank-hkohthnbjtgnoechirsoymtykttx/Build/Intermediates.noindex/Madabank.build/Debug-iphonesimulator/Madabank.build/assetcatalog_generated_info.plist_thinned
/Users/darisadam/Library/Developer/Xcode/DerivedData/Madabank-hkohthnbjtgnoechirsoymtykttx/Build/Intermediates.noindex/Madabank.build/Debug-iphonesimulator/Madabank.build/assetcatalog_output/thinned/AppIcon60x60@2x.png
/Users/darisadam/Library/Developer/Xcode/DerivedData/Madabank-hkohthnbjtgnoechirsoymtykttx/Build/Intermediates.noindex/Madabank.build/Debug-iphonesimulator/Madabank.build/assetcatalog_output/thinned/AppIcon76x76@2x~ipad.png
/Users/darisadam/Library/Developer/Xcode/DerivedData/Madabank-hkohthnbjtgnoechirsoymtykttx/Build/Intermediates.noindex/Madabank.build/Debug-iphonesimulator/Madabank.build/assetcatalog_output/thinned/Assets.car


SwiftCompile normal arm64 Compiling\ AppCoordinator.swift /Users/darisadam/Documents/Projects/iOS\ Apps/madabank-ios/Madabank/Madabank/Sources/App/AppCoordinator.swift (in target 'Madabank' from project 'Madabank')

SwiftCompile normal arm64 /Users/darisadam/Documents/Projects/iOS\ Apps/madabank-ios/Madabank/Madabank/Sources/App/AppCoordinator.swift (in target 'Madabank' from project 'Madabank')
    cd /Users/darisadam/Documents/Projects/iOS\ Apps/madabank-ios/Madabank
    

SwiftCompile normal arm64 Compiling\ BlockingFailureViewController.swift /Users/darisadam/Documents/Projects/iOS\ Apps/madabank-ios/Madabank/Madabank/Sources/App/BlockingFailureViewController.swift (in target 'Madabank' from project 'Madabank')

SwiftCompile normal arm64 /Users/darisadam/Documents/Projects/iOS\ Apps/madabank-ios/Madabank/Madabank/Sources/App/BlockingFailureViewController.swift (in target 'Madabank' from project 'Madabank')
    cd /Users/darisadam/Documents/Projects/iOS\ Apps/madabank-ios/Madabank
    

SwiftCompile normal arm64 Compiling\ SplashViewController.swift /Users/darisadam/Documents/Projects/iOS\ Apps/madabank-ios/Madabank/Madabank/Sources/App/SplashViewController.swift (in target 'Madabank' from project 'Madabank')

SwiftCompile normal arm64 /Users/darisadam/Documents/Projects/iOS\ Apps/madabank-ios/Madabank/Madabank/Sources/App/SplashViewController.swift (in target 'Madabank' from project 'Madabank')
    cd /Users/darisadam/Documents/Projects/iOS\ Apps/madabank-ios/Madabank
    

SwiftCompile normal arm64 Compiling\ SceneDelegate.swift /Users/darisadam/Documents/Projects/iOS\ Apps/madabank-ios/Madabank/Madabank/Sources/App/SceneDelegate.swift (in target 'Madabank' from project 'Madabank')

SwiftCompile normal arm64 /Users/darisadam/Documents/Projects/iOS\ Apps/madabank-ios/Madabank/Madabank/Sources/App/SceneDelegate.swift (in target 'Madabank' from project 'Madabank')
    cd /Users/darisadam/Documents/Projects/iOS\ Apps/madabank-ios/Madabank
    

SwiftEmitModule normal arm64 Emitting\ module\ for\ Madabank (in target 'Madabank' from project 'Madabank')

EmitSwiftModule normal arm64 (in target 'Madabank' from project 'Madabank')
    cd /Users/darisadam/Documents/Projects/iOS\ Apps/madabank-ios/Madabank
    

SwiftCompile normal arm64 Compiling\ TuistAssets+Madabank.swift,\ TuistBundle+Madabank.swift /Users/darisadam/Documents/Projects/iOS\ Apps/madabank-ios/Madabank/Derived/Sources/TuistAssets+Madabank.swift /Users/darisadam/Documents/Projects/iOS\ Apps/madabank-ios/Madabank/Derived/Sources/TuistBundle+Madabank.swift (in target 'Madabank' from project 'Madabank')

SwiftCompile normal arm64 /Users/darisadam/Documents/Projects/iOS\ Apps/madabank-ios/Madabank/Derived/Sources/TuistAssets+Madabank.swift (in target 'Madabank' from project 'Madabank')
    cd /Users/darisadam/Documents/Projects/iOS\ Apps/madabank-ios/Madabank
    

SwiftCompile normal arm64 /Users/darisadam/Documents/Projects/iOS\ Apps/madabank-ios/Madabank/Derived/Sources/TuistBundle+Madabank.swift (in target 'Madabank' from project 'Madabank')
    cd /Users/darisadam/Documents/Projects/iOS\ Apps/madabank-ios/Madabank
    

SwiftCompile normal arm64 Compiling\ AppDIContainer.swift /Users/darisadam/Documents/Projects/iOS\ Apps/madabank-ios/Madabank/Madabank/Sources/DI/AppDIContainer.swift (in target 'Madabank' from project 'Madabank')

SwiftCompile normal arm64 /Users/darisadam/Documents/Projects/iOS\ Apps/madabank-ios/Madabank/Madabank/Sources/DI/AppDIContainer.swift (in target 'Madabank' from project 'Madabank')
    cd /Users/darisadam/Documents/Projects/iOS\ Apps/madabank-ios/Madabank
    

SwiftCompile normal arm64 Compiling\ GeneratedAssetSymbols.swift /Users/darisadam/Library/Developer/Xcode/DerivedData/Madabank-hkohthnbjtgnoechirsoymtykttx/Build/Intermediates.noindex/Madabank.build/Debug-iphonesimulator/Madabank.build/DerivedSources/GeneratedAssetSymbols.swift (in target 'Madabank' from project 'Madabank')

SwiftCompile normal arm64 /Users/darisadam/Library/Developer/Xcode/DerivedData/Madabank-hkohthnbjtgnoechirsoymtykttx/Build/Intermediates.noindex/Madabank.build/Debug-iphonesimulator/Madabank.build/DerivedSources/GeneratedAssetSymbols.swift (in target 'Madabank' from project 'Madabank')
    cd /Users/darisadam/Documents/Projects/iOS\ Apps/madabank-ios/Madabank
    

SwiftDriverJobDiscovery normal arm64 Compiling TuistAssets+Madabank.swift, TuistBundle+Madabank.swift (in target 'Madabank' from project 'Madabank')

SwiftCompile normal arm64 Compiling\ AppDelegate.swift /Users/darisadam/Documents/Projects/iOS\ Apps/madabank-ios/Madabank/Madabank/Sources/App/AppDelegate.swift (in target 'Madabank' from project 'Madabank')

SwiftCompile normal arm64 /Users/darisadam/Documents/Projects/iOS\ Apps/madabank-ios/Madabank/Madabank/Sources/App/AppDelegate.swift (in target 'Madabank' from project 'Madabank')
    cd /Users/darisadam/Documents/Projects/iOS\ Apps/madabank-ios/Madabank
    

SwiftDriverJobDiscovery normal arm64 Compiling SceneDelegate.swift (in target 'Madabank' from project 'Madabank')

SwiftDriverJobDiscovery normal arm64 Compiling AppDIContainer.swift (in target 'Madabank' from project 'Madabank')

SwiftDriverJobDiscovery normal arm64 Emitting module for Madabank (in target 'Madabank' from project 'Madabank')

SwiftDriver\ Compilation\ Requirements Madabank normal arm64 com.apple.xcode.tools.swift.compiler (in target 'Madabank' from project 'Madabank')
    cd /Users/darisadam/Documents/Projects/iOS\ Apps/madabank-ios/Madabank
    builtin-Swift-Compilation-Requirements -- /Applications/Xcode.app/Contents/Developer/Toolchains/XcodeDefault.xctoolchain/usr/bin/swiftc -module-name Madabank -Onone -enforce-exclusivity\=checked @/Users/darisadam/Library/Developer/Xcode/DerivedData/Madabank-hkohthnbjtgnoechirsoymtykttx/Build/Intermediates.noindex/Madabank.build/Debug-iphonesimulator/Madabank.build/Objects-normal/arm64/Madabank.SwiftFileList -DDEBUG -Xcc -fmodule-map-file\=/Users/darisadam/Documents/Projects/iOS\ Apps/madabank-ios/Madabank/Tuist/.build/tuist-derived/RxCocoaRuntime/RxCocoaRuntime.modulemap -enable-bare-slash-regex -enable-experimental-feature DebugDescriptionMacro -sdk /Applications/Xcode.app/Contents/Developer/Platforms/iPhoneSimulator.platform/Developer/SDKs/iPhoneSimulator26.1.sdk -target arm64-apple-ios15.0-simulator -g -module-cache-path /Users/darisadam/Library/Developer/Xcode/DerivedData/ModuleCache.noindex -Xfrontend -serialize-debugging-options -enable-testing -index-store-path /Users/darisadam/Library/Developer/Xcode/DerivedData/Madabank-hkohthnbjtgnoechirsoymtykttx/Index.noindex/DataStore -Xcc -D_LIBCPP_HARDENING_MODE\=_LIBCPP_HARDENING_MODE_DEBUG -swift-version 5 -I /Users/darisadam/Library/Developer/Xcode/DerivedData/Madabank-hkohthnbjtgnoechirsoymtykttx/Build/Products/Debug-iphonesimulator -F /Users/darisadam/Library/Developer/Xcode/DerivedData/Madabank-hkohthnbjtgnoechirsoymtykttx/Build/Products/Debug-iphonesimulator -c -j8 -enable-batch-mode -incremental -Xcc -ivfsstatcache -Xcc /Users/darisadam/Library/Developer/Xcode/DerivedData/SDKStatCaches.noindex/iphonesimulator26.1-23B77-3885c01c3e6b6a337905948deab2002e90cf18a4295e390e64c810bc6bd7acbc.sdkstatcache -output-file-map /Users/darisadam/Library/Developer/Xcode/DerivedData/Madabank-hkohthnbjtgnoechirsoymtykttx/Build/Intermediates.noindex/Madabank.build/Debug-iphonesimulator/Madabank.build/Objects-normal/arm64/Madabank-OutputFileMap.json -use-frontend-parseable-output -save-temps -no-color-diagnostics -explicit-module-build -module-cache-path /Users/darisadam/Library/Developer/Xcode/DerivedData/Madabank-hkohthnbjtgnoechirsoymtykttx/Build/Intermediates.noindex/SwiftExplicitPrecompiledModules -clang-scanner-module-cache-path /Users/darisadam/Library/Developer/Xcode/DerivedData/ModuleCache.noindex -sdk-module-cache-path /Users/darisadam/Library/Developer/Xcode/DerivedData/ModuleCache.noindex -serialize-diagnostics -emit-dependencies -emit-module -emit-module-path /Users/darisadam/Library/Developer/Xcode/DerivedData/Madabank-hkohthnbjtgnoechirsoymtykttx/Build/Intermediates.noindex/Madabank.build/Debug-iphonesimulator/Madabank.build/Objects-normal/arm64/Madabank.swiftmodule -validate-clang-modules-once -clang-build-session-file /Users/darisadam/Library/Developer/Xcode/DerivedData/ModuleCache.noindex/Session.modulevalidation -Xcc -I/Users/darisadam/Library/Developer/Xcode/DerivedData/Madabank-hkohthnbjtgnoechirsoymtykttx/Build/Intermediates.noindex/Madabank.build/Debug-iphonesimulator/Madabank.build/swift-overrides.hmap -emit-const-values -Xfrontend -const-gather-protocols-file -Xfrontend /Users/darisadam/Library/Developer/Xcode/DerivedData/Madabank-hkohthnbjtgnoechirsoymtykttx/Build/Intermediates.noindex/Madabank.build/Debug-iphonesimulator/Madabank.build/Objects-normal/arm64/Madabank_const_extract_protocols.json -Xcc -iquote -Xcc /Users/darisadam/Library/Developer/Xcode/DerivedData/Madabank-hkohthnbjtgnoechirsoymtykttx/Build/Intermediates.noindex/Madabank.build/Debug-iphonesimulator/Madabank.build/Madabank-generated-files.hmap -Xcc -I/Users/darisadam/Library/Developer/Xcode/DerivedData/Madabank-hkohthnbjtgnoechirsoymtykttx/Build/Intermediates.noindex/Madabank.build/Debug-iphonesimulator/Madabank.build/Madabank-own-target-headers.hmap -Xcc -I/Users/darisadam/Library/Developer/Xcode/DerivedData/Madabank-hkohthnbjtgnoechirsoymtykttx/Build/Intermediates.noindex/Madabank.build/Debug-iphonesimulator/Madabank.build/Madabank-all-non-framework-target-headers.hmap -Xcc -ivfsoverlay -Xcc /Users/darisadam/Library/Developer/Xcode/DerivedData/Madabank-hkohthnbjtgnoechirsoymtykttx/Build/Intermediates.noindex/Madabank.build/Debug-iphonesimulator/Madabank-6b8f23b26fb50a69bf27348274a22005-VFS-iphonesimulator/all-product-headers.yaml -Xcc -iquote -Xcc /Users/darisadam/Library/Developer/Xcode/DerivedData/Madabank-hkohthnbjtgnoechirsoymtykttx/Build/Intermediates.noindex/Madabank.build/Debug-iphonesimulator/Madabank.build/Madabank-project-headers.hmap -Xcc -I/Users/darisadam/Library/Developer/Xcode/DerivedData/Madabank-hkohthnbjtgnoechirsoymtykttx/Build/Products/Debug-iphonesimulator/include -Xcc -I/Users/darisadam/Documents/Projects/iOS\ Apps/madabank-ios/Madabank/Tuist/.build/checkouts/RxSwift/Sources/RxCocoaRuntime/include -Xcc -I/Users/darisadam/Library/Developer/Xcode/DerivedData/Madabank-hkohthnbjtgnoechirsoymtykttx/Build/Intermediates.noindex/Madabank.build/Debug-iphonesimulator/Madabank.build/DerivedSources-normal/arm64 -Xcc -I/Users/darisadam/Library/Developer/Xcode/DerivedData/Madabank-hkohthnbjtgnoechirsoymtykttx/Build/Intermediates.noindex/Madabank.build/Debug-iphonesimulator/Madabank.build/DerivedSources/arm64 -Xcc -I/Users/darisadam/Library/Developer/Xcode/DerivedData/Madabank-hkohthnbjtgnoechirsoymtykttx/Build/Intermediates.noindex/Madabank.build/Debug-iphonesimulator/Madabank.build/DerivedSources -Xcc -DDEBUG\=1 -emit-objc-header -emit-objc-header-path /Users/darisadam/Library/Developer/Xcode/DerivedData/Madabank-hkohthnbjtgnoechirsoymtykttx/Build/Intermediates.noindex/Madabank.build/Debug-iphonesimulator/Madabank.build/Objects-normal/arm64/Madabank-Swift.h -working-directory /Users/darisadam/Documents/Projects/iOS\ Apps/madabank-ios/Madabank -experimental-emit-module-separately -disable-cmo

SwiftDriverJobDiscovery normal arm64 Compiling AppCoordinator.swift (in target 'Madabank' from project 'Madabank')

SwiftDriverJobDiscovery normal arm64 Compiling BlockingFailureViewController.swift (in target 'Madabank' from project 'Madabank')

SwiftMergeGeneratedHeaders /Users/darisadam/Library/Developer/Xcode/DerivedData/Madabank-hkohthnbjtgnoechirsoymtykttx/Build/Intermediates.noindex/Madabank.build/Debug-iphonesimulator/Madabank.build/DerivedSources/Madabank-Swift.h /Users/darisadam/Library/Developer/Xcode/DerivedData/Madabank-hkohthnbjtgnoechirsoymtykttx/Build/Intermediates.noindex/Madabank.build/Debug-iphonesimulator/Madabank.build/Objects-normal/arm64/Madabank-Swift.h (in target 'Madabank' from project 'Madabank')
    cd /Users/darisadam/Documents/Projects/iOS\ Apps/madabank-ios/Madabank
    builtin-swiftHeaderTool -arch arm64 /Users/darisadam/Library/Developer/Xcode/DerivedData/Madabank-hkohthnbjtgnoechirsoymtykttx/Build/Intermediates.noindex/Madabank.build/Debug-iphonesimulator/Madabank.build/Objects-normal/arm64/Madabank-Swift.h -o /Users/darisadam/Library/Developer/Xcode/DerivedData/Madabank-hkohthnbjtgnoechirsoymtykttx/Build/Intermediates.noindex/Madabank.build/Debug-iphonesimulator/Madabank.build/DerivedSources/Madabank-Swift.h

Copy /Users/darisadam/Library/Developer/Xcode/DerivedData/Madabank-hkohthnbjtgnoechirsoymtykttx/Build/Products/Debug-iphonesimulator/Madabank.swiftmodule/arm64-apple-ios-simulator.abi.json /Users/darisadam/Library/Developer/Xcode/DerivedData/Madabank-hkohthnbjtgnoechirsoymtykttx/Build/Intermediates.noindex/Madabank.build/Debug-iphonesimulator/Madabank.build/Objects-normal/arm64/Madabank.abi.json (in target 'Madabank' from project 'Madabank')
    cd /Users/darisadam/Documents/Projects/iOS\ Apps/madabank-ios/Madabank
    builtin-copy -exclude .DS_Store -exclude CVS -exclude .svn -exclude .git -exclude .hg -resolve-src-symlinks -rename /Users/darisadam/Library/Developer/Xcode/DerivedData/Madabank-hkohthnbjtgnoechirsoymtykttx/Build/Intermediates.noindex/Madabank.build/Debug-iphonesimulator/Madabank.build/Objects-normal/arm64/Madabank.abi.json /Users/darisadam/Library/Developer/Xcode/DerivedData/Madabank-hkohthnbjtgnoechirsoymtykttx/Build/Products/Debug-iphonesimulator/Madabank.swiftmodule/arm64-apple-ios-simulator.abi.json

Copy /Users/darisadam/Library/Developer/Xcode/DerivedData/Madabank-hkohthnbjtgnoechirsoymtykttx/Build/Products/Debug-iphonesimulator/Madabank.swiftmodule/arm64-apple-ios-simulator.swiftmodule /Users/darisadam/Library/Developer/Xcode/DerivedData/Madabank-hkohthnbjtgnoechirsoymtykttx/Build/Intermediates.noindex/Madabank.build/Debug-iphonesimulator/Madabank.build/Objects-normal/arm64/Madabank.swiftmodule (in target 'Madabank' from project 'Madabank')
    cd /Users/darisadam/Documents/Projects/iOS\ Apps/madabank-ios/Madabank
    builtin-copy -exclude .DS_Store -exclude CVS -exclude .svn -exclude .git -exclude .hg -resolve-src-symlinks -rename /Users/darisadam/Library/Developer/Xcode/DerivedData/Madabank-hkohthnbjtgnoechirsoymtykttx/Build/Intermediates.noindex/Madabank.build/Debug-iphonesimulator/Madabank.build/Objects-normal/arm64/Madabank.swiftmodule /Users/darisadam/Library/Developer/Xcode/DerivedData/Madabank-hkohthnbjtgnoechirsoymtykttx/Build/Products/Debug-iphonesimulator/Madabank.swiftmodule/arm64-apple-ios-simulator.swiftmodule

Copy /Users/darisadam/Library/Developer/Xcode/DerivedData/Madabank-hkohthnbjtgnoechirsoymtykttx/Build/Products/Debug-iphonesimulator/Madabank.swiftmodule/arm64-apple-ios-simulator.swiftdoc /Users/darisadam/Library/Developer/Xcode/DerivedData/Madabank-hkohthnbjtgnoechirsoymtykttx/Build/Intermediates.noindex/Madabank.build/Debug-iphonesimulator/Madabank.build/Objects-normal/arm64/Madabank.swiftdoc (in target 'Madabank' from project 'Madabank')
    cd /Users/darisadam/Documents/Projects/iOS\ Apps/madabank-ios/Madabank
    builtin-copy -exclude .DS_Store -exclude CVS -exclude .svn -exclude .git -exclude .hg -resolve-src-symlinks -rename /Users/darisadam/Library/Developer/Xcode/DerivedData/Madabank-hkohthnbjtgnoechirsoymtykttx/Build/Intermediates.noindex/Madabank.build/Debug-iphonesimulator/Madabank.build/Objects-normal/arm64/Madabank.swiftdoc /Users/darisadam/Library/Developer/Xcode/DerivedData/Madabank-hkohthnbjtgnoechirsoymtykttx/Build/Products/Debug-iphonesimulator/Madabank.swiftmodule/arm64-apple-ios-simulator.swiftdoc

Copy /Users/darisadam/Library/Developer/Xcode/DerivedData/Madabank-hkohthnbjtgnoechirsoymtykttx/Build/Products/Debug-iphonesimulator/Madabank.swiftmodule/Project/arm64-apple-ios-simulator.swiftsourceinfo /Users/darisadam/Library/Developer/Xcode/DerivedData/Madabank-hkohthnbjtgnoechirsoymtykttx/Build/Intermediates.noindex/Madabank.build/Debug-iphonesimulator/Madabank.build/Objects-normal/arm64/Madabank.swiftsourceinfo (in target 'Madabank' from project 'Madabank')
    cd /Users/darisadam/Documents/Projects/iOS\ Apps/madabank-ios/Madabank
    builtin-copy -exclude .DS_Store -exclude CVS -exclude .svn -exclude .git -exclude .hg -resolve-src-symlinks -rename /Users/darisadam/Library/Developer/Xcode/DerivedData/Madabank-hkohthnbjtgnoechirsoymtykttx/Build/Intermediates.noindex/Madabank.build/Debug-iphonesimulator/Madabank.build/Objects-normal/arm64/Madabank.swiftsourceinfo /Users/darisadam/Library/Developer/Xcode/DerivedData/Madabank-hkohthnbjtgnoechirsoymtykttx/Build/Products/Debug-iphonesimulator/Madabank.swiftmodule/Project/arm64-apple-ios-simulator.swiftsourceinfo

SwiftDriverJobDiscovery normal arm64 Compiling SplashViewController.swift (in target 'Madabank' from project 'Madabank')

SwiftDriverJobDiscovery normal arm64 Compiling AppDelegate.swift (in target 'Madabank' from project 'Madabank')

SwiftDriverJobDiscovery normal arm64 Compiling GeneratedAssetSymbols.swift (in target 'Madabank' from project 'Madabank')

SwiftDriver\ Compilation Madabank normal arm64 com.apple.xcode.tools.swift.compiler (in target 'Madabank' from project 'Madabank')
    cd /Users/darisadam/Documents/Projects/iOS\ Apps/madabank-ios/Madabank
    builtin-Swift-Compilation -- /Applications/Xcode.app/Contents/Developer/Toolchains/XcodeDefault.xctoolchain/usr/bin/swiftc -module-name Madabank -Onone -enforce-exclusivity\=checked @/Users/darisadam/Library/Developer/Xcode/DerivedData/Madabank-hkohthnbjtgnoechirsoymtykttx/Build/Intermediates.noindex/Madabank.build/Debug-iphonesimulator/Madabank.build/Objects-normal/arm64/Madabank.SwiftFileList -DDEBUG -Xcc -fmodule-map-file\=/Users/darisadam/Documents/Projects/iOS\ Apps/madabank-ios/Madabank/Tuist/.build/tuist-derived/RxCocoaRuntime/RxCocoaRuntime.modulemap -enable-bare-slash-regex -enable-experimental-feature DebugDescriptionMacro -sdk /Applications/Xcode.app/Contents/Developer/Platforms/iPhoneSimulator.platform/Developer/SDKs/iPhoneSimulator26.1.sdk -target arm64-apple-ios15.0-simulator -g -module-cache-path /Users/darisadam/Library/Developer/Xcode/DerivedData/ModuleCache.noindex -Xfrontend -serialize-debugging-options -enable-testing -index-store-path /Users/darisadam/Library/Developer/Xcode/DerivedData/Madabank-hkohthnbjtgnoechirsoymtykttx/Index.noindex/DataStore -Xcc -D_LIBCPP_HARDENING_MODE\=_LIBCPP_HARDENING_MODE_DEBUG -swift-version 5 -I /Users/darisadam/Library/Developer/Xcode/DerivedData/Madabank-hkohthnbjtgnoechirsoymtykttx/Build/Products/Debug-iphonesimulator -F /Users/darisadam/Library/Developer/Xcode/DerivedData/Madabank-hkohthnbjtgnoechirsoymtykttx/Build/Products/Debug-iphonesimulator -c -j8 -enable-batch-mode -incremental -Xcc -ivfsstatcache -Xcc /Users/darisadam/Library/Developer/Xcode/DerivedData/SDKStatCaches.noindex/iphonesimulator26.1-23B77-3885c01c3e6b6a337905948deab2002e90cf18a4295e390e64c810bc6bd7acbc.sdkstatcache -output-file-map /Users/darisadam/Library/Developer/Xcode/DerivedData/Madabank-hkohthnbjtgnoechirsoymtykttx/Build/Intermediates.noindex/Madabank.build/Debug-iphonesimulator/Madabank.build/Objects-normal/arm64/Madabank-OutputFileMap.json -use-frontend-parseable-output -save-temps -no-color-diagnostics -explicit-module-build -module-cache-path /Users/darisadam/Library/Developer/Xcode/DerivedData/Madabank-hkohthnbjtgnoechirsoymtykttx/Build/Intermediates.noindex/SwiftExplicitPrecompiledModules -clang-scanner-module-cache-path /Users/darisadam/Library/Developer/Xcode/DerivedData/ModuleCache.noindex -sdk-module-cache-path /Users/darisadam/Library/Developer/Xcode/DerivedData/ModuleCache.noindex -serialize-diagnostics -emit-dependencies -emit-module -emit-module-path /Users/darisadam/Library/Developer/Xcode/DerivedData/Madabank-hkohthnbjtgnoechirsoymtykttx/Build/Intermediates.noindex/Madabank.build/Debug-iphonesimulator/Madabank.build/Objects-normal/arm64/Madabank.swiftmodule -validate-clang-modules-once -clang-build-session-file /Users/darisadam/Library/Developer/Xcode/DerivedData/ModuleCache.noindex/Session.modulevalidation -Xcc -I/Users/darisadam/Library/Developer/Xcode/DerivedData/Madabank-hkohthnbjtgnoechirsoymtykttx/Build/Intermediates.noindex/Madabank.build/Debug-iphonesimulator/Madabank.build/swift-overrides.hmap -emit-const-values -Xfrontend -const-gather-protocols-file -Xfrontend /Users/darisadam/Library/Developer/Xcode/DerivedData/Madabank-hkohthnbjtgnoechirsoymtykttx/Build/Intermediates.noindex/Madabank.build/Debug-iphonesimulator/Madabank.build/Objects-normal/arm64/Madabank_const_extract_protocols.json -Xcc -iquote -Xcc /Users/darisadam/Library/Developer/Xcode/DerivedData/Madabank-hkohthnbjtgnoechirsoymtykttx/Build/Intermediates.noindex/Madabank.build/Debug-iphonesimulator/Madabank.build/Madabank-generated-files.hmap -Xcc -I/Users/darisadam/Library/Developer/Xcode/DerivedData/Madabank-hkohthnbjtgnoechirsoymtykttx/Build/Intermediates.noindex/Madabank.build/Debug-iphonesimulator/Madabank.build/Madabank-own-target-headers.hmap -Xcc -I/Users/darisadam/Library/Developer/Xcode/DerivedData/Madabank-hkohthnbjtgnoechirsoymtykttx/Build/Intermediates.noindex/Madabank.build/Debug-iphonesimulator/Madabank.build/Madabank-all-non-framework-target-headers.hmap -Xcc -ivfsoverlay -Xcc /Users/darisadam/Library/Developer/Xcode/DerivedData/Madabank-hkohthnbjtgnoechirsoymtykttx/Build/Intermediates.noindex/Madabank.build/Debug-iphonesimulator/Madabank-6b8f23b26fb50a69bf27348274a22005-VFS-iphonesimulator/all-product-headers.yaml -Xcc -iquote -Xcc /Users/darisadam/Library/Developer/Xcode/DerivedData/Madabank-hkohthnbjtgnoechirsoymtykttx/Build/Intermediates.noindex/Madabank.build/Debug-iphonesimulator/Madabank.build/Madabank-project-headers.hmap -Xcc -I/Users/darisadam/Library/Developer/Xcode/DerivedData/Madabank-hkohthnbjtgnoechirsoymtykttx/Build/Products/Debug-iphonesimulator/include -Xcc -I/Users/darisadam/Documents/Projects/iOS\ Apps/madabank-ios/Madabank/Tuist/.build/checkouts/RxSwift/Sources/RxCocoaRuntime/include -Xcc -I/Users/darisadam/Library/Developer/Xcode/DerivedData/Madabank-hkohthnbjtgnoechirsoymtykttx/Build/Intermediates.noindex/Madabank.build/Debug-iphonesimulator/Madabank.build/DerivedSources-normal/arm64 -Xcc -I/Users/darisadam/Library/Developer/Xcode/DerivedData/Madabank-hkohthnbjtgnoechirsoymtykttx/Build/Intermediates.noindex/Madabank.build/Debug-iphonesimulator/Madabank.build/DerivedSources/arm64 -Xcc -I/Users/darisadam/Library/Developer/Xcode/DerivedData/Madabank-hkohthnbjtgnoechirsoymtykttx/Build/Intermediates.noindex/Madabank.build/Debug-iphonesimulator/Madabank.build/DerivedSources -Xcc -DDEBUG\=1 -emit-objc-header -emit-objc-header-path /Users/darisadam/Library/Developer/Xcode/DerivedData/Madabank-hkohthnbjtgnoechirsoymtykttx/Build/Intermediates.noindex/Madabank.build/Debug-iphonesimulator/Madabank.build/Objects-normal/arm64/Madabank-Swift.h -working-directory /Users/darisadam/Documents/Projects/iOS\ Apps/madabank-ios/Madabank -experimental-emit-module-separately -disable-cmo

Ld /Users/darisadam/Library/Developer/Xcode/DerivedData/Madabank-hkohthnbjtgnoechirsoymtykttx/Build/Products/Debug-iphonesimulator/Madabank.app/Madabank.debug.dylib normal (in target 'Madabank' from project 'Madabank')
    cd /Users/darisadam/Documents/Projects/iOS\ Apps/madabank-ios/Madabank
    /Applications/Xcode.app/Contents/Developer/Toolchains/XcodeDefault.xctoolchain/usr/bin/clang -Xlinker -reproducible -target arm64-apple-ios15.0-simulator -dynamiclib -isysroot /Applications/Xcode.app/Contents/Developer/Platforms/iPhoneSimulator.platform/Developer/SDKs/iPhoneSimulator26.1.sdk -O0 -L/Users/darisadam/Library/Developer/Xcode/DerivedData/Madabank-hkohthnbjtgnoechirsoymtykttx/Build/Intermediates.noindex/EagerLinkingTBDs/Debug-iphonesimulator -L/Users/darisadam/Library/Developer/Xcode/DerivedData/Madabank-hkohthnbjtgnoechirsoymtykttx/Build/Products/Debug-iphonesimulator -F/Users/darisadam/Library/Developer/Xcode/DerivedData/Madabank-hkohthnbjtgnoechirsoymtykttx/Build/Intermediates.noindex/EagerLinkingTBDs/Debug-iphonesimulator -F/Users/darisadam/Library/Developer/Xcode/DerivedData/Madabank-hkohthnbjtgnoechirsoymtykttx/Build/Products/Debug-iphonesimulator -filelist /Users/darisadam/Library/Developer/Xcode/DerivedData/Madabank-hkohthnbjtgnoechirsoymtykttx/Build/Intermediates.noindex/Madabank.build/Debug-iphonesimulator/Madabank.build/Objects-normal/arm64/Madabank.LinkFileList -install_name @rpath/Madabank.debug.dylib -Xlinker -rpath -Xlinker /usr/lib/swift -Xlinker -rpath -Xlinker @executable_path/Frameworks -dead_strip -Xlinker -object_path_lto -Xlinker /Users/darisadam/Library/Developer/Xcode/DerivedData/Madabank-hkohthnbjtgnoechirsoymtykttx/Build/Intermediates.noindex/Madabank.build/Debug-iphonesimulator/Madabank.build/Objects-normal/arm64/Madabank_lto.o -rdynamic -Xlinker -no_deduplicate -Xlinker -objc_abi_version -Xlinker 2 -Xlinker -dependency_info -Xlinker /Users/darisadam/Library/Developer/Xcode/DerivedData/Madabank-hkohthnbjtgnoechirsoymtykttx/Build/Intermediates.noindex/Madabank.build/Debug-iphonesimulator/Madabank.build/Objects-normal/arm64/Madabank_dependency_info.dat -fobjc-link-runtime -L/Applications/Xcode.app/Contents/Developer/Toolchains/XcodeDefault.xctoolchain/usr/lib/swift/iphonesimulator -L/usr/lib/swift -Xlinker -add_ast_path -Xlinker /Users/darisadam/Library/Developer/Xcode/DerivedData/Madabank-hkohthnbjtgnoechirsoymtykttx/Build/Intermediates.noindex/Madabank.build/Debug-iphonesimulator/Madabank.build/Objects-normal/arm64/Madabank.swiftmodule @/Users/darisadam/Library/Developer/Xcode/DerivedData/Madabank-hkohthnbjtgnoechirsoymtykttx/Build/Intermediates.noindex/Madabank.build/Debug-iphonesimulator/Madabank.build/Objects-normal/arm64/Madabank-linker-args.resp -Xlinker -alias -Xlinker _main -Xlinker ___debug_main_executable_dylib_entry_point -framework Accounts -framework Auth -framework Cards -framework Home -framework IQKeyboardManagerSwift -framework Profile -framework RxCocoa -framework RxSwift -framework Transactions -framework netfox -Xlinker -no_adhoc_codesign -o /Users/darisadam/Library/Developer/Xcode/DerivedData/Madabank-hkohthnbjtgnoechirsoymtykttx/Build/Products/Debug-iphonesimulator/Madabank.app/Madabank.debug.dylib

ConstructStubExecutorLinkFileList /Users/darisadam/Library/Developer/Xcode/DerivedData/Madabank-hkohthnbjtgnoechirsoymtykttx/Build/Intermediates.noindex/Madabank.build/Debug-iphonesimulator/Madabank.build/Madabank-ExecutorLinkFileList-normal-arm64.txt (in target 'Madabank' from project 'Madabank')
    cd /Users/darisadam/Documents/Projects/iOS\ Apps/madabank-ios/Madabank
    construct-stub-executor-link-file-list /Users/darisadam/Library/Developer/Xcode/DerivedData/Madabank-hkohthnbjtgnoechirsoymtykttx/Build/Products/Debug-iphonesimulator/Madabank.app/Madabank.debug.dylib /Applications/Xcode.app/Contents/Developer/Platforms/iPhoneSimulator.platform/Developer/usr/lib/libPreviewsJITStubExecutor_no_swift_entry_point.a /Applications/Xcode.app/Contents/Developer/Platforms/iPhoneSimulator.platform/Developer/usr/lib/libPreviewsJITStubExecutor.a --output /Users/darisadam/Library/Developer/Xcode/DerivedData/Madabank-hkohthnbjtgnoechirsoymtykttx/Build/Intermediates.noindex/Madabank.build/Debug-iphonesimulator/Madabank.build/Madabank-ExecutorLinkFileList-normal-arm64.txt
note: Using stub executor library with Swift entry point. (in target 'Madabank' from project 'Madabank')

Ld /Users/darisadam/Library/Developer/Xcode/DerivedData/Madabank-hkohthnbjtgnoechirsoymtykttx/Build/Products/Debug-iphonesimulator/Madabank.app/Madabank normal (in target 'Madabank' from project 'Madabank')
    cd /Users/darisadam/Documents/Projects/iOS\ Apps/madabank-ios/Madabank
    /Applications/Xcode.app/Contents/Developer/Toolchains/XcodeDefault.xctoolchain/usr/bin/clang -Xlinker -reproducible -target arm64-apple-ios15.0-simulator -isysroot /Applications/Xcode.app/Contents/Developer/Platforms/iPhoneSimulator.platform/Developer/SDKs/iPhoneSimulator26.1.sdk -O0 -L/Users/darisadam/Library/Developer/Xcode/DerivedData/Madabank-hkohthnbjtgnoechirsoymtykttx/Build/Products/Debug-iphonesimulator -F/Users/darisadam/Library/Developer/Xcode/DerivedData/Madabank-hkohthnbjtgnoechirsoymtykttx/Build/Products/Debug-iphonesimulator -Xlinker -rpath -Xlinker @executable_path -Xlinker -rpath -Xlinker @executable_path/Frameworks -rdynamic -Xlinker -no_deduplicate -Xlinker -objc_abi_version -Xlinker 2 -e ___debug_blank_executor_main -Xlinker -sectcreate -Xlinker __TEXT -Xlinker __debug_dylib -Xlinker /Users/darisadam/Library/Developer/Xcode/DerivedData/Madabank-hkohthnbjtgnoechirsoymtykttx/Build/Intermediates.noindex/Madabank.build/Debug-iphonesimulator/Madabank.build/Madabank-DebugDylibPath-normal-arm64.txt -Xlinker -sectcreate -Xlinker __TEXT -Xlinker __debug_instlnm -Xlinker /Users/darisadam/Library/Developer/Xcode/DerivedData/Madabank-hkohthnbjtgnoechirsoymtykttx/Build/Intermediates.noindex/Madabank.build/Debug-iphonesimulator/Madabank.build/Madabank-DebugDylibInstallName-normal-arm64.txt -Xlinker -filelist -Xlinker /Users/darisadam/Library/Developer/Xcode/DerivedData/Madabank-hkohthnbjtgnoechirsoymtykttx/Build/Intermediates.noindex/Madabank.build/Debug-iphonesimulator/Madabank.build/Madabank-ExecutorLinkFileList-normal-arm64.txt -Xlinker -sectcreate -Xlinker __TEXT -Xlinker __entitlements -Xlinker /Users/darisadam/Library/Developer/Xcode/DerivedData/Madabank-hkohthnbjtgnoechirsoymtykttx/Build/Intermediates.noindex/Madabank.build/Debug-iphonesimulator/Madabank.build/Madabank.app-Simulated.xcent -Xlinker -sectcreate -Xlinker __TEXT -Xlinker __ents_der -Xlinker /Users/darisadam/Library/Developer/Xcode/DerivedData/Madabank-hkohthnbjtgnoechirsoymtykttx/Build/Intermediates.noindex/Madabank.build/Debug-iphonesimulator/Madabank.build/Madabank.app-Simulated.xcent.der /Users/darisadam/Library/Developer/Xcode/DerivedData/Madabank-hkohthnbjtgnoechirsoymtykttx/Build/Products/Debug-iphonesimulator/Madabank.app/Madabank.debug.dylib -Xlinker -no_adhoc_codesign -o /Users/darisadam/Library/Developer/Xcode/DerivedData/Madabank-hkohthnbjtgnoechirsoymtykttx/Build/Products/Debug-iphonesimulator/Madabank.app/Madabank

LinkAssetCatalog /Users/darisadam/Documents/Projects/iOS\ Apps/madabank-ios/Madabank/Madabank/Resources/Assets.xcassets /Users/darisadam/Documents/Projects/iOS\ Apps/madabank-ios/Madabank/Madabank/Resources/Preview\ Content/Preview\ Assets.xcassets (in target 'Madabank' from project 'Madabank')
    cd /Users/darisadam/Documents/Projects/iOS\ Apps/madabank-ios/Madabank
    builtin-linkAssetCatalog --thinned /Users/darisadam/Library/Developer/Xcode/DerivedData/Madabank-hkohthnbjtgnoechirsoymtykttx/Build/Intermediates.noindex/Madabank.build/Debug-iphonesimulator/Madabank.build/assetcatalog_output/thinned --thinned-dependencies /Users/darisadam/Library/Developer/Xcode/DerivedData/Madabank-hkohthnbjtgnoechirsoymtykttx/Build/Intermediates.noindex/Madabank.build/Debug-iphonesimulator/Madabank.build/assetcatalog_dependencies_thinned --thinned-info-plist-content /Users/darisadam/Library/Developer/Xcode/DerivedData/Madabank-hkohthnbjtgnoechirsoymtykttx/Build/Intermediates.noindex/Madabank.build/Debug-iphonesimulator/Madabank.build/assetcatalog_generated_info.plist_thinned --unthinned /Users/darisadam/Library/Developer/Xcode/DerivedData/Madabank-hkohthnbjtgnoechirsoymtykttx/Build/Intermediates.noindex/Madabank.build/Debug-iphonesimulator/Madabank.build/assetcatalog_output/unthinned --unthinned-dependencies /Users/darisadam/Library/Developer/Xcode/DerivedData/Madabank-hkohthnbjtgnoechirsoymtykttx/Build/Intermediates.noindex/Madabank.build/Debug-iphonesimulator/Madabank.build/assetcatalog_dependencies_unthinned --unthinned-info-plist-content /Users/darisadam/Library/Developer/Xcode/DerivedData/Madabank-hkohthnbjtgnoechirsoymtykttx/Build/Intermediates.noindex/Madabank.build/Debug-iphonesimulator/Madabank.build/assetcatalog_generated_info.plist_unthinned --output /Users/darisadam/Library/Developer/Xcode/DerivedData/Madabank-hkohthnbjtgnoechirsoymtykttx/Build/Products/Debug-iphonesimulator/Madabank.app --plist-output /Users/darisadam/Library/Developer/Xcode/DerivedData/Madabank-hkohthnbjtgnoechirsoymtykttx/Build/Intermediates.noindex/Madabank.build/Debug-iphonesimulator/Madabank.build/assetcatalog_generated_info.plist
note: Emplaced /Users/darisadam/Library/Developer/Xcode/DerivedData/Madabank-hkohthnbjtgnoechirsoymtykttx/Build/Products/Debug-iphonesimulator/Madabank.app/Assets.car (in target 'Madabank' from project 'Madabank')
note: Emplaced /Users/darisadam/Library/Developer/Xcode/DerivedData/Madabank-hkohthnbjtgnoechirsoymtykttx/Build/Products/Debug-iphonesimulator/Madabank.app/AppIcon76x76@2x~ipad.png (in target 'Madabank' from project 'Madabank')
note: Emplaced /Users/darisadam/Library/Developer/Xcode/DerivedData/Madabank-hkohthnbjtgnoechirsoymtykttx/Build/Products/Debug-iphonesimulator/Madabank.app/AppIcon60x60@2x.png (in target 'Madabank' from project 'Madabank')

Copy /Users/darisadam/Library/Developer/Xcode/DerivedData/Madabank-hkohthnbjtgnoechirsoymtykttx/Build/Products/Debug-iphonesimulator/Madabank.app/Frameworks/RxRelay.framework /Users/darisadam/Library/Developer/Xcode/DerivedData/Madabank-hkohthnbjtgnoechirsoymtykttx/Build/Products/Debug-iphonesimulator/RxRelay.framework (in target 'Madabank' from project 'Madabank')
    cd /Users/darisadam/Documents/Projects/iOS\ Apps/madabank-ios/Madabank
    builtin-copy -exclude .DS_Store -exclude CVS -exclude .svn -exclude .git -exclude .hg -exclude Headers -exclude PrivateHeaders -exclude Modules -exclude \*.tbd -resolve-src-symlinks -remove-static-executable /Users/darisadam/Library/Developer/Xcode/DerivedData/Madabank-hkohthnbjtgnoechirsoymtykttx/Build/Products/Debug-iphonesimulator/RxRelay.framework /Users/darisadam/Library/Developer/Xcode/DerivedData/Madabank-hkohthnbjtgnoechirsoymtykttx/Build/Products/Debug-iphonesimulator/Madabank.app/Frameworks

Copy /Users/darisadam/Library/Developer/Xcode/DerivedData/Madabank-hkohthnbjtgnoechirsoymtykttx/Build/Products/Debug-iphonesimulator/Madabank.app/Frameworks/netfox.framework /Users/darisadam/Library/Developer/Xcode/DerivedData/Madabank-hkohthnbjtgnoechirsoymtykttx/Build/Products/Debug-iphonesimulator/netfox.framework (in target 'Madabank' from project 'Madabank')
    cd /Users/darisadam/Documents/Projects/iOS\ Apps/madabank-ios/Madabank
    builtin-copy -exclude .DS_Store -exclude CVS -exclude .svn -exclude .git -exclude .hg -exclude Headers -exclude PrivateHeaders -exclude Modules -exclude \*.tbd -resolve-src-symlinks -remove-static-executable /Users/darisadam/Library/Developer/Xcode/DerivedData/Madabank-hkohthnbjtgnoechirsoymtykttx/Build/Products/Debug-iphonesimulator/netfox.framework /Users/darisadam/Library/Developer/Xcode/DerivedData/Madabank-hkohthnbjtgnoechirsoymtykttx/Build/Products/Debug-iphonesimulator/Madabank.app/Frameworks

Copy /Users/darisadam/Library/Developer/Xcode/DerivedData/Madabank-hkohthnbjtgnoechirsoymtykttx/Build/Products/Debug-iphonesimulator/Madabank.app/Frameworks/Transactions.framework /Users/darisadam/Library/Developer/Xcode/DerivedData/Madabank-hkohthnbjtgnoechirsoymtykttx/Build/Products/Debug-iphonesimulator/Transactions.framework (in target 'Madabank' from project 'Madabank')
    cd /Users/darisadam/Documents/Projects/iOS\ Apps/madabank-ios/Madabank
    builtin-copy -exclude .DS_Store -exclude CVS -exclude .svn -exclude .git -exclude .hg -exclude Headers -exclude PrivateHeaders -exclude Modules -exclude \*.tbd -resolve-src-symlinks -remove-static-executable /Users/darisadam/Library/Developer/Xcode/DerivedData/Madabank-hkohthnbjtgnoechirsoymtykttx/Build/Products/Debug-iphonesimulator/Transactions.framework /Users/darisadam/Library/Developer/Xcode/DerivedData/Madabank-hkohthnbjtgnoechirsoymtykttx/Build/Products/Debug-iphonesimulator/Madabank.app/Frameworks

Copy /Users/darisadam/Library/Developer/Xcode/DerivedData/Madabank-hkohthnbjtgnoechirsoymtykttx/Build/Products/Debug-iphonesimulator/Madabank.app/Frameworks/RxSwift.framework /Users/darisadam/Library/Developer/Xcode/DerivedData/Madabank-hkohthnbjtgnoechirsoymtykttx/Build/Products/Debug-iphonesimulator/RxSwift.framework (in target 'Madabank' from project 'Madabank')
    cd /Users/darisadam/Documents/Projects/iOS\ Apps/madabank-ios/Madabank
    builtin-copy -exclude .DS_Store -exclude CVS -exclude .svn -exclude .git -exclude .hg -exclude Headers -exclude PrivateHeaders -exclude Modules -exclude \*.tbd -resolve-src-symlinks -remove-static-executable /Users/darisadam/Library/Developer/Xcode/DerivedData/Madabank-hkohthnbjtgnoechirsoymtykttx/Build/Products/Debug-iphonesimulator/RxSwift.framework /Users/darisadam/Library/Developer/Xcode/DerivedData/Madabank-hkohthnbjtgnoechirsoymtykttx/Build/Products/Debug-iphonesimulator/Madabank.app/Frameworks

Copy /Users/darisadam/Library/Developer/Xcode/DerivedData/Madabank-hkohthnbjtgnoechirsoymtykttx/Build/Products/Debug-iphonesimulator/Madabank.app/Frameworks/RxCocoaRuntime.framework /Users/darisadam/Library/Developer/Xcode/DerivedData/Madabank-hkohthnbjtgnoechirsoymtykttx/Build/Products/Debug-iphonesimulator/RxCocoaRuntime.framework (in target 'Madabank' from project 'Madabank')
    cd /Users/darisadam/Documents/Projects/iOS\ Apps/madabank-ios/Madabank
    builtin-copy -exclude .DS_Store -exclude CVS -exclude .svn -exclude .git -exclude .hg -exclude Headers -exclude PrivateHeaders -exclude Modules -exclude \*.tbd -resolve-src-symlinks -remove-static-executable /Users/darisadam/Library/Developer/Xcode/DerivedData/Madabank-hkohthnbjtgnoechirsoymtykttx/Build/Products/Debug-iphonesimulator/RxCocoaRuntime.framework /Users/darisadam/Library/Developer/Xcode/DerivedData/Madabank-hkohthnbjtgnoechirsoymtykttx/Build/Products/Debug-iphonesimulator/Madabank.app/Frameworks

Copy /Users/darisadam/Library/Developer/Xcode/DerivedData/Madabank-hkohthnbjtgnoechirsoymtykttx/Build/Products/Debug-iphonesimulator/Madabank.app/Frameworks/SnapKit.framework /Users/darisadam/Library/Developer/Xcode/DerivedData/Madabank-hkohthnbjtgnoechirsoymtykttx/Build/Products/Debug-iphonesimulator/SnapKit.framework (in target 'Madabank' from project 'Madabank')
    cd /Users/darisadam/Documents/Projects/iOS\ Apps/madabank-ios/Madabank
    builtin-copy -exclude .DS_Store -exclude CVS -exclude .svn -exclude .git -exclude .hg -exclude Headers -exclude PrivateHeaders -exclude Modules -exclude \*.tbd -resolve-src-symlinks -remove-static-executable /Users/darisadam/Library/Developer/Xcode/DerivedData/Madabank-hkohthnbjtgnoechirsoymtykttx/Build/Products/Debug-iphonesimulator/SnapKit.framework /Users/darisadam/Library/Developer/Xcode/DerivedData/Madabank-hkohthnbjtgnoechirsoymtykttx/Build/Products/Debug-iphonesimulator/Madabank.app/Frameworks

Copy /Users/darisadam/Library/Developer/Xcode/DerivedData/Madabank-hkohthnbjtgnoechirsoymtykttx/Build/Products/Debug-iphonesimulator/Madabank.app/Frameworks/RxCocoa.framework /Users/darisadam/Library/Developer/Xcode/DerivedData/Madabank-hkohthnbjtgnoechirsoymtykttx/Build/Products/Debug-iphonesimulator/RxCocoa.framework (in target 'Madabank' from project 'Madabank')
    cd /Users/darisadam/Documents/Projects/iOS\ Apps/madabank-ios/Madabank
    builtin-copy -exclude .DS_Store -exclude CVS -exclude .svn -exclude .git -exclude .hg -exclude Headers -exclude PrivateHeaders -exclude Modules -exclude \*.tbd -resolve-src-symlinks -remove-static-executable /Users/darisadam/Library/Developer/Xcode/DerivedData/Madabank-hkohthnbjtgnoechirsoymtykttx/Build/Products/Debug-iphonesimulator/RxCocoa.framework /Users/darisadam/Library/Developer/Xcode/DerivedData/Madabank-hkohthnbjtgnoechirsoymtykttx/Build/Products/Debug-iphonesimulator/Madabank.app/Frameworks

Copy /Users/darisadam/Library/Developer/Xcode/DerivedData/Madabank-hkohthnbjtgnoechirsoymtykttx/Build/Products/Debug-iphonesimulator/Madabank.app/Frameworks/Profile.framework /Users/darisadam/Library/Developer/Xcode/DerivedData/Madabank-hkohthnbjtgnoechirsoymtykttx/Build/Products/Debug-iphonesimulator/Profile.framework (in target 'Madabank' from project 'Madabank')
    cd /Users/darisadam/Documents/Projects/iOS\ Apps/madabank-ios/Madabank
    builtin-copy -exclude .DS_Store -exclude CVS -exclude .svn -exclude .git -exclude .hg -exclude Headers -exclude PrivateHeaders -exclude Modules -exclude \*.tbd -resolve-src-symlinks -remove-static-executable /Users/darisadam/Library/Developer/Xcode/DerivedData/Madabank-hkohthnbjtgnoechirsoymtykttx/Build/Products/Debug-iphonesimulator/Profile.framework /Users/darisadam/Library/Developer/Xcode/DerivedData/Madabank-hkohthnbjtgnoechirsoymtykttx/Build/Products/Debug-iphonesimulator/Madabank.app/Frameworks

Copy /Users/darisadam/Library/Developer/Xcode/DerivedData/Madabank-hkohthnbjtgnoechirsoymtykttx/Build/Products/Debug-iphonesimulator/Madabank.app/Frameworks/Networking.framework /Users/darisadam/Library/Developer/Xcode/DerivedData/Madabank-hkohthnbjtgnoechirsoymtykttx/Build/Products/Debug-iphonesimulator/Networking.framework (in target 'Madabank' from project 'Madabank')
    cd /Users/darisadam/Documents/Projects/iOS\ Apps/madabank-ios/Madabank
    builtin-copy -exclude .DS_Store -exclude CVS -exclude .svn -exclude .git -exclude .hg -exclude Headers -exclude PrivateHeaders -exclude Modules -exclude \*.tbd -resolve-src-symlinks -remove-static-executable /Users/darisadam/Library/Developer/Xcode/DerivedData/Madabank-hkohthnbjtgnoechirsoymtykttx/Build/Products/Debug-iphonesimulator/Networking.framework /Users/darisadam/Library/Developer/Xcode/DerivedData/Madabank-hkohthnbjtgnoechirsoymtykttx/Build/Products/Debug-iphonesimulator/Madabank.app/Frameworks

Copy /Users/darisadam/Library/Developer/Xcode/DerivedData/Madabank-hkohthnbjtgnoechirsoymtykttx/Build/Products/Debug-iphonesimulator/Madabank.app/Frameworks/Home.framework /Users/darisadam/Library/Developer/Xcode/DerivedData/Madabank-hkohthnbjtgnoechirsoymtykttx/Build/Products/Debug-iphonesimulator/Home.framework (in target 'Madabank' from project 'Madabank')
    cd /Users/darisadam/Documents/Projects/iOS\ Apps/madabank-ios/Madabank
    builtin-copy -exclude .DS_Store -exclude CVS -exclude .svn -exclude .git -exclude .hg -exclude Headers -exclude PrivateHeaders -exclude Modules -exclude \*.tbd -resolve-src-symlinks -remove-static-executable /Users/darisadam/Library/Developer/Xcode/DerivedData/Madabank-hkohthnbjtgnoechirsoymtykttx/Build/Products/Debug-iphonesimulator/Home.framework /Users/darisadam/Library/Developer/Xcode/DerivedData/Madabank-hkohthnbjtgnoechirsoymtykttx/Build/Products/Debug-iphonesimulator/Madabank.app/Frameworks

Copy /Users/darisadam/Library/Developer/Xcode/DerivedData/Madabank-hkohthnbjtgnoechirsoymtykttx/Build/Products/Debug-iphonesimulator/Madabank.app/Frameworks/IQKeyboardManagerSwift.framework /Users/darisadam/Library/Developer/Xcode/DerivedData/Madabank-hkohthnbjtgnoechirsoymtykttx/Build/Products/Debug-iphonesimulator/IQKeyboardManagerSwift.framework (in target 'Madabank' from project 'Madabank')
    cd /Users/darisadam/Documents/Projects/iOS\ Apps/madabank-ios/Madabank
    builtin-copy -exclude .DS_Store -exclude CVS -exclude .svn -exclude .git -exclude .hg -exclude Headers -exclude PrivateHeaders -exclude Modules -exclude \*.tbd -resolve-src-symlinks -remove-static-executable /Users/darisadam/Library/Developer/Xcode/DerivedData/Madabank-hkohthnbjtgnoechirsoymtykttx/Build/Products/Debug-iphonesimulator/IQKeyboardManagerSwift.framework /Users/darisadam/Library/Developer/Xcode/DerivedData/Madabank-hkohthnbjtgnoechirsoymtykttx/Build/Products/Debug-iphonesimulator/Madabank.app/Frameworks

Copy /Users/darisadam/Library/Developer/Xcode/DerivedData/Madabank-hkohthnbjtgnoechirsoymtykttx/Build/Products/Debug-iphonesimulator/Madabank.app/Frameworks/Domain.framework /Users/darisadam/Library/Developer/Xcode/DerivedData/Madabank-hkohthnbjtgnoechirsoymtykttx/Build/Products/Debug-iphonesimulator/Domain.framework (in target 'Madabank' from project 'Madabank')
    cd /Users/darisadam/Documents/Projects/iOS\ Apps/madabank-ios/Madabank
    builtin-copy -exclude .DS_Store -exclude CVS -exclude .svn -exclude .git -exclude .hg -exclude Headers -exclude PrivateHeaders -exclude Modules -exclude \*.tbd -resolve-src-symlinks -remove-static-executable /Users/darisadam/Library/Developer/Xcode/DerivedData/Madabank-hkohthnbjtgnoechirsoymtykttx/Build/Products/Debug-iphonesimulator/Domain.framework /Users/darisadam/Library/Developer/Xcode/DerivedData/Madabank-hkohthnbjtgnoechirsoymtykttx/Build/Products/Debug-iphonesimulator/Madabank.app/Frameworks

Copy /Users/darisadam/Library/Developer/Xcode/DerivedData/Madabank-hkohthnbjtgnoechirsoymtykttx/Build/Products/Debug-iphonesimulator/Madabank.app/Frameworks/Data.framework /Users/darisadam/Library/Developer/Xcode/DerivedData/Madabank-hkohthnbjtgnoechirsoymtykttx/Build/Products/Debug-iphonesimulator/Data.framework (in target 'Madabank' from project 'Madabank')
    cd /Users/darisadam/Documents/Projects/iOS\ Apps/madabank-ios/Madabank
    builtin-copy -exclude .DS_Store -exclude CVS -exclude .svn -exclude .git -exclude .hg -exclude Headers -exclude PrivateHeaders -exclude Modules -exclude \*.tbd -resolve-src-symlinks -remove-static-executable /Users/darisadam/Library/Developer/Xcode/DerivedData/Madabank-hkohthnbjtgnoechirsoymtykttx/Build/Products/Debug-iphonesimulator/Data.framework /Users/darisadam/Library/Developer/Xcode/DerivedData/Madabank-hkohthnbjtgnoechirsoymtykttx/Build/Products/Debug-iphonesimulator/Madabank.app/Frameworks

Copy /Users/darisadam/Library/Developer/Xcode/DerivedData/Madabank-hkohthnbjtgnoechirsoymtykttx/Build/Products/Debug-iphonesimulator/Madabank.app/Frameworks/Core.framework /Users/darisadam/Library/Developer/Xcode/DerivedData/Madabank-hkohthnbjtgnoechirsoymtykttx/Build/Products/Debug-iphonesimulator/Core.framework (in target 'Madabank' from project 'Madabank')
    cd /Users/darisadam/Documents/Projects/iOS\ Apps/madabank-ios/Madabank
    builtin-copy -exclude .DS_Store -exclude CVS -exclude .svn -exclude .git -exclude .hg -exclude Headers -exclude PrivateHeaders -exclude Modules -exclude \*.tbd -resolve-src-symlinks -remove-static-executable /Users/darisadam/Library/Developer/Xcode/DerivedData/Madabank-hkohthnbjtgnoechirsoymtykttx/Build/Products/Debug-iphonesimulator/Core.framework /Users/darisadam/Library/Developer/Xcode/DerivedData/Madabank-hkohthnbjtgnoechirsoymtykttx/Build/Products/Debug-iphonesimulator/Madabank.app/Frameworks

Copy /Users/darisadam/Library/Developer/Xcode/DerivedData/Madabank-hkohthnbjtgnoechirsoymtykttx/Build/Products/Debug-iphonesimulator/Madabank.app/Frameworks/CommonUI.framework /Users/darisadam/Library/Developer/Xcode/DerivedData/Madabank-hkohthnbjtgnoechirsoymtykttx/Build/Products/Debug-iphonesimulator/CommonUI.framework (in target 'Madabank' from project 'Madabank')
    cd /Users/darisadam/Documents/Projects/iOS\ Apps/madabank-ios/Madabank
    builtin-copy -exclude .DS_Store -exclude CVS -exclude .svn -exclude .git -exclude .hg -exclude Headers -exclude PrivateHeaders -exclude Modules -exclude \*.tbd -resolve-src-symlinks -remove-static-executable /Users/darisadam/Library/Developer/Xcode/DerivedData/Madabank-hkohthnbjtgnoechirsoymtykttx/Build/Products/Debug-iphonesimulator/CommonUI.framework /Users/darisadam/Library/Developer/Xcode/DerivedData/Madabank-hkohthnbjtgnoechirsoymtykttx/Build/Products/Debug-iphonesimulator/Madabank.app/Frameworks

Copy /Users/darisadam/Library/Developer/Xcode/DerivedData/Madabank-hkohthnbjtgnoechirsoymtykttx/Build/Products/Debug-iphonesimulator/Madabank.app/Frameworks/Cards.framework /Users/darisadam/Library/Developer/Xcode/DerivedData/Madabank-hkohthnbjtgnoechirsoymtykttx/Build/Products/Debug-iphonesimulator/Cards.framework (in target 'Madabank' from project 'Madabank')
    cd /Users/darisadam/Documents/Projects/iOS\ Apps/madabank-ios/Madabank
    builtin-copy -exclude .DS_Store -exclude CVS -exclude .svn -exclude .git -exclude .hg -exclude Headers -exclude PrivateHeaders -exclude Modules -exclude \*.tbd -resolve-src-symlinks -remove-static-executable /Users/darisadam/Library/Developer/Xcode/DerivedData/Madabank-hkohthnbjtgnoechirsoymtykttx/Build/Products/Debug-iphonesimulator/Cards.framework /Users/darisadam/Library/Developer/Xcode/DerivedData/Madabank-hkohthnbjtgnoechirsoymtykttx/Build/Products/Debug-iphonesimulator/Madabank.app/Frameworks

Copy /Users/darisadam/Library/Developer/Xcode/DerivedData/Madabank-hkohthnbjtgnoechirsoymtykttx/Build/Products/Debug-iphonesimulator/Madabank.app/Frameworks/Auth.framework /Users/darisadam/Library/Developer/Xcode/DerivedData/Madabank-hkohthnbjtgnoechirsoymtykttx/Build/Products/Debug-iphonesimulator/Auth.framework (in target 'Madabank' from project 'Madabank')
    cd /Users/darisadam/Documents/Projects/iOS\ Apps/madabank-ios/Madabank
    builtin-copy -exclude .DS_Store -exclude CVS -exclude .svn -exclude .git -exclude .hg -exclude Headers -exclude PrivateHeaders -exclude Modules -exclude \*.tbd -resolve-src-symlinks -remove-static-executable /Users/darisadam/Library/Developer/Xcode/DerivedData/Madabank-hkohthnbjtgnoechirsoymtykttx/Build/Products/Debug-iphonesimulator/Auth.framework /Users/darisadam/Library/Developer/Xcode/DerivedData/Madabank-hkohthnbjtgnoechirsoymtykttx/Build/Products/Debug-iphonesimulator/Madabank.app/Frameworks

Copy /Users/darisadam/Library/Developer/Xcode/DerivedData/Madabank-hkohthnbjtgnoechirsoymtykttx/Build/Products/Debug-iphonesimulator/Madabank.app/Frameworks/Alamofire.framework /Users/darisadam/Library/Developer/Xcode/DerivedData/Madabank-hkohthnbjtgnoechirsoymtykttx/Build/Products/Debug-iphonesimulator/Alamofire.framework (in target 'Madabank' from project 'Madabank')
    cd /Users/darisadam/Documents/Projects/iOS\ Apps/madabank-ios/Madabank
    builtin-copy -exclude .DS_Store -exclude CVS -exclude .svn -exclude .git -exclude .hg -exclude Headers -exclude PrivateHeaders -exclude Modules -exclude \*.tbd -resolve-src-symlinks -remove-static-executable /Users/darisadam/Library/Developer/Xcode/DerivedData/Madabank-hkohthnbjtgnoechirsoymtykttx/Build/Products/Debug-iphonesimulator/Alamofire.framework /Users/darisadam/Library/Developer/Xcode/DerivedData/Madabank-hkohthnbjtgnoechirsoymtykttx/Build/Products/Debug-iphonesimulator/Madabank.app/Frameworks

Copy /Users/darisadam/Library/Developer/Xcode/DerivedData/Madabank-hkohthnbjtgnoechirsoymtykttx/Build/Products/Debug-iphonesimulator/Madabank.app/Frameworks/Accounts.framework /Users/darisadam/Library/Developer/Xcode/DerivedData/Madabank-hkohthnbjtgnoechirsoymtykttx/Build/Products/Debug-iphonesimulator/Accounts.framework (in target 'Madabank' from project 'Madabank')
    cd /Users/darisadam/Documents/Projects/iOS\ Apps/madabank-ios/Madabank
    builtin-copy -exclude .DS_Store -exclude CVS -exclude .svn -exclude .git -exclude .hg -exclude Headers -exclude PrivateHeaders -exclude Modules -exclude \*.tbd -resolve-src-symlinks -remove-static-executable /Users/darisadam/Library/Developer/Xcode/DerivedData/Madabank-hkohthnbjtgnoechirsoymtykttx/Build/Products/Debug-iphonesimulator/Accounts.framework /Users/darisadam/Library/Developer/Xcode/DerivedData/Madabank-hkohthnbjtgnoechirsoymtykttx/Build/Products/Debug-iphonesimulator/Madabank.app/Frameworks

CodeSign /Users/darisadam/Library/Developer/Xcode/DerivedData/Madabank-hkohthnbjtgnoechirsoymtykttx/Build/Products/Debug-iphonesimulator/Madabank.app/Frameworks/netfox.framework (in target 'Madabank' from project 'Madabank')
    cd /Users/darisadam/Documents/Projects/iOS\ Apps/madabank-ios/Madabank
    
    Signing Identity:     "Sign to Run Locally"
    
    /usr/bin/codesign --force --sign - --timestamp\=none --preserve-metadata\=identifier,entitlements,flags --generate-entitlement-der /Users/darisadam/Library/Developer/Xcode/DerivedData/Madabank-hkohthnbjtgnoechirsoymtykttx/Build/Products/Debug-iphonesimulator/Madabank.app/Frameworks/netfox.framework
/Users/darisadam/Library/Developer/Xcode/DerivedData/Madabank-hkohthnbjtgnoechirsoymtykttx/Build/Products/Debug-iphonesimulator/Madabank.app/Frameworks/netfox.framework: replacing existing signature

CodeSign /Users/darisadam/Library/Developer/Xcode/DerivedData/Madabank-hkohthnbjtgnoechirsoymtykttx/Build/Products/Debug-iphonesimulator/Madabank.app/Frameworks/Transactions.framework (in target 'Madabank' from project 'Madabank')
    cd /Users/darisadam/Documents/Projects/iOS\ Apps/madabank-ios/Madabank
    
    Signing Identity:     "Sign to Run Locally"
    
    /usr/bin/codesign --force --sign - --timestamp\=none --preserve-metadata\=identifier,entitlements,flags --generate-entitlement-der /Users/darisadam/Library/Developer/Xcode/DerivedData/Madabank-hkohthnbjtgnoechirsoymtykttx/Build/Products/Debug-iphonesimulator/Madabank.app/Frameworks/Transactions.framework
/Users/darisadam/Library/Developer/Xcode/DerivedData/Madabank-hkohthnbjtgnoechirsoymtykttx/Build/Products/Debug-iphonesimulator/Madabank.app/Frameworks/Transactions.framework: replacing existing signature

CodeSign /Users/darisadam/Library/Developer/Xcode/DerivedData/Madabank-hkohthnbjtgnoechirsoymtykttx/Build/Products/Debug-iphonesimulator/Madabank.app/Frameworks/SnapKit.framework (in target 'Madabank' from project 'Madabank')
    cd /Users/darisadam/Documents/Projects/iOS\ Apps/madabank-ios/Madabank
    
    Signing Identity:     "Sign to Run Locally"
    
    /usr/bin/codesign --force --sign - --timestamp\=none --preserve-metadata\=identifier,entitlements,flags --generate-entitlement-der /Users/darisadam/Library/Developer/Xcode/DerivedData/Madabank-hkohthnbjtgnoechirsoymtykttx/Build/Products/Debug-iphonesimulator/Madabank.app/Frameworks/SnapKit.framework
/Users/darisadam/Library/Developer/Xcode/DerivedData/Madabank-hkohthnbjtgnoechirsoymtykttx/Build/Products/Debug-iphonesimulator/Madabank.app/Frameworks/SnapKit.framework: replacing existing signature

CodeSign /Users/darisadam/Library/Developer/Xcode/DerivedData/Madabank-hkohthnbjtgnoechirsoymtykttx/Build/Products/Debug-iphonesimulator/Madabank.app/Frameworks/RxSwift.framework (in target 'Madabank' from project 'Madabank')
    cd /Users/darisadam/Documents/Projects/iOS\ Apps/madabank-ios/Madabank
    
    Signing Identity:     "Sign to Run Locally"
    
    /usr/bin/codesign --force --sign - --timestamp\=none --preserve-metadata\=identifier,entitlements,flags --generate-entitlement-der /Users/darisadam/Library/Developer/Xcode/DerivedData/Madabank-hkohthnbjtgnoechirsoymtykttx/Build/Products/Debug-iphonesimulator/Madabank.app/Frameworks/RxSwift.framework
/Users/darisadam/Library/Developer/Xcode/DerivedData/Madabank-hkohthnbjtgnoechirsoymtykttx/Build/Products/Debug-iphonesimulator/Madabank.app/Frameworks/RxSwift.framework: replacing existing signature

CodeSign /Users/darisadam/Library/Developer/Xcode/DerivedData/Madabank-hkohthnbjtgnoechirsoymtykttx/Build/Products/Debug-iphonesimulator/Madabank.app/Frameworks/RxRelay.framework (in target 'Madabank' from project 'Madabank')
    cd /Users/darisadam/Documents/Projects/iOS\ Apps/madabank-ios/Madabank
    
    Signing Identity:     "Sign to Run Locally"
    
    /usr/bin/codesign --force --sign - --timestamp\=none --preserve-metadata\=identifier,entitlements,flags --generate-entitlement-der /Users/darisadam/Library/Developer/Xcode/DerivedData/Madabank-hkohthnbjtgnoechirsoymtykttx/Build/Products/Debug-iphonesimulator/Madabank.app/Frameworks/RxRelay.framework
/Users/darisadam/Library/Developer/Xcode/DerivedData/Madabank-hkohthnbjtgnoechirsoymtykttx/Build/Products/Debug-iphonesimulator/Madabank.app/Frameworks/RxRelay.framework: replacing existing signature

CodeSign /Users/darisadam/Library/Developer/Xcode/DerivedData/Madabank-hkohthnbjtgnoechirsoymtykttx/Build/Products/Debug-iphonesimulator/Madabank.app/Frameworks/RxCocoaRuntime.framework (in target 'Madabank' from project 'Madabank')
    cd /Users/darisadam/Documents/Projects/iOS\ Apps/madabank-ios/Madabank
    
    Signing Identity:     "Sign to Run Locally"
    
    /usr/bin/codesign --force --sign - --timestamp\=none --preserve-metadata\=identifier,entitlements,flags --generate-entitlement-der /Users/darisadam/Library/Developer/Xcode/DerivedData/Madabank-hkohthnbjtgnoechirsoymtykttx/Build/Products/Debug-iphonesimulator/Madabank.app/Frameworks/RxCocoaRuntime.framework
/Users/darisadam/Library/Developer/Xcode/DerivedData/Madabank-hkohthnbjtgnoechirsoymtykttx/Build/Products/Debug-iphonesimulator/Madabank.app/Frameworks/RxCocoaRuntime.framework: replacing existing signature

CodeSign /Users/darisadam/Library/Developer/Xcode/DerivedData/Madabank-hkohthnbjtgnoechirsoymtykttx/Build/Products/Debug-iphonesimulator/Madabank.app/Frameworks/RxCocoa.framework (in target 'Madabank' from project 'Madabank')
    cd /Users/darisadam/Documents/Projects/iOS\ Apps/madabank-ios/Madabank
    
    Signing Identity:     "Sign to Run Locally"
    
    /usr/bin/codesign --force --sign - --timestamp\=none --preserve-metadata\=identifier,entitlements,flags --generate-entitlement-der /Users/darisadam/Library/Developer/Xcode/DerivedData/Madabank-hkohthnbjtgnoechirsoymtykttx/Build/Products/Debug-iphonesimulator/Madabank.app/Frameworks/RxCocoa.framework
/Users/darisadam/Library/Developer/Xcode/DerivedData/Madabank-hkohthnbjtgnoechirsoymtykttx/Build/Products/Debug-iphonesimulator/Madabank.app/Frameworks/RxCocoa.framework: replacing existing signature

CodeSign /Users/darisadam/Library/Developer/Xcode/DerivedData/Madabank-hkohthnbjtgnoechirsoymtykttx/Build/Products/Debug-iphonesimulator/Madabank.app/Frameworks/Profile.framework (in target 'Madabank' from project 'Madabank')
    cd /Users/darisadam/Documents/Projects/iOS\ Apps/madabank-ios/Madabank
    
    Signing Identity:     "Sign to Run Locally"
    
    /usr/bin/codesign --force --sign - --timestamp\=none --preserve-metadata\=identifier,entitlements,flags --generate-entitlement-der /Users/darisadam/Library/Developer/Xcode/DerivedData/Madabank-hkohthnbjtgnoechirsoymtykttx/Build/Products/Debug-iphonesimulator/Madabank.app/Frameworks/Profile.framework
/Users/darisadam/Library/Developer/Xcode/DerivedData/Madabank-hkohthnbjtgnoechirsoymtykttx/Build/Products/Debug-iphonesimulator/Madabank.app/Frameworks/Profile.framework: replacing existing signature

ProcessInfoPlistFile /Users/darisadam/Library/Developer/Xcode/DerivedData/Madabank-hkohthnbjtgnoechirsoymtykttx/Build/Products/Debug-iphonesimulator/Madabank.app/Info.plist /Users/darisadam/Documents/Projects/iOS\ Apps/madabank-ios/Madabank/Derived/InfoPlists/Madabank-Info.plist (in target 'Madabank' from project 'Madabank')
    cd /Users/darisadam/Documents/Projects/iOS\ Apps/madabank-ios/Madabank
    builtin-infoPlistUtility /Users/darisadam/Documents/Projects/iOS\ Apps/madabank-ios/Madabank/Derived/InfoPlists/Madabank-Info.plist -producttype com.apple.product-type.application -genpkginfo /Users/darisadam/Library/Developer/Xcode/DerivedData/Madabank-hkohthnbjtgnoechirsoymtykttx/Build/Products/Debug-iphonesimulator/Madabank.app/PkgInfo -expandbuildsettings -format binary -platform iphonesimulator -additionalcontentfile /Users/darisadam/Library/Developer/Xcode/DerivedData/Madabank-hkohthnbjtgnoechirsoymtykttx/Build/Intermediates.noindex/Madabank.build/Debug-iphonesimulator/Madabank.build/assetcatalog_generated_info.plist -scanforprivacyfile /Users/darisadam/Library/Developer/Xcode/DerivedData/Madabank-hkohthnbjtgnoechirsoymtykttx/Build/Products/Debug-iphonesimulator/Madabank.app/Frameworks/Accounts.framework -scanforprivacyfile /Users/darisadam/Library/Developer/Xcode/DerivedData/Madabank-hkohthnbjtgnoechirsoymtykttx/Build/Products/Debug-iphonesimulator/Madabank.app/Frameworks/Alamofire.framework -scanforprivacyfile /Users/darisadam/Library/Developer/Xcode/DerivedData/Madabank-hkohthnbjtgnoechirsoymtykttx/Build/Products/Debug-iphonesimulator/Madabank.app/Frameworks/Auth.framework -scanforprivacyfile /Users/darisadam/Library/Developer/Xcode/DerivedData/Madabank-hkohthnbjtgnoechirsoymtykttx/Build/Products/Debug-iphonesimulator/Madabank.app/Frameworks/Cards.framework -scanforprivacyfile /Users/darisadam/Library/Developer/Xcode/DerivedData/Madabank-hkohthnbjtgnoechirsoymtykttx/Build/Products/Debug-iphonesimulator/Madabank.app/Frameworks/CommonUI.framework -scanforprivacyfile /Users/darisadam/Library/Developer/Xcode/DerivedData/Madabank-hkohthnbjtgnoechirsoymtykttx/Build/Products/Debug-iphonesimulator/Madabank.app/Frameworks/Core.framework -scanforprivacyfile /Users/darisadam/Library/Developer/Xcode/DerivedData/Madabank-hkohthnbjtgnoechirsoymtykttx/Build/Products/Debug-iphonesimulator/Madabank.app/Frameworks/Data.framework -scanforprivacyfile /Users/darisadam/Library/Developer/Xcode/DerivedData/Madabank-hkohthnbjtgnoechirsoymtykttx/Build/Products/Debug-iphonesimulator/Madabank.app/Frameworks/Domain.framework -scanforprivacyfile /Users/darisadam/Library/Developer/Xcode/DerivedData/Madabank-hkohthnbjtgnoechirsoymtykttx/Build/Products/Debug-iphonesimulator/Madabank.app/Frameworks/Home.framework -scanforprivacyfile /Users/darisadam/Library/Developer/Xcode/DerivedData/Madabank-hkohthnbjtgnoechirsoymtykttx/Build/Products/Debug-iphonesimulator/Madabank.app/Frameworks/IQKeyboardManagerSwift.framework -scanforprivacyfile /Users/darisadam/Library/Developer/Xcode/DerivedData/Madabank-hkohthnbjtgnoechirsoymtykttx/Build/Products/Debug-iphonesimulator/Madabank.app/Frameworks/Networking.framework -scanforprivacyfile /Users/darisadam/Library/Developer/Xcode/DerivedData/Madabank-hkohthnbjtgnoechirsoymtykttx/Build/Products/Debug-iphonesimulator/Madabank.app/Frameworks/Profile.framework -scanforprivacyfile /Users/darisadam/Library/Developer/Xcode/DerivedData/Madabank-hkohthnbjtgnoechirsoymtykttx/Build/Products/Debug-iphonesimulator/Madabank.app/Frameworks/RxCocoa.framework -scanforprivacyfile /Users/darisadam/Library/Developer/Xcode/DerivedData/Madabank-hkohthnbjtgnoechirsoymtykttx/Build/Products/Debug-iphonesimulator/Madabank.app/Frameworks/RxCocoaRuntime.framework -scanforprivacyfile /Users/darisadam/Library/Developer/Xcode/DerivedData/Madabank-hkohthnbjtgnoechirsoymtykttx/Build/Products/Debug-iphonesimulator/Madabank.app/Frameworks/RxRelay.framework -scanforprivacyfile /Users/darisadam/Library/Developer/Xcode/DerivedData/Madabank-hkohthnbjtgnoechirsoymtykttx/Build/Products/Debug-iphonesimulator/Madabank.app/Frameworks/RxSwift.framework -scanforprivacyfile /Users/darisadam/Library/Developer/Xcode/DerivedData/Madabank-hkohthnbjtgnoechirsoymtykttx/Build/Products/Debug-iphonesimulator/Madabank.app/Frameworks/SnapKit.framework -scanforprivacyfile /Users/darisadam/Library/Developer/Xcode/DerivedData/Madabank-hkohthnbjtgnoechirsoymtykttx/Build/Products/Debug-iphonesimulator/Madabank.app/Frameworks/Transactions.framework -scanforprivacyfile /Users/darisadam/Library/Developer/Xcode/DerivedData/Madabank-hkohthnbjtgnoechirsoymtykttx/Build/Products/Debug-iphonesimulator/Madabank.app/Frameworks/netfox.framework -o /Users/darisadam/Library/Developer/Xcode/DerivedData/Madabank-hkohthnbjtgnoechirsoymtykttx/Build/Products/Debug-iphonesimulator/Madabank.app/Info.plist

CodeSign /Users/darisadam/Library/Developer/Xcode/DerivedData/Madabank-hkohthnbjtgnoechirsoymtykttx/Build/Products/Debug-iphonesimulator/Madabank.app/Frameworks/Networking.framework (in target 'Madabank' from project 'Madabank')
    cd /Users/darisadam/Documents/Projects/iOS\ Apps/madabank-ios/Madabank
    
    Signing Identity:     "Sign to Run Locally"
    
    /usr/bin/codesign --force --sign - --timestamp\=none --preserve-metadata\=identifier,entitlements,flags --generate-entitlement-der /Users/darisadam/Library/Developer/Xcode/DerivedData/Madabank-hkohthnbjtgnoechirsoymtykttx/Build/Products/Debug-iphonesimulator/Madabank.app/Frameworks/Networking.framework
/Users/darisadam/Library/Developer/Xcode/DerivedData/Madabank-hkohthnbjtgnoechirsoymtykttx/Build/Products/Debug-iphonesimulator/Madabank.app/Frameworks/Networking.framework: replacing existing signature

CodeSign /Users/darisadam/Library/Developer/Xcode/DerivedData/Madabank-hkohthnbjtgnoechirsoymtykttx/Build/Products/Debug-iphonesimulator/Madabank.app/Frameworks/IQKeyboardManagerSwift.framework (in target 'Madabank' from project 'Madabank')
    cd /Users/darisadam/Documents/Projects/iOS\ Apps/madabank-ios/Madabank
    
    Signing Identity:     "Sign to Run Locally"
    
    /usr/bin/codesign --force --sign - --timestamp\=none --preserve-metadata\=identifier,entitlements,flags --generate-entitlement-der /Users/darisadam/Library/Developer/Xcode/DerivedData/Madabank-hkohthnbjtgnoechirsoymtykttx/Build/Products/Debug-iphonesimulator/Madabank.app/Frameworks/IQKeyboardManagerSwift.framework
/Users/darisadam/Library/Developer/Xcode/DerivedData/Madabank-hkohthnbjtgnoechirsoymtykttx/Build/Products/Debug-iphonesimulator/Madabank.app/Frameworks/IQKeyboardManagerSwift.framework: replacing existing signature

CodeSign /Users/darisadam/Library/Developer/Xcode/DerivedData/Madabank-hkohthnbjtgnoechirsoymtykttx/Build/Products/Debug-iphonesimulator/Madabank.app/Frameworks/Home.framework (in target 'Madabank' from project 'Madabank')
    cd /Users/darisadam/Documents/Projects/iOS\ Apps/madabank-ios/Madabank
    
    Signing Identity:     "Sign to Run Locally"
    
    /usr/bin/codesign --force --sign - --timestamp\=none --preserve-metadata\=identifier,entitlements,flags --generate-entitlement-der /Users/darisadam/Library/Developer/Xcode/DerivedData/Madabank-hkohthnbjtgnoechirsoymtykttx/Build/Products/Debug-iphonesimulator/Madabank.app/Frameworks/Home.framework
/Users/darisadam/Library/Developer/Xcode/DerivedData/Madabank-hkohthnbjtgnoechirsoymtykttx/Build/Products/Debug-iphonesimulator/Madabank.app/Frameworks/Home.framework: replacing existing signature

CodeSign /Users/darisadam/Library/Developer/Xcode/DerivedData/Madabank-hkohthnbjtgnoechirsoymtykttx/Build/Products/Debug-iphonesimulator/Madabank.app/Frameworks/Domain.framework (in target 'Madabank' from project 'Madabank')
    cd /Users/darisadam/Documents/Projects/iOS\ Apps/madabank-ios/Madabank
    
    Signing Identity:     "Sign to Run Locally"
    
    /usr/bin/codesign --force --sign - --timestamp\=none --preserve-metadata\=identifier,entitlements,flags --generate-entitlement-der /Users/darisadam/Library/Developer/Xcode/DerivedData/Madabank-hkohthnbjtgnoechirsoymtykttx/Build/Products/Debug-iphonesimulator/Madabank.app/Frameworks/Domain.framework
/Users/darisadam/Library/Developer/Xcode/DerivedData/Madabank-hkohthnbjtgnoechirsoymtykttx/Build/Products/Debug-iphonesimulator/Madabank.app/Frameworks/Domain.framework: replacing existing signature

CodeSign /Users/darisadam/Library/Developer/Xcode/DerivedData/Madabank-hkohthnbjtgnoechirsoymtykttx/Build/Products/Debug-iphonesimulator/Madabank.app/Frameworks/Data.framework (in target 'Madabank' from project 'Madabank')
    cd /Users/darisadam/Documents/Projects/iOS\ Apps/madabank-ios/Madabank
    
    Signing Identity:     "Sign to Run Locally"
    
    /usr/bin/codesign --force --sign - --timestamp\=none --preserve-metadata\=identifier,entitlements,flags --generate-entitlement-der /Users/darisadam/Library/Developer/Xcode/DerivedData/Madabank-hkohthnbjtgnoechirsoymtykttx/Build/Products/Debug-iphonesimulator/Madabank.app/Frameworks/Data.framework
/Users/darisadam/Library/Developer/Xcode/DerivedData/Madabank-hkohthnbjtgnoechirsoymtykttx/Build/Products/Debug-iphonesimulator/Madabank.app/Frameworks/Data.framework: replacing existing signature

CodeSign /Users/darisadam/Library/Developer/Xcode/DerivedData/Madabank-hkohthnbjtgnoechirsoymtykttx/Build/Products/Debug-iphonesimulator/Madabank.app/Frameworks/Core.framework (in target 'Madabank' from project 'Madabank')
    cd /Users/darisadam/Documents/Projects/iOS\ Apps/madabank-ios/Madabank
    
    Signing Identity:     "Sign to Run Locally"
    
    /usr/bin/codesign --force --sign - --timestamp\=none --preserve-metadata\=identifier,entitlements,flags --generate-entitlement-der /Users/darisadam/Library/Developer/Xcode/DerivedData/Madabank-hkohthnbjtgnoechirsoymtykttx/Build/Products/Debug-iphonesimulator/Madabank.app/Frameworks/Core.framework
/Users/darisadam/Library/Developer/Xcode/DerivedData/Madabank-hkohthnbjtgnoechirsoymtykttx/Build/Products/Debug-iphonesimulator/Madabank.app/Frameworks/Core.framework: replacing existing signature

CodeSign /Users/darisadam/Library/Developer/Xcode/DerivedData/Madabank-hkohthnbjtgnoechirsoymtykttx/Build/Products/Debug-iphonesimulator/Madabank.app/Frameworks/CommonUI.framework (in target 'Madabank' from project 'Madabank')
    cd /Users/darisadam/Documents/Projects/iOS\ Apps/madabank-ios/Madabank
    
    Signing Identity:     "Sign to Run Locally"
    
    /usr/bin/codesign --force --sign - --timestamp\=none --preserve-metadata\=identifier,entitlements,flags --generate-entitlement-der /Users/darisadam/Library/Developer/Xcode/DerivedData/Madabank-hkohthnbjtgnoechirsoymtykttx/Build/Products/Debug-iphonesimulator/Madabank.app/Frameworks/CommonUI.framework
/Users/darisadam/Library/Developer/Xcode/DerivedData/Madabank-hkohthnbjtgnoechirsoymtykttx/Build/Products/Debug-iphonesimulator/Madabank.app/Frameworks/CommonUI.framework: replacing existing signature

CodeSign /Users/darisadam/Library/Developer/Xcode/DerivedData/Madabank-hkohthnbjtgnoechirsoymtykttx/Build/Products/Debug-iphonesimulator/Madabank.app/Frameworks/Cards.framework (in target 'Madabank' from project 'Madabank')
    cd /Users/darisadam/Documents/Projects/iOS\ Apps/madabank-ios/Madabank
    
    Signing Identity:     "Sign to Run Locally"
    
    /usr/bin/codesign --force --sign - --timestamp\=none --preserve-metadata\=identifier,entitlements,flags --generate-entitlement-der /Users/darisadam/Library/Developer/Xcode/DerivedData/Madabank-hkohthnbjtgnoechirsoymtykttx/Build/Products/Debug-iphonesimulator/Madabank.app/Frameworks/Cards.framework
/Users/darisadam/Library/Developer/Xcode/DerivedData/Madabank-hkohthnbjtgnoechirsoymtykttx/Build/Products/Debug-iphonesimulator/Madabank.app/Frameworks/Cards.framework: replacing existing signature

CodeSign /Users/darisadam/Library/Developer/Xcode/DerivedData/Madabank-hkohthnbjtgnoechirsoymtykttx/Build/Products/Debug-iphonesimulator/Madabank.app/Frameworks/Auth.framework (in target 'Madabank' from project 'Madabank')
    cd /Users/darisadam/Documents/Projects/iOS\ Apps/madabank-ios/Madabank
    
    Signing Identity:     "Sign to Run Locally"
    
    /usr/bin/codesign --force --sign - --timestamp\=none --preserve-metadata\=identifier,entitlements,flags --generate-entitlement-der /Users/darisadam/Library/Developer/Xcode/DerivedData/Madabank-hkohthnbjtgnoechirsoymtykttx/Build/Products/Debug-iphonesimulator/Madabank.app/Frameworks/Auth.framework
/Users/darisadam/Library/Developer/Xcode/DerivedData/Madabank-hkohthnbjtgnoechirsoymtykttx/Build/Products/Debug-iphonesimulator/Madabank.app/Frameworks/Auth.framework: replacing existing signature

CodeSign /Users/darisadam/Library/Developer/Xcode/DerivedData/Madabank-hkohthnbjtgnoechirsoymtykttx/Build/Products/Debug-iphonesimulator/Madabank.app/Frameworks/Alamofire.framework (in target 'Madabank' from project 'Madabank')
    cd /Users/darisadam/Documents/Projects/iOS\ Apps/madabank-ios/Madabank
    
    Signing Identity:     "Sign to Run Locally"
    
    /usr/bin/codesign --force --sign - --timestamp\=none --preserve-metadata\=identifier,entitlements,flags --generate-entitlement-der /Users/darisadam/Library/Developer/Xcode/DerivedData/Madabank-hkohthnbjtgnoechirsoymtykttx/Build/Products/Debug-iphonesimulator/Madabank.app/Frameworks/Alamofire.framework
/Users/darisadam/Library/Developer/Xcode/DerivedData/Madabank-hkohthnbjtgnoechirsoymtykttx/Build/Products/Debug-iphonesimulator/Madabank.app/Frameworks/Alamofire.framework: replacing existing signature

CodeSign /Users/darisadam/Library/Developer/Xcode/DerivedData/Madabank-hkohthnbjtgnoechirsoymtykttx/Build/Products/Debug-iphonesimulator/Madabank.app/Frameworks/Accounts.framework (in target 'Madabank' from project 'Madabank')
    cd /Users/darisadam/Documents/Projects/iOS\ Apps/madabank-ios/Madabank
    
    Signing Identity:     "Sign to Run Locally"
    
    /usr/bin/codesign --force --sign - --timestamp\=none --preserve-metadata\=identifier,entitlements,flags --generate-entitlement-der /Users/darisadam/Library/Developer/Xcode/DerivedData/Madabank-hkohthnbjtgnoechirsoymtykttx/Build/Products/Debug-iphonesimulator/Madabank.app/Frameworks/Accounts.framework
/Users/darisadam/Library/Developer/Xcode/DerivedData/Madabank-hkohthnbjtgnoechirsoymtykttx/Build/Products/Debug-iphonesimulator/Madabank.app/Frameworks/Accounts.framework: replacing existing signature

CopySwiftLibs /Users/darisadam/Library/Developer/Xcode/DerivedData/Madabank-hkohthnbjtgnoechirsoymtykttx/Build/Products/Debug-iphonesimulator/Madabank.app (in target 'Madabank' from project 'Madabank')
    cd /Users/darisadam/Documents/Projects/iOS\ Apps/madabank-ios/Madabank
    builtin-swiftStdLibTool --copy --verbose --sign - --scan-executable /Users/darisadam/Library/Developer/Xcode/DerivedData/Madabank-hkohthnbjtgnoechirsoymtykttx/Build/Products/Debug-iphonesimulator/Madabank.app/Madabank.debug.dylib --scan-folder /Users/darisadam/Library/Developer/Xcode/DerivedData/Madabank-hkohthnbjtgnoechirsoymtykttx/Build/Products/Debug-iphonesimulator/Madabank.app/Frameworks --scan-folder /Users/darisadam/Library/Developer/Xcode/DerivedData/Madabank-hkohthnbjtgnoechirsoymtykttx/Build/Products/Debug-iphonesimulator/Madabank.app/PlugIns --scan-folder /Users/darisadam/Library/Developer/Xcode/DerivedData/Madabank-hkohthnbjtgnoechirsoymtykttx/Build/Products/Debug-iphonesimulator/Madabank.app/SystemExtensions --scan-folder /Users/darisadam/Library/Developer/Xcode/DerivedData/Madabank-hkohthnbjtgnoechirsoymtykttx/Build/Products/Debug-iphonesimulator/Madabank.app/Extensions --scan-folder /Users/darisadam/Library/Developer/Xcode/DerivedData/Madabank-hkohthnbjtgnoechirsoymtykttx/Build/Products/Debug-iphonesimulator/Accounts.framework --scan-folder /Users/darisadam/Library/Developer/Xcode/DerivedData/Madabank-hkohthnbjtgnoechirsoymtykttx/Build/Products/Debug-iphonesimulator/Auth.framework --scan-folder /Users/darisadam/Library/Developer/Xcode/DerivedData/Madabank-hkohthnbjtgnoechirsoymtykttx/Build/Products/Debug-iphonesimulator/Cards.framework --scan-folder /Users/darisadam/Library/Developer/Xcode/DerivedData/Madabank-hkohthnbjtgnoechirsoymtykttx/Build/Products/Debug-iphonesimulator/Home.framework --scan-folder /Users/darisadam/Library/Developer/Xcode/DerivedData/Madabank-hkohthnbjtgnoechirsoymtykttx/Build/Products/Debug-iphonesimulator/IQKeyboardManagerSwift.framework --scan-folder /Users/darisadam/Library/Developer/Xcode/DerivedData/Madabank-hkohthnbjtgnoechirsoymtykttx/Build/Products/Debug-iphonesimulator/Profile.framework --scan-folder /Users/darisadam/Library/Developer/Xcode/DerivedData/Madabank-hkohthnbjtgnoechirsoymtykttx/Build/Products/Debug-iphonesimulator/RxCocoa.framework --scan-folder /Users/darisadam/Library/Developer/Xcode/DerivedData/Madabank-hkohthnbjtgnoechirsoymtykttx/Build/Products/Debug-iphonesimulator/RxSwift.framework --scan-folder /Users/darisadam/Library/Developer/Xcode/DerivedData/Madabank-hkohthnbjtgnoechirsoymtykttx/Build/Products/Debug-iphonesimulator/Transactions.framework --scan-folder /Users/darisadam/Library/Developer/Xcode/DerivedData/Madabank-hkohthnbjtgnoechirsoymtykttx/Build/Products/Debug-iphonesimulator/netfox.framework --platform iphonesimulator --toolchain /var/run/com.apple.security.cryptexd/mnt/com.apple.MobileAsset.MetalToolchain-v17.2.54.0.wH8bUi/Metal.xctoolchain --toolchain /Applications/Xcode.app/Contents/Developer/Toolchains/XcodeDefault.xctoolchain --destination /Users/darisadam/Library/Developer/Xcode/DerivedData/Madabank-hkohthnbjtgnoechirsoymtykttx/Build/Products/Debug-iphonesimulator/Madabank.app/Frameworks --strip-bitcode --strip-bitcode-tool /Applications/Xcode.app/Contents/Developer/Toolchains/XcodeDefault.xctoolchain/usr/bin/bitcode_strip --emit-dependency-info /Users/darisadam/Library/Developer/Xcode/DerivedData/Madabank-hkohthnbjtgnoechirsoymtykttx/Build/Intermediates.noindex/Madabank.build/Debug-iphonesimulator/Madabank.build/SwiftStdLibToolInputDependencies.dep --filter-for-swift-os

ExtractAppIntentsMetadata (in target 'Madabank' from project 'Madabank')
    cd /Users/darisadam/Documents/Projects/iOS\ Apps/madabank-ios/Madabank
    /Applications/Xcode.app/Contents/Developer/Toolchains/XcodeDefault.xctoolchain/usr/bin/appintentsmetadataprocessor --toolchain-dir /var/run/com.apple.security.cryptexd/mnt/com.apple.MobileAsset.MetalToolchain-v17.2.54.0.wH8bUi/Metal.xctoolchain --module-name Madabank --sdk-root /Applications/Xcode.app/Contents/Developer/Platforms/iPhoneSimulator.platform/Developer/SDKs/iPhoneSimulator26.1.sdk --xcode-version 17B100 --platform-family iOS --deployment-target 15.0 --bundle-identifier online.darisadam.madabank --output /Users/darisadam/Library/Developer/Xcode/DerivedData/Madabank-hkohthnbjtgnoechirsoymtykttx/Build/Products/Debug-iphonesimulator/Madabank.app --target-triple arm64-apple-ios15.0-simulator --binary-file /Users/darisadam/Library/Developer/Xcode/DerivedData/Madabank-hkohthnbjtgnoechirsoymtykttx/Build/Products/Debug-iphonesimulator/Madabank.app/Madabank --dependency-file /Users/darisadam/Library/Developer/Xcode/DerivedData/Madabank-hkohthnbjtgnoechirsoymtykttx/Build/Intermediates.noindex/Madabank.build/Debug-iphonesimulator/Madabank.build/Objects-normal/arm64/Madabank_dependency_info.dat --stringsdata-file /Users/darisadam/Library/Developer/Xcode/DerivedData/Madabank-hkohthnbjtgnoechirsoymtykttx/Build/Intermediates.noindex/Madabank.build/Debug-iphonesimulator/Madabank.build/Objects-normal/arm64/ExtractedAppShortcutsMetadata.stringsdata --source-file-list /Users/darisadam/Library/Developer/Xcode/DerivedData/Madabank-hkohthnbjtgnoechirsoymtykttx/Build/Intermediates.noindex/Madabank.build/Debug-iphonesimulator/Madabank.build/Objects-normal/arm64/Madabank.SwiftFileList --metadata-file-list /Users/darisadam/Library/Developer/Xcode/DerivedData/Madabank-hkohthnbjtgnoechirsoymtykttx/Build/Intermediates.noindex/Madabank.build/Debug-iphonesimulator/Madabank.build/Madabank.DependencyMetadataFileList --static-metadata-file-list /Users/darisadam/Library/Developer/Xcode/DerivedData/Madabank-hkohthnbjtgnoechirsoymtykttx/Build/Intermediates.noindex/Madabank.build/Debug-iphonesimulator/Madabank.build/Madabank.DependencyStaticMetadataFileList --swift-const-vals-list /Users/darisadam/Library/Developer/Xcode/DerivedData/Madabank-hkohthnbjtgnoechirsoymtykttx/Build/Intermediates.noindex/Madabank.build/Debug-iphonesimulator/Madabank.build/Objects-normal/arm64/Madabank.SwiftConstValuesFileList --compile-time-extraction --deployment-aware-processing --validate-assistant-intents --no-app-shortcuts-localization
2026-02-04 20:13:59.156 appintentsmetadataprocessor[17530:2570269] Starting appintentsmetadataprocessor export
2026-02-04 20:13:59.158 appintentsmetadataprocessor[17530:2570269] warning: Metadata extraction skipped. No AppIntents.framework dependency found.

AppIntentsSSUTraining (in target 'Madabank' from project 'Madabank')
    cd /Users/darisadam/Documents/Projects/iOS\ Apps/madabank-ios/Madabank
    /Applications/Xcode.app/Contents/Developer/Toolchains/XcodeDefault.xctoolchain/usr/bin/appintentsnltrainingprocessor --infoplist-path /Users/darisadam/Library/Developer/Xcode/DerivedData/Madabank-hkohthnbjtgnoechirsoymtykttx/Build/Products/Debug-iphonesimulator/Madabank.app/Info.plist --temp-dir-path /Users/darisadam/Library/Developer/Xcode/DerivedData/Madabank-hkohthnbjtgnoechirsoymtykttx/Build/Intermediates.noindex/Madabank.build/Debug-iphonesimulator/Madabank.build/ssu --bundle-id online.darisadam.madabank --product-path /Users/darisadam/Library/Developer/Xcode/DerivedData/Madabank-hkohthnbjtgnoechirsoymtykttx/Build/Products/Debug-iphonesimulator/Madabank.app --extracted-metadata-path /Users/darisadam/Library/Developer/Xcode/DerivedData/Madabank-hkohthnbjtgnoechirsoymtykttx/Build/Products/Debug-iphonesimulator/Madabank.app/Metadata.appintents --metadata-file-list /Users/darisadam/Library/Developer/Xcode/DerivedData/Madabank-hkohthnbjtgnoechirsoymtykttx/Build/Intermediates.noindex/Madabank.build/Debug-iphonesimulator/Madabank.build/Madabank.DependencyMetadataFileList --archive-ssu-assets
2026-02-04 20:13:59.189 appintentsnltrainingprocessor[17532:2570272] Parsing options for appintentsnltrainingprocessor
2026-02-04 20:13:59.190 appintentsnltrainingprocessor[17532:2570272] No AppShortcuts found - Skipping.

CodeSign /Users/darisadam/Library/Developer/Xcode/DerivedData/Madabank-hkohthnbjtgnoechirsoymtykttx/Build/Products/Debug-iphonesimulator/Madabank.app/Madabank.debug.dylib (in target 'Madabank' from project 'Madabank')
    cd /Users/darisadam/Documents/Projects/iOS\ Apps/madabank-ios/Madabank
    
    Signing Identity:     "Sign to Run Locally"
    
    /usr/bin/codesign --force --sign - --timestamp\=none --generate-entitlement-der /Users/darisadam/Library/Developer/Xcode/DerivedData/Madabank-hkohthnbjtgnoechirsoymtykttx/Build/Products/Debug-iphonesimulator/Madabank.app/Madabank.debug.dylib

CodeSign /Users/darisadam/Library/Developer/Xcode/DerivedData/Madabank-hkohthnbjtgnoechirsoymtykttx/Build/Products/Debug-iphonesimulator/Madabank.app/__preview.dylib (in target 'Madabank' from project 'Madabank')
    cd /Users/darisadam/Documents/Projects/iOS\ Apps/madabank-ios/Madabank
    
    Signing Identity:     "Sign to Run Locally"
    
    /usr/bin/codesign --force --sign - --timestamp\=none --generate-entitlement-der /Users/darisadam/Library/Developer/Xcode/DerivedData/Madabank-hkohthnbjtgnoechirsoymtykttx/Build/Products/Debug-iphonesimulator/Madabank.app/__preview.dylib

CodeSign /Users/darisadam/Library/Developer/Xcode/DerivedData/Madabank-hkohthnbjtgnoechirsoymtykttx/Build/Products/Debug-iphonesimulator/Madabank.app (in target 'Madabank' from project 'Madabank')
    cd /Users/darisadam/Documents/Projects/iOS\ Apps/madabank-ios/Madabank
    
    Signing Identity:     "Sign to Run Locally"
    
    /usr/bin/codesign --force --sign - --timestamp\=none --generate-entitlement-der /Users/darisadam/Library/Developer/Xcode/DerivedData/Madabank-hkohthnbjtgnoechirsoymtykttx/Build/Products/Debug-iphonesimulator/Madabank.app

RegisterExecutionPolicyException /Users/darisadam/Library/Developer/Xcode/DerivedData/Madabank-hkohthnbjtgnoechirsoymtykttx/Build/Products/Debug-iphonesimulator/Madabank.app (in target 'Madabank' from project 'Madabank')
    cd /Users/darisadam/Documents/Projects/iOS\ Apps/madabank-ios/Madabank
    builtin-RegisterExecutionPolicyException /Users/darisadam/Library/Developer/Xcode/DerivedData/Madabank-hkohthnbjtgnoechirsoymtykttx/Build/Products/Debug-iphonesimulator/Madabank.app

Validate /Users/darisadam/Library/Developer/Xcode/DerivedData/Madabank-hkohthnbjtgnoechirsoymtykttx/Build/Products/Debug-iphonesimulator/Madabank.app (in target 'Madabank' from project 'Madabank')
    cd /Users/darisadam/Documents/Projects/iOS\ Apps/madabank-ios/Madabank
    builtin-validationUtility /Users/darisadam/Library/Developer/Xcode/DerivedData/Madabank-hkohthnbjtgnoechirsoymtykttx/Build/Products/Debug-iphonesimulator/Madabank.app -shallow-bundle -infoplist-subpath Info.plist

Touch /Users/darisadam/Library/Developer/Xcode/DerivedData/Madabank-hkohthnbjtgnoechirsoymtykttx/Build/Products/Debug-iphonesimulator/Madabank.app (in target 'Madabank' from project 'Madabank')
    cd /Users/darisadam/Documents/Projects/iOS\ Apps/madabank-ios/Madabank
    /usr/bin/touch -c /Users/darisadam/Library/Developer/Xcode/DerivedData/Madabank-hkohthnbjtgnoechirsoymtykttx/Build/Products/Debug-iphonesimulator/Madabank.app

** BUILD SUCCEEDED **

