Command line invocation:
    /Applications/Xcode.app/Contents/Developer/usr/bin/xcodebuild build -workspace Madabank.xcworkspace -scheme Madabank -destination "platform=iOS Simulator,name=iPhone 17 Pro"

Build Preparation
Build task concurrency set to 8 via user default IDEBuildOperationMaxNumberOfConcurrentCompileTasks

ComputePackagePrebuildTargetDependencyGraph

Prepare packages

CreateBuildRequest

SendProjectDescription

CreateBuildOperation

ComputeTargetDependencyGraph
note: Building targets in dependency order
note: Target dependency graph (20 targets)
    Target 'Madabank' in project 'Madabank'
        ➜ Implicit dependency on target 'Accounts' in project 'Accounts' via file 'Accounts.framework' in build phase 'Link Binary'
        ➜ Implicit dependency on target 'Auth' in project 'Auth' via file 'Auth.framework' in build phase 'Link Binary'
        ➜ Implicit dependency on target 'Cards' in project 'Cards' via file 'Cards.framework' in build phase 'Link Binary'
        ➜ Implicit dependency on target 'Home' in project 'Home' via file 'Home.framework' in build phase 'Link Binary'
        ➜ Implicit dependency on target 'IQKeyboardManagerSwift' in project 'IQKeyboardManagerSwift' via file 'IQKeyboardManagerSwift.framework' in build phase 'Link Binary'
        ➜ Implicit dependency on target 'Profile' in project 'Profile' via file 'Profile.framework' in build phase 'Link Binary'
        ➜ Implicit dependency on target 'RxCocoa' in project 'RxSwift' via file 'RxCocoa.framework' in build phase 'Link Binary'
        ➜ Implicit dependency on target 'RxSwift' in project 'RxSwift' via file 'RxSwift.framework' in build phase 'Link Binary'
        ➜ Implicit dependency on target 'Transactions' in project 'Transactions' via file 'Transactions.framework' in build phase 'Link Binary'
        ➜ Implicit dependency on target 'netfox' in project 'netfox' via file 'netfox.framework' in build phase 'Link Binary'
        ➜ Implicit dependency on target 'Alamofire' in project 'Alamofire' via file 'Alamofire.framework' in build phase 'Copy Files'
        ➜ Implicit dependency on target 'CommonUI' in project 'CommonUI' via file 'CommonUI.framework' in build phase 'Copy Files'
        ➜ Implicit dependency on target 'Core' in project 'Core' via file 'Core.framework' in build phase 'Copy Files'
        ➜ Implicit dependency on target 'Data' in project 'Data' via file 'Data.framework' in build phase 'Copy Files'
        ➜ Implicit dependency on target 'Domain' in project 'Domain' via file 'Domain.framework' in build phase 'Copy Files'
        ➜ Implicit dependency on target 'Networking' in project 'Networking' via file 'Networking.framework' in build phase 'Copy Files'
        ➜ Implicit dependency on target 'RxCocoaRuntime' in project 'RxSwift' via file 'RxCocoaRuntime.framework' in build phase 'Copy Files'
        ➜ Implicit dependency on target 'RxRelay' in project 'RxSwift' via file 'RxRelay.framework' in build phase 'Copy Files'
        ➜ Implicit dependency on target 'SnapKit' in project 'SnapKit' via file 'SnapKit.framework' in build phase 'Copy Files'
    Target 'netfox' in project 'netfox' (no dependencies)
    Target 'Transactions' in project 'Transactions'
        ➜ Implicit dependency on target 'CommonUI' in project 'CommonUI' via file 'CommonUI.framework' in build phase 'Link Binary'
        ➜ Implicit dependency on target 'Data' in project 'Data' via file 'Data.framework' in build phase 'Link Binary'
        ➜ Implicit dependency on target 'Domain' in project 'Domain' via file 'Domain.framework' in build phase 'Link Binary'
        ➜ Implicit dependency on target 'RxCocoa' in project 'RxSwift' via file 'RxCocoa.framework' in build phase 'Link Binary'
        ➜ Implicit dependency on target 'RxSwift' in project 'RxSwift' via file 'RxSwift.framework' in build phase 'Link Binary'
    Target 'Profile' in project 'Profile'
        ➜ Implicit dependency on target 'CommonUI' in project 'CommonUI' via file 'CommonUI.framework' in build phase 'Link Binary'
        ➜ Implicit dependency on target 'Data' in project 'Data' via file 'Data.framework' in build phase 'Link Binary'
        ➜ Implicit dependency on target 'Domain' in project 'Domain' via file 'Domain.framework' in build phase 'Link Binary'
        ➜ Implicit dependency on target 'RxCocoa' in project 'RxSwift' via file 'RxCocoa.framework' in build phase 'Link Binary'
        ➜ Implicit dependency on target 'RxSwift' in project 'RxSwift' via file 'RxSwift.framework' in build phase 'Link Binary'
    Target 'IQKeyboardManagerSwift' in project 'IQKeyboardManagerSwift' (no dependencies)
    Target 'Home' in project 'Home'
        ➜ Implicit dependency on target 'CommonUI' in project 'CommonUI' via file 'CommonUI.framework' in build phase 'Link Binary'
        ➜ Implicit dependency on target 'Data' in project 'Data' via file 'Data.framework' in build phase 'Link Binary'
        ➜ Implicit dependency on target 'Domain' in project 'Domain' via file 'Domain.framework' in build phase 'Link Binary'
        ➜ Implicit dependency on target 'RxCocoa' in project 'RxSwift' via file 'RxCocoa.framework' in build phase 'Link Binary'
        ➜ Implicit dependency on target 'RxSwift' in project 'RxSwift' via file 'RxSwift.framework' in build phase 'Link Binary'
    Target 'Cards' in project 'Cards'
        ➜ Implicit dependency on target 'CommonUI' in project 'CommonUI' via file 'CommonUI.framework' in build phase 'Link Binary'
        ➜ Implicit dependency on target 'Data' in project 'Data' via file 'Data.framework' in build phase 'Link Binary'
        ➜ Implicit dependency on target 'Domain' in project 'Domain' via file 'Domain.framework' in build phase 'Link Binary'
        ➜ Implicit dependency on target 'RxCocoa' in project 'RxSwift' via file 'RxCocoa.framework' in build phase 'Link Binary'
        ➜ Implicit dependency on target 'RxSwift' in project 'RxSwift' via file 'RxSwift.framework' in build phase 'Link Binary'
    Target 'Auth' in project 'Auth'
        ➜ Implicit dependency on target 'CommonUI' in project 'CommonUI' via file 'CommonUI.framework' in build phase 'Link Binary'
        ➜ Implicit dependency on target 'Data' in project 'Data' via file 'Data.framework' in build phase 'Link Binary'
        ➜ Implicit dependency on target 'Domain' in project 'Domain' via file 'Domain.framework' in build phase 'Link Binary'
        ➜ Implicit dependency on target 'RxCocoa' in project 'RxSwift' via file 'RxCocoa.framework' in build phase 'Link Binary'
        ➜ Implicit dependency on target 'RxSwift' in project 'RxSwift' via file 'RxSwift.framework' in build phase 'Link Binary'
    Target 'Accounts' in project 'Accounts'
        ➜ Implicit dependency on target 'CommonUI' in project 'CommonUI' via file 'CommonUI.framework' in build phase 'Link Binary'
        ➜ Implicit dependency on target 'Data' in project 'Data' via file 'Data.framework' in build phase 'Link Binary'
        ➜ Implicit dependency on target 'Domain' in project 'Domain' via file 'Domain.framework' in build phase 'Link Binary'
        ➜ Implicit dependency on target 'RxCocoa' in project 'RxSwift' via file 'RxCocoa.framework' in build phase 'Link Binary'
        ➜ Implicit dependency on target 'RxSwift' in project 'RxSwift' via file 'RxSwift.framework' in build phase 'Link Binary'
    Target 'Data' in project 'Data'
        ➜ Implicit dependency on target 'Domain' in project 'Domain' via file 'Domain.framework' in build phase 'Link Binary'
        ➜ Implicit dependency on target 'Networking' in project 'Networking' via file 'Networking.framework' in build phase 'Link Binary'
        ➜ Implicit dependency on target 'RxSwift' in project 'RxSwift' via file 'RxSwift.framework' in build phase 'Link Binary'
    Target 'Domain' in project 'Domain'
        ➜ Implicit dependency on target 'Core' in project 'Core' via file 'Core.framework' in build phase 'Link Binary'
        ➜ Implicit dependency on target 'Networking' in project 'Networking' via file 'Networking.framework' in build phase 'Link Binary'
        ➜ Implicit dependency on target 'RxSwift' in project 'RxSwift' via file 'RxSwift.framework' in build phase 'Link Binary'
    Target 'Networking' in project 'Networking'
        ➜ Implicit dependency on target 'Alamofire' in project 'Alamofire' via file 'Alamofire.framework' in build phase 'Link Binary'
        ➜ Implicit dependency on target 'Core' in project 'Core' via file 'Core.framework' in build phase 'Link Binary'
    Target 'Alamofire' in project 'Alamofire' (no dependencies)
    Target 'CommonUI' in project 'CommonUI'
        ➜ Implicit dependency on target 'Core' in project 'Core' via file 'Core.framework' in build phase 'Link Binary'
        ➜ Implicit dependency on target 'RxCocoa' in project 'RxSwift' via file 'RxCocoa.framework' in build phase 'Link Binary'
        ➜ Implicit dependency on target 'RxSwift' in project 'RxSwift' via file 'RxSwift.framework' in build phase 'Link Binary'
        ➜ Implicit dependency on target 'SnapKit' in project 'SnapKit' via file 'SnapKit.framework' in build phase 'Link Binary'
    Target 'SnapKit' in project 'SnapKit' (no dependencies)
    Target 'RxCocoa' in project 'RxSwift'
        ➜ Explicit dependency on target 'RxCocoaRuntime' in project 'RxSwift'
        ➜ Explicit dependency on target 'RxRelay' in project 'RxSwift'
        ➜ Explicit dependency on target 'RxSwift' in project 'RxSwift'
    Target 'RxRelay' in project 'RxSwift'
        ➜ Explicit dependency on target 'RxSwift' in project 'RxSwift'
    Target 'RxCocoaRuntime' in project 'RxSwift'
        ➜ Explicit dependency on target 'RxSwift' in project 'RxSwift'
    Target 'RxSwift' in project 'RxSwift' (no dependencies)
    Target 'Core' in project 'Core' (no dependencies)

GatherProvisioningInputs

CreateBuildDescription

ExecuteExternalTool /Applications/Xcode.app/Contents/Developer/Toolchains/XcodeDefault.xctoolchain/usr/bin/clang -v -E -dM -arch arm64 -isysroot /Applications/Xcode.app/Contents/Developer/Platforms/iPhoneSimulator.platform/Developer/SDKs/iPhoneSimulator26.1.sdk -x c -c /dev/null

ExecuteExternalTool /Applications/Xcode.app/Contents/Developer/Toolchains/XcodeDefault.xctoolchain/usr/bin/clang -v -E -dM -isysroot /Applications/Xcode.app/Contents/Developer/Platforms/iPhoneSimulator.platform/Developer/SDKs/iPhoneSimulator26.1.sdk -x c -c /dev/null

ExecuteExternalTool /Applications/Xcode.app/Contents/Developer/usr/bin/actool --print-asset-tag-combinations --output-format xml1 /Users/darisadam/Documents/Projects/iOS Apps/madabank-ios/Madabank/Madabank/Resources/Assets.xcassets /Users/darisadam/Documents/Projects/iOS Apps/madabank-ios/Madabank/Madabank/Resources/Preview Content/Preview Assets.xcassets

ExecuteExternalTool /Applications/Xcode.app/Contents/Developer/usr/bin/actool --version --output-format xml1

ExecuteExternalTool /Applications/Xcode.app/Contents/Developer/Toolchains/XcodeDefault.xctoolchain/usr/bin/swiftc --version

ExecuteExternalTool /Applications/Xcode.app/Contents/Developer/Toolchains/XcodeDefault.xctoolchain/usr/bin/clang -v -E -dM -arch arm64 -isysroot /Applications/Xcode.app/Contents/Developer/Platforms/iPhoneSimulator.platform/Developer/SDKs/iPhoneSimulator26.1.sdk -x objective-c -c /dev/null

ExecuteExternalTool /Applications/Xcode.app/Contents/Developer/Toolchains/XcodeDefault.xctoolchain/usr/bin/ld -version_details

Build description signature: 4875c96fcf201fe7c80f93cd340787dd
Build description path: /Users/darisadam/Library/Developer/Xcode/DerivedData/Madabank-hkohthnbjtgnoechirsoymtykttx/Build/Intermediates.noindex/XCBuildData/4875c96fcf201fe7c80f93cd340787dd.xcbuilddata
ClangStatCache /Applications/Xcode.app/Contents/Developer/Toolchains/XcodeDefault.xctoolchain/usr/bin/clang-stat-cache /Applications/Xcode.app/Contents/Developer/Platforms/iPhoneSimulator.platform/Developer/SDKs/iPhoneSimulator26.1.sdk /Users/darisadam/Library/Developer/Xcode/DerivedData/SDKStatCaches.noindex/iphonesimulator26.1-23B77-3885c01c3e6b6a337905948deab2002e90cf18a4295e390e64c810bc6bd7acbc.sdkstatcache
    cd /Users/darisadam/Documents/Projects/iOS\ Apps/madabank-ios/Madabank
    /Applications/Xcode.app/Contents/Developer/Toolchains/XcodeDefault.xctoolchain/usr/bin/clang-stat-cache /Applications/Xcode.app/Contents/Developer/Platforms/iPhoneSimulator.platform/Developer/SDKs/iPhoneSimulator26.1.sdk -o /Users/darisadam/Library/Developer/Xcode/DerivedData/SDKStatCaches.noindex/iphonesimulator26.1-23B77-3885c01c3e6b6a337905948deab2002e90cf18a4295e390e64c810bc6bd7acbc.sdkstatcache

WriteAuxiliaryFile /Users/darisadam/Library/Developer/Xcode/DerivedData/Madabank-hkohthnbjtgnoechirsoymtykttx/Build/Intermediates.noindex/Madabank.build/Debug-iphonesimulator/Madabank-6b8f23b26fb50a69bf27348274a22005-VFS-iphonesimulator/all-product-headers.yaml
    cd /Users/darisadam/Documents/Projects/iOS\ Apps/madabank-ios/Madabank
    write-file /Users/darisadam/Library/Developer/Xcode/DerivedData/Madabank-hkohthnbjtgnoechirsoymtykttx/Build/Intermediates.noindex/Madabank.build/Debug-iphonesimulator/Madabank-6b8f23b26fb50a69bf27348274a22005-VFS-iphonesimulator/all-product-headers.yaml

WriteAuxiliaryFile /Users/darisadam/Library/Developer/Xcode/DerivedData/Madabank-hkohthnbjtgnoechirsoymtykttx/Build/Intermediates.noindex/Transactions.build/Debug-iphonesimulator/Transactions-5088c79df1e1ae7b914a571ab0fbf32c-VFS-iphonesimulator/all-product-headers.yaml
    cd /Users/darisadam/Documents/Projects/iOS\ Apps/madabank-ios/Madabank
    write-file /Users/darisadam/Library/Developer/Xcode/DerivedData/Madabank-hkohthnbjtgnoechirsoymtykttx/Build/Intermediates.noindex/Transactions.build/Debug-iphonesimulator/Transactions-5088c79df1e1ae7b914a571ab0fbf32c-VFS-iphonesimulator/all-product-headers.yaml

WriteAuxiliaryFile /Users/darisadam/Library/Developer/Xcode/DerivedData/Madabank-hkohthnbjtgnoechirsoymtykttx/Build/Intermediates.noindex/Home.build/Debug-iphonesimulator/Home-2627cd9d3d4e544f9b62539dd5cc639b-VFS-iphonesimulator/all-product-headers.yaml
    cd /Users/darisadam/Documents/Projects/iOS\ Apps/madabank-ios/Madabank
    write-file /Users/darisadam/Library/Developer/Xcode/DerivedData/Madabank-hkohthnbjtgnoechirsoymtykttx/Build/Intermediates.noindex/Home.build/Debug-iphonesimulator/Home-2627cd9d3d4e544f9b62539dd5cc639b-VFS-iphonesimulator/all-product-headers.yaml

WriteAuxiliaryFile /Users/darisadam/Library/Developer/Xcode/DerivedData/Madabank-hkohthnbjtgnoechirsoymtykttx/Build/Intermediates.noindex/Auth.build/Debug-iphonesimulator/Auth-efebe515434371d957c6500bccba7404-VFS-iphonesimulator/all-product-headers.yaml
    cd /Users/darisadam/Documents/Projects/iOS\ Apps/madabank-ios/Madabank
    write-file /Users/darisadam/Library/Developer/Xcode/DerivedData/Madabank-hkohthnbjtgnoechirsoymtykttx/Build/Intermediates.noindex/Auth.build/Debug-iphonesimulator/Auth-efebe515434371d957c6500bccba7404-VFS-iphonesimulator/all-product-headers.yaml

WriteAuxiliaryFile /Users/darisadam/Library/Developer/Xcode/DerivedData/Madabank-hkohthnbjtgnoechirsoymtykttx/Build/Intermediates.noindex/Cards.build/Debug-iphonesimulator/Cards-7a265648a3503f26f0252f763a468131-VFS-iphonesimulator/all-product-headers.yaml
    cd /Users/darisadam/Documents/Projects/iOS\ Apps/madabank-ios/Madabank
    write-file /Users/darisadam/Library/Developer/Xcode/DerivedData/Madabank-hkohthnbjtgnoechirsoymtykttx/Build/Intermediates.noindex/Cards.build/Debug-iphonesimulator/Cards-7a265648a3503f26f0252f763a468131-VFS-iphonesimulator/all-product-headers.yaml

WriteAuxiliaryFile /Users/darisadam/Library/Developer/Xcode/DerivedData/Madabank-hkohthnbjtgnoechirsoymtykttx/Build/Intermediates.noindex/Accounts.build/Debug-iphonesimulator/Accounts-afd03eb4e8a16b20ea40c2cd0b146ac0-VFS-iphonesimulator/all-product-headers.yaml
    cd /Users/darisadam/Documents/Projects/iOS\ Apps/madabank-ios/Madabank
    write-file /Users/darisadam/Library/Developer/Xcode/DerivedData/Madabank-hkohthnbjtgnoechirsoymtykttx/Build/Intermediates.noindex/Accounts.build/Debug-iphonesimulator/Accounts-afd03eb4e8a16b20ea40c2cd0b146ac0-VFS-iphonesimulator/all-product-headers.yaml

ProcessInfoPlistFile /Users/darisadam/Library/Developer/Xcode/DerivedData/Madabank-hkohthnbjtgnoechirsoymtykttx/Build/Products/Debug-iphonesimulator/netfox.framework/Info.plist /Users/darisadam/Documents/Projects/iOS\ Apps/madabank-ios/Madabank/Tuist/.build/tuist-derived/netfox/InfoPlists/netfox-Info.plist (in target 'netfox' from project 'netfox')
    cd /Users/darisadam/Documents/Projects/iOS\ Apps/madabank-ios/Madabank/Tuist/.build/tuist-derived/netfox
    builtin-infoPlistUtility /Users/darisadam/Documents/Projects/iOS\ Apps/madabank-ios/Madabank/Tuist/.build/tuist-derived/netfox/InfoPlists/netfox-Info.plist -producttype com.apple.product-type.framework -expandbuildsettings -format binary -platform iphonesimulator -o /Users/darisadam/Library/Developer/Xcode/DerivedData/Madabank-hkohthnbjtgnoechirsoymtykttx/Build/Products/Debug-iphonesimulator/netfox.framework/Info.plist

ProcessInfoPlistFile /Users/darisadam/Library/Developer/Xcode/DerivedData/Madabank-hkohthnbjtgnoechirsoymtykttx/Build/Products/Debug-iphonesimulator/IQKeyboardManagerSwift.framework/Info.plist /Users/darisadam/Documents/Projects/iOS\ Apps/madabank-ios/Madabank/Tuist/.build/tuist-derived/IQKeyboardManagerSwift/InfoPlists/IQKeyboardManagerSwift-Info.plist (in target 'IQKeyboardManagerSwift' from project 'IQKeyboardManagerSwift')
    cd /Users/darisadam/Documents/Projects/iOS\ Apps/madabank-ios/Madabank/Tuist/.build/tuist-derived/IQKeyboardManagerSwift
    builtin-infoPlistUtility /Users/darisadam/Documents/Projects/iOS\ Apps/madabank-ios/Madabank/Tuist/.build/tuist-derived/IQKeyboardManagerSwift/InfoPlists/IQKeyboardManagerSwift-Info.plist -producttype com.apple.product-type.framework -expandbuildsettings -format binary -platform iphonesimulator -o /Users/darisadam/Library/Developer/Xcode/DerivedData/Madabank-hkohthnbjtgnoechirsoymtykttx/Build/Products/Debug-iphonesimulator/IQKeyboardManagerSwift.framework/Info.plist

ProcessInfoPlistFile /Users/darisadam/Library/Developer/Xcode/DerivedData/Madabank-hkohthnbjtgnoechirsoymtykttx/Build/Products/Debug-iphonesimulator/Core.framework/Info.plist /Users/darisadam/Documents/Projects/iOS\ Apps/madabank-ios/Madabank/Modules/Shared/Core/Derived/InfoPlists/Core-Info.plist (in target 'Core' from project 'Core')
    cd /Users/darisadam/Documents/Projects/iOS\ Apps/madabank-ios/Madabank/Modules/Shared/Core
    builtin-infoPlistUtility /Users/darisadam/Documents/Projects/iOS\ Apps/madabank-ios/Madabank/Modules/Shared/Core/Derived/InfoPlists/Core-Info.plist -producttype com.apple.product-type.framework -expandbuildsettings -format binary -platform iphonesimulator -o /Users/darisadam/Library/Developer/Xcode/DerivedData/Madabank-hkohthnbjtgnoechirsoymtykttx/Build/Products/Debug-iphonesimulator/Core.framework/Info.plist

ProcessInfoPlistFile /Users/darisadam/Library/Developer/Xcode/DerivedData/Madabank-hkohthnbjtgnoechirsoymtykttx/Build/Products/Debug-iphonesimulator/SnapKit.framework/Info.plist /Users/darisadam/Documents/Projects/iOS\ Apps/madabank-ios/Madabank/Tuist/.build/tuist-derived/SnapKit/InfoPlists/SnapKit-Info.plist (in target 'SnapKit' from project 'SnapKit')
    cd /Users/darisadam/Documents/Projects/iOS\ Apps/madabank-ios/Madabank/Tuist/.build/tuist-derived/SnapKit
    builtin-infoPlistUtility /Users/darisadam/Documents/Projects/iOS\ Apps/madabank-ios/Madabank/Tuist/.build/tuist-derived/SnapKit/InfoPlists/SnapKit-Info.plist -producttype com.apple.product-type.framework -expandbuildsettings -format binary -platform iphonesimulator -o /Users/darisadam/Library/Developer/Xcode/DerivedData/Madabank-hkohthnbjtgnoechirsoymtykttx/Build/Products/Debug-iphonesimulator/SnapKit.framework/Info.plist

ProcessInfoPlistFile /Users/darisadam/Library/Developer/Xcode/DerivedData/Madabank-hkohthnbjtgnoechirsoymtykttx/Build/Products/Debug-iphonesimulator/RxSwift.framework/Info.plist /Users/darisadam/Documents/Projects/iOS\ Apps/madabank-ios/Madabank/Tuist/.build/tuist-derived/RxSwift/InfoPlists/RxSwift-Info.plist (in target 'RxSwift' from project 'RxSwift')
    cd /Users/darisadam/Documents/Projects/iOS\ Apps/madabank-ios/Madabank/Tuist/.build/tuist-derived/RxSwift
    builtin-infoPlistUtility /Users/darisadam/Documents/Projects/iOS\ Apps/madabank-ios/Madabank/Tuist/.build/tuist-derived/RxSwift/InfoPlists/RxSwift-Info.plist -producttype com.apple.product-type.framework -expandbuildsettings -format binary -platform iphonesimulator -o /Users/darisadam/Library/Developer/Xcode/DerivedData/Madabank-hkohthnbjtgnoechirsoymtykttx/Build/Products/Debug-iphonesimulator/RxSwift.framework/Info.plist

WriteAuxiliaryFile /Users/darisadam/Library/Developer/Xcode/DerivedData/Madabank-hkohthnbjtgnoechirsoymtykttx/Build/Intermediates.noindex/Domain.build/Debug-iphonesimulator/Domain.build/Objects-normal/arm64/Domain.SwiftFileList (in target 'Domain' from project 'Domain')
    cd /Users/darisadam/Documents/Projects/iOS\ Apps/madabank-ios/Madabank/Modules/Shared/Domain
    write-file /Users/darisadam/Library/Developer/Xcode/DerivedData/Madabank-hkohthnbjtgnoechirsoymtykttx/Build/Intermediates.noindex/Domain.build/Debug-iphonesimulator/Domain.build/Objects-normal/arm64/Domain.SwiftFileList

WriteAuxiliaryFile /Users/darisadam/Library/Developer/Xcode/DerivedData/Madabank-hkohthnbjtgnoechirsoymtykttx/Build/Intermediates.noindex/Domain.build/Debug-iphonesimulator/Domain.build/Objects-normal/arm64/Domain.SwiftConstValuesFileList (in target 'Domain' from project 'Domain')
    cd /Users/darisadam/Documents/Projects/iOS\ Apps/madabank-ios/Madabank/Modules/Shared/Domain
    write-file /Users/darisadam/Library/Developer/Xcode/DerivedData/Madabank-hkohthnbjtgnoechirsoymtykttx/Build/Intermediates.noindex/Domain.build/Debug-iphonesimulator/Domain.build/Objects-normal/arm64/Domain.SwiftConstValuesFileList

WriteAuxiliaryFile /Users/darisadam/Library/Developer/Xcode/DerivedData/Madabank-hkohthnbjtgnoechirsoymtykttx/Build/Intermediates.noindex/Domain.build/Debug-iphonesimulator/Domain.build/Objects-normal/arm64/Domain.LinkFileList (in target 'Domain' from project 'Domain')
    cd /Users/darisadam/Documents/Projects/iOS\ Apps/madabank-ios/Madabank/Modules/Shared/Domain
    write-file /Users/darisadam/Library/Developer/Xcode/DerivedData/Madabank-hkohthnbjtgnoechirsoymtykttx/Build/Intermediates.noindex/Domain.build/Debug-iphonesimulator/Domain.build/Objects-normal/arm64/Domain.LinkFileList

WriteAuxiliaryFile /Users/darisadam/Library/Developer/Xcode/DerivedData/Madabank-hkohthnbjtgnoechirsoymtykttx/Build/Intermediates.noindex/Domain.build/Debug-iphonesimulator/Domain.build/Objects-normal/arm64/Domain-OutputFileMap.json (in target 'Domain' from project 'Domain')
    cd /Users/darisadam/Documents/Projects/iOS\ Apps/madabank-ios/Madabank/Modules/Shared/Domain
    write-file /Users/darisadam/Library/Developer/Xcode/DerivedData/Madabank-hkohthnbjtgnoechirsoymtykttx/Build/Intermediates.noindex/Domain.build/Debug-iphonesimulator/Domain.build/Objects-normal/arm64/Domain-OutputFileMap.json

ProcessInfoPlistFile /Users/darisadam/Library/Developer/Xcode/DerivedData/Madabank-hkohthnbjtgnoechirsoymtykttx/Build/Products/Debug-iphonesimulator/Alamofire.framework/Info.plist /Users/darisadam/Documents/Projects/iOS\ Apps/madabank-ios/Madabank/Tuist/.build/tuist-derived/Alamofire/InfoPlists/Alamofire-Info.plist (in target 'Alamofire' from project 'Alamofire')
    cd /Users/darisadam/Documents/Projects/iOS\ Apps/madabank-ios/Madabank/Tuist/.build/tuist-derived/Alamofire
    builtin-infoPlistUtility /Users/darisadam/Documents/Projects/iOS\ Apps/madabank-ios/Madabank/Tuist/.build/tuist-derived/Alamofire/InfoPlists/Alamofire-Info.plist -producttype com.apple.product-type.framework -expandbuildsettings -format binary -platform iphonesimulator -o /Users/darisadam/Library/Developer/Xcode/DerivedData/Madabank-hkohthnbjtgnoechirsoymtykttx/Build/Products/Debug-iphonesimulator/Alamofire.framework/Info.plist

SwiftDriver netfox normal arm64 com.apple.xcode.tools.swift.compiler (in target 'netfox' from project 'netfox')
    cd /Users/darisadam/Documents/Projects/iOS\ Apps/madabank-ios/Madabank/Tuist/.build/tuist-derived/netfox
    builtin-SwiftDriver -- /Applications/Xcode.app/Contents/Developer/Toolchains/XcodeDefault.xctoolchain/usr/bin/swiftc -module-name netfox -Onone -enforce-exclusivity\=checked @/Users/darisadam/Library/Developer/Xcode/DerivedData/Madabank-hkohthnbjtgnoechirsoymtykttx/Build/Intermediates.noindex/netfox.build/Debug-iphonesimulator/netfox.build/Objects-normal/arm64/netfox.SwiftFileList -DSWIFT_PACKAGE -DDEBUG -enable-bare-slash-regex -enable-experimental-feature DebugDescriptionMacro -sdk /Applications/Xcode.app/Contents/Developer/Platforms/iPhoneSimulator.platform/Developer/SDKs/iPhoneSimulator26.1.sdk -target arm64-apple-ios12.0-simulator -g -module-cache-path /Users/darisadam/Library/Developer/Xcode/DerivedData/ModuleCache.noindex -Xfrontend -serialize-debugging-options -enable-testing -suppress-warnings -index-store-path /Users/darisadam/Library/Developer/Xcode/DerivedData/Madabank-hkohthnbjtgnoechirsoymtykttx/Index.noindex/DataStore -Xcc -D_LIBCPP_HARDENING_MODE\=_LIBCPP_HARDENING_MODE_DEBUG -swift-version 5 -I /Users/darisadam/Library/Developer/Xcode/DerivedData/Madabank-hkohthnbjtgnoechirsoymtykttx/Build/Products/Debug-iphonesimulator -F /Users/darisadam/Library/Developer/Xcode/DerivedData/Madabank-hkohthnbjtgnoechirsoymtykttx/Build/Products/Debug-iphonesimulator -F /Applications/Xcode.app/Contents/Developer/Platforms/iPhoneSimulator.platform/Developer/Library/Frameworks -c -j8 -enable-batch-mode -incremental -Xcc -ivfsstatcache -Xcc /Users/darisadam/Library/Developer/Xcode/DerivedData/SDKStatCaches.noindex/iphonesimulator26.1-23B77-3885c01c3e6b6a337905948deab2002e90cf18a4295e390e64c810bc6bd7acbc.sdkstatcache -output-file-map /Users/darisadam/Library/Developer/Xcode/DerivedData/Madabank-hkohthnbjtgnoechirsoymtykttx/Build/Intermediates.noindex/netfox.build/Debug-iphonesimulator/netfox.build/Objects-normal/arm64/netfox-OutputFileMap.json -use-frontend-parseable-output -save-temps -no-color-diagnostics -explicit-module-build -module-cache-path /Users/darisadam/Library/Developer/Xcode/DerivedData/Madabank-hkohthnbjtgnoechirsoymtykttx/Build/Intermediates.noindex/SwiftExplicitPrecompiledModules -clang-scanner-module-cache-path /Users/darisadam/Library/Developer/Xcode/DerivedData/ModuleCache.noindex -sdk-module-cache-path /Users/darisadam/Library/Developer/Xcode/DerivedData/ModuleCache.noindex -serialize-diagnostics -emit-dependencies -emit-module -emit-module-path /Users/darisadam/Library/Developer/Xcode/DerivedData/Madabank-hkohthnbjtgnoechirsoymtykttx/Build/Intermediates.noindex/netfox.build/Debug-iphonesimulator/netfox.build/Objects-normal/arm64/netfox.swiftmodule -validate-clang-modules-once -clang-build-session-file /Users/darisadam/Library/Developer/Xcode/DerivedData/ModuleCache.noindex/Session.modulevalidation -Xcc -I/Users/darisadam/Library/Developer/Xcode/DerivedData/Madabank-hkohthnbjtgnoechirsoymtykttx/Build/Intermediates.noindex/netfox.build/Debug-iphonesimulator/netfox.build/swift-overrides.hmap -emit-const-values -Xfrontend -const-gather-protocols-file -Xfrontend /Users/darisadam/Library/Developer/Xcode/DerivedData/Madabank-hkohthnbjtgnoechirsoymtykttx/Build/Intermediates.noindex/netfox.build/Debug-iphonesimulator/netfox.build/Objects-normal/arm64/netfox_const_extract_protocols.json -Xcc -I/Users/darisadam/Library/Developer/Xcode/DerivedData/Madabank-hkohthnbjtgnoechirsoymtykttx/Build/Products/Debug-iphonesimulator/include -Xcc -I/Users/darisadam/Library/Developer/Xcode/DerivedData/Madabank-hkohthnbjtgnoechirsoymtykttx/Build/Intermediates.noindex/netfox.build/Debug-iphonesimulator/netfox.build/DerivedSources-normal/arm64 -Xcc -I/Users/darisadam/Library/Developer/Xcode/DerivedData/Madabank-hkohthnbjtgnoechirsoymtykttx/Build/Intermediates.noindex/netfox.build/Debug-iphonesimulator/netfox.build/DerivedSources/arm64 -Xcc -I/Users/darisadam/Library/Developer/Xcode/DerivedData/Madabank-hkohthnbjtgnoechirsoymtykttx/Build/Intermediates.noindex/netfox.build/Debug-iphonesimulator/netfox.build/DerivedSources -Xcc -DDEBUG\=1 -Xcc -DSWIFT_PACKAGE\=1 -emit-objc-header -emit-objc-header-path /Users/darisadam/Library/Developer/Xcode/DerivedData/Madabank-hkohthnbjtgnoechirsoymtykttx/Build/Intermediates.noindex/netfox.build/Debug-iphonesimulator/netfox.build/Objects-normal/arm64/netfox-Swift.h -working-directory /Users/darisadam/Documents/Projects/iOS\ Apps/madabank-ios/Madabank/Tuist/.build/tuist-derived/netfox -experimental-emit-module-separately -disable-cmo

SwiftDriver RxSwift normal arm64 com.apple.xcode.tools.swift.compiler (in target 'RxSwift' from project 'RxSwift')
    cd /Users/darisadam/Documents/Projects/iOS\ Apps/madabank-ios/Madabank/Tuist/.build/tuist-derived/RxSwift
    builtin-SwiftDriver -- /Applications/Xcode.app/Contents/Developer/Toolchains/XcodeDefault.xctoolchain/usr/bin/swiftc -module-name RxSwift -Onone -enforce-exclusivity\=checked @/Users/darisadam/Library/Developer/Xcode/DerivedData/Madabank-hkohthnbjtgnoechirsoymtykttx/Build/Intermediates.noindex/RxSwift.build/Debug-iphonesimulator/RxSwift.build/Objects-normal/arm64/RxSwift.SwiftFileList -DSWIFT_PACKAGE -DDEBUG -package-name RxSwift -enable-bare-slash-regex -enable-experimental-feature DebugDescriptionMacro -sdk /Applications/Xcode.app/Contents/Developer/Platforms/iPhoneSimulator.platform/Developer/SDKs/iPhoneSimulator26.1.sdk -target arm64-apple-ios12.0-simulator -g -module-cache-path /Users/darisadam/Library/Developer/Xcode/DerivedData/ModuleCache.noindex -Xfrontend -serialize-debugging-options -enable-testing -suppress-warnings -index-store-path /Users/darisadam/Library/Developer/Xcode/DerivedData/Madabank-hkohthnbjtgnoechirsoymtykttx/Index.noindex/DataStore -Xcc -D_LIBCPP_HARDENING_MODE\=_LIBCPP_HARDENING_MODE_DEBUG -swift-version 5 -I /Users/darisadam/Library/Developer/Xcode/DerivedData/Madabank-hkohthnbjtgnoechirsoymtykttx/Build/Products/Debug-iphonesimulator -F /Users/darisadam/Library/Developer/Xcode/DerivedData/Madabank-hkohthnbjtgnoechirsoymtykttx/Build/Products/Debug-iphonesimulator -F /Applications/Xcode.app/Contents/Developer/Platforms/iPhoneSimulator.platform/Developer/Library/Frameworks -c -j8 -enable-batch-mode -incremental -Xcc -ivfsstatcache -Xcc /Users/darisadam/Library/Developer/Xcode/DerivedData/SDKStatCaches.noindex/iphonesimulator26.1-23B77-3885c01c3e6b6a337905948deab2002e90cf18a4295e390e64c810bc6bd7acbc.sdkstatcache -output-file-map /Users/darisadam/Library/Developer/Xcode/DerivedData/Madabank-hkohthnbjtgnoechirsoymtykttx/Build/Intermediates.noindex/RxSwift.build/Debug-iphonesimulator/RxSwift.build/Objects-normal/arm64/RxSwift-OutputFileMap.json -use-frontend-parseable-output -save-temps -no-color-diagnostics -explicit-module-build -module-cache-path /Users/darisadam/Library/Developer/Xcode/DerivedData/Madabank-hkohthnbjtgnoechirsoymtykttx/Build/Intermediates.noindex/SwiftExplicitPrecompiledModules -clang-scanner-module-cache-path /Users/darisadam/Library/Developer/Xcode/DerivedData/ModuleCache.noindex -sdk-module-cache-path /Users/darisadam/Library/Developer/Xcode/DerivedData/ModuleCache.noindex -serialize-diagnostics -emit-dependencies -emit-module -emit-module-path /Users/darisadam/Library/Developer/Xcode/DerivedData/Madabank-hkohthnbjtgnoechirsoymtykttx/Build/Intermediates.noindex/RxSwift.build/Debug-iphonesimulator/RxSwift.build/Objects-normal/arm64/RxSwift.swiftmodule -validate-clang-modules-once -clang-build-session-file /Users/darisadam/Library/Developer/Xcode/DerivedData/ModuleCache.noindex/Session.modulevalidation -Xcc -I/Users/darisadam/Library/Developer/Xcode/DerivedData/Madabank-hkohthnbjtgnoechirsoymtykttx/Build/Intermediates.noindex/RxSwift.build/Debug-iphonesimulator/RxSwift.build/swift-overrides.hmap -emit-const-values -Xfrontend -const-gather-protocols-file -Xfrontend /Users/darisadam/Library/Developer/Xcode/DerivedData/Madabank-hkohthnbjtgnoechirsoymtykttx/Build/Intermediates.noindex/RxSwift.build/Debug-iphonesimulator/RxSwift.build/Objects-normal/arm64/RxSwift_const_extract_protocols.json -Xcc -I/Users/darisadam/Library/Developer/Xcode/DerivedData/Madabank-hkohthnbjtgnoechirsoymtykttx/Build/Products/Debug-iphonesimulator/include -Xcc -I/Users/darisadam/Library/Developer/Xcode/DerivedData/Madabank-hkohthnbjtgnoechirsoymtykttx/Build/Intermediates.noindex/RxSwift.build/Debug-iphonesimulator/RxSwift.build/DerivedSources-normal/arm64 -Xcc -I/Users/darisadam/Library/Developer/Xcode/DerivedData/Madabank-hkohthnbjtgnoechirsoymtykttx/Build/Intermediates.noindex/RxSwift.build/Debug-iphonesimulator/RxSwift.build/DerivedSources/arm64 -Xcc -I/Users/darisadam/Library/Developer/Xcode/DerivedData/Madabank-hkohthnbjtgnoechirsoymtykttx/Build/Intermediates.noindex/RxSwift.build/Debug-iphonesimulator/RxSwift.build/DerivedSources -Xcc -DDEBUG\=1 -Xcc -DSWIFT_PACKAGE\=1 -emit-objc-header -emit-objc-header-path /Users/darisadam/Library/Developer/Xcode/DerivedData/Madabank-hkohthnbjtgnoechirsoymtykttx/Build/Intermediates.noindex/RxSwift.build/Debug-iphonesimulator/RxSwift.build/Objects-normal/arm64/RxSwift-Swift.h -working-directory /Users/darisadam/Documents/Projects/iOS\ Apps/madabank-ios/Madabank/Tuist/.build/tuist-derived/RxSwift -experimental-emit-module-separately -disable-cmo

SwiftDriver IQKeyboardManagerSwift normal arm64 com.apple.xcode.tools.swift.compiler (in target 'IQKeyboardManagerSwift' from project 'IQKeyboardManagerSwift')
    cd /Users/darisadam/Documents/Projects/iOS\ Apps/madabank-ios/Madabank/Tuist/.build/tuist-derived/IQKeyboardManagerSwift
    builtin-SwiftDriver -- /Applications/Xcode.app/Contents/Developer/Toolchains/XcodeDefault.xctoolchain/usr/bin/swiftc -module-name IQKeyboardManagerSwift -Onone -enforce-exclusivity\=checked @/Users/darisadam/Library/Developer/Xcode/DerivedData/Madabank-hkohthnbjtgnoechirsoymtykttx/Build/Intermediates.noindex/IQKeyboardManagerSwift.build/Debug-iphonesimulator/IQKeyboardManagerSwift.build/Objects-normal/arm64/IQKeyboardManagerSwift.SwiftFileList -DSWIFT_PACKAGE -DDEBUG -enable-bare-slash-regex -enable-experimental-feature DebugDescriptionMacro -sdk /Applications/Xcode.app/Contents/Developer/Platforms/iPhoneSimulator.platform/Developer/SDKs/iPhoneSimulator26.1.sdk -target arm64-apple-ios12.0-simulator -g -module-cache-path /Users/darisadam/Library/Developer/Xcode/DerivedData/ModuleCache.noindex -Xfrontend -serialize-debugging-options -enable-testing -suppress-warnings -index-store-path /Users/darisadam/Library/Developer/Xcode/DerivedData/Madabank-hkohthnbjtgnoechirsoymtykttx/Index.noindex/DataStore -Xcc -D_LIBCPP_HARDENING_MODE\=_LIBCPP_HARDENING_MODE_DEBUG -swift-version 5 -I /Users/darisadam/Library/Developer/Xcode/DerivedData/Madabank-hkohthnbjtgnoechirsoymtykttx/Build/Products/Debug-iphonesimulator -F /Users/darisadam/Library/Developer/Xcode/DerivedData/Madabank-hkohthnbjtgnoechirsoymtykttx/Build/Products/Debug-iphonesimulator -F /Applications/Xcode.app/Contents/Developer/Platforms/iPhoneSimulator.platform/Developer/Library/Frameworks -c -j8 -enable-batch-mode -incremental -Xcc -ivfsstatcache -Xcc /Users/darisadam/Library/Developer/Xcode/DerivedData/SDKStatCaches.noindex/iphonesimulator26.1-23B77-3885c01c3e6b6a337905948deab2002e90cf18a4295e390e64c810bc6bd7acbc.sdkstatcache -output-file-map /Users/darisadam/Library/Developer/Xcode/DerivedData/Madabank-hkohthnbjtgnoechirsoymtykttx/Build/Intermediates.noindex/IQKeyboardManagerSwift.build/Debug-iphonesimulator/IQKeyboardManagerSwift.build/Objects-normal/arm64/IQKeyboardManagerSwift-OutputFileMap.json -use-frontend-parseable-output -save-temps -no-color-diagnostics -explicit-module-build -module-cache-path /Users/darisadam/Library/Developer/Xcode/DerivedData/Madabank-hkohthnbjtgnoechirsoymtykttx/Build/Intermediates.noindex/SwiftExplicitPrecompiledModules -clang-scanner-module-cache-path /Users/darisadam/Library/Developer/Xcode/DerivedData/ModuleCache.noindex -sdk-module-cache-path /Users/darisadam/Library/Developer/Xcode/DerivedData/ModuleCache.noindex -serialize-diagnostics -emit-dependencies -emit-module -emit-module-path /Users/darisadam/Library/Developer/Xcode/DerivedData/Madabank-hkohthnbjtgnoechirsoymtykttx/Build/Intermediates.noindex/IQKeyboardManagerSwift.build/Debug-iphonesimulator/IQKeyboardManagerSwift.build/Objects-normal/arm64/IQKeyboardManagerSwift.swiftmodule -validate-clang-modules-once -clang-build-session-file /Users/darisadam/Library/Developer/Xcode/DerivedData/ModuleCache.noindex/Session.modulevalidation -Xcc -I/Users/darisadam/Library/Developer/Xcode/DerivedData/Madabank-hkohthnbjtgnoechirsoymtykttx/Build/Intermediates.noindex/IQKeyboardManagerSwift.build/Debug-iphonesimulator/IQKeyboardManagerSwift.build/swift-overrides.hmap -emit-const-values -Xfrontend -const-gather-protocols-file -Xfrontend /Users/darisadam/Library/Developer/Xcode/DerivedData/Madabank-hkohthnbjtgnoechirsoymtykttx/Build/Intermediates.noindex/IQKeyboardManagerSwift.build/Debug-iphonesimulator/IQKeyboardManagerSwift.build/Objects-normal/arm64/IQKeyboardManagerSwift_const_extract_protocols.json -Xcc -I/Users/darisadam/Library/Developer/Xcode/DerivedData/Madabank-hkohthnbjtgnoechirsoymtykttx/Build/Products/Debug-iphonesimulator/include -Xcc -I/Users/darisadam/Library/Developer/Xcode/DerivedData/Madabank-hkohthnbjtgnoechirsoymtykttx/Build/Intermediates.noindex/IQKeyboardManagerSwift.build/Debug-iphonesimulator/IQKeyboardManagerSwift.build/DerivedSources-normal/arm64 -Xcc -I/Users/darisadam/Library/Developer/Xcode/DerivedData/Madabank-hkohthnbjtgnoechirsoymtykttx/Build/Intermediates.noindex/IQKeyboardManagerSwift.build/Debug-iphonesimulator/IQKeyboardManagerSwift.build/DerivedSources/arm64 -Xcc -I/Users/darisadam/Library/Developer/Xcode/DerivedData/Madabank-hkohthnbjtgnoechirsoymtykttx/Build/Intermediates.noindex/IQKeyboardManagerSwift.build/Debug-iphonesimulator/IQKeyboardManagerSwift.build/DerivedSources -Xcc -DDEBUG\=1 -Xcc -DSWIFT_PACKAGE\=1 -emit-objc-header -emit-objc-header-path /Users/darisadam/Library/Developer/Xcode/DerivedData/Madabank-hkohthnbjtgnoechirsoymtykttx/Build/Intermediates.noindex/IQKeyboardManagerSwift.build/Debug-iphonesimulator/IQKeyboardManagerSwift.build/Objects-normal/arm64/IQKeyboardManagerSwift-Swift.h -working-directory /Users/darisadam/Documents/Projects/iOS\ Apps/madabank-ios/Madabank/Tuist/.build/tuist-derived/IQKeyboardManagerSwift -experimental-emit-module-separately -disable-cmo

SwiftDriver SnapKit normal arm64 com.apple.xcode.tools.swift.compiler (in target 'SnapKit' from project 'SnapKit')
    cd /Users/darisadam/Documents/Projects/iOS\ Apps/madabank-ios/Madabank/Tuist/.build/tuist-derived/SnapKit
    builtin-SwiftDriver -- /Applications/Xcode.app/Contents/Developer/Toolchains/XcodeDefault.xctoolchain/usr/bin/swiftc -module-name SnapKit -Onone -enforce-exclusivity\=checked @/Users/darisadam/Library/Developer/Xcode/DerivedData/Madabank-hkohthnbjtgnoechirsoymtykttx/Build/Intermediates.noindex/SnapKit.build/Debug-iphonesimulator/SnapKit.build/Objects-normal/arm64/SnapKit.SwiftFileList -DSWIFT_PACKAGE -DDEBUG -enable-bare-slash-regex -enable-experimental-feature DebugDescriptionMacro -sdk /Applications/Xcode.app/Contents/Developer/Platforms/iPhoneSimulator.platform/Developer/SDKs/iPhoneSimulator26.1.sdk -target arm64-apple-ios12.0-simulator -g -module-cache-path /Users/darisadam/Library/Developer/Xcode/DerivedData/ModuleCache.noindex -Xfrontend -serialize-debugging-options -enable-testing -suppress-warnings -index-store-path /Users/darisadam/Library/Developer/Xcode/DerivedData/Madabank-hkohthnbjtgnoechirsoymtykttx/Index.noindex/DataStore -Xcc -D_LIBCPP_HARDENING_MODE\=_LIBCPP_HARDENING_MODE_DEBUG -swift-version 5 -I /Users/darisadam/Library/Developer/Xcode/DerivedData/Madabank-hkohthnbjtgnoechirsoymtykttx/Build/Products/Debug-iphonesimulator -F /Users/darisadam/Library/Developer/Xcode/DerivedData/Madabank-hkohthnbjtgnoechirsoymtykttx/Build/Products/Debug-iphonesimulator -F /Applications/Xcode.app/Contents/Developer/Platforms/iPhoneSimulator.platform/Developer/Library/Frameworks -c -j8 -enable-batch-mode -incremental -Xcc -ivfsstatcache -Xcc /Users/darisadam/Library/Developer/Xcode/DerivedData/SDKStatCaches.noindex/iphonesimulator26.1-23B77-3885c01c3e6b6a337905948deab2002e90cf18a4295e390e64c810bc6bd7acbc.sdkstatcache -output-file-map /Users/darisadam/Library/Developer/Xcode/DerivedData/Madabank-hkohthnbjtgnoechirsoymtykttx/Build/Intermediates.noindex/SnapKit.build/Debug-iphonesimulator/SnapKit.build/Objects-normal/arm64/SnapKit-OutputFileMap.json -use-frontend-parseable-output -save-temps -no-color-diagnostics -explicit-module-build -module-cache-path /Users/darisadam/Library/Developer/Xcode/DerivedData/Madabank-hkohthnbjtgnoechirsoymtykttx/Build/Intermediates.noindex/SwiftExplicitPrecompiledModules -clang-scanner-module-cache-path /Users/darisadam/Library/Developer/Xcode/DerivedData/ModuleCache.noindex -sdk-module-cache-path /Users/darisadam/Library/Developer/Xcode/DerivedData/ModuleCache.noindex -serialize-diagnostics -emit-dependencies -emit-module -emit-module-path /Users/darisadam/Library/Developer/Xcode/DerivedData/Madabank-hkohthnbjtgnoechirsoymtykttx/Build/Intermediates.noindex/SnapKit.build/Debug-iphonesimulator/SnapKit.build/Objects-normal/arm64/SnapKit.swiftmodule -validate-clang-modules-once -clang-build-session-file /Users/darisadam/Library/Developer/Xcode/DerivedData/ModuleCache.noindex/Session.modulevalidation -Xcc -I/Users/darisadam/Library/Developer/Xcode/DerivedData/Madabank-hkohthnbjtgnoechirsoymtykttx/Build/Intermediates.noindex/SnapKit.build/Debug-iphonesimulator/SnapKit.build/swift-overrides.hmap -emit-const-values -Xfrontend -const-gather-protocols-file -Xfrontend /Users/darisadam/Library/Developer/Xcode/DerivedData/Madabank-hkohthnbjtgnoechirsoymtykttx/Build/Intermediates.noindex/SnapKit.build/Debug-iphonesimulator/SnapKit.build/Objects-normal/arm64/SnapKit_const_extract_protocols.json -Xcc -I/Users/darisadam/Library/Developer/Xcode/DerivedData/Madabank-hkohthnbjtgnoechirsoymtykttx/Build/Products/Debug-iphonesimulator/include -Xcc -I/Users/darisadam/Library/Developer/Xcode/DerivedData/Madabank-hkohthnbjtgnoechirsoymtykttx/Build/Intermediates.noindex/SnapKit.build/Debug-iphonesimulator/SnapKit.build/DerivedSources-normal/arm64 -Xcc -I/Users/darisadam/Library/Developer/Xcode/DerivedData/Madabank-hkohthnbjtgnoechirsoymtykttx/Build/Intermediates.noindex/SnapKit.build/Debug-iphonesimulator/SnapKit.build/DerivedSources/arm64 -Xcc -I/Users/darisadam/Library/Developer/Xcode/DerivedData/Madabank-hkohthnbjtgnoechirsoymtykttx/Build/Intermediates.noindex/SnapKit.build/Debug-iphonesimulator/SnapKit.build/DerivedSources -Xcc -DDEBUG\=1 -Xcc -DSWIFT_PACKAGE\=1 -emit-objc-header -emit-objc-header-path /Users/darisadam/Library/Developer/Xcode/DerivedData/Madabank-hkohthnbjtgnoechirsoymtykttx/Build/Intermediates.noindex/SnapKit.build/Debug-iphonesimulator/SnapKit.build/Objects-normal/arm64/SnapKit-Swift.h -working-directory /Users/darisadam/Documents/Projects/iOS\ Apps/madabank-ios/Madabank/Tuist/.build/tuist-derived/SnapKit -experimental-emit-module-separately -disable-cmo

SwiftDriver Alamofire normal arm64 com.apple.xcode.tools.swift.compiler (in target 'Alamofire' from project 'Alamofire')
    cd /Users/darisadam/Documents/Projects/iOS\ Apps/madabank-ios/Madabank/Tuist/.build/tuist-derived/Alamofire
    builtin-SwiftDriver -- /Applications/Xcode.app/Contents/Developer/Toolchains/XcodeDefault.xctoolchain/usr/bin/swiftc -module-name Alamofire -Onone -enforce-exclusivity\=checked @/Users/darisadam/Library/Developer/Xcode/DerivedData/Madabank-hkohthnbjtgnoechirsoymtykttx/Build/Intermediates.noindex/Alamofire.build/Debug-iphonesimulator/Alamofire.build/Objects-normal/arm64/Alamofire.SwiftFileList -DSWIFT_PACKAGE -DDEBUG -package-name Alamofire -enable-upcoming-feature ExistentialAny -enable-bare-slash-regex -enable-experimental-feature DebugDescriptionMacro -sdk /Applications/Xcode.app/Contents/Developer/Platforms/iPhoneSimulator.platform/Developer/SDKs/iPhoneSimulator26.1.sdk -target arm64-apple-ios12.0-simulator -g -module-cache-path /Users/darisadam/Library/Developer/Xcode/DerivedData/ModuleCache.noindex -Xfrontend -serialize-debugging-options -enable-testing -suppress-warnings -index-store-path /Users/darisadam/Library/Developer/Xcode/DerivedData/Madabank-hkohthnbjtgnoechirsoymtykttx/Index.noindex/DataStore -Xcc -D_LIBCPP_HARDENING_MODE\=_LIBCPP_HARDENING_MODE_DEBUG -swift-version 5 -I /Users/darisadam/Library/Developer/Xcode/DerivedData/Madabank-hkohthnbjtgnoechirsoymtykttx/Build/Products/Debug-iphonesimulator -F /Users/darisadam/Library/Developer/Xcode/DerivedData/Madabank-hkohthnbjtgnoechirsoymtykttx/Build/Products/Debug-iphonesimulator -F /Applications/Xcode.app/Contents/Developer/Platforms/iPhoneSimulator.platform/Developer/Library/Frameworks -c -j8 -enable-batch-mode -incremental -Xcc -ivfsstatcache -Xcc /Users/darisadam/Library/Developer/Xcode/DerivedData/SDKStatCaches.noindex/iphonesimulator26.1-23B77-3885c01c3e6b6a337905948deab2002e90cf18a4295e390e64c810bc6bd7acbc.sdkstatcache -output-file-map /Users/darisadam/Library/Developer/Xcode/DerivedData/Madabank-hkohthnbjtgnoechirsoymtykttx/Build/Intermediates.noindex/Alamofire.build/Debug-iphonesimulator/Alamofire.build/Objects-normal/arm64/Alamofire-OutputFileMap.json -use-frontend-parseable-output -save-temps -no-color-diagnostics -explicit-module-build -module-cache-path /Users/darisadam/Library/Developer/Xcode/DerivedData/Madabank-hkohthnbjtgnoechirsoymtykttx/Build/Intermediates.noindex/SwiftExplicitPrecompiledModules -clang-scanner-module-cache-path /Users/darisadam/Library/Developer/Xcode/DerivedData/ModuleCache.noindex -sdk-module-cache-path /Users/darisadam/Library/Developer/Xcode/DerivedData/ModuleCache.noindex -serialize-diagnostics -emit-dependencies -emit-module -emit-module-path /Users/darisadam/Library/Developer/Xcode/DerivedData/Madabank-hkohthnbjtgnoechirsoymtykttx/Build/Intermediates.noindex/Alamofire.build/Debug-iphonesimulator/Alamofire.build/Objects-normal/arm64/Alamofire.swiftmodule -validate-clang-modules-once -clang-build-session-file /Users/darisadam/Library/Developer/Xcode/DerivedData/ModuleCache.noindex/Session.modulevalidation -Xcc -I/Users/darisadam/Library/Developer/Xcode/DerivedData/Madabank-hkohthnbjtgnoechirsoymtykttx/Build/Intermediates.noindex/Alamofire.build/Debug-iphonesimulator/Alamofire.build/swift-overrides.hmap -emit-const-values -Xfrontend -const-gather-protocols-file -Xfrontend /Users/darisadam/Library/Developer/Xcode/DerivedData/Madabank-hkohthnbjtgnoechirsoymtykttx/Build/Intermediates.noindex/Alamofire.build/Debug-iphonesimulator/Alamofire.build/Objects-normal/arm64/Alamofire_const_extract_protocols.json -Xcc -I/Users/darisadam/Library/Developer/Xcode/DerivedData/Madabank-hkohthnbjtgnoechirsoymtykttx/Build/Products/Debug-iphonesimulator/include -Xcc -I/Users/darisadam/Library/Developer/Xcode/DerivedData/Madabank-hkohthnbjtgnoechirsoymtykttx/Build/Intermediates.noindex/Alamofire.build/Debug-iphonesimulator/Alamofire.build/DerivedSources-normal/arm64 -Xcc -I/Users/darisadam/Library/Developer/Xcode/DerivedData/Madabank-hkohthnbjtgnoechirsoymtykttx/Build/Intermediates.noindex/Alamofire.build/Debug-iphonesimulator/Alamofire.build/DerivedSources/arm64 -Xcc -I/Users/darisadam/Library/Developer/Xcode/DerivedData/Madabank-hkohthnbjtgnoechirsoymtykttx/Build/Intermediates.noindex/Alamofire.build/Debug-iphonesimulator/Alamofire.build/DerivedSources -Xcc -DDEBUG\=1 -Xcc -DSWIFT_PACKAGE\=1 -emit-objc-header -emit-objc-header-path /Users/darisadam/Library/Developer/Xcode/DerivedData/Madabank-hkohthnbjtgnoechirsoymtykttx/Build/Intermediates.noindex/Alamofire.build/Debug-iphonesimulator/Alamofire.build/Objects-normal/arm64/Alamofire-Swift.h -working-directory /Users/darisadam/Documents/Projects/iOS\ Apps/madabank-ios/Madabank/Tuist/.build/tuist-derived/Alamofire -experimental-emit-module-separately -disable-cmo

SwiftCompile normal arm64 Compiling\ IQKeyboardManager+UIKeyboardNotification.swift,\ IQKeyboardManager+UITextFieldViewNotification.swift,\ IQKeyboardManager.swift /Users/darisadam/Documents/Projects/iOS\ Apps/madabank-ios/Madabank/Tuist/.build/checkouts/IQKeyboardManager/IQKeyboardManagerSwift/IQKeyboardManager+UIKeyboardNotification.swift /Users/darisadam/Documents/Projects/iOS\ Apps/madabank-ios/Madabank/Tuist/.build/checkouts/IQKeyboardManager/IQKeyboardManagerSwift/IQKeyboardManager+UITextFieldViewNotification.swift /Users/darisadam/Documents/Projects/iOS\ Apps/madabank-ios/Madabank/Tuist/.build/checkouts/IQKeyboardManager/IQKeyboardManagerSwift/IQKeyboardManager.swift (in target 'IQKeyboardManagerSwift' from project 'IQKeyboardManagerSwift')
SwiftCompile normal arm64 /Users/darisadam/Documents/Projects/iOS\ Apps/madabank-ios/Madabank/Tuist/.build/checkouts/IQKeyboardManager/IQKeyboardManagerSwift/IQKeyboardManager+UIKeyboardNotification.swift (in target 'IQKeyboardManagerSwift' from project 'IQKeyboardManagerSwift')
    cd /Users/darisadam/Documents/Projects/iOS\ Apps/madabank-ios/Madabank/Tuist/.build/tuist-derived/IQKeyboardManagerSwift
    

SwiftCompile normal arm64 /Users/darisadam/Documents/Projects/iOS\ Apps/madabank-ios/Madabank/Tuist/.build/checkouts/IQKeyboardManager/IQKeyboardManagerSwift/IQKeyboardManager+UITextFieldViewNotification.swift (in target 'IQKeyboardManagerSwift' from project 'IQKeyboardManagerSwift')
    cd /Users/darisadam/Documents/Projects/iOS\ Apps/madabank-ios/Madabank/Tuist/.build/tuist-derived/IQKeyboardManagerSwift
    

SwiftCompile normal arm64 /Users/darisadam/Documents/Projects/iOS\ Apps/madabank-ios/Madabank/Tuist/.build/checkouts/IQKeyboardManager/IQKeyboardManagerSwift/IQKeyboardManager.swift (in target 'IQKeyboardManagerSwift' from project 'IQKeyboardManagerSwift')
    cd /Users/darisadam/Documents/Projects/iOS\ Apps/madabank-ios/Madabank/Tuist/.build/tuist-derived/IQKeyboardManagerSwift
    

SwiftCompile normal arm64 Compiling\ IQKeyboardManagerConstantsInternal.swift,\ IQKeyboardManager+Debug.swift,\ IQKeyboardManager+Internal.swift /Users/darisadam/Documents/Projects/iOS\ Apps/madabank-ios/Madabank/Tuist/.build/checkouts/IQKeyboardManager/IQKeyboardManagerSwift/Constants/IQKeyboardManagerConstantsInternal.swift /Users/darisadam/Documents/Projects/iOS\ Apps/madabank-ios/Madabank/Tuist/.build/checkouts/IQKeyboardManager/IQKeyboardManagerSwift/IQKeyboardManager+Debug.swift /Users/darisadam/Documents/Projects/iOS\ Apps/madabank-ios/Madabank/Tuist/.build/checkouts/IQKeyboardManager/IQKeyboardManagerSwift/IQKeyboardManager+Internal.swift (in target 'IQKeyboardManagerSwift' from project 'IQKeyboardManagerSwift')

SwiftCompile normal arm64 /Users/darisadam/Documents/Projects/iOS\ Apps/madabank-ios/Madabank/Tuist/.build/checkouts/IQKeyboardManager/IQKeyboardManagerSwift/Constants/IQKeyboardManagerConstantsInternal.swift (in target 'IQKeyboardManagerSwift' from project 'IQKeyboardManagerSwift')
    cd /Users/darisadam/Documents/Projects/iOS\ Apps/madabank-ios/Madabank/Tuist/.build/tuist-derived/IQKeyboardManagerSwift
    

SwiftCompile normal arm64 /Users/darisadam/Documents/Projects/iOS\ Apps/madabank-ios/Madabank/Tuist/.build/checkouts/IQKeyboardManager/IQKeyboardManagerSwift/IQKeyboardManager+Debug.swift (in target 'IQKeyboardManagerSwift' from project 'IQKeyboardManagerSwift')
    cd /Users/darisadam/Documents/Projects/iOS\ Apps/madabank-ios/Madabank/Tuist/.build/tuist-derived/IQKeyboardManagerSwift
    

SwiftCompile normal arm64 /Users/darisadam/Documents/Projects/iOS\ Apps/madabank-ios/Madabank/Tuist/.build/checkouts/IQKeyboardManager/IQKeyboardManagerSwift/IQKeyboardManager+Internal.swift (in target 'IQKeyboardManagerSwift' from project 'IQKeyboardManagerSwift')
    cd /Users/darisadam/Documents/Projects/iOS\ Apps/madabank-ios/Madabank/Tuist/.build/tuist-derived/IQKeyboardManagerSwift
    

SwiftEmitModule normal arm64 Emitting\ module\ for\ IQKeyboardManagerSwift (in target 'IQKeyboardManagerSwift' from project 'IQKeyboardManagerSwift')

EmitSwiftModule normal arm64 (in target 'IQKeyboardManagerSwift' from project 'IQKeyboardManagerSwift')
    cd /Users/darisadam/Documents/Projects/iOS\ Apps/madabank-ios/Madabank/Tuist/.build/tuist-derived/IQKeyboardManagerSwift
    

SwiftCompile normal arm64 Compiling\ IQNSArray+Sort.swift,\ IQUIScrollView+Additions.swift,\ IQUITextFieldView+Additions.swift /Users/darisadam/Documents/Projects/iOS\ Apps/madabank-ios/Madabank/Tuist/.build/checkouts/IQKeyboardManager/IQKeyboardManagerSwift/Categories/IQNSArray+Sort.swift /Users/darisadam/Documents/Projects/iOS\ Apps/madabank-ios/Madabank/Tuist/.build/checkouts/IQKeyboardManager/IQKeyboardManagerSwift/Categories/IQUIScrollView+Additions.swift /Users/darisadam/Documents/Projects/iOS\ Apps/madabank-ios/Madabank/Tuist/.build/checkouts/IQKeyboardManager/IQKeyboardManagerSwift/Categories/IQUITextFieldView+Additions.swift (in target 'IQKeyboardManagerSwift' from project 'IQKeyboardManagerSwift')

SwiftCompile normal arm64 /Users/darisadam/Documents/Projects/iOS\ Apps/madabank-ios/Madabank/Tuist/.build/checkouts/IQKeyboardManager/IQKeyboardManagerSwift/Categories/IQNSArray+Sort.swift (in target 'IQKeyboardManagerSwift' from project 'IQKeyboardManagerSwift')
    cd /Users/darisadam/Documents/Projects/iOS\ Apps/madabank-ios/Madabank/Tuist/.build/tuist-derived/IQKeyboardManagerSwift
    

SwiftCompile normal arm64 /Users/darisadam/Documents/Projects/iOS\ Apps/madabank-ios/Madabank/Tuist/.build/checkouts/IQKeyboardManager/IQKeyboardManagerSwift/Categories/IQUIScrollView+Additions.swift (in target 'IQKeyboardManagerSwift' from project 'IQKeyboardManagerSwift')
    cd /Users/darisadam/Documents/Projects/iOS\ Apps/madabank-ios/Madabank/Tuist/.build/tuist-derived/IQKeyboardManagerSwift
    

SwiftCompile normal arm64 /Users/darisadam/Documents/Projects/iOS\ Apps/madabank-ios/Madabank/Tuist/.build/checkouts/IQKeyboardManager/IQKeyboardManagerSwift/Categories/IQUITextFieldView+Additions.swift (in target 'IQKeyboardManagerSwift' from project 'IQKeyboardManagerSwift')
    cd /Users/darisadam/Documents/Projects/iOS\ Apps/madabank-ios/Madabank/Tuist/.build/tuist-derived/IQKeyboardManagerSwift
    

SwiftCompile normal arm64 Compiling\ IQKeyboardReturnKeyHandler.swift,\ IQPlaceholderable.swift,\ IQTextView.swift /Users/darisadam/Documents/Projects/iOS\ Apps/madabank-ios/Madabank/Tuist/.build/checkouts/IQKeyboardManager/IQKeyboardManagerSwift/IQKeyboardReturnKeyHandler.swift /Users/darisadam/Documents/Projects/iOS\ Apps/madabank-ios/Madabank/Tuist/.build/checkouts/IQKeyboardManager/IQKeyboardManagerSwift/IQTextView/IQPlaceholderable.swift /Users/darisadam/Documents/Projects/iOS\ Apps/madabank-ios/Madabank/Tuist/.build/checkouts/IQKeyboardManager/IQKeyboardManagerSwift/IQTextView/IQTextView.swift (in target 'IQKeyboardManagerSwift' from project 'IQKeyboardManagerSwift')

SwiftCompile normal arm64 /Users/darisadam/Documents/Projects/iOS\ Apps/madabank-ios/Madabank/Tuist/.build/checkouts/IQKeyboardManager/IQKeyboardManagerSwift/IQKeyboardReturnKeyHandler.swift (in target 'IQKeyboardManagerSwift' from project 'IQKeyboardManagerSwift')
    cd /Users/darisadam/Documents/Projects/iOS\ Apps/madabank-ios/Madabank/Tuist/.build/tuist-derived/IQKeyboardManagerSwift
    

SwiftCompile normal arm64 /Users/darisadam/Documents/Projects/iOS\ Apps/madabank-ios/Madabank/Tuist/.build/checkouts/IQKeyboardManager/IQKeyboardManagerSwift/IQTextView/IQPlaceholderable.swift (in target 'IQKeyboardManagerSwift' from project 'IQKeyboardManagerSwift')
    cd /Users/darisadam/Documents/Projects/iOS\ Apps/madabank-ios/Madabank/Tuist/.build/tuist-derived/IQKeyboardManagerSwift
    

SwiftCompile normal arm64 /Users/darisadam/Documents/Projects/iOS\ Apps/madabank-ios/Madabank/Tuist/.build/checkouts/IQKeyboardManager/IQKeyboardManagerSwift/IQTextView/IQTextView.swift (in target 'IQKeyboardManagerSwift' from project 'IQKeyboardManagerSwift')
    cd /Users/darisadam/Documents/Projects/iOS\ Apps/madabank-ios/Madabank/Tuist/.build/tuist-derived/IQKeyboardManagerSwift
    

SwiftEmitModule normal arm64 Emitting\ module\ for\ netfox (in target 'netfox' from project 'netfox')

EmitSwiftModule normal arm64 (in target 'netfox' from project 'netfox')
    cd /Users/darisadam/Documents/Projects/iOS\ Apps/madabank-ios/Madabank/Tuist/.build/tuist-derived/netfox
    

SwiftEmitModule normal arm64 Emitting\ module\ for\ SnapKit (in target 'SnapKit' from project 'SnapKit')

EmitSwiftModule normal arm64 (in target 'SnapKit' from project 'SnapKit')
    cd /Users/darisadam/Documents/Projects/iOS\ Apps/madabank-ios/Madabank/Tuist/.build/tuist-derived/SnapKit
    

SwiftEmitModule normal arm64 Emitting\ module\ for\ Alamofire (in target 'Alamofire' from project 'Alamofire')

EmitSwiftModule normal arm64 (in target 'Alamofire' from project 'Alamofire')
    cd /Users/darisadam/Documents/Projects/iOS\ Apps/madabank-ios/Madabank/Tuist/.build/tuist-derived/Alamofire
    

SwiftEmitModule normal arm64 Emitting\ module\ for\ RxSwift (in target 'RxSwift' from project 'RxSwift')
EmitSwiftModule normal arm64 (in target 'RxSwift' from project 'RxSwift')
    cd /Users/darisadam/Documents/Projects/iOS\ Apps/madabank-ios/Madabank/Tuist/.build/tuist-derived/RxSwift
    

SwiftDriverJobDiscovery normal arm64 Compiling IQNSArray+Sort.swift, IQUIScrollView+Additions.swift, IQUITextFieldView+Additions.swift (in target 'IQKeyboardManagerSwift' from project 'IQKeyboardManagerSwift')

SwiftCompile normal arm64 Compiling\ NFXListCell_iOS.swift,\ NFXListController_iOS.swift,\ NFXRawBodyDetailsController.swift /Users/darisadam/Documents/Projects/iOS\ Apps/madabank-ios/Madabank/Tuist/.build/checkouts/netfox/netfox/iOS/NFXListCell_iOS.swift /Users/darisadam/Documents/Projects/iOS\ Apps/madabank-ios/Madabank/Tuist/.build/checkouts/netfox/netfox/iOS/NFXListController_iOS.swift /Users/darisadam/Documents/Projects/iOS\ Apps/madabank-ios/Madabank/Tuist/.build/checkouts/netfox/netfox/iOS/NFXRawBodyDetailsController.swift (in target 'netfox' from project 'netfox')

SwiftCompile normal arm64 /Users/darisadam/Documents/Projects/iOS\ Apps/madabank-ios/Madabank/Tuist/.build/checkouts/netfox/netfox/iOS/NFXListCell_iOS.swift (in target 'netfox' from project 'netfox')
    cd /Users/darisadam/Documents/Projects/iOS\ Apps/madabank-ios/Madabank/Tuist/.build/tuist-derived/netfox
    

SwiftCompile normal arm64 /Users/darisadam/Documents/Projects/iOS\ Apps/madabank-ios/Madabank/Tuist/.build/checkouts/netfox/netfox/iOS/NFXListController_iOS.swift (in target 'netfox' from project 'netfox')
    cd /Users/darisadam/Documents/Projects/iOS\ Apps/madabank-ios/Madabank/Tuist/.build/tuist-derived/netfox
    

SwiftCompile normal arm64 /Users/darisadam/Documents/Projects/iOS\ Apps/madabank-ios/Madabank/Tuist/.build/checkouts/netfox/netfox/iOS/NFXRawBodyDetailsController.swift (in target 'netfox' from project 'netfox')
    cd /Users/darisadam/Documents/Projects/iOS\ Apps/madabank-ios/Madabank/Tuist/.build/tuist-derived/netfox
    

SwiftDriverJobDiscovery normal arm64 Emitting module for SnapKit (in target 'SnapKit' from project 'SnapKit')

SwiftDriver\ Compilation\ Requirements SnapKit normal arm64 com.apple.xcode.tools.swift.compiler (in target 'SnapKit' from project 'SnapKit')
    cd /Users/darisadam/Documents/Projects/iOS\ Apps/madabank-ios/Madabank/Tuist/.build/tuist-derived/SnapKit
    builtin-Swift-Compilation-Requirements -- /Applications/Xcode.app/Contents/Developer/Toolchains/XcodeDefault.xctoolchain/usr/bin/swiftc -module-name SnapKit -Onone -enforce-exclusivity\=checked @/Users/darisadam/Library/Developer/Xcode/DerivedData/Madabank-hkohthnbjtgnoechirsoymtykttx/Build/Intermediates.noindex/SnapKit.build/Debug-iphonesimulator/SnapKit.build/Objects-normal/arm64/SnapKit.SwiftFileList -DSWIFT_PACKAGE -DDEBUG -enable-bare-slash-regex -enable-experimental-feature DebugDescriptionMacro -sdk /Applications/Xcode.app/Contents/Developer/Platforms/iPhoneSimulator.platform/Developer/SDKs/iPhoneSimulator26.1.sdk -target arm64-apple-ios12.0-simulator -g -module-cache-path /Users/darisadam/Library/Developer/Xcode/DerivedData/ModuleCache.noindex -Xfrontend -serialize-debugging-options -enable-testing -suppress-warnings -index-store-path /Users/darisadam/Library/Developer/Xcode/DerivedData/Madabank-hkohthnbjtgnoechirsoymtykttx/Index.noindex/DataStore -Xcc -D_LIBCPP_HARDENING_MODE\=_LIBCPP_HARDENING_MODE_DEBUG -swift-version 5 -I /Users/darisadam/Library/Developer/Xcode/DerivedData/Madabank-hkohthnbjtgnoechirsoymtykttx/Build/Products/Debug-iphonesimulator -F /Users/darisadam/Library/Developer/Xcode/DerivedData/Madabank-hkohthnbjtgnoechirsoymtykttx/Build/Products/Debug-iphonesimulator -F /Applications/Xcode.app/Contents/Developer/Platforms/iPhoneSimulator.platform/Developer/Library/Frameworks -c -j8 -enable-batch-mode -incremental -Xcc -ivfsstatcache -Xcc /Users/darisadam/Library/Developer/Xcode/DerivedData/SDKStatCaches.noindex/iphonesimulator26.1-23B77-3885c01c3e6b6a337905948deab2002e90cf18a4295e390e64c810bc6bd7acbc.sdkstatcache -output-file-map /Users/darisadam/Library/Developer/Xcode/DerivedData/Madabank-hkohthnbjtgnoechirsoymtykttx/Build/Intermediates.noindex/SnapKit.build/Debug-iphonesimulator/SnapKit.build/Objects-normal/arm64/SnapKit-OutputFileMap.json -use-frontend-parseable-output -save-temps -no-color-diagnostics -explicit-module-build -module-cache-path /Users/darisadam/Library/Developer/Xcode/DerivedData/Madabank-hkohthnbjtgnoechirsoymtykttx/Build/Intermediates.noindex/SwiftExplicitPrecompiledModules -clang-scanner-module-cache-path /Users/darisadam/Library/Developer/Xcode/DerivedData/ModuleCache.noindex -sdk-module-cache-path /Users/darisadam/Library/Developer/Xcode/DerivedData/ModuleCache.noindex -serialize-diagnostics -emit-dependencies -emit-module -emit-module-path /Users/darisadam/Library/Developer/Xcode/DerivedData/Madabank-hkohthnbjtgnoechirsoymtykttx/Build/Intermediates.noindex/SnapKit.build/Debug-iphonesimulator/SnapKit.build/Objects-normal/arm64/SnapKit.swiftmodule -validate-clang-modules-once -clang-build-session-file /Users/darisadam/Library/Developer/Xcode/DerivedData/ModuleCache.noindex/Session.modulevalidation -Xcc -I/Users/darisadam/Library/Developer/Xcode/DerivedData/Madabank-hkohthnbjtgnoechirsoymtykttx/Build/Intermediates.noindex/SnapKit.build/Debug-iphonesimulator/SnapKit.build/swift-overrides.hmap -emit-const-values -Xfrontend -const-gather-protocols-file -Xfrontend /Users/darisadam/Library/Developer/Xcode/DerivedData/Madabank-hkohthnbjtgnoechirsoymtykttx/Build/Intermediates.noindex/SnapKit.build/Debug-iphonesimulator/SnapKit.build/Objects-normal/arm64/SnapKit_const_extract_protocols.json -Xcc -I/Users/darisadam/Library/Developer/Xcode/DerivedData/Madabank-hkohthnbjtgnoechirsoymtykttx/Build/Products/Debug-iphonesimulator/include -Xcc -I/Users/darisadam/Library/Developer/Xcode/DerivedData/Madabank-hkohthnbjtgnoechirsoymtykttx/Build/Intermediates.noindex/SnapKit.build/Debug-iphonesimulator/SnapKit.build/DerivedSources-normal/arm64 -Xcc -I/Users/darisadam/Library/Developer/Xcode/DerivedData/Madabank-hkohthnbjtgnoechirsoymtykttx/Build/Intermediates.noindex/SnapKit.build/Debug-iphonesimulator/SnapKit.build/DerivedSources/arm64 -Xcc -I/Users/darisadam/Library/Developer/Xcode/DerivedData/Madabank-hkohthnbjtgnoechirsoymtykttx/Build/Intermediates.noindex/SnapKit.build/Debug-iphonesimulator/SnapKit.build/DerivedSources -Xcc -DDEBUG\=1 -Xcc -DSWIFT_PACKAGE\=1 -emit-objc-header -emit-objc-header-path /Users/darisadam/Library/Developer/Xcode/DerivedData/Madabank-hkohthnbjtgnoechirsoymtykttx/Build/Intermediates.noindex/SnapKit.build/Debug-iphonesimulator/SnapKit.build/Objects-normal/arm64/SnapKit-Swift.h -working-directory /Users/darisadam/Documents/Projects/iOS\ Apps/madabank-ios/Madabank/Tuist/.build/tuist-derived/SnapKit -experimental-emit-module-separately -disable-cmo

SwiftDriverJobDiscovery normal arm64 Compiling IQKeyboardManagerConstantsInternal.swift, IQKeyboardManager+Debug.swift, IQKeyboardManager+Internal.swift (in target 'IQKeyboardManagerSwift' from project 'IQKeyboardManagerSwift')

SwiftCompile normal arm64 Compiling\ NFX.swift,\ NFXAssets.swift,\ NFXAuthenticationChallengeSender.swift,\ NFXConstants.swift /Users/darisadam/Documents/Projects/iOS\ Apps/madabank-ios/Madabank/Tuist/.build/checkouts/netfox/netfox/Core/NFX.swift /Users/darisadam/Documents/Projects/iOS\ Apps/madabank-ios/Madabank/Tuist/.build/checkouts/netfox/netfox/Core/NFXAssets.swift /Users/darisadam/Documents/Projects/iOS\ Apps/madabank-ios/Madabank/Tuist/.build/checkouts/netfox/netfox/Core/NFXAuthenticationChallengeSender.swift /Users/darisadam/Documents/Projects/iOS\ Apps/madabank-ios/Madabank/Tuist/.build/checkouts/netfox/netfox/Core/NFXConstants.swift (in target 'netfox' from project 'netfox')

SwiftCompile normal arm64 /Users/darisadam/Documents/Projects/iOS\ Apps/madabank-ios/Madabank/Tuist/.build/checkouts/netfox/netfox/Core/NFX.swift (in target 'netfox' from project 'netfox')
    cd /Users/darisadam/Documents/Projects/iOS\ Apps/madabank-ios/Madabank/Tuist/.build/tuist-derived/netfox
    

SwiftCompile normal arm64 /Users/darisadam/Documents/Projects/iOS\ Apps/madabank-ios/Madabank/Tuist/.build/checkouts/netfox/netfox/Core/NFXAssets.swift (in target 'netfox' from project 'netfox')
    cd /Users/darisadam/Documents/Projects/iOS\ Apps/madabank-ios/Madabank/Tuist/.build/tuist-derived/netfox
    

SwiftCompile normal arm64 /Users/darisadam/Documents/Projects/iOS\ Apps/madabank-ios/Madabank/Tuist/.build/checkouts/netfox/netfox/Core/NFXAuthenticationChallengeSender.swift (in target 'netfox' from project 'netfox')
    cd /Users/darisadam/Documents/Projects/iOS\ Apps/madabank-ios/Madabank/Tuist/.build/tuist-derived/netfox
    

SwiftCompile normal arm64 /Users/darisadam/Documents/Projects/iOS\ Apps/madabank-ios/Madabank/Tuist/.build/checkouts/netfox/netfox/Core/NFXConstants.swift (in target 'netfox' from project 'netfox')
    cd /Users/darisadam/Documents/Projects/iOS\ Apps/madabank-ios/Madabank/Tuist/.build/tuist-derived/netfox
    

Copy /Users/darisadam/Library/Developer/Xcode/DerivedData/Madabank-hkohthnbjtgnoechirsoymtykttx/Build/Products/Debug-iphonesimulator/SnapKit.framework/Modules/SnapKit.swiftmodule/Project/arm64-apple-ios-simulator.swiftsourceinfo /Users/darisadam/Library/Developer/Xcode/DerivedData/Madabank-hkohthnbjtgnoechirsoymtykttx/Build/Intermediates.noindex/SnapKit.build/Debug-iphonesimulator/SnapKit.build/Objects-normal/arm64/SnapKit.swiftsourceinfo (in target 'SnapKit' from project 'SnapKit')
    cd /Users/darisadam/Documents/Projects/iOS\ Apps/madabank-ios/Madabank/Tuist/.build/tuist-derived/SnapKit
    builtin-copy -exclude .DS_Store -exclude CVS -exclude .svn -exclude .git -exclude .hg -resolve-src-symlinks -rename /Users/darisadam/Library/Developer/Xcode/DerivedData/Madabank-hkohthnbjtgnoechirsoymtykttx/Build/Intermediates.noindex/SnapKit.build/Debug-iphonesimulator/SnapKit.build/Objects-normal/arm64/SnapKit.swiftsourceinfo /Users/darisadam/Library/Developer/Xcode/DerivedData/Madabank-hkohthnbjtgnoechirsoymtykttx/Build/Products/Debug-iphonesimulator/SnapKit.framework/Modules/SnapKit.swiftmodule/Project/arm64-apple-ios-simulator.swiftsourceinfo

SwiftDriverJobDiscovery normal arm64 Emitting module for IQKeyboardManagerSwift (in target 'IQKeyboardManagerSwift' from project 'IQKeyboardManagerSwift')

SwiftDriver\ Compilation\ Requirements IQKeyboardManagerSwift normal arm64 com.apple.xcode.tools.swift.compiler (in target 'IQKeyboardManagerSwift' from project 'IQKeyboardManagerSwift')
    cd /Users/darisadam/Documents/Projects/iOS\ Apps/madabank-ios/Madabank/Tuist/.build/tuist-derived/IQKeyboardManagerSwift
    builtin-Swift-Compilation-Requirements -- /Applications/Xcode.app/Contents/Developer/Toolchains/XcodeDefault.xctoolchain/usr/bin/swiftc -module-name IQKeyboardManagerSwift -Onone -enforce-exclusivity\=checked @/Users/darisadam/Library/Developer/Xcode/DerivedData/Madabank-hkohthnbjtgnoechirsoymtykttx/Build/Intermediates.noindex/IQKeyboardManagerSwift.build/Debug-iphonesimulator/IQKeyboardManagerSwift.build/Objects-normal/arm64/IQKeyboardManagerSwift.SwiftFileList -DSWIFT_PACKAGE -DDEBUG -enable-bare-slash-regex -enable-experimental-feature DebugDescriptionMacro -sdk /Applications/Xcode.app/Contents/Developer/Platforms/iPhoneSimulator.platform/Developer/SDKs/iPhoneSimulator26.1.sdk -target arm64-apple-ios12.0-simulator -g -module-cache-path /Users/darisadam/Library/Developer/Xcode/DerivedData/ModuleCache.noindex -Xfrontend -serialize-debugging-options -enable-testing -suppress-warnings -index-store-path /Users/darisadam/Library/Developer/Xcode/DerivedData/Madabank-hkohthnbjtgnoechirsoymtykttx/Index.noindex/DataStore -Xcc -D_LIBCPP_HARDENING_MODE\=_LIBCPP_HARDENING_MODE_DEBUG -swift-version 5 -I /Users/darisadam/Library/Developer/Xcode/DerivedData/Madabank-hkohthnbjtgnoechirsoymtykttx/Build/Products/Debug-iphonesimulator -F /Users/darisadam/Library/Developer/Xcode/DerivedData/Madabank-hkohthnbjtgnoechirsoymtykttx/Build/Products/Debug-iphonesimulator -F /Applications/Xcode.app/Contents/Developer/Platforms/iPhoneSimulator.platform/Developer/Library/Frameworks -c -j8 -enable-batch-mode -incremental -Xcc -ivfsstatcache -Xcc /Users/darisadam/Library/Developer/Xcode/DerivedData/SDKStatCaches.noindex/iphonesimulator26.1-23B77-3885c01c3e6b6a337905948deab2002e90cf18a4295e390e64c810bc6bd7acbc.sdkstatcache -output-file-map /Users/darisadam/Library/Developer/Xcode/DerivedData/Madabank-hkohthnbjtgnoechirsoymtykttx/Build/Intermediates.noindex/IQKeyboardManagerSwift.build/Debug-iphonesimulator/IQKeyboardManagerSwift.build/Objects-normal/arm64/IQKeyboardManagerSwift-OutputFileMap.json -use-frontend-parseable-output -save-temps -no-color-diagnostics -explicit-module-build -module-cache-path /Users/darisadam/Library/Developer/Xcode/DerivedData/Madabank-hkohthnbjtgnoechirsoymtykttx/Build/Intermediates.noindex/SwiftExplicitPrecompiledModules -clang-scanner-module-cache-path /Users/darisadam/Library/Developer/Xcode/DerivedData/ModuleCache.noindex -sdk-module-cache-path /Users/darisadam/Library/Developer/Xcode/DerivedData/ModuleCache.noindex -serialize-diagnostics -emit-dependencies -emit-module -emit-module-path /Users/darisadam/Library/Developer/Xcode/DerivedData/Madabank-hkohthnbjtgnoechirsoymtykttx/Build/Intermediates.noindex/IQKeyboardManagerSwift.build/Debug-iphonesimulator/IQKeyboardManagerSwift.build/Objects-normal/arm64/IQKeyboardManagerSwift.swiftmodule -validate-clang-modules-once -clang-build-session-file /Users/darisadam/Library/Developer/Xcode/DerivedData/ModuleCache.noindex/Session.modulevalidation -Xcc -I/Users/darisadam/Library/Developer/Xcode/DerivedData/Madabank-hkohthnbjtgnoechirsoymtykttx/Build/Intermediates.noindex/IQKeyboardManagerSwift.build/Debug-iphonesimulator/IQKeyboardManagerSwift.build/swift-overrides.hmap -emit-const-values -Xfrontend -const-gather-protocols-file -Xfrontend /Users/darisadam/Library/Developer/Xcode/DerivedData/Madabank-hkohthnbjtgnoechirsoymtykttx/Build/Intermediates.noindex/IQKeyboardManagerSwift.build/Debug-iphonesimulator/IQKeyboardManagerSwift.build/Objects-normal/arm64/IQKeyboardManagerSwift_const_extract_protocols.json -Xcc -I/Users/darisadam/Library/Developer/Xcode/DerivedData/Madabank-hkohthnbjtgnoechirsoymtykttx/Build/Products/Debug-iphonesimulator/include -Xcc -I/Users/darisadam/Library/Developer/Xcode/DerivedData/Madabank-hkohthnbjtgnoechirsoymtykttx/Build/Intermediates.noindex/IQKeyboardManagerSwift.build/Debug-iphonesimulator/IQKeyboardManagerSwift.build/DerivedSources-normal/arm64 -Xcc -I/Users/darisadam/Library/Developer/Xcode/DerivedData/Madabank-hkohthnbjtgnoechirsoymtykttx/Build/Intermediates.noindex/IQKeyboardManagerSwift.build/Debug-iphonesimulator/IQKeyboardManagerSwift.build/DerivedSources/arm64 -Xcc -I/Users/darisadam/Library/Developer/Xcode/DerivedData/Madabank-hkohthnbjtgnoechirsoymtykttx/Build/Intermediates.noindex/IQKeyboardManagerSwift.build/Debug-iphonesimulator/IQKeyboardManagerSwift.build/DerivedSources -Xcc -DDEBUG\=1 -Xcc -DSWIFT_PACKAGE\=1 -emit-objc-header -emit-objc-header-path /Users/darisadam/Library/Developer/Xcode/DerivedData/Madabank-hkohthnbjtgnoechirsoymtykttx/Build/Intermediates.noindex/IQKeyboardManagerSwift.build/Debug-iphonesimulator/IQKeyboardManagerSwift.build/Objects-normal/arm64/IQKeyboardManagerSwift-Swift.h -working-directory /Users/darisadam/Documents/Projects/iOS\ Apps/madabank-ios/Madabank/Tuist/.build/tuist-derived/IQKeyboardManagerSwift -experimental-emit-module-separately -disable-cmo

Copy /Users/darisadam/Library/Developer/Xcode/DerivedData/Madabank-hkohthnbjtgnoechirsoymtykttx/Build/Products/Debug-iphonesimulator/SnapKit.framework/Modules/SnapKit.swiftmodule/arm64-apple-ios-simulator.abi.json /Users/darisadam/Library/Developer/Xcode/DerivedData/Madabank-hkohthnbjtgnoechirsoymtykttx/Build/Intermediates.noindex/SnapKit.build/Debug-iphonesimulator/SnapKit.build/Objects-normal/arm64/SnapKit.abi.json (in target 'SnapKit' from project 'SnapKit')
    cd /Users/darisadam/Documents/Projects/iOS\ Apps/madabank-ios/Madabank/Tuist/.build/tuist-derived/SnapKit
    builtin-copy -exclude .DS_Store -exclude CVS -exclude .svn -exclude .git -exclude .hg -resolve-src-symlinks -rename /Users/darisadam/Library/Developer/Xcode/DerivedData/Madabank-hkohthnbjtgnoechirsoymtykttx/Build/Intermediates.noindex/SnapKit.build/Debug-iphonesimulator/SnapKit.build/Objects-normal/arm64/SnapKit.abi.json /Users/darisadam/Library/Developer/Xcode/DerivedData/Madabank-hkohthnbjtgnoechirsoymtykttx/Build/Products/Debug-iphonesimulator/SnapKit.framework/Modules/SnapKit.swiftmodule/arm64-apple-ios-simulator.abi.json

SwiftMergeGeneratedHeaders /Users/darisadam/Library/Developer/Xcode/DerivedData/Madabank-hkohthnbjtgnoechirsoymtykttx/Build/Products/Debug-iphonesimulator/IQKeyboardManagerSwift.framework/Headers/IQKeyboardManagerSwift-Swift.h /Users/darisadam/Library/Developer/Xcode/DerivedData/Madabank-hkohthnbjtgnoechirsoymtykttx/Build/Intermediates.noindex/IQKeyboardManagerSwift.build/Debug-iphonesimulator/IQKeyboardManagerSwift.build/Objects-normal/arm64/IQKeyboardManagerSwift-Swift.h (in target 'IQKeyboardManagerSwift' from project 'IQKeyboardManagerSwift')
    cd /Users/darisadam/Documents/Projects/iOS\ Apps/madabank-ios/Madabank/Tuist/.build/tuist-derived/IQKeyboardManagerSwift
    builtin-swiftHeaderTool -arch arm64 /Users/darisadam/Library/Developer/Xcode/DerivedData/Madabank-hkohthnbjtgnoechirsoymtykttx/Build/Intermediates.noindex/IQKeyboardManagerSwift.build/Debug-iphonesimulator/IQKeyboardManagerSwift.build/Objects-normal/arm64/IQKeyboardManagerSwift-Swift.h -o /Users/darisadam/Library/Developer/Xcode/DerivedData/Madabank-hkohthnbjtgnoechirsoymtykttx/Build/Products/Debug-iphonesimulator/IQKeyboardManagerSwift.framework/Headers/IQKeyboardManagerSwift-Swift.h

Copy /Users/darisadam/Library/Developer/Xcode/DerivedData/Madabank-hkohthnbjtgnoechirsoymtykttx/Build/Products/Debug-iphonesimulator/IQKeyboardManagerSwift.framework/Modules/IQKeyboardManagerSwift.swiftmodule/arm64-apple-ios-simulator.swiftmodule /Users/darisadam/Library/Developer/Xcode/DerivedData/Madabank-hkohthnbjtgnoechirsoymtykttx/Build/Intermediates.noindex/IQKeyboardManagerSwift.build/Debug-iphonesimulator/IQKeyboardManagerSwift.build/Objects-normal/arm64/IQKeyboardManagerSwift.swiftmodule (in target 'IQKeyboardManagerSwift' from project 'IQKeyboardManagerSwift')
    cd /Users/darisadam/Documents/Projects/iOS\ Apps/madabank-ios/Madabank/Tuist/.build/tuist-derived/IQKeyboardManagerSwift
    builtin-copy -exclude .DS_Store -exclude CVS -exclude .svn -exclude .git -exclude .hg -resolve-src-symlinks -rename /Users/darisadam/Library/Developer/Xcode/DerivedData/Madabank-hkohthnbjtgnoechirsoymtykttx/Build/Intermediates.noindex/IQKeyboardManagerSwift.build/Debug-iphonesimulator/IQKeyboardManagerSwift.build/Objects-normal/arm64/IQKeyboardManagerSwift.swiftmodule /Users/darisadam/Library/Developer/Xcode/DerivedData/Madabank-hkohthnbjtgnoechirsoymtykttx/Build/Products/Debug-iphonesimulator/IQKeyboardManagerSwift.framework/Modules/IQKeyboardManagerSwift.swiftmodule/arm64-apple-ios-simulator.swiftmodule

Copy /Users/darisadam/Library/Developer/Xcode/DerivedData/Madabank-hkohthnbjtgnoechirsoymtykttx/Build/Products/Debug-iphonesimulator/IQKeyboardManagerSwift.framework/Modules/IQKeyboardManagerSwift.swiftmodule/arm64-apple-ios-simulator.swiftdoc /Users/darisadam/Library/Developer/Xcode/DerivedData/Madabank-hkohthnbjtgnoechirsoymtykttx/Build/Intermediates.noindex/IQKeyboardManagerSwift.build/Debug-iphonesimulator/IQKeyboardManagerSwift.build/Objects-normal/arm64/IQKeyboardManagerSwift.swiftdoc (in target 'IQKeyboardManagerSwift' from project 'IQKeyboardManagerSwift')
    cd /Users/darisadam/Documents/Projects/iOS\ Apps/madabank-ios/Madabank/Tuist/.build/tuist-derived/IQKeyboardManagerSwift
    builtin-copy -exclude .DS_Store -exclude CVS -exclude .svn -exclude .git -exclude .hg -resolve-src-symlinks -rename /Users/darisadam/Library/Developer/Xcode/DerivedData/Madabank-hkohthnbjtgnoechirsoymtykttx/Build/Intermediates.noindex/IQKeyboardManagerSwift.build/Debug-iphonesimulator/IQKeyboardManagerSwift.build/Objects-normal/arm64/IQKeyboardManagerSwift.swiftdoc /Users/darisadam/Library/Developer/Xcode/DerivedData/Madabank-hkohthnbjtgnoechirsoymtykttx/Build/Products/Debug-iphonesimulator/IQKeyboardManagerSwift.framework/Modules/IQKeyboardManagerSwift.swiftmodule/arm64-apple-ios-simulator.swiftdoc

Copy /Users/darisadam/Library/Developer/Xcode/DerivedData/Madabank-hkohthnbjtgnoechirsoymtykttx/Build/Products/Debug-iphonesimulator/IQKeyboardManagerSwift.framework/Modules/IQKeyboardManagerSwift.swiftmodule/arm64-apple-ios-simulator.abi.json /Users/darisadam/Library/Developer/Xcode/DerivedData/Madabank-hkohthnbjtgnoechirsoymtykttx/Build/Intermediates.noindex/IQKeyboardManagerSwift.build/Debug-iphonesimulator/IQKeyboardManagerSwift.build/Objects-normal/arm64/IQKeyboardManagerSwift.abi.json (in target 'IQKeyboardManagerSwift' from project 'IQKeyboardManagerSwift')
    cd /Users/darisadam/Documents/Projects/iOS\ Apps/madabank-ios/Madabank/Tuist/.build/tuist-derived/IQKeyboardManagerSwift
    builtin-copy -exclude .DS_Store -exclude CVS -exclude .svn -exclude .git -exclude .hg -resolve-src-symlinks -rename /Users/darisadam/Library/Developer/Xcode/DerivedData/Madabank-hkohthnbjtgnoechirsoymtykttx/Build/Intermediates.noindex/IQKeyboardManagerSwift.build/Debug-iphonesimulator/IQKeyboardManagerSwift.build/Objects-normal/arm64/IQKeyboardManagerSwift.abi.json /Users/darisadam/Library/Developer/Xcode/DerivedData/Madabank-hkohthnbjtgnoechirsoymtykttx/Build/Products/Debug-iphonesimulator/IQKeyboardManagerSwift.framework/Modules/IQKeyboardManagerSwift.swiftmodule/arm64-apple-ios-simulator.abi.json

Copy /Users/darisadam/Library/Developer/Xcode/DerivedData/Madabank-hkohthnbjtgnoechirsoymtykttx/Build/Products/Debug-iphonesimulator/IQKeyboardManagerSwift.framework/Modules/IQKeyboardManagerSwift.swiftmodule/Project/arm64-apple-ios-simulator.swiftsourceinfo /Users/darisadam/Library/Developer/Xcode/DerivedData/Madabank-hkohthnbjtgnoechirsoymtykttx/Build/Intermediates.noindex/IQKeyboardManagerSwift.build/Debug-iphonesimulator/IQKeyboardManagerSwift.build/Objects-normal/arm64/IQKeyboardManagerSwift.swiftsourceinfo (in target 'IQKeyboardManagerSwift' from project 'IQKeyboardManagerSwift')
    cd /Users/darisadam/Documents/Projects/iOS\ Apps/madabank-ios/Madabank/Tuist/.build/tuist-derived/IQKeyboardManagerSwift
    builtin-copy -exclude .DS_Store -exclude CVS -exclude .svn -exclude .git -exclude .hg -resolve-src-symlinks -rename /Users/darisadam/Library/Developer/Xcode/DerivedData/Madabank-hkohthnbjtgnoechirsoymtykttx/Build/Intermediates.noindex/IQKeyboardManagerSwift.build/Debug-iphonesimulator/IQKeyboardManagerSwift.build/Objects-normal/arm64/IQKeyboardManagerSwift.swiftsourceinfo /Users/darisadam/Library/Developer/Xcode/DerivedData/Madabank-hkohthnbjtgnoechirsoymtykttx/Build/Products/Debug-iphonesimulator/IQKeyboardManagerSwift.framework/Modules/IQKeyboardManagerSwift.swiftmodule/Project/arm64-apple-ios-simulator.swiftsourceinfo

SwiftCompile normal arm64 Compiling\ NFXHTTPModelManager.swift,\ NFXHelper.swift,\ NFXImageBodyDetailsController.swift /Users/darisadam/Documents/Projects/iOS\ Apps/madabank-ios/Madabank/Tuist/.build/checkouts/netfox/netfox/Core/NFXHTTPModelManager.swift /Users/darisadam/Documents/Projects/iOS\ Apps/madabank-ios/Madabank/Tuist/.build/checkouts/netfox/netfox/Core/NFXHelper.swift /Users/darisadam/Documents/Projects/iOS\ Apps/madabank-ios/Madabank/Tuist/.build/checkouts/netfox/netfox/Core/NFXImageBodyDetailsController.swift (in target 'netfox' from project 'netfox')

SwiftCompile normal arm64 /Users/darisadam/Documents/Projects/iOS\ Apps/madabank-ios/Madabank/Tuist/.build/checkouts/netfox/netfox/Core/NFXHTTPModelManager.swift (in target 'netfox' from project 'netfox')
    cd /Users/darisadam/Documents/Projects/iOS\ Apps/madabank-ios/Madabank/Tuist/.build/tuist-derived/netfox
    

SwiftCompile normal arm64 /Users/darisadam/Documents/Projects/iOS\ Apps/madabank-ios/Madabank/Tuist/.build/checkouts/netfox/netfox/Core/NFXHelper.swift (in target 'netfox' from project 'netfox')
    cd /Users/darisadam/Documents/Projects/iOS\ Apps/madabank-ios/Madabank/Tuist/.build/tuist-derived/netfox
    

SwiftCompile normal arm64 /Users/darisadam/Documents/Projects/iOS\ Apps/madabank-ios/Madabank/Tuist/.build/checkouts/netfox/netfox/Core/NFXImageBodyDetailsController.swift (in target 'netfox' from project 'netfox')
    cd /Users/darisadam/Documents/Projects/iOS\ Apps/madabank-ios/Madabank/Tuist/.build/tuist-derived/netfox
    

SwiftCompile normal arm64 Compiling\ NFXDetailsController.swift,\ NFXGenericBodyDetailsController.swift,\ NFXGenericController.swift,\ NFXHTTPModel.swift /Users/darisadam/Documents/Projects/iOS\ Apps/madabank-ios/Madabank/Tuist/.build/checkouts/netfox/netfox/Core/NFXDetailsController.swift /Users/darisadam/Documents/Projects/iOS\ Apps/madabank-ios/Madabank/Tuist/.build/checkouts/netfox/netfox/Core/NFXGenericBodyDetailsController.swift /Users/darisadam/Documents/Projects/iOS\ Apps/madabank-ios/Madabank/Tuist/.build/checkouts/netfox/netfox/Core/NFXGenericController.swift /Users/darisadam/Documents/Projects/iOS\ Apps/madabank-ios/Madabank/Tuist/.build/checkouts/netfox/netfox/Core/NFXHTTPModel.swift (in target 'netfox' from project 'netfox')

SwiftCompile normal arm64 /Users/darisadam/Documents/Projects/iOS\ Apps/madabank-ios/Madabank/Tuist/.build/checkouts/netfox/netfox/Core/NFXDetailsController.swift (in target 'netfox' from project 'netfox')
    cd /Users/darisadam/Documents/Projects/iOS\ Apps/madabank-ios/Madabank/Tuist/.build/tuist-derived/netfox
    

SwiftCompile normal arm64 /Users/darisadam/Documents/Projects/iOS\ Apps/madabank-ios/Madabank/Tuist/.build/checkouts/netfox/netfox/Core/NFXGenericBodyDetailsController.swift (in target 'netfox' from project 'netfox')
    cd /Users/darisadam/Documents/Projects/iOS\ Apps/madabank-ios/Madabank/Tuist/.build/tuist-derived/netfox
    

SwiftCompile normal arm64 /Users/darisadam/Documents/Projects/iOS\ Apps/madabank-ios/Madabank/Tuist/.build/checkouts/netfox/netfox/Core/NFXGenericController.swift (in target 'netfox' from project 'netfox')
    cd /Users/darisadam/Documents/Projects/iOS\ Apps/madabank-ios/Madabank/Tuist/.build/tuist-derived/netfox
    

SwiftCompile normal arm64 /Users/darisadam/Documents/Projects/iOS\ Apps/madabank-ios/Madabank/Tuist/.build/checkouts/netfox/netfox/Core/NFXHTTPModel.swift (in target 'netfox' from project 'netfox')
    cd /Users/darisadam/Documents/Projects/iOS\ Apps/madabank-ios/Madabank/Tuist/.build/tuist-derived/netfox
    

SwiftDriverJobDiscovery normal arm64 Emitting module for netfox (in target 'netfox' from project 'netfox')

SwiftDriver\ Compilation\ Requirements netfox normal arm64 com.apple.xcode.tools.swift.compiler (in target 'netfox' from project 'netfox')
    cd /Users/darisadam/Documents/Projects/iOS\ Apps/madabank-ios/Madabank/Tuist/.build/tuist-derived/netfox
    builtin-Swift-Compilation-Requirements -- /Applications/Xcode.app/Contents/Developer/Toolchains/XcodeDefault.xctoolchain/usr/bin/swiftc -module-name netfox -Onone -enforce-exclusivity\=checked @/Users/darisadam/Library/Developer/Xcode/DerivedData/Madabank-hkohthnbjtgnoechirsoymtykttx/Build/Intermediates.noindex/netfox.build/Debug-iphonesimulator/netfox.build/Objects-normal/arm64/netfox.SwiftFileList -DSWIFT_PACKAGE -DDEBUG -enable-bare-slash-regex -enable-experimental-feature DebugDescriptionMacro -sdk /Applications/Xcode.app/Contents/Developer/Platforms/iPhoneSimulator.platform/Developer/SDKs/iPhoneSimulator26.1.sdk -target arm64-apple-ios12.0-simulator -g -module-cache-path /Users/darisadam/Library/Developer/Xcode/DerivedData/ModuleCache.noindex -Xfrontend -serialize-debugging-options -enable-testing -suppress-warnings -index-store-path /Users/darisadam/Library/Developer/Xcode/DerivedData/Madabank-hkohthnbjtgnoechirsoymtykttx/Index.noindex/DataStore -Xcc -D_LIBCPP_HARDENING_MODE\=_LIBCPP_HARDENING_MODE_DEBUG -swift-version 5 -I /Users/darisadam/Library/Developer/Xcode/DerivedData/Madabank-hkohthnbjtgnoechirsoymtykttx/Build/Products/Debug-iphonesimulator -F /Users/darisadam/Library/Developer/Xcode/DerivedData/Madabank-hkohthnbjtgnoechirsoymtykttx/Build/Products/Debug-iphonesimulator -F /Applications/Xcode.app/Contents/Developer/Platforms/iPhoneSimulator.platform/Developer/Library/Frameworks -c -j8 -enable-batch-mode -incremental -Xcc -ivfsstatcache -Xcc /Users/darisadam/Library/Developer/Xcode/DerivedData/SDKStatCaches.noindex/iphonesimulator26.1-23B77-3885c01c3e6b6a337905948deab2002e90cf18a4295e390e64c810bc6bd7acbc.sdkstatcache -output-file-map /Users/darisadam/Library/Developer/Xcode/DerivedData/Madabank-hkohthnbjtgnoechirsoymtykttx/Build/Intermediates.noindex/netfox.build/Debug-iphonesimulator/netfox.build/Objects-normal/arm64/netfox-OutputFileMap.json -use-frontend-parseable-output -save-temps -no-color-diagnostics -explicit-module-build -module-cache-path /Users/darisadam/Library/Developer/Xcode/DerivedData/Madabank-hkohthnbjtgnoechirsoymtykttx/Build/Intermediates.noindex/SwiftExplicitPrecompiledModules -clang-scanner-module-cache-path /Users/darisadam/Library/Developer/Xcode/DerivedData/ModuleCache.noindex -sdk-module-cache-path /Users/darisadam/Library/Developer/Xcode/DerivedData/ModuleCache.noindex -serialize-diagnostics -emit-dependencies -emit-module -emit-module-path /Users/darisadam/Library/Developer/Xcode/DerivedData/Madabank-hkohthnbjtgnoechirsoymtykttx/Build/Intermediates.noindex/netfox.build/Debug-iphonesimulator/netfox.build/Objects-normal/arm64/netfox.swiftmodule -validate-clang-modules-once -clang-build-session-file /Users/darisadam/Library/Developer/Xcode/DerivedData/ModuleCache.noindex/Session.modulevalidation -Xcc -I/Users/darisadam/Library/Developer/Xcode/DerivedData/Madabank-hkohthnbjtgnoechirsoymtykttx/Build/Intermediates.noindex/netfox.build/Debug-iphonesimulator/netfox.build/swift-overrides.hmap -emit-const-values -Xfrontend -const-gather-protocols-file -Xfrontend /Users/darisadam/Library/Developer/Xcode/DerivedData/Madabank-hkohthnbjtgnoechirsoymtykttx/Build/Intermediates.noindex/netfox.build/Debug-iphonesimulator/netfox.build/Objects-normal/arm64/netfox_const_extract_protocols.json -Xcc -I/Users/darisadam/Library/Developer/Xcode/DerivedData/Madabank-hkohthnbjtgnoechirsoymtykttx/Build/Products/Debug-iphonesimulator/include -Xcc -I/Users/darisadam/Library/Developer/Xcode/DerivedData/Madabank-hkohthnbjtgnoechirsoymtykttx/Build/Intermediates.noindex/netfox.build/Debug-iphonesimulator/netfox.build/DerivedSources-normal/arm64 -Xcc -I/Users/darisadam/Library/Developer/Xcode/DerivedData/Madabank-hkohthnbjtgnoechirsoymtykttx/Build/Intermediates.noindex/netfox.build/Debug-iphonesimulator/netfox.build/DerivedSources/arm64 -Xcc -I/Users/darisadam/Library/Developer/Xcode/DerivedData/Madabank-hkohthnbjtgnoechirsoymtykttx/Build/Intermediates.noindex/netfox.build/Debug-iphonesimulator/netfox.build/DerivedSources -Xcc -DDEBUG\=1 -Xcc -DSWIFT_PACKAGE\=1 -emit-objc-header -emit-objc-header-path /Users/darisadam/Library/Developer/Xcode/DerivedData/Madabank-hkohthnbjtgnoechirsoymtykttx/Build/Intermediates.noindex/netfox.build/Debug-iphonesimulator/netfox.build/Objects-normal/arm64/netfox-Swift.h -working-directory /Users/darisadam/Documents/Projects/iOS\ Apps/madabank-ios/Madabank/Tuist/.build/tuist-derived/netfox -experimental-emit-module-separately -disable-cmo

SwiftDriverJobDiscovery normal arm64 Compiling IQKeyboardReturnKeyHandler.swift, IQPlaceholderable.swift, IQTextView.swift (in target 'IQKeyboardManagerSwift' from project 'IQKeyboardManagerSwift')

SwiftCompile normal arm64 Compiling\ NFXDetailsController_iOS.swift,\ NFXHelper_iOS.swift,\ NFXInfoController_iOS.swift /Users/darisadam/Documents/Projects/iOS\ Apps/madabank-ios/Madabank/Tuist/.build/checkouts/netfox/netfox/iOS/NFXDetailsController_iOS.swift /Users/darisadam/Documents/Projects/iOS\ Apps/madabank-ios/Madabank/Tuist/.build/checkouts/netfox/netfox/iOS/NFXHelper_iOS.swift /Users/darisadam/Documents/Projects/iOS\ Apps/madabank-ios/Madabank/Tuist/.build/checkouts/netfox/netfox/iOS/NFXInfoController_iOS.swift (in target 'netfox' from project 'netfox')
SwiftCompile normal arm64 /Users/darisadam/Documents/Projects/iOS\ Apps/madabank-ios/Madabank/Tuist/.build/checkouts/netfox/netfox/iOS/NFXDetailsController_iOS.swift (in target 'netfox' from project 'netfox')
    cd /Users/darisadam/Documents/Projects/iOS\ Apps/madabank-ios/Madabank/Tuist/.build/tuist-derived/netfox
    

SwiftCompile normal arm64 /Users/darisadam/Documents/Projects/iOS\ Apps/madabank-ios/Madabank/Tuist/.build/checkouts/netfox/netfox/iOS/NFXHelper_iOS.swift (in target 'netfox' from project 'netfox')
    cd /Users/darisadam/Documents/Projects/iOS\ Apps/madabank-ios/Madabank/Tuist/.build/tuist-derived/netfox
    

SwiftCompile normal arm64 /Users/darisadam/Documents/Projects/iOS\ Apps/madabank-ios/Madabank/Tuist/.build/checkouts/netfox/netfox/iOS/NFXInfoController_iOS.swift (in target 'netfox' from project 'netfox')
    cd /Users/darisadam/Documents/Projects/iOS\ Apps/madabank-ios/Madabank/Tuist/.build/tuist-derived/netfox
    

SwiftMergeGeneratedHeaders /Users/darisadam/Library/Developer/Xcode/DerivedData/Madabank-hkohthnbjtgnoechirsoymtykttx/Build/Products/Debug-iphonesimulator/netfox.framework/Headers/netfox-Swift.h /Users/darisadam/Library/Developer/Xcode/DerivedData/Madabank-hkohthnbjtgnoechirsoymtykttx/Build/Intermediates.noindex/netfox.build/Debug-iphonesimulator/netfox.build/Objects-normal/arm64/netfox-Swift.h (in target 'netfox' from project 'netfox')
    cd /Users/darisadam/Documents/Projects/iOS\ Apps/madabank-ios/Madabank/Tuist/.build/tuist-derived/netfox
    builtin-swiftHeaderTool -arch arm64 /Users/darisadam/Library/Developer/Xcode/DerivedData/Madabank-hkohthnbjtgnoechirsoymtykttx/Build/Intermediates.noindex/netfox.build/Debug-iphonesimulator/netfox.build/Objects-normal/arm64/netfox-Swift.h -o /Users/darisadam/Library/Developer/Xcode/DerivedData/Madabank-hkohthnbjtgnoechirsoymtykttx/Build/Products/Debug-iphonesimulator/netfox.framework/Headers/netfox-Swift.h

SwiftDriverJobDiscovery normal arm64 Compiling NFX.swift, NFXAssets.swift, NFXAuthenticationChallengeSender.swift, NFXConstants.swift (in target 'netfox' from project 'netfox')

Copy /Users/darisadam/Library/Developer/Xcode/DerivedData/Madabank-hkohthnbjtgnoechirsoymtykttx/Build/Products/Debug-iphonesimulator/netfox.framework/Modules/netfox.swiftmodule/arm64-apple-ios-simulator.swiftmodule /Users/darisadam/Library/Developer/Xcode/DerivedData/Madabank-hkohthnbjtgnoechirsoymtykttx/Build/Intermediates.noindex/netfox.build/Debug-iphonesimulator/netfox.build/Objects-normal/arm64/netfox.swiftmodule (in target 'netfox' from project 'netfox')
    cd /Users/darisadam/Documents/Projects/iOS\ Apps/madabank-ios/Madabank/Tuist/.build/tuist-derived/netfox
    builtin-copy -exclude .DS_Store -exclude CVS -exclude .svn -exclude .git -exclude .hg -resolve-src-symlinks -rename /Users/darisadam/Library/Developer/Xcode/DerivedData/Madabank-hkohthnbjtgnoechirsoymtykttx/Build/Intermediates.noindex/netfox.build/Debug-iphonesimulator/netfox.build/Objects-normal/arm64/netfox.swiftmodule /Users/darisadam/Library/Developer/Xcode/DerivedData/Madabank-hkohthnbjtgnoechirsoymtykttx/Build/Products/Debug-iphonesimulator/netfox.framework/Modules/netfox.swiftmodule/arm64-apple-ios-simulator.swiftmodule

Copy /Users/darisadam/Library/Developer/Xcode/DerivedData/Madabank-hkohthnbjtgnoechirsoymtykttx/Build/Products/Debug-iphonesimulator/netfox.framework/Modules/netfox.swiftmodule/arm64-apple-ios-simulator.swiftdoc /Users/darisadam/Library/Developer/Xcode/DerivedData/Madabank-hkohthnbjtgnoechirsoymtykttx/Build/Intermediates.noindex/netfox.build/Debug-iphonesimulator/netfox.build/Objects-normal/arm64/netfox.swiftdoc (in target 'netfox' from project 'netfox')
    cd /Users/darisadam/Documents/Projects/iOS\ Apps/madabank-ios/Madabank/Tuist/.build/tuist-derived/netfox
    builtin-copy -exclude .DS_Store -exclude CVS -exclude .svn -exclude .git -exclude .hg -resolve-src-symlinks -rename /Users/darisadam/Library/Developer/Xcode/DerivedData/Madabank-hkohthnbjtgnoechirsoymtykttx/Build/Intermediates.noindex/netfox.build/Debug-iphonesimulator/netfox.build/Objects-normal/arm64/netfox.swiftdoc /Users/darisadam/Library/Developer/Xcode/DerivedData/Madabank-hkohthnbjtgnoechirsoymtykttx/Build/Products/Debug-iphonesimulator/netfox.framework/Modules/netfox.swiftmodule/arm64-apple-ios-simulator.swiftdoc

Copy /Users/darisadam/Library/Developer/Xcode/DerivedData/Madabank-hkohthnbjtgnoechirsoymtykttx/Build/Products/Debug-iphonesimulator/netfox.framework/Modules/netfox.swiftmodule/arm64-apple-ios-simulator.abi.json /Users/darisadam/Library/Developer/Xcode/DerivedData/Madabank-hkohthnbjtgnoechirsoymtykttx/Build/Intermediates.noindex/netfox.build/Debug-iphonesimulator/netfox.build/Objects-normal/arm64/netfox.abi.json (in target 'netfox' from project 'netfox')
    cd /Users/darisadam/Documents/Projects/iOS\ Apps/madabank-ios/Madabank/Tuist/.build/tuist-derived/netfox
    builtin-copy -exclude .DS_Store -exclude CVS -exclude .svn -exclude .git -exclude .hg -resolve-src-symlinks -rename /Users/darisadam/Library/Developer/Xcode/DerivedData/Madabank-hkohthnbjtgnoechirsoymtykttx/Build/Intermediates.noindex/netfox.build/Debug-iphonesimulator/netfox.build/Objects-normal/arm64/netfox.abi.json /Users/darisadam/Library/Developer/Xcode/DerivedData/Madabank-hkohthnbjtgnoechirsoymtykttx/Build/Products/Debug-iphonesimulator/netfox.framework/Modules/netfox.swiftmodule/arm64-apple-ios-simulator.abi.json

Copy /Users/darisadam/Library/Developer/Xcode/DerivedData/Madabank-hkohthnbjtgnoechirsoymtykttx/Build/Products/Debug-iphonesimulator/netfox.framework/Modules/netfox.swiftmodule/Project/arm64-apple-ios-simulator.swiftsourceinfo /Users/darisadam/Library/Developer/Xcode/DerivedData/Madabank-hkohthnbjtgnoechirsoymtykttx/Build/Intermediates.noindex/netfox.build/Debug-iphonesimulator/netfox.build/Objects-normal/arm64/netfox.swiftsourceinfo (in target 'netfox' from project 'netfox')
    cd /Users/darisadam/Documents/Projects/iOS\ Apps/madabank-ios/Madabank/Tuist/.build/tuist-derived/netfox
    builtin-copy -exclude .DS_Store -exclude CVS -exclude .svn -exclude .git -exclude .hg -resolve-src-symlinks -rename /Users/darisadam/Library/Developer/Xcode/DerivedData/Madabank-hkohthnbjtgnoechirsoymtykttx/Build/Intermediates.noindex/netfox.build/Debug-iphonesimulator/netfox.build/Objects-normal/arm64/netfox.swiftsourceinfo /Users/darisadam/Library/Developer/Xcode/DerivedData/Madabank-hkohthnbjtgnoechirsoymtykttx/Build/Products/Debug-iphonesimulator/netfox.framework/Modules/netfox.swiftmodule/Project/arm64-apple-ios-simulator.swiftsourceinfo

SwiftCompile normal arm64 Compiling\ NFXSettingsController.swift,\ NFXStatisticsController.swift,\ NFXWindowController.swift /Users/darisadam/Documents/Projects/iOS\ Apps/madabank-ios/Madabank/Tuist/.build/checkouts/netfox/netfox/Core/NFXSettingsController.swift /Users/darisadam/Documents/Projects/iOS\ Apps/madabank-ios/Madabank/Tuist/.build/checkouts/netfox/netfox/Core/NFXStatisticsController.swift /Users/darisadam/Documents/Projects/iOS\ Apps/madabank-ios/Madabank/Tuist/.build/checkouts/netfox/netfox/Core/NFXWindowController.swift (in target 'netfox' from project 'netfox')

SwiftCompile normal arm64 /Users/darisadam/Documents/Projects/iOS\ Apps/madabank-ios/Madabank/Tuist/.build/checkouts/netfox/netfox/Core/NFXSettingsController.swift (in target 'netfox' from project 'netfox')
    cd /Users/darisadam/Documents/Projects/iOS\ Apps/madabank-ios/Madabank/Tuist/.build/tuist-derived/netfox
    

SwiftCompile normal arm64 /Users/darisadam/Documents/Projects/iOS\ Apps/madabank-ios/Madabank/Tuist/.build/checkouts/netfox/netfox/Core/NFXStatisticsController.swift (in target 'netfox' from project 'netfox')
    cd /Users/darisadam/Documents/Projects/iOS\ Apps/madabank-ios/Madabank/Tuist/.build/tuist-derived/netfox
    

SwiftCompile normal arm64 /Users/darisadam/Documents/Projects/iOS\ Apps/madabank-ios/Madabank/Tuist/.build/checkouts/netfox/netfox/Core/NFXWindowController.swift (in target 'netfox' from project 'netfox')
    cd /Users/darisadam/Documents/Projects/iOS\ Apps/madabank-ios/Madabank/Tuist/.build/tuist-derived/netfox
    

SwiftCompile normal arm64 Compiling\ NFXSettingsController_iOS.swift,\ NFXStatisticsController_iOS.swift,\ NFXURLDetailsControllerViewController.swift /Users/darisadam/Documents/Projects/iOS\ Apps/madabank-ios/Madabank/Tuist/.build/checkouts/netfox/netfox/iOS/NFXSettingsController_iOS.swift /Users/darisadam/Documents/Projects/iOS\ Apps/madabank-ios/Madabank/Tuist/.build/checkouts/netfox/netfox/iOS/NFXStatisticsController_iOS.swift /Users/darisadam/Documents/Projects/iOS\ Apps/madabank-ios/Madabank/Tuist/.build/checkouts/netfox/netfox/iOS/NFXURLDetailsControllerViewController.swift (in target 'netfox' from project 'netfox')

SwiftCompile normal arm64 /Users/darisadam/Documents/Projects/iOS\ Apps/madabank-ios/Madabank/Tuist/.build/checkouts/netfox/netfox/iOS/NFXSettingsController_iOS.swift (in target 'netfox' from project 'netfox')
    cd /Users/darisadam/Documents/Projects/iOS\ Apps/madabank-ios/Madabank/Tuist/.build/tuist-derived/netfox
    

SwiftCompile normal arm64 /Users/darisadam/Documents/Projects/iOS\ Apps/madabank-ios/Madabank/Tuist/.build/checkouts/netfox/netfox/iOS/NFXStatisticsController_iOS.swift (in target 'netfox' from project 'netfox')
    cd /Users/darisadam/Documents/Projects/iOS\ Apps/madabank-ios/Madabank/Tuist/.build/tuist-derived/netfox
    

SwiftCompile normal arm64 /Users/darisadam/Documents/Projects/iOS\ Apps/madabank-ios/Madabank/Tuist/.build/checkouts/netfox/netfox/iOS/NFXURLDetailsControllerViewController.swift (in target 'netfox' from project 'netfox')
    cd /Users/darisadam/Documents/Projects/iOS\ Apps/madabank-ios/Madabank/Tuist/.build/tuist-derived/netfox
    

SwiftDriverJobDiscovery normal arm64 Emitting module for Alamofire (in target 'Alamofire' from project 'Alamofire')

SwiftDriver\ Compilation\ Requirements Alamofire normal arm64 com.apple.xcode.tools.swift.compiler (in target 'Alamofire' from project 'Alamofire')
    cd /Users/darisadam/Documents/Projects/iOS\ Apps/madabank-ios/Madabank/Tuist/.build/tuist-derived/Alamofire
    builtin-Swift-Compilation-Requirements -- /Applications/Xcode.app/Contents/Developer/Toolchains/XcodeDefault.xctoolchain/usr/bin/swiftc -module-name Alamofire -Onone -enforce-exclusivity\=checked @/Users/darisadam/Library/Developer/Xcode/DerivedData/Madabank-hkohthnbjtgnoechirsoymtykttx/Build/Intermediates.noindex/Alamofire.build/Debug-iphonesimulator/Alamofire.build/Objects-normal/arm64/Alamofire.SwiftFileList -DSWIFT_PACKAGE -DDEBUG -package-name Alamofire -enable-upcoming-feature ExistentialAny -enable-bare-slash-regex -enable-experimental-feature DebugDescriptionMacro -sdk /Applications/Xcode.app/Contents/Developer/Platforms/iPhoneSimulator.platform/Developer/SDKs/iPhoneSimulator26.1.sdk -target arm64-apple-ios12.0-simulator -g -module-cache-path /Users/darisadam/Library/Developer/Xcode/DerivedData/ModuleCache.noindex -Xfrontend -serialize-debugging-options -enable-testing -suppress-warnings -index-store-path /Users/darisadam/Library/Developer/Xcode/DerivedData/Madabank-hkohthnbjtgnoechirsoymtykttx/Index.noindex/DataStore -Xcc -D_LIBCPP_HARDENING_MODE\=_LIBCPP_HARDENING_MODE_DEBUG -swift-version 5 -I /Users/darisadam/Library/Developer/Xcode/DerivedData/Madabank-hkohthnbjtgnoechirsoymtykttx/Build/Products/Debug-iphonesimulator -F /Users/darisadam/Library/Developer/Xcode/DerivedData/Madabank-hkohthnbjtgnoechirsoymtykttx/Build/Products/Debug-iphonesimulator -F /Applications/Xcode.app/Contents/Developer/Platforms/iPhoneSimulator.platform/Developer/Library/Frameworks -c -j8 -enable-batch-mode -incremental -Xcc -ivfsstatcache -Xcc /Users/darisadam/Library/Developer/Xcode/DerivedData/SDKStatCaches.noindex/iphonesimulator26.1-23B77-3885c01c3e6b6a337905948deab2002e90cf18a4295e390e64c810bc6bd7acbc.sdkstatcache -output-file-map /Users/darisadam/Library/Developer/Xcode/DerivedData/Madabank-hkohthnbjtgnoechirsoymtykttx/Build/Intermediates.noindex/Alamofire.build/Debug-iphonesimulator/Alamofire.build/Objects-normal/arm64/Alamofire-OutputFileMap.json -use-frontend-parseable-output -save-temps -no-color-diagnostics -explicit-module-build -module-cache-path /Users/darisadam/Library/Developer/Xcode/DerivedData/Madabank-hkohthnbjtgnoechirsoymtykttx/Build/Intermediates.noindex/SwiftExplicitPrecompiledModules -clang-scanner-module-cache-path /Users/darisadam/Library/Developer/Xcode/DerivedData/ModuleCache.noindex -sdk-module-cache-path /Users/darisadam/Library/Developer/Xcode/DerivedData/ModuleCache.noindex -serialize-diagnostics -emit-dependencies -emit-module -emit-module-path /Users/darisadam/Library/Developer/Xcode/DerivedData/Madabank-hkohthnbjtgnoechirsoymtykttx/Build/Intermediates.noindex/Alamofire.build/Debug-iphonesimulator/Alamofire.build/Objects-normal/arm64/Alamofire.swiftmodule -validate-clang-modules-once -clang-build-session-file /Users/darisadam/Library/Developer/Xcode/DerivedData/ModuleCache.noindex/Session.modulevalidation -Xcc -I/Users/darisadam/Library/Developer/Xcode/DerivedData/Madabank-hkohthnbjtgnoechirsoymtykttx/Build/Intermediates.noindex/Alamofire.build/Debug-iphonesimulator/Alamofire.build/swift-overrides.hmap -emit-const-values -Xfrontend -const-gather-protocols-file -Xfrontend /Users/darisadam/Library/Developer/Xcode/DerivedData/Madabank-hkohthnbjtgnoechirsoymtykttx/Build/Intermediates.noindex/Alamofire.build/Debug-iphonesimulator/Alamofire.build/Objects-normal/arm64/Alamofire_const_extract_protocols.json -Xcc -I/Users/darisadam/Library/Developer/Xcode/DerivedData/Madabank-hkohthnbjtgnoechirsoymtykttx/Build/Products/Debug-iphonesimulator/include -Xcc -I/Users/darisadam/Library/Developer/Xcode/DerivedData/Madabank-hkohthnbjtgnoechirsoymtykttx/Build/Intermediates.noindex/Alamofire.build/Debug-iphonesimulator/Alamofire.build/DerivedSources-normal/arm64 -Xcc -I/Users/darisadam/Library/Developer/Xcode/DerivedData/Madabank-hkohthnbjtgnoechirsoymtykttx/Build/Intermediates.noindex/Alamofire.build/Debug-iphonesimulator/Alamofire.build/DerivedSources/arm64 -Xcc -I/Users/darisadam/Library/Developer/Xcode/DerivedData/Madabank-hkohthnbjtgnoechirsoymtykttx/Build/Intermediates.noindex/Alamofire.build/Debug-iphonesimulator/Alamofire.build/DerivedSources -Xcc -DDEBUG\=1 -Xcc -DSWIFT_PACKAGE\=1 -emit-objc-header -emit-objc-header-path /Users/darisadam/Library/Developer/Xcode/DerivedData/Madabank-hkohthnbjtgnoechirsoymtykttx/Build/Intermediates.noindex/Alamofire.build/Debug-iphonesimulator/Alamofire.build/Objects-normal/arm64/Alamofire-Swift.h -working-directory /Users/darisadam/Documents/Projects/iOS\ Apps/madabank-ios/Madabank/Tuist/.build/tuist-derived/Alamofire -experimental-emit-module-separately -disable-cmo

SwiftDriverJobDiscovery normal arm64 Compiling IQKeyboardManager+UIKeyboardNotification.swift, IQKeyboardManager+UITextFieldViewNotification.swift, IQKeyboardManager.swift (in target 'IQKeyboardManagerSwift' from project 'IQKeyboardManagerSwift')

SwiftCompile normal arm64 Compiling\ NFXInfoController.swift,\ NFXListController.swift,\ NFXProtocol.swift /Users/darisadam/Documents/Projects/iOS\ Apps/madabank-ios/Madabank/Tuist/.build/checkouts/netfox/netfox/Core/NFXInfoController.swift /Users/darisadam/Documents/Projects/iOS\ Apps/madabank-ios/Madabank/Tuist/.build/checkouts/netfox/netfox/Core/NFXListController.swift /Users/darisadam/Documents/Projects/iOS\ Apps/madabank-ios/Madabank/Tuist/.build/checkouts/netfox/netfox/Core/NFXProtocol.swift (in target 'netfox' from project 'netfox')

SwiftCompile normal arm64 /Users/darisadam/Documents/Projects/iOS\ Apps/madabank-ios/Madabank/Tuist/.build/checkouts/netfox/netfox/Core/NFXInfoController.swift (in target 'netfox' from project 'netfox')
    cd /Users/darisadam/Documents/Projects/iOS\ Apps/madabank-ios/Madabank/Tuist/.build/tuist-derived/netfox
    

SwiftCompile normal arm64 /Users/darisadam/Documents/Projects/iOS\ Apps/madabank-ios/Madabank/Tuist/.build/checkouts/netfox/netfox/Core/NFXListController.swift (in target 'netfox' from project 'netfox')
    cd /Users/darisadam/Documents/Projects/iOS\ Apps/madabank-ios/Madabank/Tuist/.build/tuist-derived/netfox
    

SwiftCompile normal arm64 /Users/darisadam/Documents/Projects/iOS\ Apps/madabank-ios/Madabank/Tuist/.build/checkouts/netfox/netfox/Core/NFXProtocol.swift (in target 'netfox' from project 'netfox')
    cd /Users/darisadam/Documents/Projects/iOS\ Apps/madabank-ios/Madabank/Tuist/.build/tuist-derived/netfox
    

Copy /Users/darisadam/Library/Developer/Xcode/DerivedData/Madabank-hkohthnbjtgnoechirsoymtykttx/Build/Products/Debug-iphonesimulator/Alamofire.framework/Modules/Alamofire.swiftmodule/Project/arm64-apple-ios-simulator.swiftsourceinfo /Users/darisadam/Library/Developer/Xcode/DerivedData/Madabank-hkohthnbjtgnoechirsoymtykttx/Build/Intermediates.noindex/Alamofire.build/Debug-iphonesimulator/Alamofire.build/Objects-normal/arm64/Alamofire.swiftsourceinfo (in target 'Alamofire' from project 'Alamofire')
    cd /Users/darisadam/Documents/Projects/iOS\ Apps/madabank-ios/Madabank/Tuist/.build/tuist-derived/Alamofire
    builtin-copy -exclude .DS_Store -exclude CVS -exclude .svn -exclude .git -exclude .hg -resolve-src-symlinks -rename /Users/darisadam/Library/Developer/Xcode/DerivedData/Madabank-hkohthnbjtgnoechirsoymtykttx/Build/Intermediates.noindex/Alamofire.build/Debug-iphonesimulator/Alamofire.build/Objects-normal/arm64/Alamofire.swiftsourceinfo /Users/darisadam/Library/Developer/Xcode/DerivedData/Madabank-hkohthnbjtgnoechirsoymtykttx/Build/Products/Debug-iphonesimulator/Alamofire.framework/Modules/Alamofire.swiftmodule/Project/arm64-apple-ios-simulator.swiftsourceinfo

SwiftDriverJobDiscovery normal arm64 Compiling NFXDetailsController.swift, NFXGenericBodyDetailsController.swift, NFXGenericController.swift, NFXHTTPModel.swift (in target 'netfox' from project 'netfox')

SwiftCompile normal arm64 Compiling\ TuistBundle+SnapKit.swift /Users/darisadam/Documents/Projects/iOS\ Apps/madabank-ios/Madabank/Tuist/.build/tuist-derived/SnapKit/Sources/TuistBundle+SnapKit.swift (in target 'SnapKit' from project 'SnapKit')

SwiftCompile normal arm64 /Users/darisadam/Documents/Projects/iOS\ Apps/madabank-ios/Madabank/Tuist/.build/tuist-derived/SnapKit/Sources/TuistBundle+SnapKit.swift (in target 'SnapKit' from project 'SnapKit')
    cd /Users/darisadam/Documents/Projects/iOS\ Apps/madabank-ios/Madabank/Tuist/.build/tuist-derived/SnapKit
    

Copy /Users/darisadam/Library/Developer/Xcode/DerivedData/Madabank-hkohthnbjtgnoechirsoymtykttx/Build/Products/Debug-iphonesimulator/Alamofire.framework/Modules/Alamofire.swiftmodule/arm64-apple-ios-simulator.abi.json /Users/darisadam/Library/Developer/Xcode/DerivedData/Madabank-hkohthnbjtgnoechirsoymtykttx/Build/Intermediates.noindex/Alamofire.build/Debug-iphonesimulator/Alamofire.build/Objects-normal/arm64/Alamofire.abi.json (in target 'Alamofire' from project 'Alamofire')
    cd /Users/darisadam/Documents/Projects/iOS\ Apps/madabank-ios/Madabank/Tuist/.build/tuist-derived/Alamofire
    builtin-copy -exclude .DS_Store -exclude CVS -exclude .svn -exclude .git -exclude .hg -resolve-src-symlinks -rename /Users/darisadam/Library/Developer/Xcode/DerivedData/Madabank-hkohthnbjtgnoechirsoymtykttx/Build/Intermediates.noindex/Alamofire.build/Debug-iphonesimulator/Alamofire.build/Objects-normal/arm64/Alamofire.abi.json /Users/darisadam/Library/Developer/Xcode/DerivedData/Madabank-hkohthnbjtgnoechirsoymtykttx/Build/Products/Debug-iphonesimulator/Alamofire.framework/Modules/Alamofire.swiftmodule/arm64-apple-ios-simulator.abi.json

SwiftDriverJobDiscovery normal arm64 Compiling NFXSettingsController.swift, NFXStatisticsController.swift, NFXWindowController.swift (in target 'netfox' from project 'netfox')

SwiftCompile normal arm64 Compiling\ TuistBundle+RxSwift.swift /Users/darisadam/Documents/Projects/iOS\ Apps/madabank-ios/Madabank/Tuist/.build/tuist-derived/RxSwift/Sources/TuistBundle+RxSwift.swift (in target 'RxSwift' from project 'RxSwift')

SwiftCompile normal arm64 /Users/darisadam/Documents/Projects/iOS\ Apps/madabank-ios/Madabank/Tuist/.build/tuist-derived/RxSwift/Sources/TuistBundle+RxSwift.swift (in target 'RxSwift' from project 'RxSwift')
    cd /Users/darisadam/Documents/Projects/iOS\ Apps/madabank-ios/Madabank/Tuist/.build/tuist-derived/RxSwift
    

SwiftCompile normal arm64 Compiling\ IQUIView+Hierarchy.swift,\ IQUIViewController+Additions.swift,\ IQKeyboardManagerConstants.swift /Users/darisadam/Documents/Projects/iOS\ Apps/madabank-ios/Madabank/Tuist/.build/checkouts/IQKeyboardManager/IQKeyboardManagerSwift/Categories/IQUIView+Hierarchy.swift /Users/darisadam/Documents/Projects/iOS\ Apps/madabank-ios/Madabank/Tuist/.build/checkouts/IQKeyboardManager/IQKeyboardManagerSwift/Categories/IQUIViewController+Additions.swift /Users/darisadam/Documents/Projects/iOS\ Apps/madabank-ios/Madabank/Tuist/.build/checkouts/IQKeyboardManager/IQKeyboardManagerSwift/Constants/IQKeyboardManagerConstants.swift (in target 'IQKeyboardManagerSwift' from project 'IQKeyboardManagerSwift')

SwiftCompile normal arm64 /Users/darisadam/Documents/Projects/iOS\ Apps/madabank-ios/Madabank/Tuist/.build/checkouts/IQKeyboardManager/IQKeyboardManagerSwift/Categories/IQUIView+Hierarchy.swift (in target 'IQKeyboardManagerSwift' from project 'IQKeyboardManagerSwift')
    cd /Users/darisadam/Documents/Projects/iOS\ Apps/madabank-ios/Madabank/Tuist/.build/tuist-derived/IQKeyboardManagerSwift
    

SwiftCompile normal arm64 /Users/darisadam/Documents/Projects/iOS\ Apps/madabank-ios/Madabank/Tuist/.build/checkouts/IQKeyboardManager/IQKeyboardManagerSwift/Categories/IQUIViewController+Additions.swift (in target 'IQKeyboardManagerSwift' from project 'IQKeyboardManagerSwift')
    cd /Users/darisadam/Documents/Projects/iOS\ Apps/madabank-ios/Madabank/Tuist/.build/tuist-derived/IQKeyboardManagerSwift
    

SwiftCompile normal arm64 /Users/darisadam/Documents/Projects/iOS\ Apps/madabank-ios/Madabank/Tuist/.build/checkouts/IQKeyboardManager/IQKeyboardManagerSwift/Constants/IQKeyboardManagerConstants.swift (in target 'IQKeyboardManagerSwift' from project 'IQKeyboardManagerSwift')
    cd /Users/darisadam/Documents/Projects/iOS\ Apps/madabank-ios/Madabank/Tuist/.build/tuist-derived/IQKeyboardManagerSwift
    

SwiftDriverJobDiscovery normal arm64 Compiling NFXListCell_iOS.swift, NFXListController_iOS.swift, NFXRawBodyDetailsController.swift (in target 'netfox' from project 'netfox')

SwiftCompile normal arm64 Compiling\ IQTitleBarButtonItem.swift,\ IQToolbar.swift,\ IQUIView+IQKeyboardToolbar.swift /Users/darisadam/Documents/Projects/iOS\ Apps/madabank-ios/Madabank/Tuist/.build/checkouts/IQKeyboardManager/IQKeyboardManagerSwift/IQToolbar/IQTitleBarButtonItem.swift /Users/darisadam/Documents/Projects/iOS\ Apps/madabank-ios/Madabank/Tuist/.build/checkouts/IQKeyboardManager/IQKeyboardManagerSwift/IQToolbar/IQToolbar.swift /Users/darisadam/Documents/Projects/iOS\ Apps/madabank-ios/Madabank/Tuist/.build/checkouts/IQKeyboardManager/IQKeyboardManagerSwift/IQToolbar/IQUIView+IQKeyboardToolbar.swift (in target 'IQKeyboardManagerSwift' from project 'IQKeyboardManagerSwift')
SwiftCompile normal arm64 /Users/darisadam/Documents/Projects/iOS\ Apps/madabank-ios/Madabank/Tuist/.build/checkouts/IQKeyboardManager/IQKeyboardManagerSwift/IQToolbar/IQTitleBarButtonItem.swift (in target 'IQKeyboardManagerSwift' from project 'IQKeyboardManagerSwift')
    cd /Users/darisadam/Documents/Projects/iOS\ Apps/madabank-ios/Madabank/Tuist/.build/tuist-derived/IQKeyboardManagerSwift
    

SwiftCompile normal arm64 /Users/darisadam/Documents/Projects/iOS\ Apps/madabank-ios/Madabank/Tuist/.build/checkouts/IQKeyboardManager/IQKeyboardManagerSwift/IQToolbar/IQToolbar.swift (in target 'IQKeyboardManagerSwift' from project 'IQKeyboardManagerSwift')
    cd /Users/darisadam/Documents/Projects/iOS\ Apps/madabank-ios/Madabank/Tuist/.build/tuist-derived/IQKeyboardManagerSwift
    

SwiftCompile normal arm64 /Users/darisadam/Documents/Projects/iOS\ Apps/madabank-ios/Madabank/Tuist/.build/checkouts/IQKeyboardManager/IQKeyboardManagerSwift/IQToolbar/IQUIView+IQKeyboardToolbar.swift (in target 'IQKeyboardManagerSwift' from project 'IQKeyboardManagerSwift')
    cd /Users/darisadam/Documents/Projects/iOS\ Apps/madabank-ios/Madabank/Tuist/.build/tuist-derived/IQKeyboardManagerSwift
    

SwiftDriverJobDiscovery normal arm64 Compiling NFXHTTPModelManager.swift, NFXHelper.swift, NFXImageBodyDetailsController.swift (in target 'netfox' from project 'netfox')

SwiftCompile normal arm64 Compiling\ IQBarButtonItem.swift,\ IQInvocation.swift,\ IQPreviousNextView.swift /Users/darisadam/Documents/Projects/iOS\ Apps/madabank-ios/Madabank/Tuist/.build/checkouts/IQKeyboardManager/IQKeyboardManagerSwift/IQToolbar/IQBarButtonItem.swift /Users/darisadam/Documents/Projects/iOS\ Apps/madabank-ios/Madabank/Tuist/.build/checkouts/IQKeyboardManager/IQKeyboardManagerSwift/IQToolbar/IQInvocation.swift /Users/darisadam/Documents/Projects/iOS\ Apps/madabank-ios/Madabank/Tuist/.build/checkouts/IQKeyboardManager/IQKeyboardManagerSwift/IQToolbar/IQPreviousNextView.swift (in target 'IQKeyboardManagerSwift' from project 'IQKeyboardManagerSwift')

SwiftCompile normal arm64 /Users/darisadam/Documents/Projects/iOS\ Apps/madabank-ios/Madabank/Tuist/.build/checkouts/IQKeyboardManager/IQKeyboardManagerSwift/IQToolbar/IQBarButtonItem.swift (in target 'IQKeyboardManagerSwift' from project 'IQKeyboardManagerSwift')
    cd /Users/darisadam/Documents/Projects/iOS\ Apps/madabank-ios/Madabank/Tuist/.build/tuist-derived/IQKeyboardManagerSwift
    

SwiftCompile normal arm64 /Users/darisadam/Documents/Projects/iOS\ Apps/madabank-ios/Madabank/Tuist/.build/checkouts/IQKeyboardManager/IQKeyboardManagerSwift/IQToolbar/IQInvocation.swift (in target 'IQKeyboardManagerSwift' from project 'IQKeyboardManagerSwift')
    cd /Users/darisadam/Documents/Projects/iOS\ Apps/madabank-ios/Madabank/Tuist/.build/tuist-derived/IQKeyboardManagerSwift
    

SwiftCompile normal arm64 /Users/darisadam/Documents/Projects/iOS\ Apps/madabank-ios/Madabank/Tuist/.build/checkouts/IQKeyboardManager/IQKeyboardManagerSwift/IQToolbar/IQPreviousNextView.swift (in target 'IQKeyboardManagerSwift' from project 'IQKeyboardManagerSwift')
    cd /Users/darisadam/Documents/Projects/iOS\ Apps/madabank-ios/Madabank/Tuist/.build/tuist-derived/IQKeyboardManagerSwift
    

SwiftDriverJobDiscovery normal arm64 Emitting module for RxSwift (in target 'RxSwift' from project 'RxSwift')

SwiftDriver\ Compilation\ Requirements RxSwift normal arm64 com.apple.xcode.tools.swift.compiler (in target 'RxSwift' from project 'RxSwift')
    cd /Users/darisadam/Documents/Projects/iOS\ Apps/madabank-ios/Madabank/Tuist/.build/tuist-derived/RxSwift
    builtin-Swift-Compilation-Requirements -- /Applications/Xcode.app/Contents/Developer/Toolchains/XcodeDefault.xctoolchain/usr/bin/swiftc -module-name RxSwift -Onone -enforce-exclusivity\=checked @/Users/darisadam/Library/Developer/Xcode/DerivedData/Madabank-hkohthnbjtgnoechirsoymtykttx/Build/Intermediates.noindex/RxSwift.build/Debug-iphonesimulator/RxSwift.build/Objects-normal/arm64/RxSwift.SwiftFileList -DSWIFT_PACKAGE -DDEBUG -package-name RxSwift -enable-bare-slash-regex -enable-experimental-feature DebugDescriptionMacro -sdk /Applications/Xcode.app/Contents/Developer/Platforms/iPhoneSimulator.platform/Developer/SDKs/iPhoneSimulator26.1.sdk -target arm64-apple-ios12.0-simulator -g -module-cache-path /Users/darisadam/Library/Developer/Xcode/DerivedData/ModuleCache.noindex -Xfrontend -serialize-debugging-options -enable-testing -suppress-warnings -index-store-path /Users/darisadam/Library/Developer/Xcode/DerivedData/Madabank-hkohthnbjtgnoechirsoymtykttx/Index.noindex/DataStore -Xcc -D_LIBCPP_HARDENING_MODE\=_LIBCPP_HARDENING_MODE_DEBUG -swift-version 5 -I /Users/darisadam/Library/Developer/Xcode/DerivedData/Madabank-hkohthnbjtgnoechirsoymtykttx/Build/Products/Debug-iphonesimulator -F /Users/darisadam/Library/Developer/Xcode/DerivedData/Madabank-hkohthnbjtgnoechirsoymtykttx/Build/Products/Debug-iphonesimulator -F /Applications/Xcode.app/Contents/Developer/Platforms/iPhoneSimulator.platform/Developer/Library/Frameworks -c -j8 -enable-batch-mode -incremental -Xcc -ivfsstatcache -Xcc /Users/darisadam/Library/Developer/Xcode/DerivedData/SDKStatCaches.noindex/iphonesimulator26.1-23B77-3885c01c3e6b6a337905948deab2002e90cf18a4295e390e64c810bc6bd7acbc.sdkstatcache -output-file-map /Users/darisadam/Library/Developer/Xcode/DerivedData/Madabank-hkohthnbjtgnoechirsoymtykttx/Build/Intermediates.noindex/RxSwift.build/Debug-iphonesimulator/RxSwift.build/Objects-normal/arm64/RxSwift-OutputFileMap.json -use-frontend-parseable-output -save-temps -no-color-diagnostics -explicit-module-build -module-cache-path /Users/darisadam/Library/Developer/Xcode/DerivedData/Madabank-hkohthnbjtgnoechirsoymtykttx/Build/Intermediates.noindex/SwiftExplicitPrecompiledModules -clang-scanner-module-cache-path /Users/darisadam/Library/Developer/Xcode/DerivedData/ModuleCache.noindex -sdk-module-cache-path /Users/darisadam/Library/Developer/Xcode/DerivedData/ModuleCache.noindex -serialize-diagnostics -emit-dependencies -emit-module -emit-module-path /Users/darisadam/Library/Developer/Xcode/DerivedData/Madabank-hkohthnbjtgnoechirsoymtykttx/Build/Intermediates.noindex/RxSwift.build/Debug-iphonesimulator/RxSwift.build/Objects-normal/arm64/RxSwift.swiftmodule -validate-clang-modules-once -clang-build-session-file /Users/darisadam/Library/Developer/Xcode/DerivedData/ModuleCache.noindex/Session.modulevalidation -Xcc -I/Users/darisadam/Library/Developer/Xcode/DerivedData/Madabank-hkohthnbjtgnoechirsoymtykttx/Build/Intermediates.noindex/RxSwift.build/Debug-iphonesimulator/RxSwift.build/swift-overrides.hmap -emit-const-values -Xfrontend -const-gather-protocols-file -Xfrontend /Users/darisadam/Library/Developer/Xcode/DerivedData/Madabank-hkohthnbjtgnoechirsoymtykttx/Build/Intermediates.noindex/RxSwift.build/Debug-iphonesimulator/RxSwift.build/Objects-normal/arm64/RxSwift_const_extract_protocols.json -Xcc -I/Users/darisadam/Library/Developer/Xcode/DerivedData/Madabank-hkohthnbjtgnoechirsoymtykttx/Build/Products/Debug-iphonesimulator/include -Xcc -I/Users/darisadam/Library/Developer/Xcode/DerivedData/Madabank-hkohthnbjtgnoechirsoymtykttx/Build/Intermediates.noindex/RxSwift.build/Debug-iphonesimulator/RxSwift.build/DerivedSources-normal/arm64 -Xcc -I/Users/darisadam/Library/Developer/Xcode/DerivedData/Madabank-hkohthnbjtgnoechirsoymtykttx/Build/Intermediates.noindex/RxSwift.build/Debug-iphonesimulator/RxSwift.build/DerivedSources/arm64 -Xcc -I/Users/darisadam/Library/Developer/Xcode/DerivedData/Madabank-hkohthnbjtgnoechirsoymtykttx/Build/Intermediates.noindex/RxSwift.build/Debug-iphonesimulator/RxSwift.build/DerivedSources -Xcc -DDEBUG\=1 -Xcc -DSWIFT_PACKAGE\=1 -emit-objc-header -emit-objc-header-path /Users/darisadam/Library/Developer/Xcode/DerivedData/Madabank-hkohthnbjtgnoechirsoymtykttx/Build/Intermediates.noindex/RxSwift.build/Debug-iphonesimulator/RxSwift.build/Objects-normal/arm64/RxSwift-Swift.h -working-directory /Users/darisadam/Documents/Projects/iOS\ Apps/madabank-ios/Madabank/Tuist/.build/tuist-derived/RxSwift -experimental-emit-module-separately -disable-cmo

SwiftDriverJobDiscovery normal arm64 Compiling TuistBundle+SnapKit.swift (in target 'SnapKit' from project 'SnapKit')

SwiftCompile normal arm64 Compiling\ IQKeyboardManager+OrientationNotification.swift,\ IQKeyboardManager+Position.swift,\ IQKeyboardManager+Toolbar.swift /Users/darisadam/Documents/Projects/iOS\ Apps/madabank-ios/Madabank/Tuist/.build/checkouts/IQKeyboardManager/IQKeyboardManagerSwift/IQKeyboardManager+OrientationNotification.swift /Users/darisadam/Documents/Projects/iOS\ Apps/madabank-ios/Madabank/Tuist/.build/checkouts/IQKeyboardManager/IQKeyboardManagerSwift/IQKeyboardManager+Position.swift /Users/darisadam/Documents/Projects/iOS\ Apps/madabank-ios/Madabank/Tuist/.build/checkouts/IQKeyboardManager/IQKeyboardManagerSwift/IQKeyboardManager+Toolbar.swift (in target 'IQKeyboardManagerSwift' from project 'IQKeyboardManagerSwift')
SwiftCompile normal arm64 /Users/darisadam/Documents/Projects/iOS\ Apps/madabank-ios/Madabank/Tuist/.build/checkouts/IQKeyboardManager/IQKeyboardManagerSwift/IQKeyboardManager+OrientationNotification.swift (in target 'IQKeyboardManagerSwift' from project 'IQKeyboardManagerSwift')
    cd /Users/darisadam/Documents/Projects/iOS\ Apps/madabank-ios/Madabank/Tuist/.build/tuist-derived/IQKeyboardManagerSwift
    

SwiftCompile normal arm64 /Users/darisadam/Documents/Projects/iOS\ Apps/madabank-ios/Madabank/Tuist/.build/checkouts/IQKeyboardManager/IQKeyboardManagerSwift/IQKeyboardManager+Position.swift (in target 'IQKeyboardManagerSwift' from project 'IQKeyboardManagerSwift')
    cd /Users/darisadam/Documents/Projects/iOS\ Apps/madabank-ios/Madabank/Tuist/.build/tuist-derived/IQKeyboardManagerSwift
    

SwiftCompile normal arm64 /Users/darisadam/Documents/Projects/iOS\ Apps/madabank-ios/Madabank/Tuist/.build/checkouts/IQKeyboardManager/IQKeyboardManagerSwift/IQKeyboardManager+Toolbar.swift (in target 'IQKeyboardManagerSwift' from project 'IQKeyboardManagerSwift')
    cd /Users/darisadam/Documents/Projects/iOS\ Apps/madabank-ios/Madabank/Tuist/.build/tuist-derived/IQKeyboardManagerSwift
    

Copy /Users/darisadam/Library/Developer/Xcode/DerivedData/Madabank-hkohthnbjtgnoechirsoymtykttx/Build/Products/Debug-iphonesimulator/RxSwift.framework/Modules/RxSwift.swiftmodule/Project/arm64-apple-ios-simulator.swiftsourceinfo /Users/darisadam/Library/Developer/Xcode/DerivedData/Madabank-hkohthnbjtgnoechirsoymtykttx/Build/Intermediates.noindex/RxSwift.build/Debug-iphonesimulator/RxSwift.build/Objects-normal/arm64/RxSwift.swiftsourceinfo (in target 'RxSwift' from project 'RxSwift')
    cd /Users/darisadam/Documents/Projects/iOS\ Apps/madabank-ios/Madabank/Tuist/.build/tuist-derived/RxSwift
    builtin-copy -exclude .DS_Store -exclude CVS -exclude .svn -exclude .git -exclude .hg -resolve-src-symlinks -rename /Users/darisadam/Library/Developer/Xcode/DerivedData/Madabank-hkohthnbjtgnoechirsoymtykttx/Build/Intermediates.noindex/RxSwift.build/Debug-iphonesimulator/RxSwift.build/Objects-normal/arm64/RxSwift.swiftsourceinfo /Users/darisadam/Library/Developer/Xcode/DerivedData/Madabank-hkohthnbjtgnoechirsoymtykttx/Build/Products/Debug-iphonesimulator/RxSwift.framework/Modules/RxSwift.swiftmodule/Project/arm64-apple-ios-simulator.swiftsourceinfo

SwiftDriverJobDiscovery normal arm64 Compiling TuistBundle+RxSwift.swift (in target 'RxSwift' from project 'RxSwift')

SwiftDriver\ Compilation SnapKit normal arm64 com.apple.xcode.tools.swift.compiler (in target 'SnapKit' from project 'SnapKit')
    cd /Users/darisadam/Documents/Projects/iOS\ Apps/madabank-ios/Madabank/Tuist/.build/tuist-derived/SnapKit
    builtin-Swift-Compilation -- /Applications/Xcode.app/Contents/Developer/Toolchains/XcodeDefault.xctoolchain/usr/bin/swiftc -module-name SnapKit -Onone -enforce-exclusivity\=checked @/Users/darisadam/Library/Developer/Xcode/DerivedData/Madabank-hkohthnbjtgnoechirsoymtykttx/Build/Intermediates.noindex/SnapKit.build/Debug-iphonesimulator/SnapKit.build/Objects-normal/arm64/SnapKit.SwiftFileList -DSWIFT_PACKAGE -DDEBUG -enable-bare-slash-regex -enable-experimental-feature DebugDescriptionMacro -sdk /Applications/Xcode.app/Contents/Developer/Platforms/iPhoneSimulator.platform/Developer/SDKs/iPhoneSimulator26.1.sdk -target arm64-apple-ios12.0-simulator -g -module-cache-path /Users/darisadam/Library/Developer/Xcode/DerivedData/ModuleCache.noindex -Xfrontend -serialize-debugging-options -enable-testing -suppress-warnings -index-store-path /Users/darisadam/Library/Developer/Xcode/DerivedData/Madabank-hkohthnbjtgnoechirsoymtykttx/Index.noindex/DataStore -Xcc -D_LIBCPP_HARDENING_MODE\=_LIBCPP_HARDENING_MODE_DEBUG -swift-version 5 -I /Users/darisadam/Library/Developer/Xcode/DerivedData/Madabank-hkohthnbjtgnoechirsoymtykttx/Build/Products/Debug-iphonesimulator -F /Users/darisadam/Library/Developer/Xcode/DerivedData/Madabank-hkohthnbjtgnoechirsoymtykttx/Build/Products/Debug-iphonesimulator -F /Applications/Xcode.app/Contents/Developer/Platforms/iPhoneSimulator.platform/Developer/Library/Frameworks -c -j8 -enable-batch-mode -incremental -Xcc -ivfsstatcache -Xcc /Users/darisadam/Library/Developer/Xcode/DerivedData/SDKStatCaches.noindex/iphonesimulator26.1-23B77-3885c01c3e6b6a337905948deab2002e90cf18a4295e390e64c810bc6bd7acbc.sdkstatcache -output-file-map /Users/darisadam/Library/Developer/Xcode/DerivedData/Madabank-hkohthnbjtgnoechirsoymtykttx/Build/Intermediates.noindex/SnapKit.build/Debug-iphonesimulator/SnapKit.build/Objects-normal/arm64/SnapKit-OutputFileMap.json -use-frontend-parseable-output -save-temps -no-color-diagnostics -explicit-module-build -module-cache-path /Users/darisadam/Library/Developer/Xcode/DerivedData/Madabank-hkohthnbjtgnoechirsoymtykttx/Build/Intermediates.noindex/SwiftExplicitPrecompiledModules -clang-scanner-module-cache-path /Users/darisadam/Library/Developer/Xcode/DerivedData/ModuleCache.noindex -sdk-module-cache-path /Users/darisadam/Library/Developer/Xcode/DerivedData/ModuleCache.noindex -serialize-diagnostics -emit-dependencies -emit-module -emit-module-path /Users/darisadam/Library/Developer/Xcode/DerivedData/Madabank-hkohthnbjtgnoechirsoymtykttx/Build/Intermediates.noindex/SnapKit.build/Debug-iphonesimulator/SnapKit.build/Objects-normal/arm64/SnapKit.swiftmodule -validate-clang-modules-once -clang-build-session-file /Users/darisadam/Library/Developer/Xcode/DerivedData/ModuleCache.noindex/Session.modulevalidation -Xcc -I/Users/darisadam/Library/Developer/Xcode/DerivedData/Madabank-hkohthnbjtgnoechirsoymtykttx/Build/Intermediates.noindex/SnapKit.build/Debug-iphonesimulator/SnapKit.build/swift-overrides.hmap -emit-const-values -Xfrontend -const-gather-protocols-file -Xfrontend /Users/darisadam/Library/Developer/Xcode/DerivedData/Madabank-hkohthnbjtgnoechirsoymtykttx/Build/Intermediates.noindex/SnapKit.build/Debug-iphonesimulator/SnapKit.build/Objects-normal/arm64/SnapKit_const_extract_protocols.json -Xcc -I/Users/darisadam/Library/Developer/Xcode/DerivedData/Madabank-hkohthnbjtgnoechirsoymtykttx/Build/Products/Debug-iphonesimulator/include -Xcc -I/Users/darisadam/Library/Developer/Xcode/DerivedData/Madabank-hkohthnbjtgnoechirsoymtykttx/Build/Intermediates.noindex/SnapKit.build/Debug-iphonesimulator/SnapKit.build/DerivedSources-normal/arm64 -Xcc -I/Users/darisadam/Library/Developer/Xcode/DerivedData/Madabank-hkohthnbjtgnoechirsoymtykttx/Build/Intermediates.noindex/SnapKit.build/Debug-iphonesimulator/SnapKit.build/DerivedSources/arm64 -Xcc -I/Users/darisadam/Library/Developer/Xcode/DerivedData/Madabank-hkohthnbjtgnoechirsoymtykttx/Build/Intermediates.noindex/SnapKit.build/Debug-iphonesimulator/SnapKit.build/DerivedSources -Xcc -DDEBUG\=1 -Xcc -DSWIFT_PACKAGE\=1 -emit-objc-header -emit-objc-header-path /Users/darisadam/Library/Developer/Xcode/DerivedData/Madabank-hkohthnbjtgnoechirsoymtykttx/Build/Intermediates.noindex/SnapKit.build/Debug-iphonesimulator/SnapKit.build/Objects-normal/arm64/SnapKit-Swift.h -working-directory /Users/darisadam/Documents/Projects/iOS\ Apps/madabank-ios/Madabank/Tuist/.build/tuist-derived/SnapKit -experimental-emit-module-separately -disable-cmo

Copy /Users/darisadam/Library/Developer/Xcode/DerivedData/Madabank-hkohthnbjtgnoechirsoymtykttx/Build/Products/Debug-iphonesimulator/RxSwift.framework/Modules/RxSwift.swiftmodule/arm64-apple-ios-simulator.abi.json /Users/darisadam/Library/Developer/Xcode/DerivedData/Madabank-hkohthnbjtgnoechirsoymtykttx/Build/Intermediates.noindex/RxSwift.build/Debug-iphonesimulator/RxSwift.build/Objects-normal/arm64/RxSwift.abi.json (in target 'RxSwift' from project 'RxSwift')
    cd /Users/darisadam/Documents/Projects/iOS\ Apps/madabank-ios/Madabank/Tuist/.build/tuist-derived/RxSwift
    builtin-copy -exclude .DS_Store -exclude CVS -exclude .svn -exclude .git -exclude .hg -resolve-src-symlinks -rename /Users/darisadam/Library/Developer/Xcode/DerivedData/Madabank-hkohthnbjtgnoechirsoymtykttx/Build/Intermediates.noindex/RxSwift.build/Debug-iphonesimulator/RxSwift.build/Objects-normal/arm64/RxSwift.abi.json /Users/darisadam/Library/Developer/Xcode/DerivedData/Madabank-hkohthnbjtgnoechirsoymtykttx/Build/Products/Debug-iphonesimulator/RxSwift.framework/Modules/RxSwift.swiftmodule/arm64-apple-ios-simulator.abi.json

SwiftDriver\ Compilation RxSwift normal arm64 com.apple.xcode.tools.swift.compiler (in target 'RxSwift' from project 'RxSwift')
    cd /Users/darisadam/Documents/Projects/iOS\ Apps/madabank-ios/Madabank/Tuist/.build/tuist-derived/RxSwift
    builtin-Swift-Compilation -- /Applications/Xcode.app/Contents/Developer/Toolchains/XcodeDefault.xctoolchain/usr/bin/swiftc -module-name RxSwift -Onone -enforce-exclusivity\=checked @/Users/darisadam/Library/Developer/Xcode/DerivedData/Madabank-hkohthnbjtgnoechirsoymtykttx/Build/Intermediates.noindex/RxSwift.build/Debug-iphonesimulator/RxSwift.build/Objects-normal/arm64/RxSwift.SwiftFileList -DSWIFT_PACKAGE -DDEBUG -package-name RxSwift -enable-bare-slash-regex -enable-experimental-feature DebugDescriptionMacro -sdk /Applications/Xcode.app/Contents/Developer/Platforms/iPhoneSimulator.platform/Developer/SDKs/iPhoneSimulator26.1.sdk -target arm64-apple-ios12.0-simulator -g -module-cache-path /Users/darisadam/Library/Developer/Xcode/DerivedData/ModuleCache.noindex -Xfrontend -serialize-debugging-options -enable-testing -suppress-warnings -index-store-path /Users/darisadam/Library/Developer/Xcode/DerivedData/Madabank-hkohthnbjtgnoechirsoymtykttx/Index.noindex/DataStore -Xcc -D_LIBCPP_HARDENING_MODE\=_LIBCPP_HARDENING_MODE_DEBUG -swift-version 5 -I /Users/darisadam/Library/Developer/Xcode/DerivedData/Madabank-hkohthnbjtgnoechirsoymtykttx/Build/Products/Debug-iphonesimulator -F /Users/darisadam/Library/Developer/Xcode/DerivedData/Madabank-hkohthnbjtgnoechirsoymtykttx/Build/Products/Debug-iphonesimulator -F /Applications/Xcode.app/Contents/Developer/Platforms/iPhoneSimulator.platform/Developer/Library/Frameworks -c -j8 -enable-batch-mode -incremental -Xcc -ivfsstatcache -Xcc /Users/darisadam/Library/Developer/Xcode/DerivedData/SDKStatCaches.noindex/iphonesimulator26.1-23B77-3885c01c3e6b6a337905948deab2002e90cf18a4295e390e64c810bc6bd7acbc.sdkstatcache -output-file-map /Users/darisadam/Library/Developer/Xcode/DerivedData/Madabank-hkohthnbjtgnoechirsoymtykttx/Build/Intermediates.noindex/RxSwift.build/Debug-iphonesimulator/RxSwift.build/Objects-normal/arm64/RxSwift-OutputFileMap.json -use-frontend-parseable-output -save-temps -no-color-diagnostics -explicit-module-build -module-cache-path /Users/darisadam/Library/Developer/Xcode/DerivedData/Madabank-hkohthnbjtgnoechirsoymtykttx/Build/Intermediates.noindex/SwiftExplicitPrecompiledModules -clang-scanner-module-cache-path /Users/darisadam/Library/Developer/Xcode/DerivedData/ModuleCache.noindex -sdk-module-cache-path /Users/darisadam/Library/Developer/Xcode/DerivedData/ModuleCache.noindex -serialize-diagnostics -emit-dependencies -emit-module -emit-module-path /Users/darisadam/Library/Developer/Xcode/DerivedData/Madabank-hkohthnbjtgnoechirsoymtykttx/Build/Intermediates.noindex/RxSwift.build/Debug-iphonesimulator/RxSwift.build/Objects-normal/arm64/RxSwift.swiftmodule -validate-clang-modules-once -clang-build-session-file /Users/darisadam/Library/Developer/Xcode/DerivedData/ModuleCache.noindex/Session.modulevalidation -Xcc -I/Users/darisadam/Library/Developer/Xcode/DerivedData/Madabank-hkohthnbjtgnoechirsoymtykttx/Build/Intermediates.noindex/RxSwift.build/Debug-iphonesimulator/RxSwift.build/swift-overrides.hmap -emit-const-values -Xfrontend -const-gather-protocols-file -Xfrontend /Users/darisadam/Library/Developer/Xcode/DerivedData/Madabank-hkohthnbjtgnoechirsoymtykttx/Build/Intermediates.noindex/RxSwift.build/Debug-iphonesimulator/RxSwift.build/Objects-normal/arm64/RxSwift_const_extract_protocols.json -Xcc -I/Users/darisadam/Library/Developer/Xcode/DerivedData/Madabank-hkohthnbjtgnoechirsoymtykttx/Build/Products/Debug-iphonesimulator/include -Xcc -I/Users/darisadam/Library/Developer/Xcode/DerivedData/Madabank-hkohthnbjtgnoechirsoymtykttx/Build/Intermediates.noindex/RxSwift.build/Debug-iphonesimulator/RxSwift.build/DerivedSources-normal/arm64 -Xcc -I/Users/darisadam/Library/Developer/Xcode/DerivedData/Madabank-hkohthnbjtgnoechirsoymtykttx/Build/Intermediates.noindex/RxSwift.build/Debug-iphonesimulator/RxSwift.build/DerivedSources/arm64 -Xcc -I/Users/darisadam/Library/Developer/Xcode/DerivedData/Madabank-hkohthnbjtgnoechirsoymtykttx/Build/Intermediates.noindex/RxSwift.build/Debug-iphonesimulator/RxSwift.build/DerivedSources -Xcc -DDEBUG\=1 -Xcc -DSWIFT_PACKAGE\=1 -emit-objc-header -emit-objc-header-path /Users/darisadam/Library/Developer/Xcode/DerivedData/Madabank-hkohthnbjtgnoechirsoymtykttx/Build/Intermediates.noindex/RxSwift.build/Debug-iphonesimulator/RxSwift.build/Objects-normal/arm64/RxSwift-Swift.h -working-directory /Users/darisadam/Documents/Projects/iOS\ Apps/madabank-ios/Madabank/Tuist/.build/tuist-derived/RxSwift -experimental-emit-module-separately -disable-cmo

SwiftCompile normal arm64 Compiling\ TuistBundle+Alamofire.swift /Users/darisadam/Documents/Projects/iOS\ Apps/madabank-ios/Madabank/Tuist/.build/tuist-derived/Alamofire/Sources/TuistBundle+Alamofire.swift (in target 'Alamofire' from project 'Alamofire')

SwiftCompile normal arm64 /Users/darisadam/Documents/Projects/iOS\ Apps/madabank-ios/Madabank/Tuist/.build/tuist-derived/Alamofire/Sources/TuistBundle+Alamofire.swift (in target 'Alamofire' from project 'Alamofire')
    cd /Users/darisadam/Documents/Projects/iOS\ Apps/madabank-ios/Madabank/Tuist/.build/tuist-derived/Alamofire
    

SwiftDriver RxRelay normal arm64 com.apple.xcode.tools.swift.compiler (in target 'RxRelay' from project 'RxSwift')
    cd /Users/darisadam/Documents/Projects/iOS\ Apps/madabank-ios/Madabank/Tuist/.build/tuist-derived/RxSwift
    builtin-SwiftDriver -- /Applications/Xcode.app/Contents/Developer/Toolchains/XcodeDefault.xctoolchain/usr/bin/swiftc -module-name RxRelay -Onone -enforce-exclusivity\=checked @/Users/darisadam/Library/Developer/Xcode/DerivedData/Madabank-hkohthnbjtgnoechirsoymtykttx/Build/Intermediates.noindex/RxSwift.build/Debug-iphonesimulator/RxRelay.build/Objects-normal/arm64/RxRelay.SwiftFileList -DSWIFT_PACKAGE -DDEBUG -package-name RxSwift -enable-bare-slash-regex -enable-experimental-feature DebugDescriptionMacro -sdk /Applications/Xcode.app/Contents/Developer/Platforms/iPhoneSimulator.platform/Developer/SDKs/iPhoneSimulator26.1.sdk -target arm64-apple-ios12.0-simulator -g -module-cache-path /Users/darisadam/Library/Developer/Xcode/DerivedData/ModuleCache.noindex -Xfrontend -serialize-debugging-options -enable-testing -suppress-warnings -index-store-path /Users/darisadam/Library/Developer/Xcode/DerivedData/Madabank-hkohthnbjtgnoechirsoymtykttx/Index.noindex/DataStore -Xcc -D_LIBCPP_HARDENING_MODE\=_LIBCPP_HARDENING_MODE_DEBUG -swift-version 5 -I /Users/darisadam/Library/Developer/Xcode/DerivedData/Madabank-hkohthnbjtgnoechirsoymtykttx/Build/Products/Debug-iphonesimulator -F /Users/darisadam/Library/Developer/Xcode/DerivedData/Madabank-hkohthnbjtgnoechirsoymtykttx/Build/Products/Debug-iphonesimulator -F /Applications/Xcode.app/Contents/Developer/Platforms/iPhoneSimulator.platform/Developer/Library/Frameworks -c -j8 -enable-batch-mode -incremental -Xcc -ivfsstatcache -Xcc /Users/darisadam/Library/Developer/Xcode/DerivedData/SDKStatCaches.noindex/iphonesimulator26.1-23B77-3885c01c3e6b6a337905948deab2002e90cf18a4295e390e64c810bc6bd7acbc.sdkstatcache -output-file-map /Users/darisadam/Library/Developer/Xcode/DerivedData/Madabank-hkohthnbjtgnoechirsoymtykttx/Build/Intermediates.noindex/RxSwift.build/Debug-iphonesimulator/RxRelay.build/Objects-normal/arm64/RxRelay-OutputFileMap.json -use-frontend-parseable-output -save-temps -no-color-diagnostics -explicit-module-build -module-cache-path /Users/darisadam/Library/Developer/Xcode/DerivedData/Madabank-hkohthnbjtgnoechirsoymtykttx/Build/Intermediates.noindex/SwiftExplicitPrecompiledModules -clang-scanner-module-cache-path /Users/darisadam/Library/Developer/Xcode/DerivedData/ModuleCache.noindex -sdk-module-cache-path /Users/darisadam/Library/Developer/Xcode/DerivedData/ModuleCache.noindex -serialize-diagnostics -emit-dependencies -emit-module -emit-module-path /Users/darisadam/Library/Developer/Xcode/DerivedData/Madabank-hkohthnbjtgnoechirsoymtykttx/Build/Intermediates.noindex/RxSwift.build/Debug-iphonesimulator/RxRelay.build/Objects-normal/arm64/RxRelay.swiftmodule -validate-clang-modules-once -clang-build-session-file /Users/darisadam/Library/Developer/Xcode/DerivedData/ModuleCache.noindex/Session.modulevalidation -Xcc -I/Users/darisadam/Library/Developer/Xcode/DerivedData/Madabank-hkohthnbjtgnoechirsoymtykttx/Build/Intermediates.noindex/RxSwift.build/Debug-iphonesimulator/RxRelay.build/swift-overrides.hmap -emit-const-values -Xfrontend -const-gather-protocols-file -Xfrontend /Users/darisadam/Library/Developer/Xcode/DerivedData/Madabank-hkohthnbjtgnoechirsoymtykttx/Build/Intermediates.noindex/RxSwift.build/Debug-iphonesimulator/RxRelay.build/Objects-normal/arm64/RxRelay_const_extract_protocols.json -Xcc -I/Users/darisadam/Library/Developer/Xcode/DerivedData/Madabank-hkohthnbjtgnoechirsoymtykttx/Build/Products/Debug-iphonesimulator/include -Xcc -I/Users/darisadam/Library/Developer/Xcode/DerivedData/Madabank-hkohthnbjtgnoechirsoymtykttx/Build/Intermediates.noindex/RxSwift.build/Debug-iphonesimulator/RxRelay.build/DerivedSources-normal/arm64 -Xcc -I/Users/darisadam/Library/Developer/Xcode/DerivedData/Madabank-hkohthnbjtgnoechirsoymtykttx/Build/Intermediates.noindex/RxSwift.build/Debug-iphonesimulator/RxRelay.build/DerivedSources/arm64 -Xcc -I/Users/darisadam/Library/Developer/Xcode/DerivedData/Madabank-hkohthnbjtgnoechirsoymtykttx/Build/Intermediates.noindex/RxSwift.build/Debug-iphonesimulator/RxRelay.build/DerivedSources -Xcc -DDEBUG\=1 -Xcc -DSWIFT_PACKAGE\=1 -emit-objc-header -emit-objc-header-path /Users/darisadam/Library/Developer/Xcode/DerivedData/Madabank-hkohthnbjtgnoechirsoymtykttx/Build/Intermediates.noindex/RxSwift.build/Debug-iphonesimulator/RxRelay.build/Objects-normal/arm64/RxRelay-Swift.h -working-directory /Users/darisadam/Documents/Projects/iOS\ Apps/madabank-ios/Madabank/Tuist/.build/tuist-derived/RxSwift -experimental-emit-module-separately -disable-cmo

SwiftDriverJobDiscovery normal arm64 Compiling NFXInfoController.swift, NFXListController.swift, NFXProtocol.swift (in target 'netfox' from project 'netfox')

SwiftDriverJobDiscovery normal arm64 Compiling TuistBundle+Alamofire.swift (in target 'Alamofire' from project 'Alamofire')

SwiftDriver\ Compilation Alamofire normal arm64 com.apple.xcode.tools.swift.compiler (in target 'Alamofire' from project 'Alamofire')
    cd /Users/darisadam/Documents/Projects/iOS\ Apps/madabank-ios/Madabank/Tuist/.build/tuist-derived/Alamofire
    builtin-Swift-Compilation -- /Applications/Xcode.app/Contents/Developer/Toolchains/XcodeDefault.xctoolchain/usr/bin/swiftc -module-name Alamofire -Onone -enforce-exclusivity\=checked @/Users/darisadam/Library/Developer/Xcode/DerivedData/Madabank-hkohthnbjtgnoechirsoymtykttx/Build/Intermediates.noindex/Alamofire.build/Debug-iphonesimulator/Alamofire.build/Objects-normal/arm64/Alamofire.SwiftFileList -DSWIFT_PACKAGE -DDEBUG -package-name Alamofire -enable-upcoming-feature ExistentialAny -enable-bare-slash-regex -enable-experimental-feature DebugDescriptionMacro -sdk /Applications/Xcode.app/Contents/Developer/Platforms/iPhoneSimulator.platform/Developer/SDKs/iPhoneSimulator26.1.sdk -target arm64-apple-ios12.0-simulator -g -module-cache-path /Users/darisadam/Library/Developer/Xcode/DerivedData/ModuleCache.noindex -Xfrontend -serialize-debugging-options -enable-testing -suppress-warnings -index-store-path /Users/darisadam/Library/Developer/Xcode/DerivedData/Madabank-hkohthnbjtgnoechirsoymtykttx/Index.noindex/DataStore -Xcc -D_LIBCPP_HARDENING_MODE\=_LIBCPP_HARDENING_MODE_DEBUG -swift-version 5 -I /Users/darisadam/Library/Developer/Xcode/DerivedData/Madabank-hkohthnbjtgnoechirsoymtykttx/Build/Products/Debug-iphonesimulator -F /Users/darisadam/Library/Developer/Xcode/DerivedData/Madabank-hkohthnbjtgnoechirsoymtykttx/Build/Products/Debug-iphonesimulator -F /Applications/Xcode.app/Contents/Developer/Platforms/iPhoneSimulator.platform/Developer/Library/Frameworks -c -j8 -enable-batch-mode -incremental -Xcc -ivfsstatcache -Xcc /Users/darisadam/Library/Developer/Xcode/DerivedData/SDKStatCaches.noindex/iphonesimulator26.1-23B77-3885c01c3e6b6a337905948deab2002e90cf18a4295e390e64c810bc6bd7acbc.sdkstatcache -output-file-map /Users/darisadam/Library/Developer/Xcode/DerivedData/Madabank-hkohthnbjtgnoechirsoymtykttx/Build/Intermediates.noindex/Alamofire.build/Debug-iphonesimulator/Alamofire.build/Objects-normal/arm64/Alamofire-OutputFileMap.json -use-frontend-parseable-output -save-temps -no-color-diagnostics -explicit-module-build -module-cache-path /Users/darisadam/Library/Developer/Xcode/DerivedData/Madabank-hkohthnbjtgnoechirsoymtykttx/Build/Intermediates.noindex/SwiftExplicitPrecompiledModules -clang-scanner-module-cache-path /Users/darisadam/Library/Developer/Xcode/DerivedData/ModuleCache.noindex -sdk-module-cache-path /Users/darisadam/Library/Developer/Xcode/DerivedData/ModuleCache.noindex -serialize-diagnostics -emit-dependencies -emit-module -emit-module-path /Users/darisadam/Library/Developer/Xcode/DerivedData/Madabank-hkohthnbjtgnoechirsoymtykttx/Build/Intermediates.noindex/Alamofire.build/Debug-iphonesimulator/Alamofire.build/Objects-normal/arm64/Alamofire.swiftmodule -validate-clang-modules-once -clang-build-session-file /Users/darisadam/Library/Developer/Xcode/DerivedData/ModuleCache.noindex/Session.modulevalidation -Xcc -I/Users/darisadam/Library/Developer/Xcode/DerivedData/Madabank-hkohthnbjtgnoechirsoymtykttx/Build/Intermediates.noindex/Alamofire.build/Debug-iphonesimulator/Alamofire.build/swift-overrides.hmap -emit-const-values -Xfrontend -const-gather-protocols-file -Xfrontend /Users/darisadam/Library/Developer/Xcode/DerivedData/Madabank-hkohthnbjtgnoechirsoymtykttx/Build/Intermediates.noindex/Alamofire.build/Debug-iphonesimulator/Alamofire.build/Objects-normal/arm64/Alamofire_const_extract_protocols.json -Xcc -I/Users/darisadam/Library/Developer/Xcode/DerivedData/Madabank-hkohthnbjtgnoechirsoymtykttx/Build/Products/Debug-iphonesimulator/include -Xcc -I/Users/darisadam/Library/Developer/Xcode/DerivedData/Madabank-hkohthnbjtgnoechirsoymtykttx/Build/Intermediates.noindex/Alamofire.build/Debug-iphonesimulator/Alamofire.build/DerivedSources-normal/arm64 -Xcc -I/Users/darisadam/Library/Developer/Xcode/DerivedData/Madabank-hkohthnbjtgnoechirsoymtykttx/Build/Intermediates.noindex/Alamofire.build/Debug-iphonesimulator/Alamofire.build/DerivedSources/arm64 -Xcc -I/Users/darisadam/Library/Developer/Xcode/DerivedData/Madabank-hkohthnbjtgnoechirsoymtykttx/Build/Intermediates.noindex/Alamofire.build/Debug-iphonesimulator/Alamofire.build/DerivedSources -Xcc -DDEBUG\=1 -Xcc -DSWIFT_PACKAGE\=1 -emit-objc-header -emit-objc-header-path /Users/darisadam/Library/Developer/Xcode/DerivedData/Madabank-hkohthnbjtgnoechirsoymtykttx/Build/Intermediates.noindex/Alamofire.build/Debug-iphonesimulator/Alamofire.build/Objects-normal/arm64/Alamofire-Swift.h -working-directory /Users/darisadam/Documents/Projects/iOS\ Apps/madabank-ios/Madabank/Tuist/.build/tuist-derived/Alamofire -experimental-emit-module-separately -disable-cmo

SwiftDriver Domain normal arm64 com.apple.xcode.tools.swift.compiler (in target 'Domain' from project 'Domain')
    cd /Users/darisadam/Documents/Projects/iOS\ Apps/madabank-ios/Madabank/Modules/Shared/Domain
    builtin-SwiftDriver -- /Applications/Xcode.app/Contents/Developer/Toolchains/XcodeDefault.xctoolchain/usr/bin/swiftc -module-name Domain -Onone -enforce-exclusivity\=checked @/Users/darisadam/Library/Developer/Xcode/DerivedData/Madabank-hkohthnbjtgnoechirsoymtykttx/Build/Intermediates.noindex/Domain.build/Debug-iphonesimulator/Domain.build/Objects-normal/arm64/Domain.SwiftFileList -DDEBUG -enable-bare-slash-regex -enable-experimental-feature DebugDescriptionMacro -sdk /Applications/Xcode.app/Contents/Developer/Platforms/iPhoneSimulator.platform/Developer/SDKs/iPhoneSimulator26.1.sdk -target arm64-apple-ios15.0-simulator -g -module-cache-path /Users/darisadam/Library/Developer/Xcode/DerivedData/ModuleCache.noindex -Xfrontend -serialize-debugging-options -enable-testing -index-store-path /Users/darisadam/Library/Developer/Xcode/DerivedData/Madabank-hkohthnbjtgnoechirsoymtykttx/Index.noindex/DataStore -Xcc -D_LIBCPP_HARDENING_MODE\=_LIBCPP_HARDENING_MODE_DEBUG -swift-version 5 -I /Users/darisadam/Library/Developer/Xcode/DerivedData/Madabank-hkohthnbjtgnoechirsoymtykttx/Build/Products/Debug-iphonesimulator -F /Users/darisadam/Library/Developer/Xcode/DerivedData/Madabank-hkohthnbjtgnoechirsoymtykttx/Build/Products/Debug-iphonesimulator -c -j8 -enable-batch-mode -incremental -Xcc -ivfsstatcache -Xcc /Users/darisadam/Library/Developer/Xcode/DerivedData/SDKStatCaches.noindex/iphonesimulator26.1-23B77-3885c01c3e6b6a337905948deab2002e90cf18a4295e390e64c810bc6bd7acbc.sdkstatcache -output-file-map /Users/darisadam/Library/Developer/Xcode/DerivedData/Madabank-hkohthnbjtgnoechirsoymtykttx/Build/Intermediates.noindex/Domain.build/Debug-iphonesimulator/Domain.build/Objects-normal/arm64/Domain-OutputFileMap.json -use-frontend-parseable-output -save-temps -no-color-diagnostics -explicit-module-build -module-cache-path /Users/darisadam/Library/Developer/Xcode/DerivedData/Madabank-hkohthnbjtgnoechirsoymtykttx/Build/Intermediates.noindex/SwiftExplicitPrecompiledModules -clang-scanner-module-cache-path /Users/darisadam/Library/Developer/Xcode/DerivedData/ModuleCache.noindex -sdk-module-cache-path /Users/darisadam/Library/Developer/Xcode/DerivedData/ModuleCache.noindex -serialize-diagnostics -emit-dependencies -emit-module -emit-module-path /Users/darisadam/Library/Developer/Xcode/DerivedData/Madabank-hkohthnbjtgnoechirsoymtykttx/Build/Intermediates.noindex/Domain.build/Debug-iphonesimulator/Domain.build/Objects-normal/arm64/Domain.swiftmodule -validate-clang-modules-once -clang-build-session-file /Users/darisadam/Library/Developer/Xcode/DerivedData/ModuleCache.noindex/Session.modulevalidation -Xcc -I/Users/darisadam/Library/Developer/Xcode/DerivedData/Madabank-hkohthnbjtgnoechirsoymtykttx/Build/Intermediates.noindex/Domain.build/Debug-iphonesimulator/Domain.build/swift-overrides.hmap -emit-const-values -Xfrontend -const-gather-protocols-file -Xfrontend /Users/darisadam/Library/Developer/Xcode/DerivedData/Madabank-hkohthnbjtgnoechirsoymtykttx/Build/Intermediates.noindex/Domain.build/Debug-iphonesimulator/Domain.build/Objects-normal/arm64/Domain_const_extract_protocols.json -Xcc -iquote -Xcc /Users/darisadam/Library/Developer/Xcode/DerivedData/Madabank-hkohthnbjtgnoechirsoymtykttx/Build/Intermediates.noindex/Domain.build/Debug-iphonesimulator/Domain.build/Domain-generated-files.hmap -Xcc -I/Users/darisadam/Library/Developer/Xcode/DerivedData/Madabank-hkohthnbjtgnoechirsoymtykttx/Build/Intermediates.noindex/Domain.build/Debug-iphonesimulator/Domain.build/Domain-own-target-headers.hmap -Xcc -I/Users/darisadam/Library/Developer/Xcode/DerivedData/Madabank-hkohthnbjtgnoechirsoymtykttx/Build/Intermediates.noindex/Domain.build/Debug-iphonesimulator/Domain.build/Domain-all-non-framework-target-headers.hmap -Xcc -ivfsoverlay -Xcc /Users/darisadam/Library/Developer/Xcode/DerivedData/Madabank-hkohthnbjtgnoechirsoymtykttx/Build/Intermediates.noindex/Domain.build/Debug-iphonesimulator/Domain-38b95e0e74f454eb1697545f0c9d82bd-VFS-iphonesimulator/all-product-headers.yaml -Xcc -iquote -Xcc /Users/darisadam/Library/Developer/Xcode/DerivedData/Madabank-hkohthnbjtgnoechirsoymtykttx/Build/Intermediates.noindex/Domain.build/Debug-iphonesimulator/Domain.build/Domain-project-headers.hmap -Xcc -I/Users/darisadam/Library/Developer/Xcode/DerivedData/Madabank-hkohthnbjtgnoechirsoymtykttx/Build/Products/Debug-iphonesimulator/include -Xcc -I/Users/darisadam/Library/Developer/Xcode/DerivedData/Madabank-hkohthnbjtgnoechirsoymtykttx/Build/Intermediates.noindex/Domain.build/Debug-iphonesimulator/Domain.build/DerivedSources-normal/arm64 -Xcc -I/Users/darisadam/Library/Developer/Xcode/DerivedData/Madabank-hkohthnbjtgnoechirsoymtykttx/Build/Intermediates.noindex/Domain.build/Debug-iphonesimulator/Domain.build/DerivedSources/arm64 -Xcc -I/Users/darisadam/Library/Developer/Xcode/DerivedData/Madabank-hkohthnbjtgnoechirsoymtykttx/Build/Intermediates.noindex/Domain.build/Debug-iphonesimulator/Domain.build/DerivedSources -Xcc -DDEBUG\=1 -emit-objc-header -emit-objc-header-path /Users/darisadam/Library/Developer/Xcode/DerivedData/Madabank-hkohthnbjtgnoechirsoymtykttx/Build/Intermediates.noindex/Domain.build/Debug-iphonesimulator/Domain.build/Objects-normal/arm64/Domain-Swift.h -working-directory /Users/darisadam/Documents/Projects/iOS\ Apps/madabank-ios/Madabank/Modules/Shared/Domain -experimental-emit-module-separately -disable-cmo

SwiftEmitModule normal arm64 Emitting\ module\ for\ RxRelay (in target 'RxRelay' from project 'RxSwift')

EmitSwiftModule normal arm64 (in target 'RxRelay' from project 'RxSwift')
    cd /Users/darisadam/Documents/Projects/iOS\ Apps/madabank-ios/Madabank/Tuist/.build/tuist-derived/RxSwift
    

ScanDependencies /Users/darisadam/Library/Developer/Xcode/DerivedData/Madabank-hkohthnbjtgnoechirsoymtykttx/Build/Intermediates.noindex/netfox.build/Debug-iphonesimulator/netfox.build/Objects-normal/arm64/netfox_vers.o /Users/darisadam/Library/Developer/Xcode/DerivedData/Madabank-hkohthnbjtgnoechirsoymtykttx/Build/Intermediates.noindex/netfox.build/Debug-iphonesimulator/netfox.build/DerivedSources/netfox_vers.c normal arm64 c com.apple.compilers.llvm.clang.1_0.compiler (in target 'netfox' from project 'netfox')
    cd /Users/darisadam/Documents/Projects/iOS\ Apps/madabank-ios/Madabank/Tuist/.build/tuist-derived/netfox
    
    Using response file: /Users/darisadam/Library/Developer/Xcode/DerivedData/Madabank-hkohthnbjtgnoechirsoymtykttx/Build/Intermediates.noindex/netfox.build/Debug-iphonesimulator/netfox.build/Objects-normal/arm64/7187679823f38a2a940e0043cdf9d637-common-args.resp
    
    builtin-ScanDependencies -o /Users/darisadam/Library/Developer/Xcode/DerivedData/Madabank-hkohthnbjtgnoechirsoymtykttx/Build/Intermediates.noindex/netfox.build/Debug-iphonesimulator/netfox.build/Objects-normal/arm64/netfox_vers.o.scan -- /Applications/Xcode.app/Contents/Developer/Toolchains/XcodeDefault.xctoolchain/usr/bin/clang -x c -ivfsstatcache /Users/darisadam/Library/Developer/Xcode/DerivedData/SDKStatCaches.noindex/iphonesimulator26.1-23B77-3885c01c3e6b6a337905948deab2002e90cf18a4295e390e64c810bc6bd7acbc.sdkstatcache -fmessage-length\=0 -fdiagnostics-show-note-include-stack -fmacro-backtrace-limit\=0 -fno-color-diagnostics -fmodules-prune-interval\=86400 -fmodules-prune-after\=345600 -fbuild-session-file\=/Users/darisadam/Library/Developer/Xcode/DerivedData/ModuleCache.noindex/Session.modulevalidation -fmodules-validate-once-per-build-session -Wnon-modular-include-in-framework-module -Werror\=non-modular-include-in-framework-module -Wno-trigraphs -Wno-missing-field-initializers -Wno-missing-prototypes -Werror\=return-type -Wdocumentation -Wunreachable-code -Werror\=deprecated-objc-isa-usage -Werror\=objc-root-class -Wno-missing-braces -Wparentheses -Wswitch -Wunused-function -Wno-unused-label -Wno-unused-parameter -Wunused-variable -Wunused-value -Wempty-body -Wuninitialized -Wconditional-uninitialized -Wno-unknown-pragmas -w -Wno-shadow -Wno-four-char-constants -Wno-conversion -Wconstant-conversion -Wint-conversion -Wbool-conversion -Wenum-conversion -Wno-float-conversion -Wnon-literal-null-conversion -Wobjc-literal-conversion -Wshorten-64-to-32 -Wpointer-sign -Wno-newline-eof -Wno-implicit-fallthrough -fstrict-aliasing -Wdeprecated-declarations -Wno-sign-conversion -Winfinite-recursion -Wcomma -Wblock-capture-autoreleasing -Wstrict-prototypes -Wno-semicolon-before-method-body -Wunguarded-availability -index-store-path /Users/darisadam/Library/Developer/Xcode/DerivedData/Madabank-hkohthnbjtgnoechirsoymtykttx/Index.noindex/DataStore @/Users/darisadam/Library/Developer/Xcode/DerivedData/Madabank-hkohthnbjtgnoechirsoymtykttx/Build/Intermediates.noindex/netfox.build/Debug-iphonesimulator/netfox.build/Objects-normal/arm64/7187679823f38a2a940e0043cdf9d637-common-args.resp -MMD -MT dependencies -MF /Users/darisadam/Library/Developer/Xcode/DerivedData/Madabank-hkohthnbjtgnoechirsoymtykttx/Build/Intermediates.noindex/netfox.build/Debug-iphonesimulator/netfox.build/Objects-normal/arm64/netfox_vers.d --serialize-diagnostics /Users/darisadam/Library/Developer/Xcode/DerivedData/Madabank-hkohthnbjtgnoechirsoymtykttx/Build/Intermediates.noindex/netfox.build/Debug-iphonesimulator/netfox.build/Objects-normal/arm64/netfox_vers.dia -c /Users/darisadam/Library/Developer/Xcode/DerivedData/Madabank-hkohthnbjtgnoechirsoymtykttx/Build/Intermediates.noindex/netfox.build/Debug-iphonesimulator/netfox.build/DerivedSources/netfox_vers.c -o /Users/darisadam/Library/Developer/Xcode/DerivedData/Madabank-hkohthnbjtgnoechirsoymtykttx/Build/Intermediates.noindex/netfox.build/Debug-iphonesimulator/netfox.build/Objects-normal/arm64/netfox_vers.o -index-unit-output-path /netfox.build/Debug-iphonesimulator/netfox.build/Objects-normal/arm64/netfox_vers.o

SwiftDriverJobDiscovery normal arm64 Compiling IQBarButtonItem.swift, IQInvocation.swift, IQPreviousNextView.swift (in target 'IQKeyboardManagerSwift' from project 'IQKeyboardManagerSwift')

SwiftCompile normal arm64 Compiling\ TuistBundle+RxRelay.swift /Users/darisadam/Documents/Projects/iOS\ Apps/madabank-ios/Madabank/Tuist/.build/tuist-derived/RxRelay/Sources/TuistBundle+RxRelay.swift (in target 'RxRelay' from project 'RxSwift')

SwiftCompile normal arm64 /Users/darisadam/Documents/Projects/iOS\ Apps/madabank-ios/Madabank/Tuist/.build/tuist-derived/RxRelay/Sources/TuistBundle+RxRelay.swift (in target 'RxRelay' from project 'RxSwift')
    cd /Users/darisadam/Documents/Projects/iOS\ Apps/madabank-ios/Madabank/Tuist/.build/tuist-derived/RxSwift
    

SwiftDriverJobDiscovery normal arm64 Emitting module for RxRelay (in target 'RxRelay' from project 'RxSwift')

ScanDependencies /Users/darisadam/Library/Developer/Xcode/DerivedData/Madabank-hkohthnbjtgnoechirsoymtykttx/Build/Intermediates.noindex/IQKeyboardManagerSwift.build/Debug-iphonesimulator/IQKeyboardManagerSwift.build/Objects-normal/arm64/IQKeyboardManagerSwift_vers.o /Users/darisadam/Library/Developer/Xcode/DerivedData/Madabank-hkohthnbjtgnoechirsoymtykttx/Build/Intermediates.noindex/IQKeyboardManagerSwift.build/Debug-iphonesimulator/IQKeyboardManagerSwift.build/DerivedSources/IQKeyboardManagerSwift_vers.c normal arm64 c com.apple.compilers.llvm.clang.1_0.compiler (in target 'IQKeyboardManagerSwift' from project 'IQKeyboardManagerSwift')
    cd /Users/darisadam/Documents/Projects/iOS\ Apps/madabank-ios/Madabank/Tuist/.build/tuist-derived/IQKeyboardManagerSwift
    
    Using response file: /Users/darisadam/Library/Developer/Xcode/DerivedData/Madabank-hkohthnbjtgnoechirsoymtykttx/Build/Intermediates.noindex/IQKeyboardManagerSwift.build/Debug-iphonesimulator/IQKeyboardManagerSwift.build/Objects-normal/arm64/7187679823f38a2a940e0043cdf9d637-common-args.resp
    
    builtin-ScanDependencies -o /Users/darisadam/Library/Developer/Xcode/DerivedData/Madabank-hkohthnbjtgnoechirsoymtykttx/Build/Intermediates.noindex/IQKeyboardManagerSwift.build/Debug-iphonesimulator/IQKeyboardManagerSwift.build/Objects-normal/arm64/IQKeyboardManagerSwift_vers.o.scan -- /Applications/Xcode.app/Contents/Developer/Toolchains/XcodeDefault.xctoolchain/usr/bin/clang -x c -ivfsstatcache /Users/darisadam/Library/Developer/Xcode/DerivedData/SDKStatCaches.noindex/iphonesimulator26.1-23B77-3885c01c3e6b6a337905948deab2002e90cf18a4295e390e64c810bc6bd7acbc.sdkstatcache -fmessage-length\=0 -fdiagnostics-show-note-include-stack -fmacro-backtrace-limit\=0 -fno-color-diagnostics -fmodules-prune-interval\=86400 -fmodules-prune-after\=345600 -fbuild-session-file\=/Users/darisadam/Library/Developer/Xcode/DerivedData/ModuleCache.noindex/Session.modulevalidation -fmodules-validate-once-per-build-session -Wnon-modular-include-in-framework-module -Werror\=non-modular-include-in-framework-module -Wno-trigraphs -Wno-missing-field-initializers -Wno-missing-prototypes -Werror\=return-type -Wdocumentation -Wunreachable-code -Werror\=deprecated-objc-isa-usage -Werror\=objc-root-class -Wno-missing-braces -Wparentheses -Wswitch -Wunused-function -Wno-unused-label -Wno-unused-parameter -Wunused-variable -Wunused-value -Wempty-body -Wuninitialized -Wconditional-uninitialized -Wno-unknown-pragmas -w -Wno-shadow -Wno-four-char-constants -Wno-conversion -Wconstant-conversion -Wint-conversion -Wbool-conversion -Wenum-conversion -Wno-float-conversion -Wnon-literal-null-conversion -Wobjc-literal-conversion -Wshorten-64-to-32 -Wpointer-sign -Wno-newline-eof -Wno-implicit-fallthrough -fstrict-aliasing -Wdeprecated-declarations -Wno-sign-conversion -Winfinite-recursion -Wcomma -Wblock-capture-autoreleasing -Wstrict-prototypes -Wno-semicolon-before-method-body -Wunguarded-availability -index-store-path /Users/darisadam/Library/Developer/Xcode/DerivedData/Madabank-hkohthnbjtgnoechirsoymtykttx/Index.noindex/DataStore @/Users/darisadam/Library/Developer/Xcode/DerivedData/Madabank-hkohthnbjtgnoechirsoymtykttx/Build/Intermediates.noindex/IQKeyboardManagerSwift.build/Debug-iphonesimulator/IQKeyboardManagerSwift.build/Objects-normal/arm64/7187679823f38a2a940e0043cdf9d637-common-args.resp -MMD -MT dependencies -MF /Users/darisadam/Library/Developer/Xcode/DerivedData/Madabank-hkohthnbjtgnoechirsoymtykttx/Build/Intermediates.noindex/IQKeyboardManagerSwift.build/Debug-iphonesimulator/IQKeyboardManagerSwift.build/Objects-normal/arm64/IQKeyboardManagerSwift_vers.d --serialize-diagnostics /Users/darisadam/Library/Developer/Xcode/DerivedData/Madabank-hkohthnbjtgnoechirsoymtykttx/Build/Intermediates.noindex/IQKeyboardManagerSwift.build/Debug-iphonesimulator/IQKeyboardManagerSwift.build/Objects-normal/arm64/IQKeyboardManagerSwift_vers.dia -c /Users/darisadam/Library/Developer/Xcode/DerivedData/Madabank-hkohthnbjtgnoechirsoymtykttx/Build/Intermediates.noindex/IQKeyboardManagerSwift.build/Debug-iphonesimulator/IQKeyboardManagerSwift.build/DerivedSources/IQKeyboardManagerSwift_vers.c -o /Users/darisadam/Library/Developer/Xcode/DerivedData/Madabank-hkohthnbjtgnoechirsoymtykttx/Build/Intermediates.noindex/IQKeyboardManagerSwift.build/Debug-iphonesimulator/IQKeyboardManagerSwift.build/Objects-normal/arm64/IQKeyboardManagerSwift_vers.o -index-unit-output-path /IQKeyboardManagerSwift.build/Debug-iphonesimulator/IQKeyboardManagerSwift.build/Objects-normal/arm64/IQKeyboardManagerSwift_vers.o

SwiftDriver\ Compilation\ Requirements RxRelay normal arm64 com.apple.xcode.tools.swift.compiler (in target 'RxRelay' from project 'RxSwift')
    cd /Users/darisadam/Documents/Projects/iOS\ Apps/madabank-ios/Madabank/Tuist/.build/tuist-derived/RxSwift
    builtin-Swift-Compilation-Requirements -- /Applications/Xcode.app/Contents/Developer/Toolchains/XcodeDefault.xctoolchain/usr/bin/swiftc -module-name RxRelay -Onone -enforce-exclusivity\=checked @/Users/darisadam/Library/Developer/Xcode/DerivedData/Madabank-hkohthnbjtgnoechirsoymtykttx/Build/Intermediates.noindex/RxSwift.build/Debug-iphonesimulator/RxRelay.build/Objects-normal/arm64/RxRelay.SwiftFileList -DSWIFT_PACKAGE -DDEBUG -package-name RxSwift -enable-bare-slash-regex -enable-experimental-feature DebugDescriptionMacro -sdk /Applications/Xcode.app/Contents/Developer/Platforms/iPhoneSimulator.platform/Developer/SDKs/iPhoneSimulator26.1.sdk -target arm64-apple-ios12.0-simulator -g -module-cache-path /Users/darisadam/Library/Developer/Xcode/DerivedData/ModuleCache.noindex -Xfrontend -serialize-debugging-options -enable-testing -suppress-warnings -index-store-path /Users/darisadam/Library/Developer/Xcode/DerivedData/Madabank-hkohthnbjtgnoechirsoymtykttx/Index.noindex/DataStore -Xcc -D_LIBCPP_HARDENING_MODE\=_LIBCPP_HARDENING_MODE_DEBUG -swift-version 5 -I /Users/darisadam/Library/Developer/Xcode/DerivedData/Madabank-hkohthnbjtgnoechirsoymtykttx/Build/Products/Debug-iphonesimulator -F /Users/darisadam/Library/Developer/Xcode/DerivedData/Madabank-hkohthnbjtgnoechirsoymtykttx/Build/Products/Debug-iphonesimulator -F /Applications/Xcode.app/Contents/Developer/Platforms/iPhoneSimulator.platform/Developer/Library/Frameworks -c -j8 -enable-batch-mode -incremental -Xcc -ivfsstatcache -Xcc /Users/darisadam/Library/Developer/Xcode/DerivedData/SDKStatCaches.noindex/iphonesimulator26.1-23B77-3885c01c3e6b6a337905948deab2002e90cf18a4295e390e64c810bc6bd7acbc.sdkstatcache -output-file-map /Users/darisadam/Library/Developer/Xcode/DerivedData/Madabank-hkohthnbjtgnoechirsoymtykttx/Build/Intermediates.noindex/RxSwift.build/Debug-iphonesimulator/RxRelay.build/Objects-normal/arm64/RxRelay-OutputFileMap.json -use-frontend-parseable-output -save-temps -no-color-diagnostics -explicit-module-build -module-cache-path /Users/darisadam/Library/Developer/Xcode/DerivedData/Madabank-hkohthnbjtgnoechirsoymtykttx/Build/Intermediates.noindex/SwiftExplicitPrecompiledModules -clang-scanner-module-cache-path /Users/darisadam/Library/Developer/Xcode/DerivedData/ModuleCache.noindex -sdk-module-cache-path /Users/darisadam/Library/Developer/Xcode/DerivedData/ModuleCache.noindex -serialize-diagnostics -emit-dependencies -emit-module -emit-module-path /Users/darisadam/Library/Developer/Xcode/DerivedData/Madabank-hkohthnbjtgnoechirsoymtykttx/Build/Intermediates.noindex/RxSwift.build/Debug-iphonesimulator/RxRelay.build/Objects-normal/arm64/RxRelay.swiftmodule -validate-clang-modules-once -clang-build-session-file /Users/darisadam/Library/Developer/Xcode/DerivedData/ModuleCache.noindex/Session.modulevalidation -Xcc -I/Users/darisadam/Library/Developer/Xcode/DerivedData/Madabank-hkohthnbjtgnoechirsoymtykttx/Build/Intermediates.noindex/RxSwift.build/Debug-iphonesimulator/RxRelay.build/swift-overrides.hmap -emit-const-values -Xfrontend -const-gather-protocols-file -Xfrontend /Users/darisadam/Library/Developer/Xcode/DerivedData/Madabank-hkohthnbjtgnoechirsoymtykttx/Build/Intermediates.noindex/RxSwift.build/Debug-iphonesimulator/RxRelay.build/Objects-normal/arm64/RxRelay_const_extract_protocols.json -Xcc -I/Users/darisadam/Library/Developer/Xcode/DerivedData/Madabank-hkohthnbjtgnoechirsoymtykttx/Build/Products/Debug-iphonesimulator/include -Xcc -I/Users/darisadam/Library/Developer/Xcode/DerivedData/Madabank-hkohthnbjtgnoechirsoymtykttx/Build/Intermediates.noindex/RxSwift.build/Debug-iphonesimulator/RxRelay.build/DerivedSources-normal/arm64 -Xcc -I/Users/darisadam/Library/Developer/Xcode/DerivedData/Madabank-hkohthnbjtgnoechirsoymtykttx/Build/Intermediates.noindex/RxSwift.build/Debug-iphonesimulator/RxRelay.build/DerivedSources/arm64 -Xcc -I/Users/darisadam/Library/Developer/Xcode/DerivedData/Madabank-hkohthnbjtgnoechirsoymtykttx/Build/Intermediates.noindex/RxSwift.build/Debug-iphonesimulator/RxRelay.build/DerivedSources -Xcc -DDEBUG\=1 -Xcc -DSWIFT_PACKAGE\=1 -emit-objc-header -emit-objc-header-path /Users/darisadam/Library/Developer/Xcode/DerivedData/Madabank-hkohthnbjtgnoechirsoymtykttx/Build/Intermediates.noindex/RxSwift.build/Debug-iphonesimulator/RxRelay.build/Objects-normal/arm64/RxRelay-Swift.h -working-directory /Users/darisadam/Documents/Projects/iOS\ Apps/madabank-ios/Madabank/Tuist/.build/tuist-derived/RxSwift -experimental-emit-module-separately -disable-cmo

CompileC /Users/darisadam/Library/Developer/Xcode/DerivedData/Madabank-hkohthnbjtgnoechirsoymtykttx/Build/Intermediates.noindex/netfox.build/Debug-iphonesimulator/netfox.build/Objects-normal/arm64/netfox_vers.o /Users/darisadam/Library/Developer/Xcode/DerivedData/Madabank-hkohthnbjtgnoechirsoymtykttx/Build/Intermediates.noindex/netfox.build/Debug-iphonesimulator/netfox.build/DerivedSources/netfox_vers.c normal arm64 c com.apple.compilers.llvm.clang.1_0.compiler (in target 'netfox' from project 'netfox')
    cd /Users/darisadam/Documents/Projects/iOS\ Apps/madabank-ios/Madabank/Tuist/.build/tuist-derived/netfox
    
    Using response file: /Users/darisadam/Library/Developer/Xcode/DerivedData/Madabank-hkohthnbjtgnoechirsoymtykttx/Build/Intermediates.noindex/netfox.build/Debug-iphonesimulator/netfox.build/Objects-normal/arm64/7187679823f38a2a940e0043cdf9d637-common-args.resp
    
    /Applications/Xcode.app/Contents/Developer/Toolchains/XcodeDefault.xctoolchain/usr/bin/clang -x c -ivfsstatcache /Users/darisadam/Library/Developer/Xcode/DerivedData/SDKStatCaches.noindex/iphonesimulator26.1-23B77-3885c01c3e6b6a337905948deab2002e90cf18a4295e390e64c810bc6bd7acbc.sdkstatcache -fmessage-length\=0 -fdiagnostics-show-note-include-stack -fmacro-backtrace-limit\=0 -fno-color-diagnostics -fmodules-prune-interval\=86400 -fmodules-prune-after\=345600 -fbuild-session-file\=/Users/darisadam/Library/Developer/Xcode/DerivedData/ModuleCache.noindex/Session.modulevalidation -fmodules-validate-once-per-build-session -Wnon-modular-include-in-framework-module -Werror\=non-modular-include-in-framework-module -Wno-trigraphs -Wno-missing-field-initializers -Wno-missing-prototypes -Werror\=return-type -Wdocumentation -Wunreachable-code -Werror\=deprecated-objc-isa-usage -Werror\=objc-root-class -Wno-missing-braces -Wparentheses -Wswitch -Wunused-function -Wno-unused-label -Wno-unused-parameter -Wunused-variable -Wunused-value -Wempty-body -Wuninitialized -Wconditional-uninitialized -Wno-unknown-pragmas -w -Wno-shadow -Wno-four-char-constants -Wno-conversion -Wconstant-conversion -Wint-conversion -Wbool-conversion -Wenum-conversion -Wno-float-conversion -Wnon-literal-null-conversion -Wobjc-literal-conversion -Wshorten-64-to-32 -Wpointer-sign -Wno-newline-eof -Wno-implicit-fallthrough -fstrict-aliasing -Wdeprecated-declarations -Wno-sign-conversion -Winfinite-recursion -Wcomma -Wblock-capture-autoreleasing -Wstrict-prototypes -Wno-semicolon-before-method-body -Wunguarded-availability -index-store-path /Users/darisadam/Library/Developer/Xcode/DerivedData/Madabank-hkohthnbjtgnoechirsoymtykttx/Index.noindex/DataStore @/Users/darisadam/Library/Developer/Xcode/DerivedData/Madabank-hkohthnbjtgnoechirsoymtykttx/Build/Intermediates.noindex/netfox.build/Debug-iphonesimulator/netfox.build/Objects-normal/arm64/7187679823f38a2a940e0043cdf9d637-common-args.resp -MMD -MT dependencies -MF /Users/darisadam/Library/Developer/Xcode/DerivedData/Madabank-hkohthnbjtgnoechirsoymtykttx/Build/Intermediates.noindex/netfox.build/Debug-iphonesimulator/netfox.build/Objects-normal/arm64/netfox_vers.d --serialize-diagnostics /Users/darisadam/Library/Developer/Xcode/DerivedData/Madabank-hkohthnbjtgnoechirsoymtykttx/Build/Intermediates.noindex/netfox.build/Debug-iphonesimulator/netfox.build/Objects-normal/arm64/netfox_vers.dia -c /Users/darisadam/Library/Developer/Xcode/DerivedData/Madabank-hkohthnbjtgnoechirsoymtykttx/Build/Intermediates.noindex/netfox.build/Debug-iphonesimulator/netfox.build/DerivedSources/netfox_vers.c -o /Users/darisadam/Library/Developer/Xcode/DerivedData/Madabank-hkohthnbjtgnoechirsoymtykttx/Build/Intermediates.noindex/netfox.build/Debug-iphonesimulator/netfox.build/Objects-normal/arm64/netfox_vers.o -index-unit-output-path /netfox.build/Debug-iphonesimulator/netfox.build/Objects-normal/arm64/netfox_vers.o

Copy /Users/darisadam/Library/Developer/Xcode/DerivedData/Madabank-hkohthnbjtgnoechirsoymtykttx/Build/Products/Debug-iphonesimulator/RxRelay.framework/Modules/RxRelay.swiftmodule/Project/arm64-apple-ios-simulator.swiftsourceinfo /Users/darisadam/Library/Developer/Xcode/DerivedData/Madabank-hkohthnbjtgnoechirsoymtykttx/Build/Intermediates.noindex/RxSwift.build/Debug-iphonesimulator/RxRelay.build/Objects-normal/arm64/RxRelay.swiftsourceinfo (in target 'RxRelay' from project 'RxSwift')
    cd /Users/darisadam/Documents/Projects/iOS\ Apps/madabank-ios/Madabank/Tuist/.build/tuist-derived/RxSwift
    builtin-copy -exclude .DS_Store -exclude CVS -exclude .svn -exclude .git -exclude .hg -resolve-src-symlinks -rename /Users/darisadam/Library/Developer/Xcode/DerivedData/Madabank-hkohthnbjtgnoechirsoymtykttx/Build/Intermediates.noindex/RxSwift.build/Debug-iphonesimulator/RxRelay.build/Objects-normal/arm64/RxRelay.swiftsourceinfo /Users/darisadam/Library/Developer/Xcode/DerivedData/Madabank-hkohthnbjtgnoechirsoymtykttx/Build/Products/Debug-iphonesimulator/RxRelay.framework/Modules/RxRelay.swiftmodule/Project/arm64-apple-ios-simulator.swiftsourceinfo

SwiftDriverJobDiscovery normal arm64 Compiling NFXSettingsController_iOS.swift, NFXStatisticsController_iOS.swift, NFXURLDetailsControllerViewController.swift (in target 'netfox' from project 'netfox')

CompileC /Users/darisadam/Library/Developer/Xcode/DerivedData/Madabank-hkohthnbjtgnoechirsoymtykttx/Build/Intermediates.noindex/IQKeyboardManagerSwift.build/Debug-iphonesimulator/IQKeyboardManagerSwift.build/Objects-normal/arm64/IQKeyboardManagerSwift_vers.o /Users/darisadam/Library/Developer/Xcode/DerivedData/Madabank-hkohthnbjtgnoechirsoymtykttx/Build/Intermediates.noindex/IQKeyboardManagerSwift.build/Debug-iphonesimulator/IQKeyboardManagerSwift.build/DerivedSources/IQKeyboardManagerSwift_vers.c normal arm64 c com.apple.compilers.llvm.clang.1_0.compiler (in target 'IQKeyboardManagerSwift' from project 'IQKeyboardManagerSwift')
    cd /Users/darisadam/Documents/Projects/iOS\ Apps/madabank-ios/Madabank/Tuist/.build/tuist-derived/IQKeyboardManagerSwift
    
    Using response file: /Users/darisadam/Library/Developer/Xcode/DerivedData/Madabank-hkohthnbjtgnoechirsoymtykttx/Build/Intermediates.noindex/IQKeyboardManagerSwift.build/Debug-iphonesimulator/IQKeyboardManagerSwift.build/Objects-normal/arm64/7187679823f38a2a940e0043cdf9d637-common-args.resp
    
    /Applications/Xcode.app/Contents/Developer/Toolchains/XcodeDefault.xctoolchain/usr/bin/clang -x c -ivfsstatcache /Users/darisadam/Library/Developer/Xcode/DerivedData/SDKStatCaches.noindex/iphonesimulator26.1-23B77-3885c01c3e6b6a337905948deab2002e90cf18a4295e390e64c810bc6bd7acbc.sdkstatcache -fmessage-length\=0 -fdiagnostics-show-note-include-stack -fmacro-backtrace-limit\=0 -fno-color-diagnostics -fmodules-prune-interval\=86400 -fmodules-prune-after\=345600 -fbuild-session-file\=/Users/darisadam/Library/Developer/Xcode/DerivedData/ModuleCache.noindex/Session.modulevalidation -fmodules-validate-once-per-build-session -Wnon-modular-include-in-framework-module -Werror\=non-modular-include-in-framework-module -Wno-trigraphs -Wno-missing-field-initializers -Wno-missing-prototypes -Werror\=return-type -Wdocumentation -Wunreachable-code -Werror\=deprecated-objc-isa-usage -Werror\=objc-root-class -Wno-missing-braces -Wparentheses -Wswitch -Wunused-function -Wno-unused-label -Wno-unused-parameter -Wunused-variable -Wunused-value -Wempty-body -Wuninitialized -Wconditional-uninitialized -Wno-unknown-pragmas -w -Wno-shadow -Wno-four-char-constants -Wno-conversion -Wconstant-conversion -Wint-conversion -Wbool-conversion -Wenum-conversion -Wno-float-conversion -Wnon-literal-null-conversion -Wobjc-literal-conversion -Wshorten-64-to-32 -Wpointer-sign -Wno-newline-eof -Wno-implicit-fallthrough -fstrict-aliasing -Wdeprecated-declarations -Wno-sign-conversion -Winfinite-recursion -Wcomma -Wblock-capture-autoreleasing -Wstrict-prototypes -Wno-semicolon-before-method-body -Wunguarded-availability -index-store-path /Users/darisadam/Library/Developer/Xcode/DerivedData/Madabank-hkohthnbjtgnoechirsoymtykttx/Index.noindex/DataStore @/Users/darisadam/Library/Developer/Xcode/DerivedData/Madabank-hkohthnbjtgnoechirsoymtykttx/Build/Intermediates.noindex/IQKeyboardManagerSwift.build/Debug-iphonesimulator/IQKeyboardManagerSwift.build/Objects-normal/arm64/7187679823f38a2a940e0043cdf9d637-common-args.resp -MMD -MT dependencies -MF /Users/darisadam/Library/Developer/Xcode/DerivedData/Madabank-hkohthnbjtgnoechirsoymtykttx/Build/Intermediates.noindex/IQKeyboardManagerSwift.build/Debug-iphonesimulator/IQKeyboardManagerSwift.build/Objects-normal/arm64/IQKeyboardManagerSwift_vers.d --serialize-diagnostics /Users/darisadam/Library/Developer/Xcode/DerivedData/Madabank-hkohthnbjtgnoechirsoymtykttx/Build/Intermediates.noindex/IQKeyboardManagerSwift.build/Debug-iphonesimulator/IQKeyboardManagerSwift.build/Objects-normal/arm64/IQKeyboardManagerSwift_vers.dia -c /Users/darisadam/Library/Developer/Xcode/DerivedData/Madabank-hkohthnbjtgnoechirsoymtykttx/Build/Intermediates.noindex/IQKeyboardManagerSwift.build/Debug-iphonesimulator/IQKeyboardManagerSwift.build/DerivedSources/IQKeyboardManagerSwift_vers.c -o /Users/darisadam/Library/Developer/Xcode/DerivedData/Madabank-hkohthnbjtgnoechirsoymtykttx/Build/Intermediates.noindex/IQKeyboardManagerSwift.build/Debug-iphonesimulator/IQKeyboardManagerSwift.build/Objects-normal/arm64/IQKeyboardManagerSwift_vers.o -index-unit-output-path /IQKeyboardManagerSwift.build/Debug-iphonesimulator/IQKeyboardManagerSwift.build/Objects-normal/arm64/IQKeyboardManagerSwift_vers.o

Copy /Users/darisadam/Library/Developer/Xcode/DerivedData/Madabank-hkohthnbjtgnoechirsoymtykttx/Build/Products/Debug-iphonesimulator/RxRelay.framework/Modules/RxRelay.swiftmodule/arm64-apple-ios-simulator.abi.json /Users/darisadam/Library/Developer/Xcode/DerivedData/Madabank-hkohthnbjtgnoechirsoymtykttx/Build/Intermediates.noindex/RxSwift.build/Debug-iphonesimulator/RxRelay.build/Objects-normal/arm64/RxRelay.abi.json (in target 'RxRelay' from project 'RxSwift')
    cd /Users/darisadam/Documents/Projects/iOS\ Apps/madabank-ios/Madabank/Tuist/.build/tuist-derived/RxSwift
    builtin-copy -exclude .DS_Store -exclude CVS -exclude .svn -exclude .git -exclude .hg -resolve-src-symlinks -rename /Users/darisadam/Library/Developer/Xcode/DerivedData/Madabank-hkohthnbjtgnoechirsoymtykttx/Build/Intermediates.noindex/RxSwift.build/Debug-iphonesimulator/RxRelay.build/Objects-normal/arm64/RxRelay.abi.json /Users/darisadam/Library/Developer/Xcode/DerivedData/Madabank-hkohthnbjtgnoechirsoymtykttx/Build/Products/Debug-iphonesimulator/RxRelay.framework/Modules/RxRelay.swiftmodule/arm64-apple-ios-simulator.abi.json

SwiftDriverJobDiscovery normal arm64 Compiling TuistBundle+RxRelay.swift (in target 'RxRelay' from project 'RxSwift')

SwiftDriver\ Compilation RxRelay normal arm64 com.apple.xcode.tools.swift.compiler (in target 'RxRelay' from project 'RxSwift')
    cd /Users/darisadam/Documents/Projects/iOS\ Apps/madabank-ios/Madabank/Tuist/.build/tuist-derived/RxSwift
    builtin-Swift-Compilation -- /Applications/Xcode.app/Contents/Developer/Toolchains/XcodeDefault.xctoolchain/usr/bin/swiftc -module-name RxRelay -Onone -enforce-exclusivity\=checked @/Users/darisadam/Library/Developer/Xcode/DerivedData/Madabank-hkohthnbjtgnoechirsoymtykttx/Build/Intermediates.noindex/RxSwift.build/Debug-iphonesimulator/RxRelay.build/Objects-normal/arm64/RxRelay.SwiftFileList -DSWIFT_PACKAGE -DDEBUG -package-name RxSwift -enable-bare-slash-regex -enable-experimental-feature DebugDescriptionMacro -sdk /Applications/Xcode.app/Contents/Developer/Platforms/iPhoneSimulator.platform/Developer/SDKs/iPhoneSimulator26.1.sdk -target arm64-apple-ios12.0-simulator -g -module-cache-path /Users/darisadam/Library/Developer/Xcode/DerivedData/ModuleCache.noindex -Xfrontend -serialize-debugging-options -enable-testing -suppress-warnings -index-store-path /Users/darisadam/Library/Developer/Xcode/DerivedData/Madabank-hkohthnbjtgnoechirsoymtykttx/Index.noindex/DataStore -Xcc -D_LIBCPP_HARDENING_MODE\=_LIBCPP_HARDENING_MODE_DEBUG -swift-version 5 -I /Users/darisadam/Library/Developer/Xcode/DerivedData/Madabank-hkohthnbjtgnoechirsoymtykttx/Build/Products/Debug-iphonesimulator -F /Users/darisadam/Library/Developer/Xcode/DerivedData/Madabank-hkohthnbjtgnoechirsoymtykttx/Build/Products/Debug-iphonesimulator -F /Applications/Xcode.app/Contents/Developer/Platforms/iPhoneSimulator.platform/Developer/Library/Frameworks -c -j8 -enable-batch-mode -incremental -Xcc -ivfsstatcache -Xcc /Users/darisadam/Library/Developer/Xcode/DerivedData/SDKStatCaches.noindex/iphonesimulator26.1-23B77-3885c01c3e6b6a337905948deab2002e90cf18a4295e390e64c810bc6bd7acbc.sdkstatcache -output-file-map /Users/darisadam/Library/Developer/Xcode/DerivedData/Madabank-hkohthnbjtgnoechirsoymtykttx/Build/Intermediates.noindex/RxSwift.build/Debug-iphonesimulator/RxRelay.build/Objects-normal/arm64/RxRelay-OutputFileMap.json -use-frontend-parseable-output -save-temps -no-color-diagnostics -explicit-module-build -module-cache-path /Users/darisadam/Library/Developer/Xcode/DerivedData/Madabank-hkohthnbjtgnoechirsoymtykttx/Build/Intermediates.noindex/SwiftExplicitPrecompiledModules -clang-scanner-module-cache-path /Users/darisadam/Library/Developer/Xcode/DerivedData/ModuleCache.noindex -sdk-module-cache-path /Users/darisadam/Library/Developer/Xcode/DerivedData/ModuleCache.noindex -serialize-diagnostics -emit-dependencies -emit-module -emit-module-path /Users/darisadam/Library/Developer/Xcode/DerivedData/Madabank-hkohthnbjtgnoechirsoymtykttx/Build/Intermediates.noindex/RxSwift.build/Debug-iphonesimulator/RxRelay.build/Objects-normal/arm64/RxRelay.swiftmodule -validate-clang-modules-once -clang-build-session-file /Users/darisadam/Library/Developer/Xcode/DerivedData/ModuleCache.noindex/Session.modulevalidation -Xcc -I/Users/darisadam/Library/Developer/Xcode/DerivedData/Madabank-hkohthnbjtgnoechirsoymtykttx/Build/Intermediates.noindex/RxSwift.build/Debug-iphonesimulator/RxRelay.build/swift-overrides.hmap -emit-const-values -Xfrontend -const-gather-protocols-file -Xfrontend /Users/darisadam/Library/Developer/Xcode/DerivedData/Madabank-hkohthnbjtgnoechirsoymtykttx/Build/Intermediates.noindex/RxSwift.build/Debug-iphonesimulator/RxRelay.build/Objects-normal/arm64/RxRelay_const_extract_protocols.json -Xcc -I/Users/darisadam/Library/Developer/Xcode/DerivedData/Madabank-hkohthnbjtgnoechirsoymtykttx/Build/Products/Debug-iphonesimulator/include -Xcc -I/Users/darisadam/Library/Developer/Xcode/DerivedData/Madabank-hkohthnbjtgnoechirsoymtykttx/Build/Intermediates.noindex/RxSwift.build/Debug-iphonesimulator/RxRelay.build/DerivedSources-normal/arm64 -Xcc -I/Users/darisadam/Library/Developer/Xcode/DerivedData/Madabank-hkohthnbjtgnoechirsoymtykttx/Build/Intermediates.noindex/RxSwift.build/Debug-iphonesimulator/RxRelay.build/DerivedSources/arm64 -Xcc -I/Users/darisadam/Library/Developer/Xcode/DerivedData/Madabank-hkohthnbjtgnoechirsoymtykttx/Build/Intermediates.noindex/RxSwift.build/Debug-iphonesimulator/RxRelay.build/DerivedSources -Xcc -DDEBUG\=1 -Xcc -DSWIFT_PACKAGE\=1 -emit-objc-header -emit-objc-header-path /Users/darisadam/Library/Developer/Xcode/DerivedData/Madabank-hkohthnbjtgnoechirsoymtykttx/Build/Intermediates.noindex/RxSwift.build/Debug-iphonesimulator/RxRelay.build/Objects-normal/arm64/RxRelay-Swift.h -working-directory /Users/darisadam/Documents/Projects/iOS\ Apps/madabank-ios/Madabank/Tuist/.build/tuist-derived/RxSwift -experimental-emit-module-separately -disable-cmo

ExtractAppIntentsMetadata (in target 'SnapKit' from project 'SnapKit')
    cd /Users/darisadam/Documents/Projects/iOS\ Apps/madabank-ios/Madabank/Tuist/.build/tuist-derived/SnapKit
    /Applications/Xcode.app/Contents/Developer/Toolchains/XcodeDefault.xctoolchain/usr/bin/appintentsmetadataprocessor --toolchain-dir /var/run/com.apple.security.cryptexd/mnt/com.apple.MobileAsset.MetalToolchain-v17.2.54.0.wH8bUi/Metal.xctoolchain --module-name SnapKit --sdk-root /Applications/Xcode.app/Contents/Developer/Platforms/iPhoneSimulator.platform/Developer/SDKs/iPhoneSimulator26.1.sdk --xcode-version 17B100 --platform-family iOS --deployment-target 12.0 --bundle-identifier dev.tuist.SnapKit --output /Users/darisadam/Library/Developer/Xcode/DerivedData/Madabank-hkohthnbjtgnoechirsoymtykttx/Build/Products/Debug-iphonesimulator/SnapKit.framework --target-triple arm64-apple-ios12.0-simulator --binary-file /Users/darisadam/Library/Developer/Xcode/DerivedData/Madabank-hkohthnbjtgnoechirsoymtykttx/Build/Products/Debug-iphonesimulator/SnapKit.framework/SnapKit --dependency-file /Users/darisadam/Library/Developer/Xcode/DerivedData/Madabank-hkohthnbjtgnoechirsoymtykttx/Build/Intermediates.noindex/SnapKit.build/Debug-iphonesimulator/SnapKit.build/Objects-normal/arm64/SnapKit_dependency_info.dat --stringsdata-file /Users/darisadam/Library/Developer/Xcode/DerivedData/Madabank-hkohthnbjtgnoechirsoymtykttx/Build/Intermediates.noindex/SnapKit.build/Debug-iphonesimulator/SnapKit.build/Objects-normal/arm64/ExtractedAppShortcutsMetadata.stringsdata --source-file-list /Users/darisadam/Library/Developer/Xcode/DerivedData/Madabank-hkohthnbjtgnoechirsoymtykttx/Build/Intermediates.noindex/SnapKit.build/Debug-iphonesimulator/SnapKit.build/Objects-normal/arm64/SnapKit.SwiftFileList --metadata-file-list /Users/darisadam/Library/Developer/Xcode/DerivedData/Madabank-hkohthnbjtgnoechirsoymtykttx/Build/Intermediates.noindex/SnapKit.build/Debug-iphonesimulator/SnapKit.build/SnapKit.DependencyMetadataFileList --static-metadata-file-list /Users/darisadam/Library/Developer/Xcode/DerivedData/Madabank-hkohthnbjtgnoechirsoymtykttx/Build/Intermediates.noindex/SnapKit.build/Debug-iphonesimulator/SnapKit.build/SnapKit.DependencyStaticMetadataFileList --swift-const-vals-list /Users/darisadam/Library/Developer/Xcode/DerivedData/Madabank-hkohthnbjtgnoechirsoymtykttx/Build/Intermediates.noindex/SnapKit.build/Debug-iphonesimulator/SnapKit.build/Objects-normal/arm64/SnapKit.SwiftConstValuesFileList --compile-time-extraction --deployment-aware-processing --validate-assistant-intents --no-app-shortcuts-localization
2026-02-04 20:09:48.529 appintentsmetadataprocessor[15704:2558905] Starting appintentsmetadataprocessor export
2026-02-04 20:09:48.532 appintentsmetadataprocessor[15704:2558905] warning: Metadata extraction skipped. No AppIntents.framework dependency found.

ExtractAppIntentsMetadata (in target 'RxSwift' from project 'RxSwift')
    cd /Users/darisadam/Documents/Projects/iOS\ Apps/madabank-ios/Madabank/Tuist/.build/tuist-derived/RxSwift
    /Applications/Xcode.app/Contents/Developer/Toolchains/XcodeDefault.xctoolchain/usr/bin/appintentsmetadataprocessor --toolchain-dir /var/run/com.apple.security.cryptexd/mnt/com.apple.MobileAsset.MetalToolchain-v17.2.54.0.wH8bUi/Metal.xctoolchain --module-name RxSwift --sdk-root /Applications/Xcode.app/Contents/Developer/Platforms/iPhoneSimulator.platform/Developer/SDKs/iPhoneSimulator26.1.sdk --xcode-version 17B100 --platform-family iOS --deployment-target 12.0 --bundle-identifier dev.tuist.RxSwift --output /Users/darisadam/Library/Developer/Xcode/DerivedData/Madabank-hkohthnbjtgnoechirsoymtykttx/Build/Products/Debug-iphonesimulator/RxSwift.framework --target-triple arm64-apple-ios12.0-simulator --binary-file /Users/darisadam/Library/Developer/Xcode/DerivedData/Madabank-hkohthnbjtgnoechirsoymtykttx/Build/Products/Debug-iphonesimulator/RxSwift.framework/RxSwift --dependency-file /Users/darisadam/Library/Developer/Xcode/DerivedData/Madabank-hkohthnbjtgnoechirsoymtykttx/Build/Intermediates.noindex/RxSwift.build/Debug-iphonesimulator/RxSwift.build/Objects-normal/arm64/RxSwift_dependency_info.dat --stringsdata-file /Users/darisadam/Library/Developer/Xcode/DerivedData/Madabank-hkohthnbjtgnoechirsoymtykttx/Build/Intermediates.noindex/RxSwift.build/Debug-iphonesimulator/RxSwift.build/Objects-normal/arm64/ExtractedAppShortcutsMetadata.stringsdata --source-file-list /Users/darisadam/Library/Developer/Xcode/DerivedData/Madabank-hkohthnbjtgnoechirsoymtykttx/Build/Intermediates.noindex/RxSwift.build/Debug-iphonesimulator/RxSwift.build/Objects-normal/arm64/RxSwift.SwiftFileList --metadata-file-list /Users/darisadam/Library/Developer/Xcode/DerivedData/Madabank-hkohthnbjtgnoechirsoymtykttx/Build/Intermediates.noindex/RxSwift.build/Debug-iphonesimulator/RxSwift.build/RxSwift.DependencyMetadataFileList --static-metadata-file-list /Users/darisadam/Library/Developer/Xcode/DerivedData/Madabank-hkohthnbjtgnoechirsoymtykttx/Build/Intermediates.noindex/RxSwift.build/Debug-iphonesimulator/RxSwift.build/RxSwift.DependencyStaticMetadataFileList --swift-const-vals-list /Users/darisadam/Library/Developer/Xcode/DerivedData/Madabank-hkohthnbjtgnoechirsoymtykttx/Build/Intermediates.noindex/RxSwift.build/Debug-iphonesimulator/RxSwift.build/Objects-normal/arm64/RxSwift.SwiftConstValuesFileList --compile-time-extraction --deployment-aware-processing --validate-assistant-intents --no-app-shortcuts-localization
2026-02-04 20:09:48.529 appintentsmetadataprocessor[15705:2558906] Starting appintentsmetadataprocessor export
2026-02-04 20:09:48.532 appintentsmetadataprocessor[15705:2558906] warning: Metadata extraction skipped. No AppIntents.framework dependency found.

ExtractAppIntentsMetadata (in target 'Alamofire' from project 'Alamofire')
    cd /Users/darisadam/Documents/Projects/iOS\ Apps/madabank-ios/Madabank/Tuist/.build/tuist-derived/Alamofire
    /Applications/Xcode.app/Contents/Developer/Toolchains/XcodeDefault.xctoolchain/usr/bin/appintentsmetadataprocessor --toolchain-dir /var/run/com.apple.security.cryptexd/mnt/com.apple.MobileAsset.MetalToolchain-v17.2.54.0.wH8bUi/Metal.xctoolchain --module-name Alamofire --sdk-root /Applications/Xcode.app/Contents/Developer/Platforms/iPhoneSimulator.platform/Developer/SDKs/iPhoneSimulator26.1.sdk --xcode-version 17B100 --platform-family iOS --deployment-target 12.0 --bundle-identifier dev.tuist.Alamofire --output /Users/darisadam/Library/Developer/Xcode/DerivedData/Madabank-hkohthnbjtgnoechirsoymtykttx/Build/Products/Debug-iphonesimulator/Alamofire.framework --target-triple arm64-apple-ios12.0-simulator --binary-file /Users/darisadam/Library/Developer/Xcode/DerivedData/Madabank-hkohthnbjtgnoechirsoymtykttx/Build/Products/Debug-iphonesimulator/Alamofire.framework/Alamofire --dependency-file /Users/darisadam/Library/Developer/Xcode/DerivedData/Madabank-hkohthnbjtgnoechirsoymtykttx/Build/Intermediates.noindex/Alamofire.build/Debug-iphonesimulator/Alamofire.build/Objects-normal/arm64/Alamofire_dependency_info.dat --stringsdata-file /Users/darisadam/Library/Developer/Xcode/DerivedData/Madabank-hkohthnbjtgnoechirsoymtykttx/Build/Intermediates.noindex/Alamofire.build/Debug-iphonesimulator/Alamofire.build/Objects-normal/arm64/ExtractedAppShortcutsMetadata.stringsdata --source-file-list /Users/darisadam/Library/Developer/Xcode/DerivedData/Madabank-hkohthnbjtgnoechirsoymtykttx/Build/Intermediates.noindex/Alamofire.build/Debug-iphonesimulator/Alamofire.build/Objects-normal/arm64/Alamofire.SwiftFileList --metadata-file-list /Users/darisadam/Library/Developer/Xcode/DerivedData/Madabank-hkohthnbjtgnoechirsoymtykttx/Build/Intermediates.noindex/Alamofire.build/Debug-iphonesimulator/Alamofire.build/Alamofire.DependencyMetadataFileList --static-metadata-file-list /Users/darisadam/Library/Developer/Xcode/DerivedData/Madabank-hkohthnbjtgnoechirsoymtykttx/Build/Intermediates.noindex/Alamofire.build/Debug-iphonesimulator/Alamofire.build/Alamofire.DependencyStaticMetadataFileList --swift-const-vals-list /Users/darisadam/Library/Developer/Xcode/DerivedData/Madabank-hkohthnbjtgnoechirsoymtykttx/Build/Intermediates.noindex/Alamofire.build/Debug-iphonesimulator/Alamofire.build/Objects-normal/arm64/Alamofire.SwiftConstValuesFileList --compile-time-extraction --deployment-aware-processing --validate-assistant-intents --no-app-shortcuts-localization
2026-02-04 20:09:48.530 appintentsmetadataprocessor[15706:2558907] Starting appintentsmetadataprocessor export
2026-02-04 20:09:48.532 appintentsmetadataprocessor[15706:2558907] warning: Metadata extraction skipped. No AppIntents.framework dependency found.

SwiftDriver RxCocoa normal arm64 com.apple.xcode.tools.swift.compiler (in target 'RxCocoa' from project 'RxSwift')
    cd /Users/darisadam/Documents/Projects/iOS\ Apps/madabank-ios/Madabank/Tuist/.build/tuist-derived/RxSwift
    builtin-SwiftDriver -- /Applications/Xcode.app/Contents/Developer/Toolchains/XcodeDefault.xctoolchain/usr/bin/swiftc -module-name RxCocoa -Onone -enforce-exclusivity\=checked @/Users/darisadam/Library/Developer/Xcode/DerivedData/Madabank-hkohthnbjtgnoechirsoymtykttx/Build/Intermediates.noindex/RxSwift.build/Debug-iphonesimulator/RxCocoa.build/Objects-normal/arm64/RxCocoa.SwiftFileList -DSWIFT_PACKAGE -DDEBUG -package-name RxSwift -Xcc -fmodule-map-file\=/Users/darisadam/Documents/Projects/iOS\ Apps/madabank-ios/Madabank/Tuist/.build/checkouts/RxSwift/../../tuist-derived/RxCocoaRuntime/RxCocoaRuntime.modulemap -enable-bare-slash-regex -enable-experimental-feature DebugDescriptionMacro -sdk /Applications/Xcode.app/Contents/Developer/Platforms/iPhoneSimulator.platform/Developer/SDKs/iPhoneSimulator26.1.sdk -target arm64-apple-ios12.0-simulator -g -module-cache-path /Users/darisadam/Library/Developer/Xcode/DerivedData/ModuleCache.noindex -Xfrontend -serialize-debugging-options -enable-testing -suppress-warnings -index-store-path /Users/darisadam/Library/Developer/Xcode/DerivedData/Madabank-hkohthnbjtgnoechirsoymtykttx/Index.noindex/DataStore -Xcc -D_LIBCPP_HARDENING_MODE\=_LIBCPP_HARDENING_MODE_DEBUG -swift-version 5 -I /Users/darisadam/Library/Developer/Xcode/DerivedData/Madabank-hkohthnbjtgnoechirsoymtykttx/Build/Products/Debug-iphonesimulator -F /Users/darisadam/Library/Developer/Xcode/DerivedData/Madabank-hkohthnbjtgnoechirsoymtykttx/Build/Products/Debug-iphonesimulator -F /Applications/Xcode.app/Contents/Developer/Platforms/iPhoneSimulator.platform/Developer/Library/Frameworks -c -j8 -enable-batch-mode -incremental -Xcc -ivfsstatcache -Xcc /Users/darisadam/Library/Developer/Xcode/DerivedData/SDKStatCaches.noindex/iphonesimulator26.1-23B77-3885c01c3e6b6a337905948deab2002e90cf18a4295e390e64c810bc6bd7acbc.sdkstatcache -output-file-map /Users/darisadam/Library/Developer/Xcode/DerivedData/Madabank-hkohthnbjtgnoechirsoymtykttx/Build/Intermediates.noindex/RxSwift.build/Debug-iphonesimulator/RxCocoa.build/Objects-normal/arm64/RxCocoa-OutputFileMap.json -use-frontend-parseable-output -save-temps -no-color-diagnostics -explicit-module-build -module-cache-path /Users/darisadam/Library/Developer/Xcode/DerivedData/Madabank-hkohthnbjtgnoechirsoymtykttx/Build/Intermediates.noindex/SwiftExplicitPrecompiledModules -clang-scanner-module-cache-path /Users/darisadam/Library/Developer/Xcode/DerivedData/ModuleCache.noindex -sdk-module-cache-path /Users/darisadam/Library/Developer/Xcode/DerivedData/ModuleCache.noindex -serialize-diagnostics -emit-dependencies -emit-module -emit-module-path /Users/darisadam/Library/Developer/Xcode/DerivedData/Madabank-hkohthnbjtgnoechirsoymtykttx/Build/Intermediates.noindex/RxSwift.build/Debug-iphonesimulator/RxCocoa.build/Objects-normal/arm64/RxCocoa.swiftmodule -validate-clang-modules-once -clang-build-session-file /Users/darisadam/Library/Developer/Xcode/DerivedData/ModuleCache.noindex/Session.modulevalidation -Xcc -I/Users/darisadam/Library/Developer/Xcode/DerivedData/Madabank-hkohthnbjtgnoechirsoymtykttx/Build/Intermediates.noindex/RxSwift.build/Debug-iphonesimulator/RxCocoa.build/swift-overrides.hmap -emit-const-values -Xfrontend -const-gather-protocols-file -Xfrontend /Users/darisadam/Library/Developer/Xcode/DerivedData/Madabank-hkohthnbjtgnoechirsoymtykttx/Build/Intermediates.noindex/RxSwift.build/Debug-iphonesimulator/RxCocoa.build/Objects-normal/arm64/RxCocoa_const_extract_protocols.json -Xcc -I/Users/darisadam/Library/Developer/Xcode/DerivedData/Madabank-hkohthnbjtgnoechirsoymtykttx/Build/Products/Debug-iphonesimulator/include -Xcc -I/Users/darisadam/Documents/Projects/iOS\ Apps/madabank-ios/Madabank/Tuist/.build/checkouts/RxSwift/Sources/RxCocoaRuntime/include -Xcc -I/Users/darisadam/Library/Developer/Xcode/DerivedData/Madabank-hkohthnbjtgnoechirsoymtykttx/Build/Intermediates.noindex/RxSwift.build/Debug-iphonesimulator/RxCocoa.build/DerivedSources-normal/arm64 -Xcc -I/Users/darisadam/Library/Developer/Xcode/DerivedData/Madabank-hkohthnbjtgnoechirsoymtykttx/Build/Intermediates.noindex/RxSwift.build/Debug-iphonesimulator/RxCocoa.build/DerivedSources/arm64 -Xcc -I/Users/darisadam/Library/Developer/Xcode/DerivedData/Madabank-hkohthnbjtgnoechirsoymtykttx/Build/Intermediates.noindex/RxSwift.build/Debug-iphonesimulator/RxCocoa.build/DerivedSources -Xcc -DDEBUG\=1 -Xcc -DSWIFT_PACKAGE\=1 -emit-objc-header -emit-objc-header-path /Users/darisadam/Library/Developer/Xcode/DerivedData/Madabank-hkohthnbjtgnoechirsoymtykttx/Build/Intermediates.noindex/RxSwift.build/Debug-iphonesimulator/RxCocoa.build/Objects-normal/arm64/RxCocoa-Swift.h -working-directory /Users/darisadam/Documents/Projects/iOS\ Apps/madabank-ios/Madabank/Tuist/.build/tuist-derived/RxSwift -experimental-emit-module-separately -disable-cmo

SwiftDriverJobDiscovery normal arm64 Compiling IQUIView+Hierarchy.swift, IQUIViewController+Additions.swift, IQKeyboardManagerConstants.swift (in target 'IQKeyboardManagerSwift' from project 'IQKeyboardManagerSwift')

CodeSign /Users/darisadam/Library/Developer/Xcode/DerivedData/Madabank-hkohthnbjtgnoechirsoymtykttx/Build/Products/Debug-iphonesimulator/RxSwift.framework (in target 'RxSwift' from project 'RxSwift')
    cd /Users/darisadam/Documents/Projects/iOS\ Apps/madabank-ios/Madabank/Tuist/.build/tuist-derived/RxSwift
    
    Signing Identity:     "Sign to Run Locally"
    
    /usr/bin/codesign --force --sign - --timestamp\=none --generate-entitlement-der /Users/darisadam/Library/Developer/Xcode/DerivedData/Madabank-hkohthnbjtgnoechirsoymtykttx/Build/Products/Debug-iphonesimulator/RxSwift.framework
/Users/darisadam/Library/Developer/Xcode/DerivedData/Madabank-hkohthnbjtgnoechirsoymtykttx/Build/Products/Debug-iphonesimulator/RxSwift.framework: replacing existing signature

CodeSign /Users/darisadam/Library/Developer/Xcode/DerivedData/Madabank-hkohthnbjtgnoechirsoymtykttx/Build/Products/Debug-iphonesimulator/SnapKit.framework (in target 'SnapKit' from project 'SnapKit')
    cd /Users/darisadam/Documents/Projects/iOS\ Apps/madabank-ios/Madabank/Tuist/.build/tuist-derived/SnapKit
    
    Signing Identity:     "Sign to Run Locally"
    
    /usr/bin/codesign --force --sign - --timestamp\=none --generate-entitlement-der /Users/darisadam/Library/Developer/Xcode/DerivedData/Madabank-hkohthnbjtgnoechirsoymtykttx/Build/Products/Debug-iphonesimulator/SnapKit.framework
/Users/darisadam/Library/Developer/Xcode/DerivedData/Madabank-hkohthnbjtgnoechirsoymtykttx/Build/Products/Debug-iphonesimulator/SnapKit.framework: replacing existing signature

CodeSign /Users/darisadam/Library/Developer/Xcode/DerivedData/Madabank-hkohthnbjtgnoechirsoymtykttx/Build/Products/Debug-iphonesimulator/Alamofire.framework (in target 'Alamofire' from project 'Alamofire')
    cd /Users/darisadam/Documents/Projects/iOS\ Apps/madabank-ios/Madabank/Tuist/.build/tuist-derived/Alamofire
    
    Signing Identity:     "Sign to Run Locally"
    
    /usr/bin/codesign --force --sign - --timestamp\=none --generate-entitlement-der /Users/darisadam/Library/Developer/Xcode/DerivedData/Madabank-hkohthnbjtgnoechirsoymtykttx/Build/Products/Debug-iphonesimulator/Alamofire.framework
/Users/darisadam/Library/Developer/Xcode/DerivedData/Madabank-hkohthnbjtgnoechirsoymtykttx/Build/Products/Debug-iphonesimulator/Alamofire.framework: replacing existing signature

ProcessInfoPlistFile /Users/darisadam/Library/Developer/Xcode/DerivedData/Madabank-hkohthnbjtgnoechirsoymtykttx/Build/Products/Debug-iphonesimulator/RxRelay.framework/Info.plist /Users/darisadam/Documents/Projects/iOS\ Apps/madabank-ios/Madabank/Tuist/.build/tuist-derived/RxRelay/InfoPlists/RxRelay-Info.plist (in target 'RxRelay' from project 'RxSwift')
    cd /Users/darisadam/Documents/Projects/iOS\ Apps/madabank-ios/Madabank/Tuist/.build/tuist-derived/RxSwift
    builtin-infoPlistUtility /Users/darisadam/Documents/Projects/iOS\ Apps/madabank-ios/Madabank/Tuist/.build/tuist-derived/RxRelay/InfoPlists/RxRelay-Info.plist -producttype com.apple.product-type.framework -expandbuildsettings -format binary -platform iphonesimulator -o /Users/darisadam/Library/Developer/Xcode/DerivedData/Madabank-hkohthnbjtgnoechirsoymtykttx/Build/Products/Debug-iphonesimulator/RxRelay.framework/Info.plist

ProcessInfoPlistFile /Users/darisadam/Library/Developer/Xcode/DerivedData/Madabank-hkohthnbjtgnoechirsoymtykttx/Build/Products/Debug-iphonesimulator/RxCocoaRuntime.framework/Info.plist /Users/darisadam/Documents/Projects/iOS\ Apps/madabank-ios/Madabank/Tuist/.build/tuist-derived/RxCocoaRuntime/InfoPlists/RxCocoaRuntime-Info.plist (in target 'RxCocoaRuntime' from project 'RxSwift')
    cd /Users/darisadam/Documents/Projects/iOS\ Apps/madabank-ios/Madabank/Tuist/.build/tuist-derived/RxSwift
    builtin-infoPlistUtility /Users/darisadam/Documents/Projects/iOS\ Apps/madabank-ios/Madabank/Tuist/.build/tuist-derived/RxCocoaRuntime/InfoPlists/RxCocoaRuntime-Info.plist -producttype com.apple.product-type.framework -expandbuildsettings -format binary -platform iphonesimulator -o /Users/darisadam/Library/Developer/Xcode/DerivedData/Madabank-hkohthnbjtgnoechirsoymtykttx/Build/Products/Debug-iphonesimulator/RxCocoaRuntime.framework/Info.plist

ExtractAppIntentsMetadata (in target 'RxRelay' from project 'RxSwift')
    cd /Users/darisadam/Documents/Projects/iOS\ Apps/madabank-ios/Madabank/Tuist/.build/tuist-derived/RxSwift
    /Applications/Xcode.app/Contents/Developer/Toolchains/XcodeDefault.xctoolchain/usr/bin/appintentsmetadataprocessor --toolchain-dir /var/run/com.apple.security.cryptexd/mnt/com.apple.MobileAsset.MetalToolchain-v17.2.54.0.wH8bUi/Metal.xctoolchain --module-name RxRelay --sdk-root /Applications/Xcode.app/Contents/Developer/Platforms/iPhoneSimulator.platform/Developer/SDKs/iPhoneSimulator26.1.sdk --xcode-version 17B100 --platform-family iOS --deployment-target 12.0 --bundle-identifier dev.tuist.RxRelay --output /Users/darisadam/Library/Developer/Xcode/DerivedData/Madabank-hkohthnbjtgnoechirsoymtykttx/Build/Products/Debug-iphonesimulator/RxRelay.framework --target-triple arm64-apple-ios12.0-simulator --binary-file /Users/darisadam/Library/Developer/Xcode/DerivedData/Madabank-hkohthnbjtgnoechirsoymtykttx/Build/Products/Debug-iphonesimulator/RxRelay.framework/RxRelay --dependency-file /Users/darisadam/Library/Developer/Xcode/DerivedData/Madabank-hkohthnbjtgnoechirsoymtykttx/Build/Intermediates.noindex/RxSwift.build/Debug-iphonesimulator/RxRelay.build/Objects-normal/arm64/RxRelay_dependency_info.dat --stringsdata-file /Users/darisadam/Library/Developer/Xcode/DerivedData/Madabank-hkohthnbjtgnoechirsoymtykttx/Build/Intermediates.noindex/RxSwift.build/Debug-iphonesimulator/RxRelay.build/Objects-normal/arm64/ExtractedAppShortcutsMetadata.stringsdata --source-file-list /Users/darisadam/Library/Developer/Xcode/DerivedData/Madabank-hkohthnbjtgnoechirsoymtykttx/Build/Intermediates.noindex/RxSwift.build/Debug-iphonesimulator/RxRelay.build/Objects-normal/arm64/RxRelay.SwiftFileList --metadata-file-list /Users/darisadam/Library/Developer/Xcode/DerivedData/Madabank-hkohthnbjtgnoechirsoymtykttx/Build/Intermediates.noindex/RxSwift.build/Debug-iphonesimulator/RxRelay.build/RxRelay.DependencyMetadataFileList --static-metadata-file-list /Users/darisadam/Library/Developer/Xcode/DerivedData/Madabank-hkohthnbjtgnoechirsoymtykttx/Build/Intermediates.noindex/RxSwift.build/Debug-iphonesimulator/RxRelay.build/RxRelay.DependencyStaticMetadataFileList --swift-const-vals-list /Users/darisadam/Library/Developer/Xcode/DerivedData/Madabank-hkohthnbjtgnoechirsoymtykttx/Build/Intermediates.noindex/RxSwift.build/Debug-iphonesimulator/RxRelay.build/Objects-normal/arm64/RxRelay.SwiftConstValuesFileList --compile-time-extraction --deployment-aware-processing --validate-assistant-intents --no-app-shortcuts-localization
2026-02-04 20:09:48.626 appintentsmetadataprocessor[15710:2558932] Starting appintentsmetadataprocessor export
2026-02-04 20:09:48.633 appintentsmetadataprocessor[15710:2558932] warning: Metadata extraction skipped. No AppIntents.framework dependency found.

ProcessInfoPlistFile /Users/darisadam/Library/Developer/Xcode/DerivedData/Madabank-hkohthnbjtgnoechirsoymtykttx/Build/Products/Debug-iphonesimulator/Networking.framework/Info.plist /Users/darisadam/Documents/Projects/iOS\ Apps/madabank-ios/Madabank/Modules/Shared/Networking/Derived/InfoPlists/Networking-Info.plist (in target 'Networking' from project 'Networking')
    cd /Users/darisadam/Documents/Projects/iOS\ Apps/madabank-ios/Madabank/Modules/Shared/Networking
    builtin-infoPlistUtility /Users/darisadam/Documents/Projects/iOS\ Apps/madabank-ios/Madabank/Modules/Shared/Networking/Derived/InfoPlists/Networking-Info.plist -producttype com.apple.product-type.framework -expandbuildsettings -format binary -platform iphonesimulator -o /Users/darisadam/Library/Developer/Xcode/DerivedData/Madabank-hkohthnbjtgnoechirsoymtykttx/Build/Products/Debug-iphonesimulator/Networking.framework/Info.plist

ProcessInfoPlistFile /Users/darisadam/Library/Developer/Xcode/DerivedData/Madabank-hkohthnbjtgnoechirsoymtykttx/Build/Products/Debug-iphonesimulator/Domain.framework/Info.plist /Users/darisadam/Documents/Projects/iOS\ Apps/madabank-ios/Madabank/Modules/Shared/Domain/Derived/InfoPlists/Domain-Info.plist (in target 'Domain' from project 'Domain')
    cd /Users/darisadam/Documents/Projects/iOS\ Apps/madabank-ios/Madabank/Modules/Shared/Domain
    builtin-infoPlistUtility /Users/darisadam/Documents/Projects/iOS\ Apps/madabank-ios/Madabank/Modules/Shared/Domain/Derived/InfoPlists/Domain-Info.plist -producttype com.apple.product-type.framework -expandbuildsettings -format binary -platform iphonesimulator -o /Users/darisadam/Library/Developer/Xcode/DerivedData/Madabank-hkohthnbjtgnoechirsoymtykttx/Build/Products/Debug-iphonesimulator/Domain.framework/Info.plist

CodeSign /Users/darisadam/Library/Developer/Xcode/DerivedData/Madabank-hkohthnbjtgnoechirsoymtykttx/Build/Products/Debug-iphonesimulator/RxRelay.framework (in target 'RxRelay' from project 'RxSwift')
    cd /Users/darisadam/Documents/Projects/iOS\ Apps/madabank-ios/Madabank/Tuist/.build/tuist-derived/RxSwift
    
    Signing Identity:     "Sign to Run Locally"
    
    /usr/bin/codesign --force --sign - --timestamp\=none --generate-entitlement-der /Users/darisadam/Library/Developer/Xcode/DerivedData/Madabank-hkohthnbjtgnoechirsoymtykttx/Build/Products/Debug-iphonesimulator/RxRelay.framework
/Users/darisadam/Library/Developer/Xcode/DerivedData/Madabank-hkohthnbjtgnoechirsoymtykttx/Build/Products/Debug-iphonesimulator/RxRelay.framework: replacing existing signature

SwiftDriverJobDiscovery normal arm64 Compiling NFXDetailsController_iOS.swift, NFXHelper_iOS.swift, NFXInfoController_iOS.swift (in target 'netfox' from project 'netfox')

SwiftDriver\ Compilation netfox normal arm64 com.apple.xcode.tools.swift.compiler (in target 'netfox' from project 'netfox')
    cd /Users/darisadam/Documents/Projects/iOS\ Apps/madabank-ios/Madabank/Tuist/.build/tuist-derived/netfox
    builtin-Swift-Compilation -- /Applications/Xcode.app/Contents/Developer/Toolchains/XcodeDefault.xctoolchain/usr/bin/swiftc -module-name netfox -Onone -enforce-exclusivity\=checked @/Users/darisadam/Library/Developer/Xcode/DerivedData/Madabank-hkohthnbjtgnoechirsoymtykttx/Build/Intermediates.noindex/netfox.build/Debug-iphonesimulator/netfox.build/Objects-normal/arm64/netfox.SwiftFileList -DSWIFT_PACKAGE -DDEBUG -enable-bare-slash-regex -enable-experimental-feature DebugDescriptionMacro -sdk /Applications/Xcode.app/Contents/Developer/Platforms/iPhoneSimulator.platform/Developer/SDKs/iPhoneSimulator26.1.sdk -target arm64-apple-ios12.0-simulator -g -module-cache-path /Users/darisadam/Library/Developer/Xcode/DerivedData/ModuleCache.noindex -Xfrontend -serialize-debugging-options -enable-testing -suppress-warnings -index-store-path /Users/darisadam/Library/Developer/Xcode/DerivedData/Madabank-hkohthnbjtgnoechirsoymtykttx/Index.noindex/DataStore -Xcc -D_LIBCPP_HARDENING_MODE\=_LIBCPP_HARDENING_MODE_DEBUG -swift-version 5 -I /Users/darisadam/Library/Developer/Xcode/DerivedData/Madabank-hkohthnbjtgnoechirsoymtykttx/Build/Products/Debug-iphonesimulator -F /Users/darisadam/Library/Developer/Xcode/DerivedData/Madabank-hkohthnbjtgnoechirsoymtykttx/Build/Products/Debug-iphonesimulator -F /Applications/Xcode.app/Contents/Developer/Platforms/iPhoneSimulator.platform/Developer/Library/Frameworks -c -j8 -enable-batch-mode -incremental -Xcc -ivfsstatcache -Xcc /Users/darisadam/Library/Developer/Xcode/DerivedData/SDKStatCaches.noindex/iphonesimulator26.1-23B77-3885c01c3e6b6a337905948deab2002e90cf18a4295e390e64c810bc6bd7acbc.sdkstatcache -output-file-map /Users/darisadam/Library/Developer/Xcode/DerivedData/Madabank-hkohthnbjtgnoechirsoymtykttx/Build/Intermediates.noindex/netfox.build/Debug-iphonesimulator/netfox.build/Objects-normal/arm64/netfox-OutputFileMap.json -use-frontend-parseable-output -save-temps -no-color-diagnostics -explicit-module-build -module-cache-path /Users/darisadam/Library/Developer/Xcode/DerivedData/Madabank-hkohthnbjtgnoechirsoymtykttx/Build/Intermediates.noindex/SwiftExplicitPrecompiledModules -clang-scanner-module-cache-path /Users/darisadam/Library/Developer/Xcode/DerivedData/ModuleCache.noindex -sdk-module-cache-path /Users/darisadam/Library/Developer/Xcode/DerivedData/ModuleCache.noindex -serialize-diagnostics -emit-dependencies -emit-module -emit-module-path /Users/darisadam/Library/Developer/Xcode/DerivedData/Madabank-hkohthnbjtgnoechirsoymtykttx/Build/Intermediates.noindex/netfox.build/Debug-iphonesimulator/netfox.build/Objects-normal/arm64/netfox.swiftmodule -validate-clang-modules-once -clang-build-session-file /Users/darisadam/Library/Developer/Xcode/DerivedData/ModuleCache.noindex/Session.modulevalidation -Xcc -I/Users/darisadam/Library/Developer/Xcode/DerivedData/Madabank-hkohthnbjtgnoechirsoymtykttx/Build/Intermediates.noindex/netfox.build/Debug-iphonesimulator/netfox.build/swift-overrides.hmap -emit-const-values -Xfrontend -const-gather-protocols-file -Xfrontend /Users/darisadam/Library/Developer/Xcode/DerivedData/Madabank-hkohthnbjtgnoechirsoymtykttx/Build/Intermediates.noindex/netfox.build/Debug-iphonesimulator/netfox.build/Objects-normal/arm64/netfox_const_extract_protocols.json -Xcc -I/Users/darisadam/Library/Developer/Xcode/DerivedData/Madabank-hkohthnbjtgnoechirsoymtykttx/Build/Products/Debug-iphonesimulator/include -Xcc -I/Users/darisadam/Library/Developer/Xcode/DerivedData/Madabank-hkohthnbjtgnoechirsoymtykttx/Build/Intermediates.noindex/netfox.build/Debug-iphonesimulator/netfox.build/DerivedSources-normal/arm64 -Xcc -I/Users/darisadam/Library/Developer/Xcode/DerivedData/Madabank-hkohthnbjtgnoechirsoymtykttx/Build/Intermediates.noindex/netfox.build/Debug-iphonesimulator/netfox.build/DerivedSources/arm64 -Xcc -I/Users/darisadam/Library/Developer/Xcode/DerivedData/Madabank-hkohthnbjtgnoechirsoymtykttx/Build/Intermediates.noindex/netfox.build/Debug-iphonesimulator/netfox.build/DerivedSources -Xcc -DDEBUG\=1 -Xcc -DSWIFT_PACKAGE\=1 -emit-objc-header -emit-objc-header-path /Users/darisadam/Library/Developer/Xcode/DerivedData/Madabank-hkohthnbjtgnoechirsoymtykttx/Build/Intermediates.noindex/netfox.build/Debug-iphonesimulator/netfox.build/Objects-normal/arm64/netfox-Swift.h -working-directory /Users/darisadam/Documents/Projects/iOS\ Apps/madabank-ios/Madabank/Tuist/.build/tuist-derived/netfox -experimental-emit-module-separately -disable-cmo

Ld /Users/darisadam/Library/Developer/Xcode/DerivedData/Madabank-hkohthnbjtgnoechirsoymtykttx/Build/Products/Debug-iphonesimulator/netfox.framework/netfox normal (in target 'netfox' from project 'netfox')
    cd /Users/darisadam/Documents/Projects/iOS\ Apps/madabank-ios/Madabank/Tuist/.build/tuist-derived/netfox
    /Applications/Xcode.app/Contents/Developer/Toolchains/XcodeDefault.xctoolchain/usr/bin/clang -Xlinker -reproducible -target arm64-apple-ios12.0-simulator -dynamiclib -isysroot /Applications/Xcode.app/Contents/Developer/Platforms/iPhoneSimulator.platform/Developer/SDKs/iPhoneSimulator26.1.sdk -O0 -L/Users/darisadam/Library/Developer/Xcode/DerivedData/Madabank-hkohthnbjtgnoechirsoymtykttx/Build/Intermediates.noindex/EagerLinkingTBDs/Debug-iphonesimulator -L/Users/darisadam/Library/Developer/Xcode/DerivedData/Madabank-hkohthnbjtgnoechirsoymtykttx/Build/Products/Debug-iphonesimulator -F/Users/darisadam/Library/Developer/Xcode/DerivedData/Madabank-hkohthnbjtgnoechirsoymtykttx/Build/Intermediates.noindex/EagerLinkingTBDs/Debug-iphonesimulator -F/Users/darisadam/Library/Developer/Xcode/DerivedData/Madabank-hkohthnbjtgnoechirsoymtykttx/Build/Products/Debug-iphonesimulator -F/Applications/Xcode.app/Contents/Developer/Platforms/iPhoneSimulator.platform/Developer/Library/Frameworks -filelist /Users/darisadam/Library/Developer/Xcode/DerivedData/Madabank-hkohthnbjtgnoechirsoymtykttx/Build/Intermediates.noindex/netfox.build/Debug-iphonesimulator/netfox.build/Objects-normal/arm64/netfox.LinkFileList -install_name @rpath/netfox.framework/netfox -Xlinker -rpath -Xlinker /usr/lib/swift -Xlinker -rpath -Xlinker @executable_path/Frameworks -Xlinker -rpath -Xlinker @loader_path/Frameworks -dead_strip -Xlinker -object_path_lto -Xlinker /Users/darisadam/Library/Developer/Xcode/DerivedData/Madabank-hkohthnbjtgnoechirsoymtykttx/Build/Intermediates.noindex/netfox.build/Debug-iphonesimulator/netfox.build/Objects-normal/arm64/netfox_lto.o -rdynamic -Xlinker -no_deduplicate -Xlinker -objc_abi_version -Xlinker 2 -Xlinker -dependency_info -Xlinker /Users/darisadam/Library/Developer/Xcode/DerivedData/Madabank-hkohthnbjtgnoechirsoymtykttx/Build/Intermediates.noindex/netfox.build/Debug-iphonesimulator/netfox.build/Objects-normal/arm64/netfox_dependency_info.dat -fobjc-link-runtime -L/Applications/Xcode.app/Contents/Developer/Toolchains/XcodeDefault.xctoolchain/usr/lib/swift/iphonesimulator -L/usr/lib/swift -Xlinker -add_ast_path -Xlinker /Users/darisadam/Library/Developer/Xcode/DerivedData/Madabank-hkohthnbjtgnoechirsoymtykttx/Build/Intermediates.noindex/netfox.build/Debug-iphonesimulator/netfox.build/Objects-normal/arm64/netfox.swiftmodule @/Users/darisadam/Library/Developer/Xcode/DerivedData/Madabank-hkohthnbjtgnoechirsoymtykttx/Build/Intermediates.noindex/netfox.build/Debug-iphonesimulator/netfox.build/Objects-normal/arm64/netfox-linker-args.resp -Xlinker -no_adhoc_codesign -compatibility_version 1 -current_version 1 -o /Users/darisadam/Library/Developer/Xcode/DerivedData/Madabank-hkohthnbjtgnoechirsoymtykttx/Build/Products/Debug-iphonesimulator/netfox.framework/netfox

SwiftEmitModule normal arm64 Emitting\ module\ for\ Domain (in target 'Domain' from project 'Domain')

EmitSwiftModule normal arm64 (in target 'Domain' from project 'Domain')
    cd /Users/darisadam/Documents/Projects/iOS\ Apps/madabank-ios/Madabank/Modules/Shared/Domain
    

SwiftCompile normal arm64 Compiling\ DeleteProfileUseCase.swift /Users/darisadam/Documents/Projects/iOS\ Apps/madabank-ios/Madabank/Modules/Shared/Domain/Sources/UseCases/DeleteProfileUseCase.swift (in target 'Domain' from project 'Domain')

SwiftCompile normal arm64 /Users/darisadam/Documents/Projects/iOS\ Apps/madabank-ios/Madabank/Modules/Shared/Domain/Sources/UseCases/DeleteProfileUseCase.swift (in target 'Domain' from project 'Domain')
    cd /Users/darisadam/Documents/Projects/iOS\ Apps/madabank-ios/Madabank/Modules/Shared/Domain
    

SwiftCompile normal arm64 Compiling\ TuistBundle+RxCocoa.swift /Users/darisadam/Documents/Projects/iOS\ Apps/madabank-ios/Madabank/Tuist/.build/tuist-derived/RxCocoa/Sources/TuistBundle+RxCocoa.swift (in target 'RxCocoa' from project 'RxSwift')

SwiftCompile normal arm64 /Users/darisadam/Documents/Projects/iOS\ Apps/madabank-ios/Madabank/Tuist/.build/tuist-derived/RxCocoa/Sources/TuistBundle+RxCocoa.swift (in target 'RxCocoa' from project 'RxSwift')
    cd /Users/darisadam/Documents/Projects/iOS\ Apps/madabank-ios/Madabank/Tuist/.build/tuist-derived/RxSwift
    

SwiftEmitModule normal arm64 Emitting\ module\ for\ RxCocoa (in target 'RxCocoa' from project 'RxSwift')
EmitSwiftModule normal arm64 (in target 'RxCocoa' from project 'RxSwift')
    cd /Users/darisadam/Documents/Projects/iOS\ Apps/madabank-ios/Madabank/Tuist/.build/tuist-derived/RxSwift
    

SwiftDriverJobDiscovery normal arm64 Compiling IQTitleBarButtonItem.swift, IQToolbar.swift, IQUIView+IQKeyboardToolbar.swift (in target 'IQKeyboardManagerSwift' from project 'IQKeyboardManagerSwift')

SwiftDriverJobDiscovery normal arm64 Compiling DeleteProfileUseCase.swift (in target 'Domain' from project 'Domain')

SwiftDriverJobDiscovery normal arm64 Emitting module for Domain (in target 'Domain' from project 'Domain')

SwiftDriver\ Compilation\ Requirements Domain normal arm64 com.apple.xcode.tools.swift.compiler (in target 'Domain' from project 'Domain')
    cd /Users/darisadam/Documents/Projects/iOS\ Apps/madabank-ios/Madabank/Modules/Shared/Domain
    builtin-Swift-Compilation-Requirements -- /Applications/Xcode.app/Contents/Developer/Toolchains/XcodeDefault.xctoolchain/usr/bin/swiftc -module-name Domain -Onone -enforce-exclusivity\=checked @/Users/darisadam/Library/Developer/Xcode/DerivedData/Madabank-hkohthnbjtgnoechirsoymtykttx/Build/Intermediates.noindex/Domain.build/Debug-iphonesimulator/Domain.build/Objects-normal/arm64/Domain.SwiftFileList -DDEBUG -enable-bare-slash-regex -enable-experimental-feature DebugDescriptionMacro -sdk /Applications/Xcode.app/Contents/Developer/Platforms/iPhoneSimulator.platform/Developer/SDKs/iPhoneSimulator26.1.sdk -target arm64-apple-ios15.0-simulator -g -module-cache-path /Users/darisadam/Library/Developer/Xcode/DerivedData/ModuleCache.noindex -Xfrontend -serialize-debugging-options -enable-testing -index-store-path /Users/darisadam/Library/Developer/Xcode/DerivedData/Madabank-hkohthnbjtgnoechirsoymtykttx/Index.noindex/DataStore -Xcc -D_LIBCPP_HARDENING_MODE\=_LIBCPP_HARDENING_MODE_DEBUG -swift-version 5 -I /Users/darisadam/Library/Developer/Xcode/DerivedData/Madabank-hkohthnbjtgnoechirsoymtykttx/Build/Products/Debug-iphonesimulator -F /Users/darisadam/Library/Developer/Xcode/DerivedData/Madabank-hkohthnbjtgnoechirsoymtykttx/Build/Products/Debug-iphonesimulator -c -j8 -enable-batch-mode -incremental -Xcc -ivfsstatcache -Xcc /Users/darisadam/Library/Developer/Xcode/DerivedData/SDKStatCaches.noindex/iphonesimulator26.1-23B77-3885c01c3e6b6a337905948deab2002e90cf18a4295e390e64c810bc6bd7acbc.sdkstatcache -output-file-map /Users/darisadam/Library/Developer/Xcode/DerivedData/Madabank-hkohthnbjtgnoechirsoymtykttx/Build/Intermediates.noindex/Domain.build/Debug-iphonesimulator/Domain.build/Objects-normal/arm64/Domain-OutputFileMap.json -use-frontend-parseable-output -save-temps -no-color-diagnostics -explicit-module-build -module-cache-path /Users/darisadam/Library/Developer/Xcode/DerivedData/Madabank-hkohthnbjtgnoechirsoymtykttx/Build/Intermediates.noindex/SwiftExplicitPrecompiledModules -clang-scanner-module-cache-path /Users/darisadam/Library/Developer/Xcode/DerivedData/ModuleCache.noindex -sdk-module-cache-path /Users/darisadam/Library/Developer/Xcode/DerivedData/ModuleCache.noindex -serialize-diagnostics -emit-dependencies -emit-module -emit-module-path /Users/darisadam/Library/Developer/Xcode/DerivedData/Madabank-hkohthnbjtgnoechirsoymtykttx/Build/Intermediates.noindex/Domain.build/Debug-iphonesimulator/Domain.build/Objects-normal/arm64/Domain.swiftmodule -validate-clang-modules-once -clang-build-session-file /Users/darisadam/Library/Developer/Xcode/DerivedData/ModuleCache.noindex/Session.modulevalidation -Xcc -I/Users/darisadam/Library/Developer/Xcode/DerivedData/Madabank-hkohthnbjtgnoechirsoymtykttx/Build/Intermediates.noindex/Domain.build/Debug-iphonesimulator/Domain.build/swift-overrides.hmap -emit-const-values -Xfrontend -const-gather-protocols-file -Xfrontend /Users/darisadam/Library/Developer/Xcode/DerivedData/Madabank-hkohthnbjtgnoechirsoymtykttx/Build/Intermediates.noindex/Domain.build/Debug-iphonesimulator/Domain.build/Objects-normal/arm64/Domain_const_extract_protocols.json -Xcc -iquote -Xcc /Users/darisadam/Library/Developer/Xcode/DerivedData/Madabank-hkohthnbjtgnoechirsoymtykttx/Build/Intermediates.noindex/Domain.build/Debug-iphonesimulator/Domain.build/Domain-generated-files.hmap -Xcc -I/Users/darisadam/Library/Developer/Xcode/DerivedData/Madabank-hkohthnbjtgnoechirsoymtykttx/Build/Intermediates.noindex/Domain.build/Debug-iphonesimulator/Domain.build/Domain-own-target-headers.hmap -Xcc -I/Users/darisadam/Library/Developer/Xcode/DerivedData/Madabank-hkohthnbjtgnoechirsoymtykttx/Build/Intermediates.noindex/Domain.build/Debug-iphonesimulator/Domain.build/Domain-all-non-framework-target-headers.hmap -Xcc -ivfsoverlay -Xcc /Users/darisadam/Library/Developer/Xcode/DerivedData/Madabank-hkohthnbjtgnoechirsoymtykttx/Build/Intermediates.noindex/Domain.build/Debug-iphonesimulator/Domain-38b95e0e74f454eb1697545f0c9d82bd-VFS-iphonesimulator/all-product-headers.yaml -Xcc -iquote -Xcc /Users/darisadam/Library/Developer/Xcode/DerivedData/Madabank-hkohthnbjtgnoechirsoymtykttx/Build/Intermediates.noindex/Domain.build/Debug-iphonesimulator/Domain.build/Domain-project-headers.hmap -Xcc -I/Users/darisadam/Library/Developer/Xcode/DerivedData/Madabank-hkohthnbjtgnoechirsoymtykttx/Build/Products/Debug-iphonesimulator/include -Xcc -I/Users/darisadam/Library/Developer/Xcode/DerivedData/Madabank-hkohthnbjtgnoechirsoymtykttx/Build/Intermediates.noindex/Domain.build/Debug-iphonesimulator/Domain.build/DerivedSources-normal/arm64 -Xcc -I/Users/darisadam/Library/Developer/Xcode/DerivedData/Madabank-hkohthnbjtgnoechirsoymtykttx/Build/Intermediates.noindex/Domain.build/Debug-iphonesimulator/Domain.build/DerivedSources/arm64 -Xcc -I/Users/darisadam/Library/Developer/Xcode/DerivedData/Madabank-hkohthnbjtgnoechirsoymtykttx/Build/Intermediates.noindex/Domain.build/Debug-iphonesimulator/Domain.build/DerivedSources -Xcc -DDEBUG\=1 -emit-objc-header -emit-objc-header-path /Users/darisadam/Library/Developer/Xcode/DerivedData/Madabank-hkohthnbjtgnoechirsoymtykttx/Build/Intermediates.noindex/Domain.build/Debug-iphonesimulator/Domain.build/Objects-normal/arm64/Domain-Swift.h -working-directory /Users/darisadam/Documents/Projects/iOS\ Apps/madabank-ios/Madabank/Modules/Shared/Domain -experimental-emit-module-separately -disable-cmo

SwiftDriver\ Compilation Domain normal arm64 com.apple.xcode.tools.swift.compiler (in target 'Domain' from project 'Domain')
    cd /Users/darisadam/Documents/Projects/iOS\ Apps/madabank-ios/Madabank/Modules/Shared/Domain
    builtin-Swift-Compilation -- /Applications/Xcode.app/Contents/Developer/Toolchains/XcodeDefault.xctoolchain/usr/bin/swiftc -module-name Domain -Onone -enforce-exclusivity\=checked @/Users/darisadam/Library/Developer/Xcode/DerivedData/Madabank-hkohthnbjtgnoechirsoymtykttx/Build/Intermediates.noindex/Domain.build/Debug-iphonesimulator/Domain.build/Objects-normal/arm64/Domain.SwiftFileList -DDEBUG -enable-bare-slash-regex -enable-experimental-feature DebugDescriptionMacro -sdk /Applications/Xcode.app/Contents/Developer/Platforms/iPhoneSimulator.platform/Developer/SDKs/iPhoneSimulator26.1.sdk -target arm64-apple-ios15.0-simulator -g -module-cache-path /Users/darisadam/Library/Developer/Xcode/DerivedData/ModuleCache.noindex -Xfrontend -serialize-debugging-options -enable-testing -index-store-path /Users/darisadam/Library/Developer/Xcode/DerivedData/Madabank-hkohthnbjtgnoechirsoymtykttx/Index.noindex/DataStore -Xcc -D_LIBCPP_HARDENING_MODE\=_LIBCPP_HARDENING_MODE_DEBUG -swift-version 5 -I /Users/darisadam/Library/Developer/Xcode/DerivedData/Madabank-hkohthnbjtgnoechirsoymtykttx/Build/Products/Debug-iphonesimulator -F /Users/darisadam/Library/Developer/Xcode/DerivedData/Madabank-hkohthnbjtgnoechirsoymtykttx/Build/Products/Debug-iphonesimulator -c -j8 -enable-batch-mode -incremental -Xcc -ivfsstatcache -Xcc /Users/darisadam/Library/Developer/Xcode/DerivedData/SDKStatCaches.noindex/iphonesimulator26.1-23B77-3885c01c3e6b6a337905948deab2002e90cf18a4295e390e64c810bc6bd7acbc.sdkstatcache -output-file-map /Users/darisadam/Library/Developer/Xcode/DerivedData/Madabank-hkohthnbjtgnoechirsoymtykttx/Build/Intermediates.noindex/Domain.build/Debug-iphonesimulator/Domain.build/Objects-normal/arm64/Domain-OutputFileMap.json -use-frontend-parseable-output -save-temps -no-color-diagnostics -explicit-module-build -module-cache-path /Users/darisadam/Library/Developer/Xcode/DerivedData/Madabank-hkohthnbjtgnoechirsoymtykttx/Build/Intermediates.noindex/SwiftExplicitPrecompiledModules -clang-scanner-module-cache-path /Users/darisadam/Library/Developer/Xcode/DerivedData/ModuleCache.noindex -sdk-module-cache-path /Users/darisadam/Library/Developer/Xcode/DerivedData/ModuleCache.noindex -serialize-diagnostics -emit-dependencies -emit-module -emit-module-path /Users/darisadam/Library/Developer/Xcode/DerivedData/Madabank-hkohthnbjtgnoechirsoymtykttx/Build/Intermediates.noindex/Domain.build/Debug-iphonesimulator/Domain.build/Objects-normal/arm64/Domain.swiftmodule -validate-clang-modules-once -clang-build-session-file /Users/darisadam/Library/Developer/Xcode/DerivedData/ModuleCache.noindex/Session.modulevalidation -Xcc -I/Users/darisadam/Library/Developer/Xcode/DerivedData/Madabank-hkohthnbjtgnoechirsoymtykttx/Build/Intermediates.noindex/Domain.build/Debug-iphonesimulator/Domain.build/swift-overrides.hmap -emit-const-values -Xfrontend -const-gather-protocols-file -Xfrontend /Users/darisadam/Library/Developer/Xcode/DerivedData/Madabank-hkohthnbjtgnoechirsoymtykttx/Build/Intermediates.noindex/Domain.build/Debug-iphonesimulator/Domain.build/Objects-normal/arm64/Domain_const_extract_protocols.json -Xcc -iquote -Xcc /Users/darisadam/Library/Developer/Xcode/DerivedData/Madabank-hkohthnbjtgnoechirsoymtykttx/Build/Intermediates.noindex/Domain.build/Debug-iphonesimulator/Domain.build/Domain-generated-files.hmap -Xcc -I/Users/darisadam/Library/Developer/Xcode/DerivedData/Madabank-hkohthnbjtgnoechirsoymtykttx/Build/Intermediates.noindex/Domain.build/Debug-iphonesimulator/Domain.build/Domain-own-target-headers.hmap -Xcc -I/Users/darisadam/Library/Developer/Xcode/DerivedData/Madabank-hkohthnbjtgnoechirsoymtykttx/Build/Intermediates.noindex/Domain.build/Debug-iphonesimulator/Domain.build/Domain-all-non-framework-target-headers.hmap -Xcc -ivfsoverlay -Xcc /Users/darisadam/Library/Developer/Xcode/DerivedData/Madabank-hkohthnbjtgnoechirsoymtykttx/Build/Intermediates.noindex/Domain.build/Debug-iphonesimulator/Domain-38b95e0e74f454eb1697545f0c9d82bd-VFS-iphonesimulator/all-product-headers.yaml -Xcc -iquote -Xcc /Users/darisadam/Library/Developer/Xcode/DerivedData/Madabank-hkohthnbjtgnoechirsoymtykttx/Build/Intermediates.noindex/Domain.build/Debug-iphonesimulator/Domain.build/Domain-project-headers.hmap -Xcc -I/Users/darisadam/Library/Developer/Xcode/DerivedData/Madabank-hkohthnbjtgnoechirsoymtykttx/Build/Products/Debug-iphonesimulator/include -Xcc -I/Users/darisadam/Library/Developer/Xcode/DerivedData/Madabank-hkohthnbjtgnoechirsoymtykttx/Build/Intermediates.noindex/Domain.build/Debug-iphonesimulator/Domain.build/DerivedSources-normal/arm64 -Xcc -I/Users/darisadam/Library/Developer/Xcode/DerivedData/Madabank-hkohthnbjtgnoechirsoymtykttx/Build/Intermediates.noindex/Domain.build/Debug-iphonesimulator/Domain.build/DerivedSources/arm64 -Xcc -I/Users/darisadam/Library/Developer/Xcode/DerivedData/Madabank-hkohthnbjtgnoechirsoymtykttx/Build/Intermediates.noindex/Domain.build/Debug-iphonesimulator/Domain.build/DerivedSources -Xcc -DDEBUG\=1 -emit-objc-header -emit-objc-header-path /Users/darisadam/Library/Developer/Xcode/DerivedData/Madabank-hkohthnbjtgnoechirsoymtykttx/Build/Intermediates.noindex/Domain.build/Debug-iphonesimulator/Domain.build/Objects-normal/arm64/Domain-Swift.h -working-directory /Users/darisadam/Documents/Projects/iOS\ Apps/madabank-ios/Madabank/Modules/Shared/Domain -experimental-emit-module-separately -disable-cmo

Copy /Users/darisadam/Library/Developer/Xcode/DerivedData/Madabank-hkohthnbjtgnoechirsoymtykttx/Build/Products/Debug-iphonesimulator/Domain.framework/Modules/Domain.swiftmodule/arm64-apple-ios-simulator.abi.json /Users/darisadam/Library/Developer/Xcode/DerivedData/Madabank-hkohthnbjtgnoechirsoymtykttx/Build/Intermediates.noindex/Domain.build/Debug-iphonesimulator/Domain.build/Objects-normal/arm64/Domain.abi.json (in target 'Domain' from project 'Domain')
    cd /Users/darisadam/Documents/Projects/iOS\ Apps/madabank-ios/Madabank/Modules/Shared/Domain
    builtin-copy -exclude .DS_Store -exclude CVS -exclude .svn -exclude .git -exclude .hg -resolve-src-symlinks -rename /Users/darisadam/Library/Developer/Xcode/DerivedData/Madabank-hkohthnbjtgnoechirsoymtykttx/Build/Intermediates.noindex/Domain.build/Debug-iphonesimulator/Domain.build/Objects-normal/arm64/Domain.abi.json /Users/darisadam/Library/Developer/Xcode/DerivedData/Madabank-hkohthnbjtgnoechirsoymtykttx/Build/Products/Debug-iphonesimulator/Domain.framework/Modules/Domain.swiftmodule/arm64-apple-ios-simulator.abi.json

Copy /Users/darisadam/Library/Developer/Xcode/DerivedData/Madabank-hkohthnbjtgnoechirsoymtykttx/Build/Products/Debug-iphonesimulator/Domain.framework/Modules/Domain.swiftmodule/arm64-apple-ios-simulator.swiftmodule /Users/darisadam/Library/Developer/Xcode/DerivedData/Madabank-hkohthnbjtgnoechirsoymtykttx/Build/Intermediates.noindex/Domain.build/Debug-iphonesimulator/Domain.build/Objects-normal/arm64/Domain.swiftmodule (in target 'Domain' from project 'Domain')
    cd /Users/darisadam/Documents/Projects/iOS\ Apps/madabank-ios/Madabank/Modules/Shared/Domain
    builtin-copy -exclude .DS_Store -exclude CVS -exclude .svn -exclude .git -exclude .hg -resolve-src-symlinks -rename /Users/darisadam/Library/Developer/Xcode/DerivedData/Madabank-hkohthnbjtgnoechirsoymtykttx/Build/Intermediates.noindex/Domain.build/Debug-iphonesimulator/Domain.build/Objects-normal/arm64/Domain.swiftmodule /Users/darisadam/Library/Developer/Xcode/DerivedData/Madabank-hkohthnbjtgnoechirsoymtykttx/Build/Products/Debug-iphonesimulator/Domain.framework/Modules/Domain.swiftmodule/arm64-apple-ios-simulator.swiftmodule

Copy /Users/darisadam/Library/Developer/Xcode/DerivedData/Madabank-hkohthnbjtgnoechirsoymtykttx/Build/Products/Debug-iphonesimulator/Domain.framework/Modules/Domain.swiftmodule/Project/arm64-apple-ios-simulator.swiftsourceinfo /Users/darisadam/Library/Developer/Xcode/DerivedData/Madabank-hkohthnbjtgnoechirsoymtykttx/Build/Intermediates.noindex/Domain.build/Debug-iphonesimulator/Domain.build/Objects-normal/arm64/Domain.swiftsourceinfo (in target 'Domain' from project 'Domain')
    cd /Users/darisadam/Documents/Projects/iOS\ Apps/madabank-ios/Madabank/Modules/Shared/Domain
    builtin-copy -exclude .DS_Store -exclude CVS -exclude .svn -exclude .git -exclude .hg -resolve-src-symlinks -rename /Users/darisadam/Library/Developer/Xcode/DerivedData/Madabank-hkohthnbjtgnoechirsoymtykttx/Build/Intermediates.noindex/Domain.build/Debug-iphonesimulator/Domain.build/Objects-normal/arm64/Domain.swiftsourceinfo /Users/darisadam/Library/Developer/Xcode/DerivedData/Madabank-hkohthnbjtgnoechirsoymtykttx/Build/Products/Debug-iphonesimulator/Domain.framework/Modules/Domain.swiftmodule/Project/arm64-apple-ios-simulator.swiftsourceinfo

SwiftDriver Data normal arm64 com.apple.xcode.tools.swift.compiler (in target 'Data' from project 'Data')
    cd /Users/darisadam/Documents/Projects/iOS\ Apps/madabank-ios/Madabank/Modules/Shared/Data
    builtin-SwiftDriver -- /Applications/Xcode.app/Contents/Developer/Toolchains/XcodeDefault.xctoolchain/usr/bin/swiftc -module-name Data -Onone -enforce-exclusivity\=checked @/Users/darisadam/Library/Developer/Xcode/DerivedData/Madabank-hkohthnbjtgnoechirsoymtykttx/Build/Intermediates.noindex/Data.build/Debug-iphonesimulator/Data.build/Objects-normal/arm64/Data.SwiftFileList -DDEBUG -enable-bare-slash-regex -enable-experimental-feature DebugDescriptionMacro -sdk /Applications/Xcode.app/Contents/Developer/Platforms/iPhoneSimulator.platform/Developer/SDKs/iPhoneSimulator26.1.sdk -target arm64-apple-ios15.0-simulator -g -module-cache-path /Users/darisadam/Library/Developer/Xcode/DerivedData/ModuleCache.noindex -Xfrontend -serialize-debugging-options -enable-testing -index-store-path /Users/darisadam/Library/Developer/Xcode/DerivedData/Madabank-hkohthnbjtgnoechirsoymtykttx/Index.noindex/DataStore -Xcc -D_LIBCPP_HARDENING_MODE\=_LIBCPP_HARDENING_MODE_DEBUG -swift-version 5 -I /Users/darisadam/Library/Developer/Xcode/DerivedData/Madabank-hkohthnbjtgnoechirsoymtykttx/Build/Products/Debug-iphonesimulator -F /Users/darisadam/Library/Developer/Xcode/DerivedData/Madabank-hkohthnbjtgnoechirsoymtykttx/Build/Products/Debug-iphonesimulator -c -j8 -enable-batch-mode -incremental -Xcc -ivfsstatcache -Xcc /Users/darisadam/Library/Developer/Xcode/DerivedData/SDKStatCaches.noindex/iphonesimulator26.1-23B77-3885c01c3e6b6a337905948deab2002e90cf18a4295e390e64c810bc6bd7acbc.sdkstatcache -output-file-map /Users/darisadam/Library/Developer/Xcode/DerivedData/Madabank-hkohthnbjtgnoechirsoymtykttx/Build/Intermediates.noindex/Data.build/Debug-iphonesimulator/Data.build/Objects-normal/arm64/Data-OutputFileMap.json -use-frontend-parseable-output -save-temps -no-color-diagnostics -explicit-module-build -module-cache-path /Users/darisadam/Library/Developer/Xcode/DerivedData/Madabank-hkohthnbjtgnoechirsoymtykttx/Build/Intermediates.noindex/SwiftExplicitPrecompiledModules -clang-scanner-module-cache-path /Users/darisadam/Library/Developer/Xcode/DerivedData/ModuleCache.noindex -sdk-module-cache-path /Users/darisadam/Library/Developer/Xcode/DerivedData/ModuleCache.noindex -serialize-diagnostics -emit-dependencies -emit-module -emit-module-path /Users/darisadam/Library/Developer/Xcode/DerivedData/Madabank-hkohthnbjtgnoechirsoymtykttx/Build/Intermediates.noindex/Data.build/Debug-iphonesimulator/Data.build/Objects-normal/arm64/Data.swiftmodule -validate-clang-modules-once -clang-build-session-file /Users/darisadam/Library/Developer/Xcode/DerivedData/ModuleCache.noindex/Session.modulevalidation -Xcc -I/Users/darisadam/Library/Developer/Xcode/DerivedData/Madabank-hkohthnbjtgnoechirsoymtykttx/Build/Intermediates.noindex/Data.build/Debug-iphonesimulator/Data.build/swift-overrides.hmap -emit-const-values -Xfrontend -const-gather-protocols-file -Xfrontend /Users/darisadam/Library/Developer/Xcode/DerivedData/Madabank-hkohthnbjtgnoechirsoymtykttx/Build/Intermediates.noindex/Data.build/Debug-iphonesimulator/Data.build/Objects-normal/arm64/Data_const_extract_protocols.json -Xcc -iquote -Xcc /Users/darisadam/Library/Developer/Xcode/DerivedData/Madabank-hkohthnbjtgnoechirsoymtykttx/Build/Intermediates.noindex/Data.build/Debug-iphonesimulator/Data.build/Data-generated-files.hmap -Xcc -I/Users/darisadam/Library/Developer/Xcode/DerivedData/Madabank-hkohthnbjtgnoechirsoymtykttx/Build/Intermediates.noindex/Data.build/Debug-iphonesimulator/Data.build/Data-own-target-headers.hmap -Xcc -I/Users/darisadam/Library/Developer/Xcode/DerivedData/Madabank-hkohthnbjtgnoechirsoymtykttx/Build/Intermediates.noindex/Data.build/Debug-iphonesimulator/Data.build/Data-all-non-framework-target-headers.hmap -Xcc -ivfsoverlay -Xcc /Users/darisadam/Library/Developer/Xcode/DerivedData/Madabank-hkohthnbjtgnoechirsoymtykttx/Build/Intermediates.noindex/Data.build/Debug-iphonesimulator/Data-6330774ec221515250ab6759f27e1669-VFS-iphonesimulator/all-product-headers.yaml -Xcc -iquote -Xcc /Users/darisadam/Library/Developer/Xcode/DerivedData/Madabank-hkohthnbjtgnoechirsoymtykttx/Build/Intermediates.noindex/Data.build/Debug-iphonesimulator/Data.build/Data-project-headers.hmap -Xcc -I/Users/darisadam/Library/Developer/Xcode/DerivedData/Madabank-hkohthnbjtgnoechirsoymtykttx/Build/Products/Debug-iphonesimulator/include -Xcc -I/Users/darisadam/Library/Developer/Xcode/DerivedData/Madabank-hkohthnbjtgnoechirsoymtykttx/Build/Intermediates.noindex/Data.build/Debug-iphonesimulator/Data.build/DerivedSources-normal/arm64 -Xcc -I/Users/darisadam/Library/Developer/Xcode/DerivedData/Madabank-hkohthnbjtgnoechirsoymtykttx/Build/Intermediates.noindex/Data.build/Debug-iphonesimulator/Data.build/DerivedSources/arm64 -Xcc -I/Users/darisadam/Library/Developer/Xcode/DerivedData/Madabank-hkohthnbjtgnoechirsoymtykttx/Build/Intermediates.noindex/Data.build/Debug-iphonesimulator/Data.build/DerivedSources -Xcc -DDEBUG\=1 -emit-objc-header -emit-objc-header-path /Users/darisadam/Library/Developer/Xcode/DerivedData/Madabank-hkohthnbjtgnoechirsoymtykttx/Build/Intermediates.noindex/Data.build/Debug-iphonesimulator/Data.build/Objects-normal/arm64/Data-Swift.h -working-directory /Users/darisadam/Documents/Projects/iOS\ Apps/madabank-ios/Madabank/Modules/Shared/Data -experimental-emit-module-separately -disable-cmo

Ld /Users/darisadam/Library/Developer/Xcode/DerivedData/Madabank-hkohthnbjtgnoechirsoymtykttx/Build/Products/Debug-iphonesimulator/Domain.framework/Domain normal (in target 'Domain' from project 'Domain')
    cd /Users/darisadam/Documents/Projects/iOS\ Apps/madabank-ios/Madabank/Modules/Shared/Domain
    /Applications/Xcode.app/Contents/Developer/Toolchains/XcodeDefault.xctoolchain/usr/bin/clang -Xlinker -reproducible -target arm64-apple-ios15.0-simulator -dynamiclib -isysroot /Applications/Xcode.app/Contents/Developer/Platforms/iPhoneSimulator.platform/Developer/SDKs/iPhoneSimulator26.1.sdk -O0 -L/Users/darisadam/Library/Developer/Xcode/DerivedData/Madabank-hkohthnbjtgnoechirsoymtykttx/Build/Intermediates.noindex/EagerLinkingTBDs/Debug-iphonesimulator -L/Users/darisadam/Library/Developer/Xcode/DerivedData/Madabank-hkohthnbjtgnoechirsoymtykttx/Build/Products/Debug-iphonesimulator -F/Users/darisadam/Library/Developer/Xcode/DerivedData/Madabank-hkohthnbjtgnoechirsoymtykttx/Build/Intermediates.noindex/EagerLinkingTBDs/Debug-iphonesimulator -F/Users/darisadam/Library/Developer/Xcode/DerivedData/Madabank-hkohthnbjtgnoechirsoymtykttx/Build/Products/Debug-iphonesimulator -filelist /Users/darisadam/Library/Developer/Xcode/DerivedData/Madabank-hkohthnbjtgnoechirsoymtykttx/Build/Intermediates.noindex/Domain.build/Debug-iphonesimulator/Domain.build/Objects-normal/arm64/Domain.LinkFileList -install_name @rpath/Domain.framework/Domain -Xlinker -rpath -Xlinker /usr/lib/swift -Xlinker -rpath -Xlinker @executable_path/Frameworks -Xlinker -rpath -Xlinker @loader_path/Frameworks -dead_strip -Xlinker -object_path_lto -Xlinker /Users/darisadam/Library/Developer/Xcode/DerivedData/Madabank-hkohthnbjtgnoechirsoymtykttx/Build/Intermediates.noindex/Domain.build/Debug-iphonesimulator/Domain.build/Objects-normal/arm64/Domain_lto.o -rdynamic -Xlinker -no_deduplicate -Xlinker -objc_abi_version -Xlinker 2 -Xlinker -dependency_info -Xlinker /Users/darisadam/Library/Developer/Xcode/DerivedData/Madabank-hkohthnbjtgnoechirsoymtykttx/Build/Intermediates.noindex/Domain.build/Debug-iphonesimulator/Domain.build/Objects-normal/arm64/Domain_dependency_info.dat -fobjc-link-runtime -L/Applications/Xcode.app/Contents/Developer/Toolchains/XcodeDefault.xctoolchain/usr/lib/swift/iphonesimulator -L/usr/lib/swift -Xlinker -add_ast_path -Xlinker /Users/darisadam/Library/Developer/Xcode/DerivedData/Madabank-hkohthnbjtgnoechirsoymtykttx/Build/Intermediates.noindex/Domain.build/Debug-iphonesimulator/Domain.build/Objects-normal/arm64/Domain.swiftmodule @/Users/darisadam/Library/Developer/Xcode/DerivedData/Madabank-hkohthnbjtgnoechirsoymtykttx/Build/Intermediates.noindex/Domain.build/Debug-iphonesimulator/Domain.build/Objects-normal/arm64/Domain-linker-args.resp -framework Core -framework Networking -framework RxSwift -Xlinker -no_adhoc_codesign -compatibility_version 1 -current_version 1 -o /Users/darisadam/Library/Developer/Xcode/DerivedData/Madabank-hkohthnbjtgnoechirsoymtykttx/Build/Products/Debug-iphonesimulator/Domain.framework/Domain

SwiftDriverJobDiscovery normal arm64 Compiling TuistBundle+RxCocoa.swift (in target 'RxCocoa' from project 'RxSwift')

ExtractAppIntentsMetadata (in target 'netfox' from project 'netfox')
    cd /Users/darisadam/Documents/Projects/iOS\ Apps/madabank-ios/Madabank/Tuist/.build/tuist-derived/netfox
    /Applications/Xcode.app/Contents/Developer/Toolchains/XcodeDefault.xctoolchain/usr/bin/appintentsmetadataprocessor --toolchain-dir /var/run/com.apple.security.cryptexd/mnt/com.apple.MobileAsset.MetalToolchain-v17.2.54.0.wH8bUi/Metal.xctoolchain --module-name netfox --sdk-root /Applications/Xcode.app/Contents/Developer/Platforms/iPhoneSimulator.platform/Developer/SDKs/iPhoneSimulator26.1.sdk --xcode-version 17B100 --platform-family iOS --deployment-target 12.0 --bundle-identifier dev.tuist.netfox --output /Users/darisadam/Library/Developer/Xcode/DerivedData/Madabank-hkohthnbjtgnoechirsoymtykttx/Build/Products/Debug-iphonesimulator/netfox.framework --target-triple arm64-apple-ios12.0-simulator --binary-file /Users/darisadam/Library/Developer/Xcode/DerivedData/Madabank-hkohthnbjtgnoechirsoymtykttx/Build/Products/Debug-iphonesimulator/netfox.framework/netfox --dependency-file /Users/darisadam/Library/Developer/Xcode/DerivedData/Madabank-hkohthnbjtgnoechirsoymtykttx/Build/Intermediates.noindex/netfox.build/Debug-iphonesimulator/netfox.build/Objects-normal/arm64/netfox_dependency_info.dat --stringsdata-file /Users/darisadam/Library/Developer/Xcode/DerivedData/Madabank-hkohthnbjtgnoechirsoymtykttx/Build/Intermediates.noindex/netfox.build/Debug-iphonesimulator/netfox.build/Objects-normal/arm64/ExtractedAppShortcutsMetadata.stringsdata --source-file-list /Users/darisadam/Library/Developer/Xcode/DerivedData/Madabank-hkohthnbjtgnoechirsoymtykttx/Build/Intermediates.noindex/netfox.build/Debug-iphonesimulator/netfox.build/Objects-normal/arm64/netfox.SwiftFileList --metadata-file-list /Users/darisadam/Library/Developer/Xcode/DerivedData/Madabank-hkohthnbjtgnoechirsoymtykttx/Build/Intermediates.noindex/netfox.build/Debug-iphonesimulator/netfox.build/netfox.DependencyMetadataFileList --static-metadata-file-list /Users/darisadam/Library/Developer/Xcode/DerivedData/Madabank-hkohthnbjtgnoechirsoymtykttx/Build/Intermediates.noindex/netfox.build/Debug-iphonesimulator/netfox.build/netfox.DependencyStaticMetadataFileList --swift-const-vals-list /Users/darisadam/Library/Developer/Xcode/DerivedData/Madabank-hkohthnbjtgnoechirsoymtykttx/Build/Intermediates.noindex/netfox.build/Debug-iphonesimulator/netfox.build/Objects-normal/arm64/netfox.SwiftConstValuesFileList --compile-time-extraction --deployment-aware-processing --validate-assistant-intents --no-app-shortcuts-localization
2026-02-04 20:09:49.263 appintentsmetadataprocessor[15721:2559020] Starting appintentsmetadataprocessor export
2026-02-04 20:09:49.264 appintentsmetadataprocessor[15721:2559020] warning: Metadata extraction skipped. No AppIntents.framework dependency found.

SwiftDriverJobDiscovery normal arm64 Compiling IQKeyboardManager+OrientationNotification.swift, IQKeyboardManager+Position.swift, IQKeyboardManager+Toolbar.swift (in target 'IQKeyboardManagerSwift' from project 'IQKeyboardManagerSwift')

SwiftDriver\ Compilation IQKeyboardManagerSwift normal arm64 com.apple.xcode.tools.swift.compiler (in target 'IQKeyboardManagerSwift' from project 'IQKeyboardManagerSwift')
    cd /Users/darisadam/Documents/Projects/iOS\ Apps/madabank-ios/Madabank/Tuist/.build/tuist-derived/IQKeyboardManagerSwift
    builtin-Swift-Compilation -- /Applications/Xcode.app/Contents/Developer/Toolchains/XcodeDefault.xctoolchain/usr/bin/swiftc -module-name IQKeyboardManagerSwift -Onone -enforce-exclusivity\=checked @/Users/darisadam/Library/Developer/Xcode/DerivedData/Madabank-hkohthnbjtgnoechirsoymtykttx/Build/Intermediates.noindex/IQKeyboardManagerSwift.build/Debug-iphonesimulator/IQKeyboardManagerSwift.build/Objects-normal/arm64/IQKeyboardManagerSwift.SwiftFileList -DSWIFT_PACKAGE -DDEBUG -enable-bare-slash-regex -enable-experimental-feature DebugDescriptionMacro -sdk /Applications/Xcode.app/Contents/Developer/Platforms/iPhoneSimulator.platform/Developer/SDKs/iPhoneSimulator26.1.sdk -target arm64-apple-ios12.0-simulator -g -module-cache-path /Users/darisadam/Library/Developer/Xcode/DerivedData/ModuleCache.noindex -Xfrontend -serialize-debugging-options -enable-testing -suppress-warnings -index-store-path /Users/darisadam/Library/Developer/Xcode/DerivedData/Madabank-hkohthnbjtgnoechirsoymtykttx/Index.noindex/DataStore -Xcc -D_LIBCPP_HARDENING_MODE\=_LIBCPP_HARDENING_MODE_DEBUG -swift-version 5 -I /Users/darisadam/Library/Developer/Xcode/DerivedData/Madabank-hkohthnbjtgnoechirsoymtykttx/Build/Products/Debug-iphonesimulator -F /Users/darisadam/Library/Developer/Xcode/DerivedData/Madabank-hkohthnbjtgnoechirsoymtykttx/Build/Products/Debug-iphonesimulator -F /Applications/Xcode.app/Contents/Developer/Platforms/iPhoneSimulator.platform/Developer/Library/Frameworks -c -j8 -enable-batch-mode -incremental -Xcc -ivfsstatcache -Xcc /Users/darisadam/Library/Developer/Xcode/DerivedData/SDKStatCaches.noindex/iphonesimulator26.1-23B77-3885c01c3e6b6a337905948deab2002e90cf18a4295e390e64c810bc6bd7acbc.sdkstatcache -output-file-map /Users/darisadam/Library/Developer/Xcode/DerivedData/Madabank-hkohthnbjtgnoechirsoymtykttx/Build/Intermediates.noindex/IQKeyboardManagerSwift.build/Debug-iphonesimulator/IQKeyboardManagerSwift.build/Objects-normal/arm64/IQKeyboardManagerSwift-OutputFileMap.json -use-frontend-parseable-output -save-temps -no-color-diagnostics -explicit-module-build -module-cache-path /Users/darisadam/Library/Developer/Xcode/DerivedData/Madabank-hkohthnbjtgnoechirsoymtykttx/Build/Intermediates.noindex/SwiftExplicitPrecompiledModules -clang-scanner-module-cache-path /Users/darisadam/Library/Developer/Xcode/DerivedData/ModuleCache.noindex -sdk-module-cache-path /Users/darisadam/Library/Developer/Xcode/DerivedData/ModuleCache.noindex -serialize-diagnostics -emit-dependencies -emit-module -emit-module-path /Users/darisadam/Library/Developer/Xcode/DerivedData/Madabank-hkohthnbjtgnoechirsoymtykttx/Build/Intermediates.noindex/IQKeyboardManagerSwift.build/Debug-iphonesimulator/IQKeyboardManagerSwift.build/Objects-normal/arm64/IQKeyboardManagerSwift.swiftmodule -validate-clang-modules-once -clang-build-session-file /Users/darisadam/Library/Developer/Xcode/DerivedData/ModuleCache.noindex/Session.modulevalidation -Xcc -I/Users/darisadam/Library/Developer/Xcode/DerivedData/Madabank-hkohthnbjtgnoechirsoymtykttx/Build/Intermediates.noindex/IQKeyboardManagerSwift.build/Debug-iphonesimulator/IQKeyboardManagerSwift.build/swift-overrides.hmap -emit-const-values -Xfrontend -const-gather-protocols-file -Xfrontend /Users/darisadam/Library/Developer/Xcode/DerivedData/Madabank-hkohthnbjtgnoechirsoymtykttx/Build/Intermediates.noindex/IQKeyboardManagerSwift.build/Debug-iphonesimulator/IQKeyboardManagerSwift.build/Objects-normal/arm64/IQKeyboardManagerSwift_const_extract_protocols.json -Xcc -I/Users/darisadam/Library/Developer/Xcode/DerivedData/Madabank-hkohthnbjtgnoechirsoymtykttx/Build/Products/Debug-iphonesimulator/include -Xcc -I/Users/darisadam/Library/Developer/Xcode/DerivedData/Madabank-hkohthnbjtgnoechirsoymtykttx/Build/Intermediates.noindex/IQKeyboardManagerSwift.build/Debug-iphonesimulator/IQKeyboardManagerSwift.build/DerivedSources-normal/arm64 -Xcc -I/Users/darisadam/Library/Developer/Xcode/DerivedData/Madabank-hkohthnbjtgnoechirsoymtykttx/Build/Intermediates.noindex/IQKeyboardManagerSwift.build/Debug-iphonesimulator/IQKeyboardManagerSwift.build/DerivedSources/arm64 -Xcc -I/Users/darisadam/Library/Developer/Xcode/DerivedData/Madabank-hkohthnbjtgnoechirsoymtykttx/Build/Intermediates.noindex/IQKeyboardManagerSwift.build/Debug-iphonesimulator/IQKeyboardManagerSwift.build/DerivedSources -Xcc -DDEBUG\=1 -Xcc -DSWIFT_PACKAGE\=1 -emit-objc-header -emit-objc-header-path /Users/darisadam/Library/Developer/Xcode/DerivedData/Madabank-hkohthnbjtgnoechirsoymtykttx/Build/Intermediates.noindex/IQKeyboardManagerSwift.build/Debug-iphonesimulator/IQKeyboardManagerSwift.build/Objects-normal/arm64/IQKeyboardManagerSwift-Swift.h -working-directory /Users/darisadam/Documents/Projects/iOS\ Apps/madabank-ios/Madabank/Tuist/.build/tuist-derived/IQKeyboardManagerSwift -experimental-emit-module-separately -disable-cmo

Ld /Users/darisadam/Library/Developer/Xcode/DerivedData/Madabank-hkohthnbjtgnoechirsoymtykttx/Build/Products/Debug-iphonesimulator/IQKeyboardManagerSwift.framework/IQKeyboardManagerSwift normal (in target 'IQKeyboardManagerSwift' from project 'IQKeyboardManagerSwift')
    cd /Users/darisadam/Documents/Projects/iOS\ Apps/madabank-ios/Madabank/Tuist/.build/tuist-derived/IQKeyboardManagerSwift
    /Applications/Xcode.app/Contents/Developer/Toolchains/XcodeDefault.xctoolchain/usr/bin/clang -Xlinker -reproducible -target arm64-apple-ios12.0-simulator -dynamiclib -isysroot /Applications/Xcode.app/Contents/Developer/Platforms/iPhoneSimulator.platform/Developer/SDKs/iPhoneSimulator26.1.sdk -O0 -L/Users/darisadam/Library/Developer/Xcode/DerivedData/Madabank-hkohthnbjtgnoechirsoymtykttx/Build/Intermediates.noindex/EagerLinkingTBDs/Debug-iphonesimulator -L/Users/darisadam/Library/Developer/Xcode/DerivedData/Madabank-hkohthnbjtgnoechirsoymtykttx/Build/Products/Debug-iphonesimulator -F/Users/darisadam/Library/Developer/Xcode/DerivedData/Madabank-hkohthnbjtgnoechirsoymtykttx/Build/Intermediates.noindex/EagerLinkingTBDs/Debug-iphonesimulator -F/Users/darisadam/Library/Developer/Xcode/DerivedData/Madabank-hkohthnbjtgnoechirsoymtykttx/Build/Products/Debug-iphonesimulator -F/Applications/Xcode.app/Contents/Developer/Platforms/iPhoneSimulator.platform/Developer/Library/Frameworks -filelist /Users/darisadam/Library/Developer/Xcode/DerivedData/Madabank-hkohthnbjtgnoechirsoymtykttx/Build/Intermediates.noindex/IQKeyboardManagerSwift.build/Debug-iphonesimulator/IQKeyboardManagerSwift.build/Objects-normal/arm64/IQKeyboardManagerSwift.LinkFileList -install_name @rpath/IQKeyboardManagerSwift.framework/IQKeyboardManagerSwift -Xlinker -rpath -Xlinker /usr/lib/swift -Xlinker -rpath -Xlinker @executable_path/Frameworks -Xlinker -rpath -Xlinker @loader_path/Frameworks -dead_strip -Xlinker -object_path_lto -Xlinker /Users/darisadam/Library/Developer/Xcode/DerivedData/Madabank-hkohthnbjtgnoechirsoymtykttx/Build/Intermediates.noindex/IQKeyboardManagerSwift.build/Debug-iphonesimulator/IQKeyboardManagerSwift.build/Objects-normal/arm64/IQKeyboardManagerSwift_lto.o -rdynamic -Xlinker -no_deduplicate -Xlinker -objc_abi_version -Xlinker 2 -Xlinker -dependency_info -Xlinker /Users/darisadam/Library/Developer/Xcode/DerivedData/Madabank-hkohthnbjtgnoechirsoymtykttx/Build/Intermediates.noindex/IQKeyboardManagerSwift.build/Debug-iphonesimulator/IQKeyboardManagerSwift.build/Objects-normal/arm64/IQKeyboardManagerSwift_dependency_info.dat -fobjc-link-runtime -L/Applications/Xcode.app/Contents/Developer/Toolchains/XcodeDefault.xctoolchain/usr/lib/swift/iphonesimulator -L/usr/lib/swift -Xlinker -add_ast_path -Xlinker /Users/darisadam/Library/Developer/Xcode/DerivedData/Madabank-hkohthnbjtgnoechirsoymtykttx/Build/Intermediates.noindex/IQKeyboardManagerSwift.build/Debug-iphonesimulator/IQKeyboardManagerSwift.build/Objects-normal/arm64/IQKeyboardManagerSwift.swiftmodule @/Users/darisadam/Library/Developer/Xcode/DerivedData/Madabank-hkohthnbjtgnoechirsoymtykttx/Build/Intermediates.noindex/IQKeyboardManagerSwift.build/Debug-iphonesimulator/IQKeyboardManagerSwift.build/Objects-normal/arm64/IQKeyboardManagerSwift-linker-args.resp -Xlinker -no_adhoc_codesign -compatibility_version 1 -current_version 1 -o /Users/darisadam/Library/Developer/Xcode/DerivedData/Madabank-hkohthnbjtgnoechirsoymtykttx/Build/Products/Debug-iphonesimulator/IQKeyboardManagerSwift.framework/IQKeyboardManagerSwift

AppIntentsSSUTraining (in target 'netfox' from project 'netfox')
    cd /Users/darisadam/Documents/Projects/iOS\ Apps/madabank-ios/Madabank/Tuist/.build/tuist-derived/netfox
    /Applications/Xcode.app/Contents/Developer/Toolchains/XcodeDefault.xctoolchain/usr/bin/appintentsnltrainingprocessor --infoplist-path /Users/darisadam/Library/Developer/Xcode/DerivedData/Madabank-hkohthnbjtgnoechirsoymtykttx/Build/Products/Debug-iphonesimulator/netfox.framework/Info.plist --temp-dir-path /Users/darisadam/Library/Developer/Xcode/DerivedData/Madabank-hkohthnbjtgnoechirsoymtykttx/Build/Intermediates.noindex/netfox.build/Debug-iphonesimulator/netfox.build/ssu --bundle-id dev.tuist.netfox --product-path /Users/darisadam/Library/Developer/Xcode/DerivedData/Madabank-hkohthnbjtgnoechirsoymtykttx/Build/Products/Debug-iphonesimulator/netfox.framework --extracted-metadata-path /Users/darisadam/Library/Developer/Xcode/DerivedData/Madabank-hkohthnbjtgnoechirsoymtykttx/Build/Products/Debug-iphonesimulator/netfox.framework/Metadata.appintents --metadata-file-list /Users/darisadam/Library/Developer/Xcode/DerivedData/Madabank-hkohthnbjtgnoechirsoymtykttx/Build/Intermediates.noindex/netfox.build/Debug-iphonesimulator/netfox.build/netfox.DependencyMetadataFileList --archive-ssu-assets
2026-02-04 20:09:49.286 appintentsnltrainingprocessor[15724:2559024] Parsing options for appintentsnltrainingprocessor
2026-02-04 20:09:49.286 appintentsnltrainingprocessor[15724:2559024] No AppShortcuts found - Skipping.

GenerateTAPI /Users/darisadam/Library/Developer/Xcode/DerivedData/Madabank-hkohthnbjtgnoechirsoymtykttx/Build/Intermediates.noindex/EagerLinkingTBDs/Debug-iphonesimulator/netfox.framework/netfox.tbd (in target 'netfox' from project 'netfox')
    cd /Users/darisadam/Documents/Projects/iOS\ Apps/madabank-ios/Madabank/Tuist/.build/tuist-derived/netfox
    /Applications/Xcode.app/Contents/Developer/Toolchains/XcodeDefault.xctoolchain/usr/bin/tapi stubify -isysroot /Applications/Xcode.app/Contents/Developer/Platforms/iPhoneSimulator.platform/Developer/SDKs/iPhoneSimulator26.1.sdk -F/Users/darisadam/Library/Developer/Xcode/DerivedData/Madabank-hkohthnbjtgnoechirsoymtykttx/Build/Products/Debug-iphonesimulator -F/Applications/Xcode.app/Contents/Developer/Platforms/iPhoneSimulator.platform/Developer/Library/Frameworks -L/Users/darisadam/Library/Developer/Xcode/DerivedData/Madabank-hkohthnbjtgnoechirsoymtykttx/Build/Products/Debug-iphonesimulator /Users/darisadam/Library/Developer/Xcode/DerivedData/Madabank-hkohthnbjtgnoechirsoymtykttx/Build/Products/Debug-iphonesimulator/netfox.framework/netfox -o /Users/darisadam/Library/Developer/Xcode/DerivedData/Madabank-hkohthnbjtgnoechirsoymtykttx/Build/Intermediates.noindex/EagerLinkingTBDs/Debug-iphonesimulator/netfox.framework/netfox.tbd

CodeSign /Users/darisadam/Library/Developer/Xcode/DerivedData/Madabank-hkohthnbjtgnoechirsoymtykttx/Build/Products/Debug-iphonesimulator/netfox.framework (in target 'netfox' from project 'netfox')
    cd /Users/darisadam/Documents/Projects/iOS\ Apps/madabank-ios/Madabank/Tuist/.build/tuist-derived/netfox
    
    Signing Identity:     "Sign to Run Locally"
    
    /usr/bin/codesign --force --sign - --timestamp\=none --generate-entitlement-der /Users/darisadam/Library/Developer/Xcode/DerivedData/Madabank-hkohthnbjtgnoechirsoymtykttx/Build/Products/Debug-iphonesimulator/netfox.framework

SwiftCompile normal arm64 Compiling\ CardRepository.swift /Users/darisadam/Documents/Projects/iOS\ Apps/madabank-ios/Madabank/Modules/Shared/Data/Sources/Repositories/CardRepository.swift (in target 'Data' from project 'Data')

SwiftCompile normal arm64 /Users/darisadam/Documents/Projects/iOS\ Apps/madabank-ios/Madabank/Modules/Shared/Data/Sources/Repositories/CardRepository.swift (in target 'Data' from project 'Data')
    cd /Users/darisadam/Documents/Projects/iOS\ Apps/madabank-ios/Madabank/Modules/Shared/Data
    

SwiftEmitModule normal arm64 Emitting\ module\ for\ Data (in target 'Data' from project 'Data')

EmitSwiftModule normal arm64 (in target 'Data' from project 'Data')
    cd /Users/darisadam/Documents/Projects/iOS\ Apps/madabank-ios/Madabank/Modules/Shared/Data
    

SwiftCompile normal arm64 Compiling\ TransactionRepository.swift /Users/darisadam/Documents/Projects/iOS\ Apps/madabank-ios/Madabank/Modules/Shared/Data/Sources/Repositories/TransactionRepository.swift (in target 'Data' from project 'Data')

SwiftCompile normal arm64 /Users/darisadam/Documents/Projects/iOS\ Apps/madabank-ios/Madabank/Modules/Shared/Data/Sources/Repositories/TransactionRepository.swift (in target 'Data' from project 'Data')
    cd /Users/darisadam/Documents/Projects/iOS\ Apps/madabank-ios/Madabank/Modules/Shared/Data
    

SwiftCompile normal arm64 Compiling\ AccountMapper.swift /Users/darisadam/Documents/Projects/iOS\ Apps/madabank-ios/Madabank/Modules/Shared/Data/Sources/Mappers/AccountMapper.swift (in target 'Data' from project 'Data')

SwiftCompile normal arm64 /Users/darisadam/Documents/Projects/iOS\ Apps/madabank-ios/Madabank/Modules/Shared/Data/Sources/Mappers/AccountMapper.swift (in target 'Data' from project 'Data')
    cd /Users/darisadam/Documents/Projects/iOS\ Apps/madabank-ios/Madabank/Modules/Shared/Data
    

SwiftCompile normal arm64 Compiling\ TransactionMapper.swift /Users/darisadam/Documents/Projects/iOS\ Apps/madabank-ios/Madabank/Modules/Shared/Data/Sources/Mappers/TransactionMapper.swift (in target 'Data' from project 'Data')

SwiftCompile normal arm64 /Users/darisadam/Documents/Projects/iOS\ Apps/madabank-ios/Madabank/Modules/Shared/Data/Sources/Mappers/TransactionMapper.swift (in target 'Data' from project 'Data')
    cd /Users/darisadam/Documents/Projects/iOS\ Apps/madabank-ios/Madabank/Modules/Shared/Data
    

SwiftCompile normal arm64 Compiling\ AccountRepository.swift /Users/darisadam/Documents/Projects/iOS\ Apps/madabank-ios/Madabank/Modules/Shared/Data/Sources/Repositories/AccountRepository.swift (in target 'Data' from project 'Data')

SwiftCompile normal arm64 /Users/darisadam/Documents/Projects/iOS\ Apps/madabank-ios/Madabank/Modules/Shared/Data/Sources/Repositories/AccountRepository.swift (in target 'Data' from project 'Data')
    cd /Users/darisadam/Documents/Projects/iOS\ Apps/madabank-ios/Madabank/Modules/Shared/Data
    

SwiftDriverJobDiscovery normal arm64 Compiling TransactionMapper.swift (in target 'Data' from project 'Data')

SwiftCompile normal arm64 Compiling\ BeneficiaryRepository.swift /Users/darisadam/Documents/Projects/iOS\ Apps/madabank-ios/Madabank/Modules/Shared/Data/Sources/Repositories/BeneficiaryRepository.swift (in target 'Data' from project 'Data')

SwiftCompile normal arm64 /Users/darisadam/Documents/Projects/iOS\ Apps/madabank-ios/Madabank/Modules/Shared/Data/Sources/Repositories/BeneficiaryRepository.swift (in target 'Data' from project 'Data')
    cd /Users/darisadam/Documents/Projects/iOS\ Apps/madabank-ios/Madabank/Modules/Shared/Data
    

SwiftCompile normal arm64 Compiling\ AuthRepository.swift /Users/darisadam/Documents/Projects/iOS\ Apps/madabank-ios/Madabank/Modules/Shared/Data/Sources/Repositories/AuthRepository.swift (in target 'Data' from project 'Data')

SwiftCompile normal arm64 /Users/darisadam/Documents/Projects/iOS\ Apps/madabank-ios/Madabank/Modules/Shared/Data/Sources/Repositories/AuthRepository.swift (in target 'Data' from project 'Data')
    cd /Users/darisadam/Documents/Projects/iOS\ Apps/madabank-ios/Madabank/Modules/Shared/Data
    

SwiftDriverJobDiscovery normal arm64 Emitting module for Data (in target 'Data' from project 'Data')

SwiftDriver\ Compilation\ Requirements Data normal arm64 com.apple.xcode.tools.swift.compiler (in target 'Data' from project 'Data')
    cd /Users/darisadam/Documents/Projects/iOS\ Apps/madabank-ios/Madabank/Modules/Shared/Data
    builtin-Swift-Compilation-Requirements -- /Applications/Xcode.app/Contents/Developer/Toolchains/XcodeDefault.xctoolchain/usr/bin/swiftc -module-name Data -Onone -enforce-exclusivity\=checked @/Users/darisadam/Library/Developer/Xcode/DerivedData/Madabank-hkohthnbjtgnoechirsoymtykttx/Build/Intermediates.noindex/Data.build/Debug-iphonesimulator/Data.build/Objects-normal/arm64/Data.SwiftFileList -DDEBUG -enable-bare-slash-regex -enable-experimental-feature DebugDescriptionMacro -sdk /Applications/Xcode.app/Contents/Developer/Platforms/iPhoneSimulator.platform/Developer/SDKs/iPhoneSimulator26.1.sdk -target arm64-apple-ios15.0-simulator -g -module-cache-path /Users/darisadam/Library/Developer/Xcode/DerivedData/ModuleCache.noindex -Xfrontend -serialize-debugging-options -enable-testing -index-store-path /Users/darisadam/Library/Developer/Xcode/DerivedData/Madabank-hkohthnbjtgnoechirsoymtykttx/Index.noindex/DataStore -Xcc -D_LIBCPP_HARDENING_MODE\=_LIBCPP_HARDENING_MODE_DEBUG -swift-version 5 -I /Users/darisadam/Library/Developer/Xcode/DerivedData/Madabank-hkohthnbjtgnoechirsoymtykttx/Build/Products/Debug-iphonesimulator -F /Users/darisadam/Library/Developer/Xcode/DerivedData/Madabank-hkohthnbjtgnoechirsoymtykttx/Build/Products/Debug-iphonesimulator -c -j8 -enable-batch-mode -incremental -Xcc -ivfsstatcache -Xcc /Users/darisadam/Library/Developer/Xcode/DerivedData/SDKStatCaches.noindex/iphonesimulator26.1-23B77-3885c01c3e6b6a337905948deab2002e90cf18a4295e390e64c810bc6bd7acbc.sdkstatcache -output-file-map /Users/darisadam/Library/Developer/Xcode/DerivedData/Madabank-hkohthnbjtgnoechirsoymtykttx/Build/Intermediates.noindex/Data.build/Debug-iphonesimulator/Data.build/Objects-normal/arm64/Data-OutputFileMap.json -use-frontend-parseable-output -save-temps -no-color-diagnostics -explicit-module-build -module-cache-path /Users/darisadam/Library/Developer/Xcode/DerivedData/Madabank-hkohthnbjtgnoechirsoymtykttx/Build/Intermediates.noindex/SwiftExplicitPrecompiledModules -clang-scanner-module-cache-path /Users/darisadam/Library/Developer/Xcode/DerivedData/ModuleCache.noindex -sdk-module-cache-path /Users/darisadam/Library/Developer/Xcode/DerivedData/ModuleCache.noindex -serialize-diagnostics -emit-dependencies -emit-module -emit-module-path /Users/darisadam/Library/Developer/Xcode/DerivedData/Madabank-hkohthnbjtgnoechirsoymtykttx/Build/Intermediates.noindex/Data.build/Debug-iphonesimulator/Data.build/Objects-normal/arm64/Data.swiftmodule -validate-clang-modules-once -clang-build-session-file /Users/darisadam/Library/Developer/Xcode/DerivedData/ModuleCache.noindex/Session.modulevalidation -Xcc -I/Users/darisadam/Library/Developer/Xcode/DerivedData/Madabank-hkohthnbjtgnoechirsoymtykttx/Build/Intermediates.noindex/Data.build/Debug-iphonesimulator/Data.build/swift-overrides.hmap -emit-const-values -Xfrontend -const-gather-protocols-file -Xfrontend /Users/darisadam/Library/Developer/Xcode/DerivedData/Madabank-hkohthnbjtgnoechirsoymtykttx/Build/Intermediates.noindex/Data.build/Debug-iphonesimulator/Data.build/Objects-normal/arm64/Data_const_extract_protocols.json -Xcc -iquote -Xcc /Users/darisadam/Library/Developer/Xcode/DerivedData/Madabank-hkohthnbjtgnoechirsoymtykttx/Build/Intermediates.noindex/Data.build/Debug-iphonesimulator/Data.build/Data-generated-files.hmap -Xcc -I/Users/darisadam/Library/Developer/Xcode/DerivedData/Madabank-hkohthnbjtgnoechirsoymtykttx/Build/Intermediates.noindex/Data.build/Debug-iphonesimulator/Data.build/Data-own-target-headers.hmap -Xcc -I/Users/darisadam/Library/Developer/Xcode/DerivedData/Madabank-hkohthnbjtgnoechirsoymtykttx/Build/Intermediates.noindex/Data.build/Debug-iphonesimulator/Data.build/Data-all-non-framework-target-headers.hmap -Xcc -ivfsoverlay -Xcc /Users/darisadam/Library/Developer/Xcode/DerivedData/Madabank-hkohthnbjtgnoechirsoymtykttx/Build/Intermediates.noindex/Data.build/Debug-iphonesimulator/Data-6330774ec221515250ab6759f27e1669-VFS-iphonesimulator/all-product-headers.yaml -Xcc -iquote -Xcc /Users/darisadam/Library/Developer/Xcode/DerivedData/Madabank-hkohthnbjtgnoechirsoymtykttx/Build/Intermediates.noindex/Data.build/Debug-iphonesimulator/Data.build/Data-project-headers.hmap -Xcc -I/Users/darisadam/Library/Developer/Xcode/DerivedData/Madabank-hkohthnbjtgnoechirsoymtykttx/Build/Products/Debug-iphonesimulator/include -Xcc -I/Users/darisadam/Library/Developer/Xcode/DerivedData/Madabank-hkohthnbjtgnoechirsoymtykttx/Build/Intermediates.noindex/Data.build/Debug-iphonesimulator/Data.build/DerivedSources-normal/arm64 -Xcc -I/Users/darisadam/Library/Developer/Xcode/DerivedData/Madabank-hkohthnbjtgnoechirsoymtykttx/Build/Intermediates.noindex/Data.build/Debug-iphonesimulator/Data.build/DerivedSources/arm64 -Xcc -I/Users/darisadam/Library/Developer/Xcode/DerivedData/Madabank-hkohthnbjtgnoechirsoymtykttx/Build/Intermediates.noindex/Data.build/Debug-iphonesimulator/Data.build/DerivedSources -Xcc -DDEBUG\=1 -emit-objc-header -emit-objc-header-path /Users/darisadam/Library/Developer/Xcode/DerivedData/Madabank-hkohthnbjtgnoechirsoymtykttx/Build/Intermediates.noindex/Data.build/Debug-iphonesimulator/Data.build/Objects-normal/arm64/Data-Swift.h -working-directory /Users/darisadam/Documents/Projects/iOS\ Apps/madabank-ios/Madabank/Modules/Shared/Data -experimental-emit-module-separately -disable-cmo

SwiftDriverJobDiscovery normal arm64 Compiling AccountMapper.swift (in target 'Data' from project 'Data')

SwiftCompile normal arm64 Compiling\ UserRepository.swift /Users/darisadam/Documents/Projects/iOS\ Apps/madabank-ios/Madabank/Modules/Shared/Data/Sources/Repositories/UserRepository.swift (in target 'Data' from project 'Data')

SwiftCompile normal arm64 /Users/darisadam/Documents/Projects/iOS\ Apps/madabank-ios/Madabank/Modules/Shared/Data/Sources/Repositories/UserRepository.swift (in target 'Data' from project 'Data')
    cd /Users/darisadam/Documents/Projects/iOS\ Apps/madabank-ios/Madabank/Modules/Shared/Data
    

Copy /Users/darisadam/Library/Developer/Xcode/DerivedData/Madabank-hkohthnbjtgnoechirsoymtykttx/Build/Products/Debug-iphonesimulator/Data.framework/Modules/Data.swiftmodule/arm64-apple-ios-simulator.abi.json /Users/darisadam/Library/Developer/Xcode/DerivedData/Madabank-hkohthnbjtgnoechirsoymtykttx/Build/Intermediates.noindex/Data.build/Debug-iphonesimulator/Data.build/Objects-normal/arm64/Data.abi.json (in target 'Data' from project 'Data')
    cd /Users/darisadam/Documents/Projects/iOS\ Apps/madabank-ios/Madabank/Modules/Shared/Data
    builtin-copy -exclude .DS_Store -exclude CVS -exclude .svn -exclude .git -exclude .hg -resolve-src-symlinks -rename /Users/darisadam/Library/Developer/Xcode/DerivedData/Madabank-hkohthnbjtgnoechirsoymtykttx/Build/Intermediates.noindex/Data.build/Debug-iphonesimulator/Data.build/Objects-normal/arm64/Data.abi.json /Users/darisadam/Library/Developer/Xcode/DerivedData/Madabank-hkohthnbjtgnoechirsoymtykttx/Build/Products/Debug-iphonesimulator/Data.framework/Modules/Data.swiftmodule/arm64-apple-ios-simulator.abi.json

SwiftDriverJobDiscovery normal arm64 Compiling TransactionRepository.swift (in target 'Data' from project 'Data')

ExtractAppIntentsMetadata (in target 'Domain' from project 'Domain')
    cd /Users/darisadam/Documents/Projects/iOS\ Apps/madabank-ios/Madabank/Modules/Shared/Domain
    /Applications/Xcode.app/Contents/Developer/Toolchains/XcodeDefault.xctoolchain/usr/bin/appintentsmetadataprocessor --toolchain-dir /var/run/com.apple.security.cryptexd/mnt/com.apple.MobileAsset.MetalToolchain-v17.2.54.0.wH8bUi/Metal.xctoolchain --module-name Domain --sdk-root /Applications/Xcode.app/Contents/Developer/Platforms/iPhoneSimulator.platform/Developer/SDKs/iPhoneSimulator26.1.sdk --xcode-version 17B100 --platform-family iOS --deployment-target 15.0 --bundle-identifier online.darisadam.domain --output /Users/darisadam/Library/Developer/Xcode/DerivedData/Madabank-hkohthnbjtgnoechirsoymtykttx/Build/Products/Debug-iphonesimulator/Domain.framework --target-triple arm64-apple-ios15.0-simulator --binary-file /Users/darisadam/Library/Developer/Xcode/DerivedData/Madabank-hkohthnbjtgnoechirsoymtykttx/Build/Products/Debug-iphonesimulator/Domain.framework/Domain --dependency-file /Users/darisadam/Library/Developer/Xcode/DerivedData/Madabank-hkohthnbjtgnoechirsoymtykttx/Build/Intermediates.noindex/Domain.build/Debug-iphonesimulator/Domain.build/Objects-normal/arm64/Domain_dependency_info.dat --stringsdata-file /Users/darisadam/Library/Developer/Xcode/DerivedData/Madabank-hkohthnbjtgnoechirsoymtykttx/Build/Intermediates.noindex/Domain.build/Debug-iphonesimulator/Domain.build/Objects-normal/arm64/ExtractedAppShortcutsMetadata.stringsdata --source-file-list /Users/darisadam/Library/Developer/Xcode/DerivedData/Madabank-hkohthnbjtgnoechirsoymtykttx/Build/Intermediates.noindex/Domain.build/Debug-iphonesimulator/Domain.build/Objects-normal/arm64/Domain.SwiftFileList --metadata-file-list /Users/darisadam/Library/Developer/Xcode/DerivedData/Madabank-hkohthnbjtgnoechirsoymtykttx/Build/Intermediates.noindex/Domain.build/Debug-iphonesimulator/Domain.build/Domain.DependencyMetadataFileList --static-metadata-file-list /Users/darisadam/Library/Developer/Xcode/DerivedData/Madabank-hkohthnbjtgnoechirsoymtykttx/Build/Intermediates.noindex/Domain.build/Debug-iphonesimulator/Domain.build/Domain.DependencyStaticMetadataFileList --swift-const-vals-list /Users/darisadam/Library/Developer/Xcode/DerivedData/Madabank-hkohthnbjtgnoechirsoymtykttx/Build/Intermediates.noindex/Domain.build/Debug-iphonesimulator/Domain.build/Objects-normal/arm64/Domain.SwiftConstValuesFileList --compile-time-extraction --deployment-aware-processing --validate-assistant-intents --no-app-shortcuts-localization
2026-02-04 20:09:49.538 appintentsmetadataprocessor[15736:2559066] Starting appintentsmetadataprocessor export
2026-02-04 20:09:49.540 appintentsmetadataprocessor[15736:2559066] warning: Metadata extraction skipped. No AppIntents.framework dependency found.

RegisterExecutionPolicyException /Users/darisadam/Library/Developer/Xcode/DerivedData/Madabank-hkohthnbjtgnoechirsoymtykttx/Build/Products/Debug-iphonesimulator/netfox.framework (in target 'netfox' from project 'netfox')
    cd /Users/darisadam/Documents/Projects/iOS\ Apps/madabank-ios/Madabank/Tuist/.build/tuist-derived/netfox
    builtin-RegisterExecutionPolicyException /Users/darisadam/Library/Developer/Xcode/DerivedData/Madabank-hkohthnbjtgnoechirsoymtykttx/Build/Products/Debug-iphonesimulator/netfox.framework

SwiftDriverJobDiscovery normal arm64 Compiling CardRepository.swift (in target 'Data' from project 'Data')

Touch /Users/darisadam/Library/Developer/Xcode/DerivedData/Madabank-hkohthnbjtgnoechirsoymtykttx/Build/Products/Debug-iphonesimulator/netfox.framework (in target 'netfox' from project 'netfox')
    cd /Users/darisadam/Documents/Projects/iOS\ Apps/madabank-ios/Madabank/Tuist/.build/tuist-derived/netfox
    /usr/bin/touch -c /Users/darisadam/Library/Developer/Xcode/DerivedData/Madabank-hkohthnbjtgnoechirsoymtykttx/Build/Products/Debug-iphonesimulator/netfox.framework

GenerateTAPI /Users/darisadam/Library/Developer/Xcode/DerivedData/Madabank-hkohthnbjtgnoechirsoymtykttx/Build/Intermediates.noindex/EagerLinkingTBDs/Debug-iphonesimulator/Domain.framework/Domain.tbd (in target 'Domain' from project 'Domain')
    cd /Users/darisadam/Documents/Projects/iOS\ Apps/madabank-ios/Madabank/Modules/Shared/Domain
    /Applications/Xcode.app/Contents/Developer/Toolchains/XcodeDefault.xctoolchain/usr/bin/tapi stubify -isysroot /Applications/Xcode.app/Contents/Developer/Platforms/iPhoneSimulator.platform/Developer/SDKs/iPhoneSimulator26.1.sdk -F/Users/darisadam/Library/Developer/Xcode/DerivedData/Madabank-hkohthnbjtgnoechirsoymtykttx/Build/Products/Debug-iphonesimulator -L/Users/darisadam/Library/Developer/Xcode/DerivedData/Madabank-hkohthnbjtgnoechirsoymtykttx/Build/Products/Debug-iphonesimulator /Users/darisadam/Library/Developer/Xcode/DerivedData/Madabank-hkohthnbjtgnoechirsoymtykttx/Build/Products/Debug-iphonesimulator/Domain.framework/Domain -o /Users/darisadam/Library/Developer/Xcode/DerivedData/Madabank-hkohthnbjtgnoechirsoymtykttx/Build/Intermediates.noindex/EagerLinkingTBDs/Debug-iphonesimulator/Domain.framework/Domain.tbd

SwiftDriverJobDiscovery normal arm64 Compiling AccountRepository.swift (in target 'Data' from project 'Data')

CodeSign /Users/darisadam/Library/Developer/Xcode/DerivedData/Madabank-hkohthnbjtgnoechirsoymtykttx/Build/Products/Debug-iphonesimulator/Domain.framework (in target 'Domain' from project 'Domain')
    cd /Users/darisadam/Documents/Projects/iOS\ Apps/madabank-ios/Madabank/Modules/Shared/Domain
    
    Signing Identity:     "Sign to Run Locally"
    
    /usr/bin/codesign --force --sign - --timestamp\=none --generate-entitlement-der /Users/darisadam/Library/Developer/Xcode/DerivedData/Madabank-hkohthnbjtgnoechirsoymtykttx/Build/Products/Debug-iphonesimulator/Domain.framework

ProcessInfoPlistFile /Users/darisadam/Library/Developer/Xcode/DerivedData/Madabank-hkohthnbjtgnoechirsoymtykttx/Build/Products/Debug-iphonesimulator/Data.framework/Info.plist /Users/darisadam/Documents/Projects/iOS\ Apps/madabank-ios/Madabank/Modules/Shared/Data/Derived/InfoPlists/Data-Info.plist (in target 'Data' from project 'Data')
    cd /Users/darisadam/Documents/Projects/iOS\ Apps/madabank-ios/Madabank/Modules/Shared/Data
    builtin-infoPlistUtility /Users/darisadam/Documents/Projects/iOS\ Apps/madabank-ios/Madabank/Modules/Shared/Data/Derived/InfoPlists/Data-Info.plist -producttype com.apple.product-type.framework -expandbuildsettings -format binary -platform iphonesimulator -o /Users/darisadam/Library/Developer/Xcode/DerivedData/Madabank-hkohthnbjtgnoechirsoymtykttx/Build/Products/Debug-iphonesimulator/Data.framework/Info.plist

SwiftDriverJobDiscovery normal arm64 Compiling AuthRepository.swift (in target 'Data' from project 'Data')

ExtractAppIntentsMetadata (in target 'IQKeyboardManagerSwift' from project 'IQKeyboardManagerSwift')
    cd /Users/darisadam/Documents/Projects/iOS\ Apps/madabank-ios/Madabank/Tuist/.build/tuist-derived/IQKeyboardManagerSwift
    /Applications/Xcode.app/Contents/Developer/Toolchains/XcodeDefault.xctoolchain/usr/bin/appintentsmetadataprocessor --toolchain-dir /var/run/com.apple.security.cryptexd/mnt/com.apple.MobileAsset.MetalToolchain-v17.2.54.0.wH8bUi/Metal.xctoolchain --module-name IQKeyboardManagerSwift --sdk-root /Applications/Xcode.app/Contents/Developer/Platforms/iPhoneSimulator.platform/Developer/SDKs/iPhoneSimulator26.1.sdk --xcode-version 17B100 --platform-family iOS --deployment-target 12.0 --bundle-identifier dev.tuist.IQKeyboardManagerSwift --output /Users/darisadam/Library/Developer/Xcode/DerivedData/Madabank-hkohthnbjtgnoechirsoymtykttx/Build/Products/Debug-iphonesimulator/IQKeyboardManagerSwift.framework --target-triple arm64-apple-ios12.0-simulator --binary-file /Users/darisadam/Library/Developer/Xcode/DerivedData/Madabank-hkohthnbjtgnoechirsoymtykttx/Build/Products/Debug-iphonesimulator/IQKeyboardManagerSwift.framework/IQKeyboardManagerSwift --dependency-file /Users/darisadam/Library/Developer/Xcode/DerivedData/Madabank-hkohthnbjtgnoechirsoymtykttx/Build/Intermediates.noindex/IQKeyboardManagerSwift.build/Debug-iphonesimulator/IQKeyboardManagerSwift.build/Objects-normal/arm64/IQKeyboardManagerSwift_dependency_info.dat --stringsdata-file /Users/darisadam/Library/Developer/Xcode/DerivedData/Madabank-hkohthnbjtgnoechirsoymtykttx/Build/Intermediates.noindex/IQKeyboardManagerSwift.build/Debug-iphonesimulator/IQKeyboardManagerSwift.build/Objects-normal/arm64/ExtractedAppShortcutsMetadata.stringsdata --source-file-list /Users/darisadam/Library/Developer/Xcode/DerivedData/Madabank-hkohthnbjtgnoechirsoymtykttx/Build/Intermediates.noindex/IQKeyboardManagerSwift.build/Debug-iphonesimulator/IQKeyboardManagerSwift.build/Objects-normal/arm64/IQKeyboardManagerSwift.SwiftFileList --metadata-file-list /Users/darisadam/Library/Developer/Xcode/DerivedData/Madabank-hkohthnbjtgnoechirsoymtykttx/Build/Intermediates.noindex/IQKeyboardManagerSwift.build/Debug-iphonesimulator/IQKeyboardManagerSwift.build/IQKeyboardManagerSwift.DependencyMetadataFileList --static-metadata-file-list /Users/darisadam/Library/Developer/Xcode/DerivedData/Madabank-hkohthnbjtgnoechirsoymtykttx/Build/Intermediates.noindex/IQKeyboardManagerSwift.build/Debug-iphonesimulator/IQKeyboardManagerSwift.build/IQKeyboardManagerSwift.DependencyStaticMetadataFileList --swift-const-vals-list /Users/darisadam/Library/Developer/Xcode/DerivedData/Madabank-hkohthnbjtgnoechirsoymtykttx/Build/Intermediates.noindex/IQKeyboardManagerSwift.build/Debug-iphonesimulator/IQKeyboardManagerSwift.build/Objects-normal/arm64/IQKeyboardManagerSwift.SwiftConstValuesFileList --compile-time-extraction --deployment-aware-processing --validate-assistant-intents --no-app-shortcuts-localization
2026-02-04 20:09:49.626 appintentsmetadataprocessor[15741:2559089] Starting appintentsmetadataprocessor export
2026-02-04 20:09:49.627 appintentsmetadataprocessor[15741:2559089] warning: Metadata extraction skipped. No AppIntents.framework dependency found.

SwiftDriverJobDiscovery normal arm64 Compiling BeneficiaryRepository.swift (in target 'Data' from project 'Data')

SwiftDriverJobDiscovery normal arm64 Compiling UserRepository.swift (in target 'Data' from project 'Data')

SwiftDriver\ Compilation Data normal arm64 com.apple.xcode.tools.swift.compiler (in target 'Data' from project 'Data')
    cd /Users/darisadam/Documents/Projects/iOS\ Apps/madabank-ios/Madabank/Modules/Shared/Data
    builtin-Swift-Compilation -- /Applications/Xcode.app/Contents/Developer/Toolchains/XcodeDefault.xctoolchain/usr/bin/swiftc -module-name Data -Onone -enforce-exclusivity\=checked @/Users/darisadam/Library/Developer/Xcode/DerivedData/Madabank-hkohthnbjtgnoechirsoymtykttx/Build/Intermediates.noindex/Data.build/Debug-iphonesimulator/Data.build/Objects-normal/arm64/Data.SwiftFileList -DDEBUG -enable-bare-slash-regex -enable-experimental-feature DebugDescriptionMacro -sdk /Applications/Xcode.app/Contents/Developer/Platforms/iPhoneSimulator.platform/Developer/SDKs/iPhoneSimulator26.1.sdk -target arm64-apple-ios15.0-simulator -g -module-cache-path /Users/darisadam/Library/Developer/Xcode/DerivedData/ModuleCache.noindex -Xfrontend -serialize-debugging-options -enable-testing -index-store-path /Users/darisadam/Library/Developer/Xcode/DerivedData/Madabank-hkohthnbjtgnoechirsoymtykttx/Index.noindex/DataStore -Xcc -D_LIBCPP_HARDENING_MODE\=_LIBCPP_HARDENING_MODE_DEBUG -swift-version 5 -I /Users/darisadam/Library/Developer/Xcode/DerivedData/Madabank-hkohthnbjtgnoechirsoymtykttx/Build/Products/Debug-iphonesimulator -F /Users/darisadam/Library/Developer/Xcode/DerivedData/Madabank-hkohthnbjtgnoechirsoymtykttx/Build/Products/Debug-iphonesimulator -c -j8 -enable-batch-mode -incremental -Xcc -ivfsstatcache -Xcc /Users/darisadam/Library/Developer/Xcode/DerivedData/SDKStatCaches.noindex/iphonesimulator26.1-23B77-3885c01c3e6b6a337905948deab2002e90cf18a4295e390e64c810bc6bd7acbc.sdkstatcache -output-file-map /Users/darisadam/Library/Developer/Xcode/DerivedData/Madabank-hkohthnbjtgnoechirsoymtykttx/Build/Intermediates.noindex/Data.build/Debug-iphonesimulator/Data.build/Objects-normal/arm64/Data-OutputFileMap.json -use-frontend-parseable-output -save-temps -no-color-diagnostics -explicit-module-build -module-cache-path /Users/darisadam/Library/Developer/Xcode/DerivedData/Madabank-hkohthnbjtgnoechirsoymtykttx/Build/Intermediates.noindex/SwiftExplicitPrecompiledModules -clang-scanner-module-cache-path /Users/darisadam/Library/Developer/Xcode/DerivedData/ModuleCache.noindex -sdk-module-cache-path /Users/darisadam/Library/Developer/Xcode/DerivedData/ModuleCache.noindex -serialize-diagnostics -emit-dependencies -emit-module -emit-module-path /Users/darisadam/Library/Developer/Xcode/DerivedData/Madabank-hkohthnbjtgnoechirsoymtykttx/Build/Intermediates.noindex/Data.build/Debug-iphonesimulator/Data.build/Objects-normal/arm64/Data.swiftmodule -validate-clang-modules-once -clang-build-session-file /Users/darisadam/Library/Developer/Xcode/DerivedData/ModuleCache.noindex/Session.modulevalidation -Xcc -I/Users/darisadam/Library/Developer/Xcode/DerivedData/Madabank-hkohthnbjtgnoechirsoymtykttx/Build/Intermediates.noindex/Data.build/Debug-iphonesimulator/Data.build/swift-overrides.hmap -emit-const-values -Xfrontend -const-gather-protocols-file -Xfrontend /Users/darisadam/Library/Developer/Xcode/DerivedData/Madabank-hkohthnbjtgnoechirsoymtykttx/Build/Intermediates.noindex/Data.build/Debug-iphonesimulator/Data.build/Objects-normal/arm64/Data_const_extract_protocols.json -Xcc -iquote -Xcc /Users/darisadam/Library/Developer/Xcode/DerivedData/Madabank-hkohthnbjtgnoechirsoymtykttx/Build/Intermediates.noindex/Data.build/Debug-iphonesimulator/Data.build/Data-generated-files.hmap -Xcc -I/Users/darisadam/Library/Developer/Xcode/DerivedData/Madabank-hkohthnbjtgnoechirsoymtykttx/Build/Intermediates.noindex/Data.build/Debug-iphonesimulator/Data.build/Data-own-target-headers.hmap -Xcc -I/Users/darisadam/Library/Developer/Xcode/DerivedData/Madabank-hkohthnbjtgnoechirsoymtykttx/Build/Intermediates.noindex/Data.build/Debug-iphonesimulator/Data.build/Data-all-non-framework-target-headers.hmap -Xcc -ivfsoverlay -Xcc /Users/darisadam/Library/Developer/Xcode/DerivedData/Madabank-hkohthnbjtgnoechirsoymtykttx/Build/Intermediates.noindex/Data.build/Debug-iphonesimulator/Data-6330774ec221515250ab6759f27e1669-VFS-iphonesimulator/all-product-headers.yaml -Xcc -iquote -Xcc /Users/darisadam/Library/Developer/Xcode/DerivedData/Madabank-hkohthnbjtgnoechirsoymtykttx/Build/Intermediates.noindex/Data.build/Debug-iphonesimulator/Data.build/Data-project-headers.hmap -Xcc -I/Users/darisadam/Library/Developer/Xcode/DerivedData/Madabank-hkohthnbjtgnoechirsoymtykttx/Build/Products/Debug-iphonesimulator/include -Xcc -I/Users/darisadam/Library/Developer/Xcode/DerivedData/Madabank-hkohthnbjtgnoechirsoymtykttx/Build/Intermediates.noindex/Data.build/Debug-iphonesimulator/Data.build/DerivedSources-normal/arm64 -Xcc -I/Users/darisadam/Library/Developer/Xcode/DerivedData/Madabank-hkohthnbjtgnoechirsoymtykttx/Build/Intermediates.noindex/Data.build/Debug-iphonesimulator/Data.build/DerivedSources/arm64 -Xcc -I/Users/darisadam/Library/Developer/Xcode/DerivedData/Madabank-hkohthnbjtgnoechirsoymtykttx/Build/Intermediates.noindex/Data.build/Debug-iphonesimulator/Data.build/DerivedSources -Xcc -DDEBUG\=1 -emit-objc-header -emit-objc-header-path /Users/darisadam/Library/Developer/Xcode/DerivedData/Madabank-hkohthnbjtgnoechirsoymtykttx/Build/Intermediates.noindex/Data.build/Debug-iphonesimulator/Data.build/Objects-normal/arm64/Data-Swift.h -working-directory /Users/darisadam/Documents/Projects/iOS\ Apps/madabank-ios/Madabank/Modules/Shared/Data -experimental-emit-module-separately -disable-cmo

Ld /Users/darisadam/Library/Developer/Xcode/DerivedData/Madabank-hkohthnbjtgnoechirsoymtykttx/Build/Products/Debug-iphonesimulator/Data.framework/Data normal (in target 'Data' from project 'Data')
    cd /Users/darisadam/Documents/Projects/iOS\ Apps/madabank-ios/Madabank/Modules/Shared/Data
    /Applications/Xcode.app/Contents/Developer/Toolchains/XcodeDefault.xctoolchain/usr/bin/clang -Xlinker -reproducible -target arm64-apple-ios15.0-simulator -dynamiclib -isysroot /Applications/Xcode.app/Contents/Developer/Platforms/iPhoneSimulator.platform/Developer/SDKs/iPhoneSimulator26.1.sdk -O0 -L/Users/darisadam/Library/Developer/Xcode/DerivedData/Madabank-hkohthnbjtgnoechirsoymtykttx/Build/Intermediates.noindex/EagerLinkingTBDs/Debug-iphonesimulator -L/Users/darisadam/Library/Developer/Xcode/DerivedData/Madabank-hkohthnbjtgnoechirsoymtykttx/Build/Products/Debug-iphonesimulator -F/Users/darisadam/Library/Developer/Xcode/DerivedData/Madabank-hkohthnbjtgnoechirsoymtykttx/Build/Intermediates.noindex/EagerLinkingTBDs/Debug-iphonesimulator -F/Users/darisadam/Library/Developer/Xcode/DerivedData/Madabank-hkohthnbjtgnoechirsoymtykttx/Build/Products/Debug-iphonesimulator -filelist /Users/darisadam/Library/Developer/Xcode/DerivedData/Madabank-hkohthnbjtgnoechirsoymtykttx/Build/Intermediates.noindex/Data.build/Debug-iphonesimulator/Data.build/Objects-normal/arm64/Data.LinkFileList -install_name @rpath/Data.framework/Data -Xlinker -rpath -Xlinker /usr/lib/swift -Xlinker -rpath -Xlinker @executable_path/Frameworks -Xlinker -rpath -Xlinker @loader_path/Frameworks -dead_strip -Xlinker -object_path_lto -Xlinker /Users/darisadam/Library/Developer/Xcode/DerivedData/Madabank-hkohthnbjtgnoechirsoymtykttx/Build/Intermediates.noindex/Data.build/Debug-iphonesimulator/Data.build/Objects-normal/arm64/Data_lto.o -rdynamic -Xlinker -no_deduplicate -Xlinker -objc_abi_version -Xlinker 2 -Xlinker -dependency_info -Xlinker /Users/darisadam/Library/Developer/Xcode/DerivedData/Madabank-hkohthnbjtgnoechirsoymtykttx/Build/Intermediates.noindex/Data.build/Debug-iphonesimulator/Data.build/Objects-normal/arm64/Data_dependency_info.dat -fobjc-link-runtime -L/Applications/Xcode.app/Contents/Developer/Toolchains/XcodeDefault.xctoolchain/usr/lib/swift/iphonesimulator -L/usr/lib/swift -Xlinker -add_ast_path -Xlinker /Users/darisadam/Library/Developer/Xcode/DerivedData/Madabank-hkohthnbjtgnoechirsoymtykttx/Build/Intermediates.noindex/Data.build/Debug-iphonesimulator/Data.build/Objects-normal/arm64/Data.swiftmodule @/Users/darisadam/Library/Developer/Xcode/DerivedData/Madabank-hkohthnbjtgnoechirsoymtykttx/Build/Intermediates.noindex/Data.build/Debug-iphonesimulator/Data.build/Objects-normal/arm64/Data-linker-args.resp -framework Domain -framework Networking -framework RxSwift -Xlinker -no_adhoc_codesign -compatibility_version 1 -current_version 1 -o /Users/darisadam/Library/Developer/Xcode/DerivedData/Madabank-hkohthnbjtgnoechirsoymtykttx/Build/Products/Debug-iphonesimulator/Data.framework/Data

AppIntentsSSUTraining (in target 'IQKeyboardManagerSwift' from project 'IQKeyboardManagerSwift')
    cd /Users/darisadam/Documents/Projects/iOS\ Apps/madabank-ios/Madabank/Tuist/.build/tuist-derived/IQKeyboardManagerSwift
    /Applications/Xcode.app/Contents/Developer/Toolchains/XcodeDefault.xctoolchain/usr/bin/appintentsnltrainingprocessor --infoplist-path /Users/darisadam/Library/Developer/Xcode/DerivedData/Madabank-hkohthnbjtgnoechirsoymtykttx/Build/Products/Debug-iphonesimulator/IQKeyboardManagerSwift.framework/Info.plist --temp-dir-path /Users/darisadam/Library/Developer/Xcode/DerivedData/Madabank-hkohthnbjtgnoechirsoymtykttx/Build/Intermediates.noindex/IQKeyboardManagerSwift.build/Debug-iphonesimulator/IQKeyboardManagerSwift.build/ssu --bundle-id dev.tuist.IQKeyboardManagerSwift --product-path /Users/darisadam/Library/Developer/Xcode/DerivedData/Madabank-hkohthnbjtgnoechirsoymtykttx/Build/Products/Debug-iphonesimulator/IQKeyboardManagerSwift.framework --extracted-metadata-path /Users/darisadam/Library/Developer/Xcode/DerivedData/Madabank-hkohthnbjtgnoechirsoymtykttx/Build/Products/Debug-iphonesimulator/IQKeyboardManagerSwift.framework/Metadata.appintents --metadata-file-list /Users/darisadam/Library/Developer/Xcode/DerivedData/Madabank-hkohthnbjtgnoechirsoymtykttx/Build/Intermediates.noindex/IQKeyboardManagerSwift.build/Debug-iphonesimulator/IQKeyboardManagerSwift.build/IQKeyboardManagerSwift.DependencyMetadataFileList --archive-ssu-assets
2026-02-04 20:09:49.646 appintentsnltrainingprocessor[15744:2559094] Parsing options for appintentsnltrainingprocessor
2026-02-04 20:09:49.646 appintentsnltrainingprocessor[15744:2559094] No AppShortcuts found - Skipping.

SwiftDriverJobDiscovery normal arm64 Emitting module for RxCocoa (in target 'RxCocoa' from project 'RxSwift')

SwiftDriver\ Compilation\ Requirements RxCocoa normal arm64 com.apple.xcode.tools.swift.compiler (in target 'RxCocoa' from project 'RxSwift')
    cd /Users/darisadam/Documents/Projects/iOS\ Apps/madabank-ios/Madabank/Tuist/.build/tuist-derived/RxSwift
    builtin-Swift-Compilation-Requirements -- /Applications/Xcode.app/Contents/Developer/Toolchains/XcodeDefault.xctoolchain/usr/bin/swiftc -module-name RxCocoa -Onone -enforce-exclusivity\=checked @/Users/darisadam/Library/Developer/Xcode/DerivedData/Madabank-hkohthnbjtgnoechirsoymtykttx/Build/Intermediates.noindex/RxSwift.build/Debug-iphonesimulator/RxCocoa.build/Objects-normal/arm64/RxCocoa.SwiftFileList -DSWIFT_PACKAGE -DDEBUG -package-name RxSwift -Xcc -fmodule-map-file\=/Users/darisadam/Documents/Projects/iOS\ Apps/madabank-ios/Madabank/Tuist/.build/checkouts/RxSwift/../../tuist-derived/RxCocoaRuntime/RxCocoaRuntime.modulemap -enable-bare-slash-regex -enable-experimental-feature DebugDescriptionMacro -sdk /Applications/Xcode.app/Contents/Developer/Platforms/iPhoneSimulator.platform/Developer/SDKs/iPhoneSimulator26.1.sdk -target arm64-apple-ios12.0-simulator -g -module-cache-path /Users/darisadam/Library/Developer/Xcode/DerivedData/ModuleCache.noindex -Xfrontend -serialize-debugging-options -enable-testing -suppress-warnings -index-store-path /Users/darisadam/Library/Developer/Xcode/DerivedData/Madabank-hkohthnbjtgnoechirsoymtykttx/Index.noindex/DataStore -Xcc -D_LIBCPP_HARDENING_MODE\=_LIBCPP_HARDENING_MODE_DEBUG -swift-version 5 -I /Users/darisadam/Library/Developer/Xcode/DerivedData/Madabank-hkohthnbjtgnoechirsoymtykttx/Build/Products/Debug-iphonesimulator -F /Users/darisadam/Library/Developer/Xcode/DerivedData/Madabank-hkohthnbjtgnoechirsoymtykttx/Build/Products/Debug-iphonesimulator -F /Applications/Xcode.app/Contents/Developer/Platforms/iPhoneSimulator.platform/Developer/Library/Frameworks -c -j8 -enable-batch-mode -incremental -Xcc -ivfsstatcache -Xcc /Users/darisadam/Library/Developer/Xcode/DerivedData/SDKStatCaches.noindex/iphonesimulator26.1-23B77-3885c01c3e6b6a337905948deab2002e90cf18a4295e390e64c810bc6bd7acbc.sdkstatcache -output-file-map /Users/darisadam/Library/Developer/Xcode/DerivedData/Madabank-hkohthnbjtgnoechirsoymtykttx/Build/Intermediates.noindex/RxSwift.build/Debug-iphonesimulator/RxCocoa.build/Objects-normal/arm64/RxCocoa-OutputFileMap.json -use-frontend-parseable-output -save-temps -no-color-diagnostics -explicit-module-build -module-cache-path /Users/darisadam/Library/Developer/Xcode/DerivedData/Madabank-hkohthnbjtgnoechirsoymtykttx/Build/Intermediates.noindex/SwiftExplicitPrecompiledModules -clang-scanner-module-cache-path /Users/darisadam/Library/Developer/Xcode/DerivedData/ModuleCache.noindex -sdk-module-cache-path /Users/darisadam/Library/Developer/Xcode/DerivedData/ModuleCache.noindex -serialize-diagnostics -emit-dependencies -emit-module -emit-module-path /Users/darisadam/Library/Developer/Xcode/DerivedData/Madabank-hkohthnbjtgnoechirsoymtykttx/Build/Intermediates.noindex/RxSwift.build/Debug-iphonesimulator/RxCocoa.build/Objects-normal/arm64/RxCocoa.swiftmodule -validate-clang-modules-once -clang-build-session-file /Users/darisadam/Library/Developer/Xcode/DerivedData/ModuleCache.noindex/Session.modulevalidation -Xcc -I/Users/darisadam/Library/Developer/Xcode/DerivedData/Madabank-hkohthnbjtgnoechirsoymtykttx/Build/Intermediates.noindex/RxSwift.build/Debug-iphonesimulator/RxCocoa.build/swift-overrides.hmap -emit-const-values -Xfrontend -const-gather-protocols-file -Xfrontend /Users/darisadam/Library/Developer/Xcode/DerivedData/Madabank-hkohthnbjtgnoechirsoymtykttx/Build/Intermediates.noindex/RxSwift.build/Debug-iphonesimulator/RxCocoa.build/Objects-normal/arm64/RxCocoa_const_extract_protocols.json -Xcc -I/Users/darisadam/Library/Developer/Xcode/DerivedData/Madabank-hkohthnbjtgnoechirsoymtykttx/Build/Products/Debug-iphonesimulator/include -Xcc -I/Users/darisadam/Documents/Projects/iOS\ Apps/madabank-ios/Madabank/Tuist/.build/checkouts/RxSwift/Sources/RxCocoaRuntime/include -Xcc -I/Users/darisadam/Library/Developer/Xcode/DerivedData/Madabank-hkohthnbjtgnoechirsoymtykttx/Build/Intermediates.noindex/RxSwift.build/Debug-iphonesimulator/RxCocoa.build/DerivedSources-normal/arm64 -Xcc -I/Users/darisadam/Library/Developer/Xcode/DerivedData/Madabank-hkohthnbjtgnoechirsoymtykttx/Build/Intermediates.noindex/RxSwift.build/Debug-iphonesimulator/RxCocoa.build/DerivedSources/arm64 -Xcc -I/Users/darisadam/Library/Developer/Xcode/DerivedData/Madabank-hkohthnbjtgnoechirsoymtykttx/Build/Intermediates.noindex/RxSwift.build/Debug-iphonesimulator/RxCocoa.build/DerivedSources -Xcc -DDEBUG\=1 -Xcc -DSWIFT_PACKAGE\=1 -emit-objc-header -emit-objc-header-path /Users/darisadam/Library/Developer/Xcode/DerivedData/Madabank-hkohthnbjtgnoechirsoymtykttx/Build/Intermediates.noindex/RxSwift.build/Debug-iphonesimulator/RxCocoa.build/Objects-normal/arm64/RxCocoa-Swift.h -working-directory /Users/darisadam/Documents/Projects/iOS\ Apps/madabank-ios/Madabank/Tuist/.build/tuist-derived/RxSwift -experimental-emit-module-separately -disable-cmo

SwiftDriver\ Compilation RxCocoa normal arm64 com.apple.xcode.tools.swift.compiler (in target 'RxCocoa' from project 'RxSwift')
    cd /Users/darisadam/Documents/Projects/iOS\ Apps/madabank-ios/Madabank/Tuist/.build/tuist-derived/RxSwift
    builtin-Swift-Compilation -- /Applications/Xcode.app/Contents/Developer/Toolchains/XcodeDefault.xctoolchain/usr/bin/swiftc -module-name RxCocoa -Onone -enforce-exclusivity\=checked @/Users/darisadam/Library/Developer/Xcode/DerivedData/Madabank-hkohthnbjtgnoechirsoymtykttx/Build/Intermediates.noindex/RxSwift.build/Debug-iphonesimulator/RxCocoa.build/Objects-normal/arm64/RxCocoa.SwiftFileList -DSWIFT_PACKAGE -DDEBUG -package-name RxSwift -Xcc -fmodule-map-file\=/Users/darisadam/Documents/Projects/iOS\ Apps/madabank-ios/Madabank/Tuist/.build/checkouts/RxSwift/../../tuist-derived/RxCocoaRuntime/RxCocoaRuntime.modulemap -enable-bare-slash-regex -enable-experimental-feature DebugDescriptionMacro -sdk /Applications/Xcode.app/Contents/Developer/Platforms/iPhoneSimulator.platform/Developer/SDKs/iPhoneSimulator26.1.sdk -target arm64-apple-ios12.0-simulator -g -module-cache-path /Users/darisadam/Library/Developer/Xcode/DerivedData/ModuleCache.noindex -Xfrontend -serialize-debugging-options -enable-testing -suppress-warnings -index-store-path /Users/darisadam/Library/Developer/Xcode/DerivedData/Madabank-hkohthnbjtgnoechirsoymtykttx/Index.noindex/DataStore -Xcc -D_LIBCPP_HARDENING_MODE\=_LIBCPP_HARDENING_MODE_DEBUG -swift-version 5 -I /Users/darisadam/Library/Developer/Xcode/DerivedData/Madabank-hkohthnbjtgnoechirsoymtykttx/Build/Products/Debug-iphonesimulator -F /Users/darisadam/Library/Developer/Xcode/DerivedData/Madabank-hkohthnbjtgnoechirsoymtykttx/Build/Products/Debug-iphonesimulator -F /Applications/Xcode.app/Contents/Developer/Platforms/iPhoneSimulator.platform/Developer/Library/Frameworks -c -j8 -enable-batch-mode -incremental -Xcc -ivfsstatcache -Xcc /Users/darisadam/Library/Developer/Xcode/DerivedData/SDKStatCaches.noindex/iphonesimulator26.1-23B77-3885c01c3e6b6a337905948deab2002e90cf18a4295e390e64c810bc6bd7acbc.sdkstatcache -output-file-map /Users/darisadam/Library/Developer/Xcode/DerivedData/Madabank-hkohthnbjtgnoechirsoymtykttx/Build/Intermediates.noindex/RxSwift.build/Debug-iphonesimulator/RxCocoa.build/Objects-normal/arm64/RxCocoa-OutputFileMap.json -use-frontend-parseable-output -save-temps -no-color-diagnostics -explicit-module-build -module-cache-path /Users/darisadam/Library/Developer/Xcode/DerivedData/Madabank-hkohthnbjtgnoechirsoymtykttx/Build/Intermediates.noindex/SwiftExplicitPrecompiledModules -clang-scanner-module-cache-path /Users/darisadam/Library/Developer/Xcode/DerivedData/ModuleCache.noindex -sdk-module-cache-path /Users/darisadam/Library/Developer/Xcode/DerivedData/ModuleCache.noindex -serialize-diagnostics -emit-dependencies -emit-module -emit-module-path /Users/darisadam/Library/Developer/Xcode/DerivedData/Madabank-hkohthnbjtgnoechirsoymtykttx/Build/Intermediates.noindex/RxSwift.build/Debug-iphonesimulator/RxCocoa.build/Objects-normal/arm64/RxCocoa.swiftmodule -validate-clang-modules-once -clang-build-session-file /Users/darisadam/Library/Developer/Xcode/DerivedData/ModuleCache.noindex/Session.modulevalidation -Xcc -I/Users/darisadam/Library/Developer/Xcode/DerivedData/Madabank-hkohthnbjtgnoechirsoymtykttx/Build/Intermediates.noindex/RxSwift.build/Debug-iphonesimulator/RxCocoa.build/swift-overrides.hmap -emit-const-values -Xfrontend -const-gather-protocols-file -Xfrontend /Users/darisadam/Library/Developer/Xcode/DerivedData/Madabank-hkohthnbjtgnoechirsoymtykttx/Build/Intermediates.noindex/RxSwift.build/Debug-iphonesimulator/RxCocoa.build/Objects-normal/arm64/RxCocoa_const_extract_protocols.json -Xcc -I/Users/darisadam/Library/Developer/Xcode/DerivedData/Madabank-hkohthnbjtgnoechirsoymtykttx/Build/Products/Debug-iphonesimulator/include -Xcc -I/Users/darisadam/Documents/Projects/iOS\ Apps/madabank-ios/Madabank/Tuist/.build/checkouts/RxSwift/Sources/RxCocoaRuntime/include -Xcc -I/Users/darisadam/Library/Developer/Xcode/DerivedData/Madabank-hkohthnbjtgnoechirsoymtykttx/Build/Intermediates.noindex/RxSwift.build/Debug-iphonesimulator/RxCocoa.build/DerivedSources-normal/arm64 -Xcc -I/Users/darisadam/Library/Developer/Xcode/DerivedData/Madabank-hkohthnbjtgnoechirsoymtykttx/Build/Intermediates.noindex/RxSwift.build/Debug-iphonesimulator/RxCocoa.build/DerivedSources/arm64 -Xcc -I/Users/darisadam/Library/Developer/Xcode/DerivedData/Madabank-hkohthnbjtgnoechirsoymtykttx/Build/Intermediates.noindex/RxSwift.build/Debug-iphonesimulator/RxCocoa.build/DerivedSources -Xcc -DDEBUG\=1 -Xcc -DSWIFT_PACKAGE\=1 -emit-objc-header -emit-objc-header-path /Users/darisadam/Library/Developer/Xcode/DerivedData/Madabank-hkohthnbjtgnoechirsoymtykttx/Build/Intermediates.noindex/RxSwift.build/Debug-iphonesimulator/RxCocoa.build/Objects-normal/arm64/RxCocoa-Swift.h -working-directory /Users/darisadam/Documents/Projects/iOS\ Apps/madabank-ios/Madabank/Tuist/.build/tuist-derived/RxSwift -experimental-emit-module-separately -disable-cmo

Copy /Users/darisadam/Library/Developer/Xcode/DerivedData/Madabank-hkohthnbjtgnoechirsoymtykttx/Build/Products/Debug-iphonesimulator/RxCocoa.framework/Modules/RxCocoa.swiftmodule/Project/arm64-apple-ios-simulator.swiftsourceinfo /Users/darisadam/Library/Developer/Xcode/DerivedData/Madabank-hkohthnbjtgnoechirsoymtykttx/Build/Intermediates.noindex/RxSwift.build/Debug-iphonesimulator/RxCocoa.build/Objects-normal/arm64/RxCocoa.swiftsourceinfo (in target 'RxCocoa' from project 'RxSwift')
    cd /Users/darisadam/Documents/Projects/iOS\ Apps/madabank-ios/Madabank/Tuist/.build/tuist-derived/RxSwift
    builtin-copy -exclude .DS_Store -exclude CVS -exclude .svn -exclude .git -exclude .hg -resolve-src-symlinks -rename /Users/darisadam/Library/Developer/Xcode/DerivedData/Madabank-hkohthnbjtgnoechirsoymtykttx/Build/Intermediates.noindex/RxSwift.build/Debug-iphonesimulator/RxCocoa.build/Objects-normal/arm64/RxCocoa.swiftsourceinfo /Users/darisadam/Library/Developer/Xcode/DerivedData/Madabank-hkohthnbjtgnoechirsoymtykttx/Build/Products/Debug-iphonesimulator/RxCocoa.framework/Modules/RxCocoa.swiftmodule/Project/arm64-apple-ios-simulator.swiftsourceinfo

Copy /Users/darisadam/Library/Developer/Xcode/DerivedData/Madabank-hkohthnbjtgnoechirsoymtykttx/Build/Products/Debug-iphonesimulator/RxCocoa.framework/Modules/RxCocoa.swiftmodule/arm64-apple-ios-simulator.abi.json /Users/darisadam/Library/Developer/Xcode/DerivedData/Madabank-hkohthnbjtgnoechirsoymtykttx/Build/Intermediates.noindex/RxSwift.build/Debug-iphonesimulator/RxCocoa.build/Objects-normal/arm64/RxCocoa.abi.json (in target 'RxCocoa' from project 'RxSwift')
    cd /Users/darisadam/Documents/Projects/iOS\ Apps/madabank-ios/Madabank/Tuist/.build/tuist-derived/RxSwift
    builtin-copy -exclude .DS_Store -exclude CVS -exclude .svn -exclude .git -exclude .hg -resolve-src-symlinks -rename /Users/darisadam/Library/Developer/Xcode/DerivedData/Madabank-hkohthnbjtgnoechirsoymtykttx/Build/Intermediates.noindex/RxSwift.build/Debug-iphonesimulator/RxCocoa.build/Objects-normal/arm64/RxCocoa.abi.json /Users/darisadam/Library/Developer/Xcode/DerivedData/Madabank-hkohthnbjtgnoechirsoymtykttx/Build/Products/Debug-iphonesimulator/RxCocoa.framework/Modules/RxCocoa.swiftmodule/arm64-apple-ios-simulator.abi.json

ProcessInfoPlistFile /Users/darisadam/Library/Developer/Xcode/DerivedData/Madabank-hkohthnbjtgnoechirsoymtykttx/Build/Products/Debug-iphonesimulator/RxCocoa.framework/Info.plist /Users/darisadam/Documents/Projects/iOS\ Apps/madabank-ios/Madabank/Tuist/.build/tuist-derived/RxCocoa/InfoPlists/RxCocoa-Info.plist (in target 'RxCocoa' from project 'RxSwift')
    cd /Users/darisadam/Documents/Projects/iOS\ Apps/madabank-ios/Madabank/Tuist/.build/tuist-derived/RxSwift
    builtin-infoPlistUtility /Users/darisadam/Documents/Projects/iOS\ Apps/madabank-ios/Madabank/Tuist/.build/tuist-derived/RxCocoa/InfoPlists/RxCocoa-Info.plist -producttype com.apple.product-type.framework -expandbuildsettings -format binary -platform iphonesimulator -o /Users/darisadam/Library/Developer/Xcode/DerivedData/Madabank-hkohthnbjtgnoechirsoymtykttx/Build/Products/Debug-iphonesimulator/RxCocoa.framework/Info.plist

SwiftDriver Profile normal arm64 com.apple.xcode.tools.swift.compiler (in target 'Profile' from project 'Profile')
    cd /Users/darisadam/Documents/Projects/iOS\ Apps/madabank-ios/Madabank/Modules/Features/Profile
    builtin-SwiftDriver -- /Applications/Xcode.app/Contents/Developer/Toolchains/XcodeDefault.xctoolchain/usr/bin/swiftc -module-name Profile -Onone -enforce-exclusivity\=checked @/Users/darisadam/Library/Developer/Xcode/DerivedData/Madabank-hkohthnbjtgnoechirsoymtykttx/Build/Intermediates.noindex/Profile.build/Debug-iphonesimulator/Profile.build/Objects-normal/arm64/Profile.SwiftFileList -DDEBUG -Xcc -fmodule-map-file\=/Users/darisadam/Documents/Projects/iOS\ Apps/madabank-ios/Madabank/Modules/Features/Profile/../../../Tuist/.build/tuist-derived/RxCocoaRuntime/RxCocoaRuntime.modulemap -enable-bare-slash-regex -enable-experimental-feature DebugDescriptionMacro -sdk /Applications/Xcode.app/Contents/Developer/Platforms/iPhoneSimulator.platform/Developer/SDKs/iPhoneSimulator26.1.sdk -target arm64-apple-ios15.0-simulator -g -module-cache-path /Users/darisadam/Library/Developer/Xcode/DerivedData/ModuleCache.noindex -Xfrontend -serialize-debugging-options -enable-testing -index-store-path /Users/darisadam/Library/Developer/Xcode/DerivedData/Madabank-hkohthnbjtgnoechirsoymtykttx/Index.noindex/DataStore -Xcc -D_LIBCPP_HARDENING_MODE\=_LIBCPP_HARDENING_MODE_DEBUG -swift-version 5 -I /Users/darisadam/Library/Developer/Xcode/DerivedData/Madabank-hkohthnbjtgnoechirsoymtykttx/Build/Products/Debug-iphonesimulator -F /Users/darisadam/Library/Developer/Xcode/DerivedData/Madabank-hkohthnbjtgnoechirsoymtykttx/Build/Products/Debug-iphonesimulator -c -j8 -enable-batch-mode -incremental -Xcc -ivfsstatcache -Xcc /Users/darisadam/Library/Developer/Xcode/DerivedData/SDKStatCaches.noindex/iphonesimulator26.1-23B77-3885c01c3e6b6a337905948deab2002e90cf18a4295e390e64c810bc6bd7acbc.sdkstatcache -output-file-map /Users/darisadam/Library/Developer/Xcode/DerivedData/Madabank-hkohthnbjtgnoechirsoymtykttx/Build/Intermediates.noindex/Profile.build/Debug-iphonesimulator/Profile.build/Objects-normal/arm64/Profile-OutputFileMap.json -use-frontend-parseable-output -save-temps -no-color-diagnostics -explicit-module-build -module-cache-path /Users/darisadam/Library/Developer/Xcode/DerivedData/Madabank-hkohthnbjtgnoechirsoymtykttx/Build/Intermediates.noindex/SwiftExplicitPrecompiledModules -clang-scanner-module-cache-path /Users/darisadam/Library/Developer/Xcode/DerivedData/ModuleCache.noindex -sdk-module-cache-path /Users/darisadam/Library/Developer/Xcode/DerivedData/ModuleCache.noindex -serialize-diagnostics -emit-dependencies -emit-module -emit-module-path /Users/darisadam/Library/Developer/Xcode/DerivedData/Madabank-hkohthnbjtgnoechirsoymtykttx/Build/Intermediates.noindex/Profile.build/Debug-iphonesimulator/Profile.build/Objects-normal/arm64/Profile.swiftmodule -validate-clang-modules-once -clang-build-session-file /Users/darisadam/Library/Developer/Xcode/DerivedData/ModuleCache.noindex/Session.modulevalidation -Xcc -I/Users/darisadam/Library/Developer/Xcode/DerivedData/Madabank-hkohthnbjtgnoechirsoymtykttx/Build/Intermediates.noindex/Profile.build/Debug-iphonesimulator/Profile.build/swift-overrides.hmap -emit-const-values -Xfrontend -const-gather-protocols-file -Xfrontend /Users/darisadam/Library/Developer/Xcode/DerivedData/Madabank-hkohthnbjtgnoechirsoymtykttx/Build/Intermediates.noindex/Profile.build/Debug-iphonesimulator/Profile.build/Objects-normal/arm64/Profile_const_extract_protocols.json -Xcc -iquote -Xcc /Users/darisadam/Library/Developer/Xcode/DerivedData/Madabank-hkohthnbjtgnoechirsoymtykttx/Build/Intermediates.noindex/Profile.build/Debug-iphonesimulator/Profile.build/Profile-generated-files.hmap -Xcc -I/Users/darisadam/Library/Developer/Xcode/DerivedData/Madabank-hkohthnbjtgnoechirsoymtykttx/Build/Intermediates.noindex/Profile.build/Debug-iphonesimulator/Profile.build/Profile-own-target-headers.hmap -Xcc -I/Users/darisadam/Library/Developer/Xcode/DerivedData/Madabank-hkohthnbjtgnoechirsoymtykttx/Build/Intermediates.noindex/Profile.build/Debug-iphonesimulator/Profile.build/Profile-all-non-framework-target-headers.hmap -Xcc -ivfsoverlay -Xcc /Users/darisadam/Library/Developer/Xcode/DerivedData/Madabank-hkohthnbjtgnoechirsoymtykttx/Build/Intermediates.noindex/Profile.build/Debug-iphonesimulator/Profile-2467ca3073161e8f17e14bc6987dea85-VFS-iphonesimulator/all-product-headers.yaml -Xcc -iquote -Xcc /Users/darisadam/Library/Developer/Xcode/DerivedData/Madabank-hkohthnbjtgnoechirsoymtykttx/Build/Intermediates.noindex/Profile.build/Debug-iphonesimulator/Profile.build/Profile-project-headers.hmap -Xcc -I/Users/darisadam/Library/Developer/Xcode/DerivedData/Madabank-hkohthnbjtgnoechirsoymtykttx/Build/Products/Debug-iphonesimulator/include -Xcc -I/Users/darisadam/Documents/Projects/iOS\ Apps/madabank-ios/Madabank/Tuist/.build/checkouts/RxSwift/Sources/RxCocoaRuntime/include -Xcc -I/Users/darisadam/Library/Developer/Xcode/DerivedData/Madabank-hkohthnbjtgnoechirsoymtykttx/Build/Intermediates.noindex/Profile.build/Debug-iphonesimulator/Profile.build/DerivedSources-normal/arm64 -Xcc -I/Users/darisadam/Library/Developer/Xcode/DerivedData/Madabank-hkohthnbjtgnoechirsoymtykttx/Build/Intermediates.noindex/Profile.build/Debug-iphonesimulator/Profile.build/DerivedSources/arm64 -Xcc -I/Users/darisadam/Library/Developer/Xcode/DerivedData/Madabank-hkohthnbjtgnoechirsoymtykttx/Build/Intermediates.noindex/Profile.build/Debug-iphonesimulator/Profile.build/DerivedSources -Xcc -DDEBUG\=1 -emit-objc-header -emit-objc-header-path /Users/darisadam/Library/Developer/Xcode/DerivedData/Madabank-hkohthnbjtgnoechirsoymtykttx/Build/Intermediates.noindex/Profile.build/Debug-iphonesimulator/Profile.build/Objects-normal/arm64/Profile-Swift.h -working-directory /Users/darisadam/Documents/Projects/iOS\ Apps/madabank-ios/Madabank/Modules/Features/Profile -experimental-emit-module-separately -disable-cmo

SwiftDriver Transactions normal arm64 com.apple.xcode.tools.swift.compiler (in target 'Transactions' from project 'Transactions')
    cd /Users/darisadam/Documents/Projects/iOS\ Apps/madabank-ios/Madabank/Modules/Features/Transactions
    builtin-SwiftDriver -- /Applications/Xcode.app/Contents/Developer/Toolchains/XcodeDefault.xctoolchain/usr/bin/swiftc -module-name Transactions -Onone -enforce-exclusivity\=checked @/Users/darisadam/Library/Developer/Xcode/DerivedData/Madabank-hkohthnbjtgnoechirsoymtykttx/Build/Intermediates.noindex/Transactions.build/Debug-iphonesimulator/Transactions.build/Objects-normal/arm64/Transactions.SwiftFileList -DDEBUG -Xcc -fmodule-map-file\=/Users/darisadam/Documents/Projects/iOS\ Apps/madabank-ios/Madabank/Modules/Features/Transactions/../../../Tuist/.build/tuist-derived/RxCocoaRuntime/RxCocoaRuntime.modulemap -enable-bare-slash-regex -enable-experimental-feature DebugDescriptionMacro -sdk /Applications/Xcode.app/Contents/Developer/Platforms/iPhoneSimulator.platform/Developer/SDKs/iPhoneSimulator26.1.sdk -target arm64-apple-ios15.0-simulator -g -module-cache-path /Users/darisadam/Library/Developer/Xcode/DerivedData/ModuleCache.noindex -Xfrontend -serialize-debugging-options -enable-testing -index-store-path /Users/darisadam/Library/Developer/Xcode/DerivedData/Madabank-hkohthnbjtgnoechirsoymtykttx/Index.noindex/DataStore -Xcc -D_LIBCPP_HARDENING_MODE\=_LIBCPP_HARDENING_MODE_DEBUG -swift-version 5 -I /Users/darisadam/Library/Developer/Xcode/DerivedData/Madabank-hkohthnbjtgnoechirsoymtykttx/Build/Products/Debug-iphonesimulator -F /Users/darisadam/Library/Developer/Xcode/DerivedData/Madabank-hkohthnbjtgnoechirsoymtykttx/Build/Products/Debug-iphonesimulator -c -j8 -enable-batch-mode -incremental -Xcc -ivfsstatcache -Xcc /Users/darisadam/Library/Developer/Xcode/DerivedData/SDKStatCaches.noindex/iphonesimulator26.1-23B77-3885c01c3e6b6a337905948deab2002e90cf18a4295e390e64c810bc6bd7acbc.sdkstatcache -output-file-map /Users/darisadam/Library/Developer/Xcode/DerivedData/Madabank-hkohthnbjtgnoechirsoymtykttx/Build/Intermediates.noindex/Transactions.build/Debug-iphonesimulator/Transactions.build/Objects-normal/arm64/Transactions-OutputFileMap.json -use-frontend-parseable-output -save-temps -no-color-diagnostics -explicit-module-build -module-cache-path /Users/darisadam/Library/Developer/Xcode/DerivedData/Madabank-hkohthnbjtgnoechirsoymtykttx/Build/Intermediates.noindex/SwiftExplicitPrecompiledModules -clang-scanner-module-cache-path /Users/darisadam/Library/Developer/Xcode/DerivedData/ModuleCache.noindex -sdk-module-cache-path /Users/darisadam/Library/Developer/Xcode/DerivedData/ModuleCache.noindex -serialize-diagnostics -emit-dependencies -emit-module -emit-module-path /Users/darisadam/Library/Developer/Xcode/DerivedData/Madabank-hkohthnbjtgnoechirsoymtykttx/Build/Intermediates.noindex/Transactions.build/Debug-iphonesimulator/Transactions.build/Objects-normal/arm64/Transactions.swiftmodule -validate-clang-modules-once -clang-build-session-file /Users/darisadam/Library/Developer/Xcode/DerivedData/ModuleCache.noindex/Session.modulevalidation -Xcc -I/Users/darisadam/Library/Developer/Xcode/DerivedData/Madabank-hkohthnbjtgnoechirsoymtykttx/Build/Intermediates.noindex/Transactions.build/Debug-iphonesimulator/Transactions.build/swift-overrides.hmap -emit-const-values -Xfrontend -const-gather-protocols-file -Xfrontend /Users/darisadam/Library/Developer/Xcode/DerivedData/Madabank-hkohthnbjtgnoechirsoymtykttx/Build/Intermediates.noindex/Transactions.build/Debug-iphonesimulator/Transactions.build/Objects-normal/arm64/Transactions_const_extract_protocols.json -Xcc -iquote -Xcc /Users/darisadam/Library/Developer/Xcode/DerivedData/Madabank-hkohthnbjtgnoechirsoymtykttx/Build/Intermediates.noindex/Transactions.build/Debug-iphonesimulator/Transactions.build/Transactions-generated-files.hmap -Xcc -I/Users/darisadam/Library/Developer/Xcode/DerivedData/Madabank-hkohthnbjtgnoechirsoymtykttx/Build/Intermediates.noindex/Transactions.build/Debug-iphonesimulator/Transactions.build/Transactions-own-target-headers.hmap -Xcc -I/Users/darisadam/Library/Developer/Xcode/DerivedData/Madabank-hkohthnbjtgnoechirsoymtykttx/Build/Intermediates.noindex/Transactions.build/Debug-iphonesimulator/Transactions.build/Transactions-all-non-framework-target-headers.hmap -Xcc -ivfsoverlay -Xcc /Users/darisadam/Library/Developer/Xcode/DerivedData/Madabank-hkohthnbjtgnoechirsoymtykttx/Build/Intermediates.noindex/Transactions.build/Debug-iphonesimulator/Transactions-5088c79df1e1ae7b914a571ab0fbf32c-VFS-iphonesimulator/all-product-headers.yaml -Xcc -iquote -Xcc /Users/darisadam/Library/Developer/Xcode/DerivedData/Madabank-hkohthnbjtgnoechirsoymtykttx/Build/Intermediates.noindex/Transactions.build/Debug-iphonesimulator/Transactions.build/Transactions-project-headers.hmap -Xcc -I/Users/darisadam/Library/Developer/Xcode/DerivedData/Madabank-hkohthnbjtgnoechirsoymtykttx/Build/Products/Debug-iphonesimulator/include -Xcc -I/Users/darisadam/Documents/Projects/iOS\ Apps/madabank-ios/Madabank/Tuist/.build/checkouts/RxSwift/Sources/RxCocoaRuntime/include -Xcc -I/Users/darisadam/Library/Developer/Xcode/DerivedData/Madabank-hkohthnbjtgnoechirsoymtykttx/Build/Intermediates.noindex/Transactions.build/Debug-iphonesimulator/Transactions.build/DerivedSources-normal/arm64 -Xcc -I/Users/darisadam/Library/Developer/Xcode/DerivedData/Madabank-hkohthnbjtgnoechirsoymtykttx/Build/Intermediates.noindex/Transactions.build/Debug-iphonesimulator/Transactions.build/DerivedSources/arm64 -Xcc -I/Users/darisadam/Library/Developer/Xcode/DerivedData/Madabank-hkohthnbjtgnoechirsoymtykttx/Build/Intermediates.noindex/Transactions.build/Debug-iphonesimulator/Transactions.build/DerivedSources -Xcc -DDEBUG\=1 -emit-objc-header -emit-objc-header-path /Users/darisadam/Library/Developer/Xcode/DerivedData/Madabank-hkohthnbjtgnoechirsoymtykttx/Build/Intermediates.noindex/Transactions.build/Debug-iphonesimulator/Transactions.build/Objects-normal/arm64/Transactions-Swift.h -working-directory /Users/darisadam/Documents/Projects/iOS\ Apps/madabank-ios/Madabank/Modules/Features/Transactions -experimental-emit-module-separately -disable-cmo

SwiftDriver Cards normal arm64 com.apple.xcode.tools.swift.compiler (in target 'Cards' from project 'Cards')
    cd /Users/darisadam/Documents/Projects/iOS\ Apps/madabank-ios/Madabank/Modules/Features/Cards
    builtin-SwiftDriver -- /Applications/Xcode.app/Contents/Developer/Toolchains/XcodeDefault.xctoolchain/usr/bin/swiftc -module-name Cards -Onone -enforce-exclusivity\=checked @/Users/darisadam/Library/Developer/Xcode/DerivedData/Madabank-hkohthnbjtgnoechirsoymtykttx/Build/Intermediates.noindex/Cards.build/Debug-iphonesimulator/Cards.build/Objects-normal/arm64/Cards.SwiftFileList -DDEBUG -Xcc -fmodule-map-file\=/Users/darisadam/Documents/Projects/iOS\ Apps/madabank-ios/Madabank/Modules/Features/Cards/../../../Tuist/.build/tuist-derived/RxCocoaRuntime/RxCocoaRuntime.modulemap -enable-bare-slash-regex -enable-experimental-feature DebugDescriptionMacro -sdk /Applications/Xcode.app/Contents/Developer/Platforms/iPhoneSimulator.platform/Developer/SDKs/iPhoneSimulator26.1.sdk -target arm64-apple-ios15.0-simulator -g -module-cache-path /Users/darisadam/Library/Developer/Xcode/DerivedData/ModuleCache.noindex -Xfrontend -serialize-debugging-options -enable-testing -index-store-path /Users/darisadam/Library/Developer/Xcode/DerivedData/Madabank-hkohthnbjtgnoechirsoymtykttx/Index.noindex/DataStore -Xcc -D_LIBCPP_HARDENING_MODE\=_LIBCPP_HARDENING_MODE_DEBUG -swift-version 5 -I /Users/darisadam/Library/Developer/Xcode/DerivedData/Madabank-hkohthnbjtgnoechirsoymtykttx/Build/Products/Debug-iphonesimulator -F /Users/darisadam/Library/Developer/Xcode/DerivedData/Madabank-hkohthnbjtgnoechirsoymtykttx/Build/Products/Debug-iphonesimulator -c -j8 -enable-batch-mode -incremental -Xcc -ivfsstatcache -Xcc /Users/darisadam/Library/Developer/Xcode/DerivedData/SDKStatCaches.noindex/iphonesimulator26.1-23B77-3885c01c3e6b6a337905948deab2002e90cf18a4295e390e64c810bc6bd7acbc.sdkstatcache -output-file-map /Users/darisadam/Library/Developer/Xcode/DerivedData/Madabank-hkohthnbjtgnoechirsoymtykttx/Build/Intermediates.noindex/Cards.build/Debug-iphonesimulator/Cards.build/Objects-normal/arm64/Cards-OutputFileMap.json -use-frontend-parseable-output -save-temps -no-color-diagnostics -explicit-module-build -module-cache-path /Users/darisadam/Library/Developer/Xcode/DerivedData/Madabank-hkohthnbjtgnoechirsoymtykttx/Build/Intermediates.noindex/SwiftExplicitPrecompiledModules -clang-scanner-module-cache-path /Users/darisadam/Library/Developer/Xcode/DerivedData/ModuleCache.noindex -sdk-module-cache-path /Users/darisadam/Library/Developer/Xcode/DerivedData/ModuleCache.noindex -serialize-diagnostics -emit-dependencies -emit-module -emit-module-path /Users/darisadam/Library/Developer/Xcode/DerivedData/Madabank-hkohthnbjtgnoechirsoymtykttx/Build/Intermediates.noindex/Cards.build/Debug-iphonesimulator/Cards.build/Objects-normal/arm64/Cards.swiftmodule -validate-clang-modules-once -clang-build-session-file /Users/darisadam/Library/Developer/Xcode/DerivedData/ModuleCache.noindex/Session.modulevalidation -Xcc -I/Users/darisadam/Library/Developer/Xcode/DerivedData/Madabank-hkohthnbjtgnoechirsoymtykttx/Build/Intermediates.noindex/Cards.build/Debug-iphonesimulator/Cards.build/swift-overrides.hmap -emit-const-values -Xfrontend -const-gather-protocols-file -Xfrontend /Users/darisadam/Library/Developer/Xcode/DerivedData/Madabank-hkohthnbjtgnoechirsoymtykttx/Build/Intermediates.noindex/Cards.build/Debug-iphonesimulator/Cards.build/Objects-normal/arm64/Cards_const_extract_protocols.json -Xcc -iquote -Xcc /Users/darisadam/Library/Developer/Xcode/DerivedData/Madabank-hkohthnbjtgnoechirsoymtykttx/Build/Intermediates.noindex/Cards.build/Debug-iphonesimulator/Cards.build/Cards-generated-files.hmap -Xcc -I/Users/darisadam/Library/Developer/Xcode/DerivedData/Madabank-hkohthnbjtgnoechirsoymtykttx/Build/Intermediates.noindex/Cards.build/Debug-iphonesimulator/Cards.build/Cards-own-target-headers.hmap -Xcc -I/Users/darisadam/Library/Developer/Xcode/DerivedData/Madabank-hkohthnbjtgnoechirsoymtykttx/Build/Intermediates.noindex/Cards.build/Debug-iphonesimulator/Cards.build/Cards-all-non-framework-target-headers.hmap -Xcc -ivfsoverlay -Xcc /Users/darisadam/Library/Developer/Xcode/DerivedData/Madabank-hkohthnbjtgnoechirsoymtykttx/Build/Intermediates.noindex/Cards.build/Debug-iphonesimulator/Cards-7a265648a3503f26f0252f763a468131-VFS-iphonesimulator/all-product-headers.yaml -Xcc -iquote -Xcc /Users/darisadam/Library/Developer/Xcode/DerivedData/Madabank-hkohthnbjtgnoechirsoymtykttx/Build/Intermediates.noindex/Cards.build/Debug-iphonesimulator/Cards.build/Cards-project-headers.hmap -Xcc -I/Users/darisadam/Library/Developer/Xcode/DerivedData/Madabank-hkohthnbjtgnoechirsoymtykttx/Build/Products/Debug-iphonesimulator/include -Xcc -I/Users/darisadam/Documents/Projects/iOS\ Apps/madabank-ios/Madabank/Tuist/.build/checkouts/RxSwift/Sources/RxCocoaRuntime/include -Xcc -I/Users/darisadam/Library/Developer/Xcode/DerivedData/Madabank-hkohthnbjtgnoechirsoymtykttx/Build/Intermediates.noindex/Cards.build/Debug-iphonesimulator/Cards.build/DerivedSources-normal/arm64 -Xcc -I/Users/darisadam/Library/Developer/Xcode/DerivedData/Madabank-hkohthnbjtgnoechirsoymtykttx/Build/Intermediates.noindex/Cards.build/Debug-iphonesimulator/Cards.build/DerivedSources/arm64 -Xcc -I/Users/darisadam/Library/Developer/Xcode/DerivedData/Madabank-hkohthnbjtgnoechirsoymtykttx/Build/Intermediates.noindex/Cards.build/Debug-iphonesimulator/Cards.build/DerivedSources -Xcc -DDEBUG\=1 -emit-objc-header -emit-objc-header-path /Users/darisadam/Library/Developer/Xcode/DerivedData/Madabank-hkohthnbjtgnoechirsoymtykttx/Build/Intermediates.noindex/Cards.build/Debug-iphonesimulator/Cards.build/Objects-normal/arm64/Cards-Swift.h -working-directory /Users/darisadam/Documents/Projects/iOS\ Apps/madabank-ios/Madabank/Modules/Features/Cards -experimental-emit-module-separately -disable-cmo

SwiftDriver Home normal arm64 com.apple.xcode.tools.swift.compiler (in target 'Home' from project 'Home')
    cd /Users/darisadam/Documents/Projects/iOS\ Apps/madabank-ios/Madabank/Modules/Features/Home
    builtin-SwiftDriver -- /Applications/Xcode.app/Contents/Developer/Toolchains/XcodeDefault.xctoolchain/usr/bin/swiftc -module-name Home -Onone -enforce-exclusivity\=checked @/Users/darisadam/Library/Developer/Xcode/DerivedData/Madabank-hkohthnbjtgnoechirsoymtykttx/Build/Intermediates.noindex/Home.build/Debug-iphonesimulator/Home.build/Objects-normal/arm64/Home.SwiftFileList -DDEBUG -Xcc -fmodule-map-file\=/Users/darisadam/Documents/Projects/iOS\ Apps/madabank-ios/Madabank/Modules/Features/Home/../../../Tuist/.build/tuist-derived/RxCocoaRuntime/RxCocoaRuntime.modulemap -enable-bare-slash-regex -enable-experimental-feature DebugDescriptionMacro -sdk /Applications/Xcode.app/Contents/Developer/Platforms/iPhoneSimulator.platform/Developer/SDKs/iPhoneSimulator26.1.sdk -target arm64-apple-ios15.0-simulator -g -module-cache-path /Users/darisadam/Library/Developer/Xcode/DerivedData/ModuleCache.noindex -Xfrontend -serialize-debugging-options -enable-testing -index-store-path /Users/darisadam/Library/Developer/Xcode/DerivedData/Madabank-hkohthnbjtgnoechirsoymtykttx/Index.noindex/DataStore -Xcc -D_LIBCPP_HARDENING_MODE\=_LIBCPP_HARDENING_MODE_DEBUG -swift-version 5 -I /Users/darisadam/Library/Developer/Xcode/DerivedData/Madabank-hkohthnbjtgnoechirsoymtykttx/Build/Products/Debug-iphonesimulator -F /Users/darisadam/Library/Developer/Xcode/DerivedData/Madabank-hkohthnbjtgnoechirsoymtykttx/Build/Products/Debug-iphonesimulator -c -j8 -enable-batch-mode -incremental -Xcc -ivfsstatcache -Xcc /Users/darisadam/Library/Developer/Xcode/DerivedData/SDKStatCaches.noindex/iphonesimulator26.1-23B77-3885c01c3e6b6a337905948deab2002e90cf18a4295e390e64c810bc6bd7acbc.sdkstatcache -output-file-map /Users/darisadam/Library/Developer/Xcode/DerivedData/Madabank-hkohthnbjtgnoechirsoymtykttx/Build/Intermediates.noindex/Home.build/Debug-iphonesimulator/Home.build/Objects-normal/arm64/Home-OutputFileMap.json -use-frontend-parseable-output -save-temps -no-color-diagnostics -explicit-module-build -module-cache-path /Users/darisadam/Library/Developer/Xcode/DerivedData/Madabank-hkohthnbjtgnoechirsoymtykttx/Build/Intermediates.noindex/SwiftExplicitPrecompiledModules -clang-scanner-module-cache-path /Users/darisadam/Library/Developer/Xcode/DerivedData/ModuleCache.noindex -sdk-module-cache-path /Users/darisadam/Library/Developer/Xcode/DerivedData/ModuleCache.noindex -serialize-diagnostics -emit-dependencies -emit-module -emit-module-path /Users/darisadam/Library/Developer/Xcode/DerivedData/Madabank-hkohthnbjtgnoechirsoymtykttx/Build/Intermediates.noindex/Home.build/Debug-iphonesimulator/Home.build/Objects-normal/arm64/Home.swiftmodule -validate-clang-modules-once -clang-build-session-file /Users/darisadam/Library/Developer/Xcode/DerivedData/ModuleCache.noindex/Session.modulevalidation -Xcc -I/Users/darisadam/Library/Developer/Xcode/DerivedData/Madabank-hkohthnbjtgnoechirsoymtykttx/Build/Intermediates.noindex/Home.build/Debug-iphonesimulator/Home.build/swift-overrides.hmap -emit-const-values -Xfrontend -const-gather-protocols-file -Xfrontend /Users/darisadam/Library/Developer/Xcode/DerivedData/Madabank-hkohthnbjtgnoechirsoymtykttx/Build/Intermediates.noindex/Home.build/Debug-iphonesimulator/Home.build/Objects-normal/arm64/Home_const_extract_protocols.json -Xcc -iquote -Xcc /Users/darisadam/Library/Developer/Xcode/DerivedData/Madabank-hkohthnbjtgnoechirsoymtykttx/Build/Intermediates.noindex/Home.build/Debug-iphonesimulator/Home.build/Home-generated-files.hmap -Xcc -I/Users/darisadam/Library/Developer/Xcode/DerivedData/Madabank-hkohthnbjtgnoechirsoymtykttx/Build/Intermediates.noindex/Home.build/Debug-iphonesimulator/Home.build/Home-own-target-headers.hmap -Xcc -I/Users/darisadam/Library/Developer/Xcode/DerivedData/Madabank-hkohthnbjtgnoechirsoymtykttx/Build/Intermediates.noindex/Home.build/Debug-iphonesimulator/Home.build/Home-all-non-framework-target-headers.hmap -Xcc -ivfsoverlay -Xcc /Users/darisadam/Library/Developer/Xcode/DerivedData/Madabank-hkohthnbjtgnoechirsoymtykttx/Build/Intermediates.noindex/Home.build/Debug-iphonesimulator/Home-2627cd9d3d4e544f9b62539dd5cc639b-VFS-iphonesimulator/all-product-headers.yaml -Xcc -iquote -Xcc /Users/darisadam/Library/Developer/Xcode/DerivedData/Madabank-hkohthnbjtgnoechirsoymtykttx/Build/Intermediates.noindex/Home.build/Debug-iphonesimulator/Home.build/Home-project-headers.hmap -Xcc -I/Users/darisadam/Library/Developer/Xcode/DerivedData/Madabank-hkohthnbjtgnoechirsoymtykttx/Build/Products/Debug-iphonesimulator/include -Xcc -I/Users/darisadam/Documents/Projects/iOS\ Apps/madabank-ios/Madabank/Tuist/.build/checkouts/RxSwift/Sources/RxCocoaRuntime/include -Xcc -I/Users/darisadam/Library/Developer/Xcode/DerivedData/Madabank-hkohthnbjtgnoechirsoymtykttx/Build/Intermediates.noindex/Home.build/Debug-iphonesimulator/Home.build/DerivedSources-normal/arm64 -Xcc -I/Users/darisadam/Library/Developer/Xcode/DerivedData/Madabank-hkohthnbjtgnoechirsoymtykttx/Build/Intermediates.noindex/Home.build/Debug-iphonesimulator/Home.build/DerivedSources/arm64 -Xcc -I/Users/darisadam/Library/Developer/Xcode/DerivedData/Madabank-hkohthnbjtgnoechirsoymtykttx/Build/Intermediates.noindex/Home.build/Debug-iphonesimulator/Home.build/DerivedSources -Xcc -DDEBUG\=1 -emit-objc-header -emit-objc-header-path /Users/darisadam/Library/Developer/Xcode/DerivedData/Madabank-hkohthnbjtgnoechirsoymtykttx/Build/Intermediates.noindex/Home.build/Debug-iphonesimulator/Home.build/Objects-normal/arm64/Home-Swift.h -working-directory /Users/darisadam/Documents/Projects/iOS\ Apps/madabank-ios/Madabank/Modules/Features/Home -experimental-emit-module-separately -disable-cmo

SwiftDriver Auth normal arm64 com.apple.xcode.tools.swift.compiler (in target 'Auth' from project 'Auth')
    cd /Users/darisadam/Documents/Projects/iOS\ Apps/madabank-ios/Madabank/Modules/Features/Auth
    builtin-SwiftDriver -- /Applications/Xcode.app/Contents/Developer/Toolchains/XcodeDefault.xctoolchain/usr/bin/swiftc -module-name Auth -Onone -enforce-exclusivity\=checked @/Users/darisadam/Library/Developer/Xcode/DerivedData/Madabank-hkohthnbjtgnoechirsoymtykttx/Build/Intermediates.noindex/Auth.build/Debug-iphonesimulator/Auth.build/Objects-normal/arm64/Auth.SwiftFileList -DDEBUG -Xcc -fmodule-map-file\=/Users/darisadam/Documents/Projects/iOS\ Apps/madabank-ios/Madabank/Modules/Features/Auth/../../../Tuist/.build/tuist-derived/RxCocoaRuntime/RxCocoaRuntime.modulemap -enable-bare-slash-regex -enable-experimental-feature DebugDescriptionMacro -sdk /Applications/Xcode.app/Contents/Developer/Platforms/iPhoneSimulator.platform/Developer/SDKs/iPhoneSimulator26.1.sdk -target arm64-apple-ios15.0-simulator -g -module-cache-path /Users/darisadam/Library/Developer/Xcode/DerivedData/ModuleCache.noindex -Xfrontend -serialize-debugging-options -enable-testing -index-store-path /Users/darisadam/Library/Developer/Xcode/DerivedData/Madabank-hkohthnbjtgnoechirsoymtykttx/Index.noindex/DataStore -Xcc -D_LIBCPP_HARDENING_MODE\=_LIBCPP_HARDENING_MODE_DEBUG -swift-version 5 -I /Users/darisadam/Library/Developer/Xcode/DerivedData/Madabank-hkohthnbjtgnoechirsoymtykttx/Build/Products/Debug-iphonesimulator -F /Users/darisadam/Library/Developer/Xcode/DerivedData/Madabank-hkohthnbjtgnoechirsoymtykttx/Build/Products/Debug-iphonesimulator -c -j8 -enable-batch-mode -incremental -Xcc -ivfsstatcache -Xcc /Users/darisadam/Library/Developer/Xcode/DerivedData/SDKStatCaches.noindex/iphonesimulator26.1-23B77-3885c01c3e6b6a337905948deab2002e90cf18a4295e390e64c810bc6bd7acbc.sdkstatcache -output-file-map /Users/darisadam/Library/Developer/Xcode/DerivedData/Madabank-hkohthnbjtgnoechirsoymtykttx/Build/Intermediates.noindex/Auth.build/Debug-iphonesimulator/Auth.build/Objects-normal/arm64/Auth-OutputFileMap.json -use-frontend-parseable-output -save-temps -no-color-diagnostics -explicit-module-build -module-cache-path /Users/darisadam/Library/Developer/Xcode/DerivedData/Madabank-hkohthnbjtgnoechirsoymtykttx/Build/Intermediates.noindex/SwiftExplicitPrecompiledModules -clang-scanner-module-cache-path /Users/darisadam/Library/Developer/Xcode/DerivedData/ModuleCache.noindex -sdk-module-cache-path /Users/darisadam/Library/Developer/Xcode/DerivedData/ModuleCache.noindex -serialize-diagnostics -emit-dependencies -emit-module -emit-module-path /Users/darisadam/Library/Developer/Xcode/DerivedData/Madabank-hkohthnbjtgnoechirsoymtykttx/Build/Intermediates.noindex/Auth.build/Debug-iphonesimulator/Auth.build/Objects-normal/arm64/Auth.swiftmodule -validate-clang-modules-once -clang-build-session-file /Users/darisadam/Library/Developer/Xcode/DerivedData/ModuleCache.noindex/Session.modulevalidation -Xcc -I/Users/darisadam/Library/Developer/Xcode/DerivedData/Madabank-hkohthnbjtgnoechirsoymtykttx/Build/Intermediates.noindex/Auth.build/Debug-iphonesimulator/Auth.build/swift-overrides.hmap -emit-const-values -Xfrontend -const-gather-protocols-file -Xfrontend /Users/darisadam/Library/Developer/Xcode/DerivedData/Madabank-hkohthnbjtgnoechirsoymtykttx/Build/Intermediates.noindex/Auth.build/Debug-iphonesimulator/Auth.build/Objects-normal/arm64/Auth_const_extract_protocols.json -Xcc -iquote -Xcc /Users/darisadam/Library/Developer/Xcode/DerivedData/Madabank-hkohthnbjtgnoechirsoymtykttx/Build/Intermediates.noindex/Auth.build/Debug-iphonesimulator/Auth.build/Auth-generated-files.hmap -Xcc -I/Users/darisadam/Library/Developer/Xcode/DerivedData/Madabank-hkohthnbjtgnoechirsoymtykttx/Build/Intermediates.noindex/Auth.build/Debug-iphonesimulator/Auth.build/Auth-own-target-headers.hmap -Xcc -I/Users/darisadam/Library/Developer/Xcode/DerivedData/Madabank-hkohthnbjtgnoechirsoymtykttx/Build/Intermediates.noindex/Auth.build/Debug-iphonesimulator/Auth.build/Auth-all-non-framework-target-headers.hmap -Xcc -ivfsoverlay -Xcc /Users/darisadam/Library/Developer/Xcode/DerivedData/Madabank-hkohthnbjtgnoechirsoymtykttx/Build/Intermediates.noindex/Auth.build/Debug-iphonesimulator/Auth-efebe515434371d957c6500bccba7404-VFS-iphonesimulator/all-product-headers.yaml -Xcc -iquote -Xcc /Users/darisadam/Library/Developer/Xcode/DerivedData/Madabank-hkohthnbjtgnoechirsoymtykttx/Build/Intermediates.noindex/Auth.build/Debug-iphonesimulator/Auth.build/Auth-project-headers.hmap -Xcc -I/Users/darisadam/Library/Developer/Xcode/DerivedData/Madabank-hkohthnbjtgnoechirsoymtykttx/Build/Products/Debug-iphonesimulator/include -Xcc -I/Users/darisadam/Documents/Projects/iOS\ Apps/madabank-ios/Madabank/Tuist/.build/checkouts/RxSwift/Sources/RxCocoaRuntime/include -Xcc -I/Users/darisadam/Library/Developer/Xcode/DerivedData/Madabank-hkohthnbjtgnoechirsoymtykttx/Build/Intermediates.noindex/Auth.build/Debug-iphonesimulator/Auth.build/DerivedSources-normal/arm64 -Xcc -I/Users/darisadam/Library/Developer/Xcode/DerivedData/Madabank-hkohthnbjtgnoechirsoymtykttx/Build/Intermediates.noindex/Auth.build/Debug-iphonesimulator/Auth.build/DerivedSources/arm64 -Xcc -I/Users/darisadam/Library/Developer/Xcode/DerivedData/Madabank-hkohthnbjtgnoechirsoymtykttx/Build/Intermediates.noindex/Auth.build/Debug-iphonesimulator/Auth.build/DerivedSources -Xcc -DDEBUG\=1 -emit-objc-header -emit-objc-header-path /Users/darisadam/Library/Developer/Xcode/DerivedData/Madabank-hkohthnbjtgnoechirsoymtykttx/Build/Intermediates.noindex/Auth.build/Debug-iphonesimulator/Auth.build/Objects-normal/arm64/Auth-Swift.h -working-directory /Users/darisadam/Documents/Projects/iOS\ Apps/madabank-ios/Madabank/Modules/Features/Auth -experimental-emit-module-separately -disable-cmo

SwiftDriver Accounts normal arm64 com.apple.xcode.tools.swift.compiler (in target 'Accounts' from project 'Accounts')
    cd /Users/darisadam/Documents/Projects/iOS\ Apps/madabank-ios/Madabank/Modules/Features/Accounts
    builtin-SwiftDriver -- /Applications/Xcode.app/Contents/Developer/Toolchains/XcodeDefault.xctoolchain/usr/bin/swiftc -module-name Accounts -Onone -enforce-exclusivity\=checked @/Users/darisadam/Library/Developer/Xcode/DerivedData/Madabank-hkohthnbjtgnoechirsoymtykttx/Build/Intermediates.noindex/Accounts.build/Debug-iphonesimulator/Accounts.build/Objects-normal/arm64/Accounts.SwiftFileList -DDEBUG -Xcc -fmodule-map-file\=/Users/darisadam/Documents/Projects/iOS\ Apps/madabank-ios/Madabank/Modules/Features/Accounts/../../../Tuist/.build/tuist-derived/RxCocoaRuntime/RxCocoaRuntime.modulemap -enable-bare-slash-regex -enable-experimental-feature DebugDescriptionMacro -sdk /Applications/Xcode.app/Contents/Developer/Platforms/iPhoneSimulator.platform/Developer/SDKs/iPhoneSimulator26.1.sdk -target arm64-apple-ios15.0-simulator -g -module-cache-path /Users/darisadam/Library/Developer/Xcode/DerivedData/ModuleCache.noindex -Xfrontend -serialize-debugging-options -enable-testing -index-store-path /Users/darisadam/Library/Developer/Xcode/DerivedData/Madabank-hkohthnbjtgnoechirsoymtykttx/Index.noindex/DataStore -Xcc -D_LIBCPP_HARDENING_MODE\=_LIBCPP_HARDENING_MODE_DEBUG -swift-version 5 -I /Users/darisadam/Library/Developer/Xcode/DerivedData/Madabank-hkohthnbjtgnoechirsoymtykttx/Build/Products/Debug-iphonesimulator -F /Users/darisadam/Library/Developer/Xcode/DerivedData/Madabank-hkohthnbjtgnoechirsoymtykttx/Build/Products/Debug-iphonesimulator -c -j8 -enable-batch-mode -incremental -Xcc -ivfsstatcache -Xcc /Users/darisadam/Library/Developer/Xcode/DerivedData/SDKStatCaches.noindex/iphonesimulator26.1-23B77-3885c01c3e6b6a337905948deab2002e90cf18a4295e390e64c810bc6bd7acbc.sdkstatcache -output-file-map /Users/darisadam/Library/Developer/Xcode/DerivedData/Madabank-hkohthnbjtgnoechirsoymtykttx/Build/Intermediates.noindex/Accounts.build/Debug-iphonesimulator/Accounts.build/Objects-normal/arm64/Accounts-OutputFileMap.json -use-frontend-parseable-output -save-temps -no-color-diagnostics -explicit-module-build -module-cache-path /Users/darisadam/Library/Developer/Xcode/DerivedData/Madabank-hkohthnbjtgnoechirsoymtykttx/Build/Intermediates.noindex/SwiftExplicitPrecompiledModules -clang-scanner-module-cache-path /Users/darisadam/Library/Developer/Xcode/DerivedData/ModuleCache.noindex -sdk-module-cache-path /Users/darisadam/Library/Developer/Xcode/DerivedData/ModuleCache.noindex -serialize-diagnostics -emit-dependencies -emit-module -emit-module-path /Users/darisadam/Library/Developer/Xcode/DerivedData/Madabank-hkohthnbjtgnoechirsoymtykttx/Build/Intermediates.noindex/Accounts.build/Debug-iphonesimulator/Accounts.build/Objects-normal/arm64/Accounts.swiftmodule -validate-clang-modules-once -clang-build-session-file /Users/darisadam/Library/Developer/Xcode/DerivedData/ModuleCache.noindex/Session.modulevalidation -Xcc -I/Users/darisadam/Library/Developer/Xcode/DerivedData/Madabank-hkohthnbjtgnoechirsoymtykttx/Build/Intermediates.noindex/Accounts.build/Debug-iphonesimulator/Accounts.build/swift-overrides.hmap -emit-const-values -Xfrontend -const-gather-protocols-file -Xfrontend /Users/darisadam/Library/Developer/Xcode/DerivedData/Madabank-hkohthnbjtgnoechirsoymtykttx/Build/Intermediates.noindex/Accounts.build/Debug-iphonesimulator/Accounts.build/Objects-normal/arm64/Accounts_const_extract_protocols.json -Xcc -iquote -Xcc /Users/darisadam/Library/Developer/Xcode/DerivedData/Madabank-hkohthnbjtgnoechirsoymtykttx/Build/Intermediates.noindex/Accounts.build/Debug-iphonesimulator/Accounts.build/Accounts-generated-files.hmap -Xcc -I/Users/darisadam/Library/Developer/Xcode/DerivedData/Madabank-hkohthnbjtgnoechirsoymtykttx/Build/Intermediates.noindex/Accounts.build/Debug-iphonesimulator/Accounts.build/Accounts-own-target-headers.hmap -Xcc -I/Users/darisadam/Library/Developer/Xcode/DerivedData/Madabank-hkohthnbjtgnoechirsoymtykttx/Build/Intermediates.noindex/Accounts.build/Debug-iphonesimulator/Accounts.build/Accounts-all-non-framework-target-headers.hmap -Xcc -ivfsoverlay -Xcc /Users/darisadam/Library/Developer/Xcode/DerivedData/Madabank-hkohthnbjtgnoechirsoymtykttx/Build/Intermediates.noindex/Accounts.build/Debug-iphonesimulator/Accounts-afd03eb4e8a16b20ea40c2cd0b146ac0-VFS-iphonesimulator/all-product-headers.yaml -Xcc -iquote -Xcc /Users/darisadam/Library/Developer/Xcode/DerivedData/Madabank-hkohthnbjtgnoechirsoymtykttx/Build/Intermediates.noindex/Accounts.build/Debug-iphonesimulator/Accounts.build/Accounts-project-headers.hmap -Xcc -I/Users/darisadam/Library/Developer/Xcode/DerivedData/Madabank-hkohthnbjtgnoechirsoymtykttx/Build/Products/Debug-iphonesimulator/include -Xcc -I/Users/darisadam/Documents/Projects/iOS\ Apps/madabank-ios/Madabank/Tuist/.build/checkouts/RxSwift/Sources/RxCocoaRuntime/include -Xcc -I/Users/darisadam/Library/Developer/Xcode/DerivedData/Madabank-hkohthnbjtgnoechirsoymtykttx/Build/Intermediates.noindex/Accounts.build/Debug-iphonesimulator/Accounts.build/DerivedSources-normal/arm64 -Xcc -I/Users/darisadam/Library/Developer/Xcode/DerivedData/Madabank-hkohthnbjtgnoechirsoymtykttx/Build/Intermediates.noindex/Accounts.build/Debug-iphonesimulator/Accounts.build/DerivedSources/arm64 -Xcc -I/Users/darisadam/Library/Developer/Xcode/DerivedData/Madabank-hkohthnbjtgnoechirsoymtykttx/Build/Intermediates.noindex/Accounts.build/Debug-iphonesimulator/Accounts.build/DerivedSources -Xcc -DDEBUG\=1 -emit-objc-header -emit-objc-header-path /Users/darisadam/Library/Developer/Xcode/DerivedData/Madabank-hkohthnbjtgnoechirsoymtykttx/Build/Intermediates.noindex/Accounts.build/Debug-iphonesimulator/Accounts.build/Objects-normal/arm64/Accounts-Swift.h -working-directory /Users/darisadam/Documents/Projects/iOS\ Apps/madabank-ios/Madabank/Modules/Features/Accounts -experimental-emit-module-separately -disable-cmo

ExtractAppIntentsMetadata (in target 'RxCocoa' from project 'RxSwift')
    cd /Users/darisadam/Documents/Projects/iOS\ Apps/madabank-ios/Madabank/Tuist/.build/tuist-derived/RxSwift
    /Applications/Xcode.app/Contents/Developer/Toolchains/XcodeDefault.xctoolchain/usr/bin/appintentsmetadataprocessor --toolchain-dir /var/run/com.apple.security.cryptexd/mnt/com.apple.MobileAsset.MetalToolchain-v17.2.54.0.wH8bUi/Metal.xctoolchain --module-name RxCocoa --sdk-root /Applications/Xcode.app/Contents/Developer/Platforms/iPhoneSimulator.platform/Developer/SDKs/iPhoneSimulator26.1.sdk --xcode-version 17B100 --platform-family iOS --deployment-target 12.0 --bundle-identifier dev.tuist.RxCocoa --output /Users/darisadam/Library/Developer/Xcode/DerivedData/Madabank-hkohthnbjtgnoechirsoymtykttx/Build/Products/Debug-iphonesimulator/RxCocoa.framework --target-triple arm64-apple-ios12.0-simulator --binary-file /Users/darisadam/Library/Developer/Xcode/DerivedData/Madabank-hkohthnbjtgnoechirsoymtykttx/Build/Products/Debug-iphonesimulator/RxCocoa.framework/RxCocoa --dependency-file /Users/darisadam/Library/Developer/Xcode/DerivedData/Madabank-hkohthnbjtgnoechirsoymtykttx/Build/Intermediates.noindex/RxSwift.build/Debug-iphonesimulator/RxCocoa.build/Objects-normal/arm64/RxCocoa_dependency_info.dat --stringsdata-file /Users/darisadam/Library/Developer/Xcode/DerivedData/Madabank-hkohthnbjtgnoechirsoymtykttx/Build/Intermediates.noindex/RxSwift.build/Debug-iphonesimulator/RxCocoa.build/Objects-normal/arm64/ExtractedAppShortcutsMetadata.stringsdata --source-file-list /Users/darisadam/Library/Developer/Xcode/DerivedData/Madabank-hkohthnbjtgnoechirsoymtykttx/Build/Intermediates.noindex/RxSwift.build/Debug-iphonesimulator/RxCocoa.build/Objects-normal/arm64/RxCocoa.SwiftFileList --metadata-file-list /Users/darisadam/Library/Developer/Xcode/DerivedData/Madabank-hkohthnbjtgnoechirsoymtykttx/Build/Intermediates.noindex/RxSwift.build/Debug-iphonesimulator/RxCocoa.build/RxCocoa.DependencyMetadataFileList --static-metadata-file-list /Users/darisadam/Library/Developer/Xcode/DerivedData/Madabank-hkohthnbjtgnoechirsoymtykttx/Build/Intermediates.noindex/RxSwift.build/Debug-iphonesimulator/RxCocoa.build/RxCocoa.DependencyStaticMetadataFileList --swift-const-vals-list /Users/darisadam/Library/Developer/Xcode/DerivedData/Madabank-hkohthnbjtgnoechirsoymtykttx/Build/Intermediates.noindex/RxSwift.build/Debug-iphonesimulator/RxCocoa.build/Objects-normal/arm64/RxCocoa.SwiftConstValuesFileList --compile-time-extraction --deployment-aware-processing --validate-assistant-intents --no-app-shortcuts-localization
2026-02-04 20:09:50.007 appintentsmetadataprocessor[15745:2559130] Starting appintentsmetadataprocessor export
2026-02-04 20:09:50.009 appintentsmetadataprocessor[15745:2559130] warning: Metadata extraction skipped. No AppIntents.framework dependency found.

GenerateTAPI /Users/darisadam/Library/Developer/Xcode/DerivedData/Madabank-hkohthnbjtgnoechirsoymtykttx/Build/Intermediates.noindex/EagerLinkingTBDs/Debug-iphonesimulator/IQKeyboardManagerSwift.framework/IQKeyboardManagerSwift.tbd (in target 'IQKeyboardManagerSwift' from project 'IQKeyboardManagerSwift')
    cd /Users/darisadam/Documents/Projects/iOS\ Apps/madabank-ios/Madabank/Tuist/.build/tuist-derived/IQKeyboardManagerSwift
    /Applications/Xcode.app/Contents/Developer/Toolchains/XcodeDefault.xctoolchain/usr/bin/tapi stubify -isysroot /Applications/Xcode.app/Contents/Developer/Platforms/iPhoneSimulator.platform/Developer/SDKs/iPhoneSimulator26.1.sdk -F/Users/darisadam/Library/Developer/Xcode/DerivedData/Madabank-hkohthnbjtgnoechirsoymtykttx/Build/Products/Debug-iphonesimulator -F/Applications/Xcode.app/Contents/Developer/Platforms/iPhoneSimulator.platform/Developer/Library/Frameworks -L/Users/darisadam/Library/Developer/Xcode/DerivedData/Madabank-hkohthnbjtgnoechirsoymtykttx/Build/Products/Debug-iphonesimulator /Users/darisadam/Library/Developer/Xcode/DerivedData/Madabank-hkohthnbjtgnoechirsoymtykttx/Build/Products/Debug-iphonesimulator/IQKeyboardManagerSwift.framework/IQKeyboardManagerSwift -o /Users/darisadam/Library/Developer/Xcode/DerivedData/Madabank-hkohthnbjtgnoechirsoymtykttx/Build/Intermediates.noindex/EagerLinkingTBDs/Debug-iphonesimulator/IQKeyboardManagerSwift.framework/IQKeyboardManagerSwift.tbd

CodeSign /Users/darisadam/Library/Developer/Xcode/DerivedData/Madabank-hkohthnbjtgnoechirsoymtykttx/Build/Products/Debug-iphonesimulator/RxCocoa.framework (in target 'RxCocoa' from project 'RxSwift')
    cd /Users/darisadam/Documents/Projects/iOS\ Apps/madabank-ios/Madabank/Tuist/.build/tuist-derived/RxSwift
    
    Signing Identity:     "Sign to Run Locally"
    
    /usr/bin/codesign --force --sign - --timestamp\=none --generate-entitlement-der /Users/darisadam/Library/Developer/Xcode/DerivedData/Madabank-hkohthnbjtgnoechirsoymtykttx/Build/Products/Debug-iphonesimulator/RxCocoa.framework
/Users/darisadam/Library/Developer/Xcode/DerivedData/Madabank-hkohthnbjtgnoechirsoymtykttx/Build/Products/Debug-iphonesimulator/RxCocoa.framework: replacing existing signature

ProcessInfoPlistFile /Users/darisadam/Library/Developer/Xcode/DerivedData/Madabank-hkohthnbjtgnoechirsoymtykttx/Build/Products/Debug-iphonesimulator/CommonUI.framework/Info.plist /Users/darisadam/Documents/Projects/iOS\ Apps/madabank-ios/Madabank/Modules/Shared/CommonUI/Derived/InfoPlists/CommonUI-Info.plist (in target 'CommonUI' from project 'CommonUI')
    cd /Users/darisadam/Documents/Projects/iOS\ Apps/madabank-ios/Madabank/Modules/Shared/CommonUI
    builtin-infoPlistUtility /Users/darisadam/Documents/Projects/iOS\ Apps/madabank-ios/Madabank/Modules/Shared/CommonUI/Derived/InfoPlists/CommonUI-Info.plist -producttype com.apple.product-type.framework -expandbuildsettings -format binary -platform iphonesimulator -o /Users/darisadam/Library/Developer/Xcode/DerivedData/Madabank-hkohthnbjtgnoechirsoymtykttx/Build/Products/Debug-iphonesimulator/CommonUI.framework/Info.plist

CodeSign /Users/darisadam/Library/Developer/Xcode/DerivedData/Madabank-hkohthnbjtgnoechirsoymtykttx/Build/Products/Debug-iphonesimulator/IQKeyboardManagerSwift.framework (in target 'IQKeyboardManagerSwift' from project 'IQKeyboardManagerSwift')
    cd /Users/darisadam/Documents/Projects/iOS\ Apps/madabank-ios/Madabank/Tuist/.build/tuist-derived/IQKeyboardManagerSwift
    
    Signing Identity:     "Sign to Run Locally"
    
    /usr/bin/codesign --force --sign - --timestamp\=none --generate-entitlement-der /Users/darisadam/Library/Developer/Xcode/DerivedData/Madabank-hkohthnbjtgnoechirsoymtykttx/Build/Products/Debug-iphonesimulator/IQKeyboardManagerSwift.framework

RegisterExecutionPolicyException /Users/darisadam/Library/Developer/Xcode/DerivedData/Madabank-hkohthnbjtgnoechirsoymtykttx/Build/Products/Debug-iphonesimulator/IQKeyboardManagerSwift.framework (in target 'IQKeyboardManagerSwift' from project 'IQKeyboardManagerSwift')
    cd /Users/darisadam/Documents/Projects/iOS\ Apps/madabank-ios/Madabank/Tuist/.build/tuist-derived/IQKeyboardManagerSwift
    builtin-RegisterExecutionPolicyException /Users/darisadam/Library/Developer/Xcode/DerivedData/Madabank-hkohthnbjtgnoechirsoymtykttx/Build/Products/Debug-iphonesimulator/IQKeyboardManagerSwift.framework

Touch /Users/darisadam/Library/Developer/Xcode/DerivedData/Madabank-hkohthnbjtgnoechirsoymtykttx/Build/Products/Debug-iphonesimulator/IQKeyboardManagerSwift.framework (in target 'IQKeyboardManagerSwift' from project 'IQKeyboardManagerSwift')
    cd /Users/darisadam/Documents/Projects/iOS\ Apps/madabank-ios/Madabank/Tuist/.build/tuist-derived/IQKeyboardManagerSwift
    /usr/bin/touch -c /Users/darisadam/Library/Developer/Xcode/DerivedData/Madabank-hkohthnbjtgnoechirsoymtykttx/Build/Products/Debug-iphonesimulator/IQKeyboardManagerSwift.framework

ExtractAppIntentsMetadata (in target 'Data' from project 'Data')
    cd /Users/darisadam/Documents/Projects/iOS\ Apps/madabank-ios/Madabank/Modules/Shared/Data
    /Applications/Xcode.app/Contents/Developer/Toolchains/XcodeDefault.xctoolchain/usr/bin/appintentsmetadataprocessor --toolchain-dir /var/run/com.apple.security.cryptexd/mnt/com.apple.MobileAsset.MetalToolchain-v17.2.54.0.wH8bUi/Metal.xctoolchain --module-name Data --sdk-root /Applications/Xcode.app/Contents/Developer/Platforms/iPhoneSimulator.platform/Developer/SDKs/iPhoneSimulator26.1.sdk --xcode-version 17B100 --platform-family iOS --deployment-target 15.0 --bundle-identifier online.darisadam.data --output /Users/darisadam/Library/Developer/Xcode/DerivedData/Madabank-hkohthnbjtgnoechirsoymtykttx/Build/Products/Debug-iphonesimulator/Data.framework --target-triple arm64-apple-ios15.0-simulator --binary-file /Users/darisadam/Library/Developer/Xcode/DerivedData/Madabank-hkohthnbjtgnoechirsoymtykttx/Build/Products/Debug-iphonesimulator/Data.framework/Data --dependency-file /Users/darisadam/Library/Developer/Xcode/DerivedData/Madabank-hkohthnbjtgnoechirsoymtykttx/Build/Intermediates.noindex/Data.build/Debug-iphonesimulator/Data.build/Objects-normal/arm64/Data_dependency_info.dat --stringsdata-file /Users/darisadam/Library/Developer/Xcode/DerivedData/Madabank-hkohthnbjtgnoechirsoymtykttx/Build/Intermediates.noindex/Data.build/Debug-iphonesimulator/Data.build/Objects-normal/arm64/ExtractedAppShortcutsMetadata.stringsdata --source-file-list /Users/darisadam/Library/Developer/Xcode/DerivedData/Madabank-hkohthnbjtgnoechirsoymtykttx/Build/Intermediates.noindex/Data.build/Debug-iphonesimulator/Data.build/Objects-normal/arm64/Data.SwiftFileList --metadata-file-list /Users/darisadam/Library/Developer/Xcode/DerivedData/Madabank-hkohthnbjtgnoechirsoymtykttx/Build/Intermediates.noindex/Data.build/Debug-iphonesimulator/Data.build/Data.DependencyMetadataFileList --static-metadata-file-list /Users/darisadam/Library/Developer/Xcode/DerivedData/Madabank-hkohthnbjtgnoechirsoymtykttx/Build/Intermediates.noindex/Data.build/Debug-iphonesimulator/Data.build/Data.DependencyStaticMetadataFileList --swift-const-vals-list /Users/darisadam/Library/Developer/Xcode/DerivedData/Madabank-hkohthnbjtgnoechirsoymtykttx/Build/Intermediates.noindex/Data.build/Debug-iphonesimulator/Data.build/Objects-normal/arm64/Data.SwiftConstValuesFileList --compile-time-extraction --deployment-aware-processing --validate-assistant-intents --no-app-shortcuts-localization
2026-02-04 20:09:50.148 appintentsmetadataprocessor[15750:2559156] Starting appintentsmetadataprocessor export
2026-02-04 20:09:50.150 appintentsmetadataprocessor[15750:2559156] warning: Metadata extraction skipped. No AppIntents.framework dependency found.

GenerateTAPI /Users/darisadam/Library/Developer/Xcode/DerivedData/Madabank-hkohthnbjtgnoechirsoymtykttx/Build/Intermediates.noindex/EagerLinkingTBDs/Debug-iphonesimulator/Data.framework/Data.tbd (in target 'Data' from project 'Data')
    cd /Users/darisadam/Documents/Projects/iOS\ Apps/madabank-ios/Madabank/Modules/Shared/Data
    /Applications/Xcode.app/Contents/Developer/Toolchains/XcodeDefault.xctoolchain/usr/bin/tapi stubify -isysroot /Applications/Xcode.app/Contents/Developer/Platforms/iPhoneSimulator.platform/Developer/SDKs/iPhoneSimulator26.1.sdk -F/Users/darisadam/Library/Developer/Xcode/DerivedData/Madabank-hkohthnbjtgnoechirsoymtykttx/Build/Products/Debug-iphonesimulator -L/Users/darisadam/Library/Developer/Xcode/DerivedData/Madabank-hkohthnbjtgnoechirsoymtykttx/Build/Products/Debug-iphonesimulator /Users/darisadam/Library/Developer/Xcode/DerivedData/Madabank-hkohthnbjtgnoechirsoymtykttx/Build/Products/Debug-iphonesimulator/Data.framework/Data -o /Users/darisadam/Library/Developer/Xcode/DerivedData/Madabank-hkohthnbjtgnoechirsoymtykttx/Build/Intermediates.noindex/EagerLinkingTBDs/Debug-iphonesimulator/Data.framework/Data.tbd

CodeSign /Users/darisadam/Library/Developer/Xcode/DerivedData/Madabank-hkohthnbjtgnoechirsoymtykttx/Build/Products/Debug-iphonesimulator/Data.framework (in target 'Data' from project 'Data')
    cd /Users/darisadam/Documents/Projects/iOS\ Apps/madabank-ios/Madabank/Modules/Shared/Data
    
    Signing Identity:     "Sign to Run Locally"
    
    /usr/bin/codesign --force --sign - --timestamp\=none --generate-entitlement-der /Users/darisadam/Library/Developer/Xcode/DerivedData/Madabank-hkohthnbjtgnoechirsoymtykttx/Build/Products/Debug-iphonesimulator/Data.framework

SwiftEmitModule normal arm64 Emitting\ module\ for\ Auth (in target 'Auth' from project 'Auth')

EmitSwiftModule normal arm64 (in target 'Auth' from project 'Auth')
    cd /Users/darisadam/Documents/Projects/iOS\ Apps/madabank-ios/Madabank/Modules/Features/Auth
    

SwiftCompile normal arm64 Compiling\ ForgotPasswordViewController.swift /Users/darisadam/Documents/Projects/iOS\ Apps/madabank-ios/Madabank/Modules/Features/Auth/Sources/Views/ForgotPasswordViewController.swift (in target 'Auth' from project 'Auth')
SwiftCompile normal arm64 /Users/darisadam/Documents/Projects/iOS\ Apps/madabank-ios/Madabank/Modules/Features/Auth/Sources/Views/ForgotPasswordViewController.swift (in target 'Auth' from project 'Auth')
    cd /Users/darisadam/Documents/Projects/iOS\ Apps/madabank-ios/Madabank/Modules/Features/Auth
    

SwiftCompile normal arm64 Compiling\ AccessibilityIdentifiers.swift /Users/darisadam/Documents/Projects/iOS\ Apps/madabank-ios/Madabank/Modules/Features/Auth/Sources/AccessibilityIdentifiers.swift (in target 'Auth' from project 'Auth')

SwiftCompile normal arm64 /Users/darisadam/Documents/Projects/iOS\ Apps/madabank-ios/Madabank/Modules/Features/Auth/Sources/AccessibilityIdentifiers.swift (in target 'Auth' from project 'Auth')
    cd /Users/darisadam/Documents/Projects/iOS\ Apps/madabank-ios/Madabank/Modules/Features/Auth
    

ProcessInfoPlistFile /Users/darisadam/Library/Developer/Xcode/DerivedData/Madabank-hkohthnbjtgnoechirsoymtykttx/Build/Products/Debug-iphonesimulator/Transactions.framework/Info.plist /Users/darisadam/Documents/Projects/iOS\ Apps/madabank-ios/Madabank/Modules/Features/Transactions/Derived/InfoPlists/Transactions-Info.plist (in target 'Transactions' from project 'Transactions')
    cd /Users/darisadam/Documents/Projects/iOS\ Apps/madabank-ios/Madabank/Modules/Features/Transactions
    builtin-infoPlistUtility /Users/darisadam/Documents/Projects/iOS\ Apps/madabank-ios/Madabank/Modules/Features/Transactions/Derived/InfoPlists/Transactions-Info.plist -producttype com.apple.product-type.framework -expandbuildsettings -format binary -platform iphonesimulator -o /Users/darisadam/Library/Developer/Xcode/DerivedData/Madabank-hkohthnbjtgnoechirsoymtykttx/Build/Products/Debug-iphonesimulator/Transactions.framework/Info.plist

SwiftEmitModule normal arm64 Emitting\ module\ for\ Accounts (in target 'Accounts' from project 'Accounts')

EmitSwiftModule normal arm64 (in target 'Accounts' from project 'Accounts')
    cd /Users/darisadam/Documents/Projects/iOS\ Apps/madabank-ios/Madabank/Modules/Features/Accounts
    

ProcessInfoPlistFile /Users/darisadam/Library/Developer/Xcode/DerivedData/Madabank-hkohthnbjtgnoechirsoymtykttx/Build/Products/Debug-iphonesimulator/Profile.framework/Info.plist /Users/darisadam/Documents/Projects/iOS\ Apps/madabank-ios/Madabank/Modules/Features/Profile/Derived/InfoPlists/Profile-Info.plist (in target 'Profile' from project 'Profile')
    cd /Users/darisadam/Documents/Projects/iOS\ Apps/madabank-ios/Madabank/Modules/Features/Profile
    builtin-infoPlistUtility /Users/darisadam/Documents/Projects/iOS\ Apps/madabank-ios/Madabank/Modules/Features/Profile/Derived/InfoPlists/Profile-Info.plist -producttype com.apple.product-type.framework -expandbuildsettings -format binary -platform iphonesimulator -o /Users/darisadam/Library/Developer/Xcode/DerivedData/Madabank-hkohthnbjtgnoechirsoymtykttx/Build/Products/Debug-iphonesimulator/Profile.framework/Info.plist

SwiftEmitModule normal arm64 Emitting\ module\ for\ Profile (in target 'Profile' from project 'Profile')

EmitSwiftModule normal arm64 (in target 'Profile' from project 'Profile')
    cd /Users/darisadam/Documents/Projects/iOS\ Apps/madabank-ios/Madabank/Modules/Features/Profile
    

SwiftCompile normal arm64 Compiling\ SettingsViewModel.swift /Users/darisadam/Documents/Projects/iOS\ Apps/madabank-ios/Madabank/Modules/Features/Profile/Sources/ViewModels/SettingsViewModel.swift (in target 'Profile' from project 'Profile')

SwiftCompile normal arm64 /Users/darisadam/Documents/Projects/iOS\ Apps/madabank-ios/Madabank/Modules/Features/Profile/Sources/ViewModels/SettingsViewModel.swift (in target 'Profile' from project 'Profile')
    cd /Users/darisadam/Documents/Projects/iOS\ Apps/madabank-ios/Madabank/Modules/Features/Profile
    

SwiftDriverJobDiscovery normal arm64 Compiling AccessibilityIdentifiers.swift (in target 'Auth' from project 'Auth')

SwiftCompile normal arm64 Compiling\ ChangePasswordViewController.swift /Users/darisadam/Documents/Projects/iOS\ Apps/madabank-ios/Madabank/Modules/Features/Profile/Sources/Views/ChangePasswordViewController.swift (in target 'Profile' from project 'Profile')
SwiftCompile normal arm64 /Users/darisadam/Documents/Projects/iOS\ Apps/madabank-ios/Madabank/Modules/Features/Profile/Sources/Views/ChangePasswordViewController.swift (in target 'Profile' from project 'Profile')
    cd /Users/darisadam/Documents/Projects/iOS\ Apps/madabank-ios/Madabank/Modules/Features/Profile
    
/Users/darisadam/Documents/Projects/iOS Apps/madabank-ios/Madabank/Modules/Features/Profile/Sources/Views/ChangePasswordViewController.swift:92:24: warning: backward matching of the unlabeled trailing closure is deprecated; label the argument with 'onDisposed' to suppress this warning
            .subscribe { [weak self] in
                       ^
                      (onDisposed: 
RxSwift.ObservableType.subscribe:2:13: note: 'subscribe(onNext:onError:onCompleted:onDisposed:)' declared here
public func subscribe(onNext: ((Self.Element) -> Void)? = nil, onError: ((any Error) -> Void)? = nil, onCompleted: (() -> Void)? = nil, onDisposed: (() -> Void)? = nil) -> any RxSwift.Disposable}
            ^

SwiftEmitModule normal arm64 Emitting\ module\ for\ Cards (in target 'Cards' from project 'Cards')

EmitSwiftModule normal arm64 (in target 'Cards' from project 'Cards')
    cd /Users/darisadam/Documents/Projects/iOS\ Apps/madabank-ios/Madabank/Modules/Features/Cards
    

SwiftEmitModule normal arm64 Emitting\ module\ for\ Home (in target 'Home' from project 'Home')

EmitSwiftModule normal arm64 (in target 'Home' from project 'Home')
    cd /Users/darisadam/Documents/Projects/iOS\ Apps/madabank-ios/Madabank/Modules/Features/Home
    

SwiftDriverJobDiscovery normal arm64 Emitting module for Accounts (in target 'Accounts' from project 'Accounts')

SwiftDriver\ Compilation\ Requirements Accounts normal arm64 com.apple.xcode.tools.swift.compiler (in target 'Accounts' from project 'Accounts')
    cd /Users/darisadam/Documents/Projects/iOS\ Apps/madabank-ios/Madabank/Modules/Features/Accounts
    builtin-Swift-Compilation-Requirements -- /Applications/Xcode.app/Contents/Developer/Toolchains/XcodeDefault.xctoolchain/usr/bin/swiftc -module-name Accounts -Onone -enforce-exclusivity\=checked @/Users/darisadam/Library/Developer/Xcode/DerivedData/Madabank-hkohthnbjtgnoechirsoymtykttx/Build/Intermediates.noindex/Accounts.build/Debug-iphonesimulator/Accounts.build/Objects-normal/arm64/Accounts.SwiftFileList -DDEBUG -Xcc -fmodule-map-file\=/Users/darisadam/Documents/Projects/iOS\ Apps/madabank-ios/Madabank/Modules/Features/Accounts/../../../Tuist/.build/tuist-derived/RxCocoaRuntime/RxCocoaRuntime.modulemap -enable-bare-slash-regex -enable-experimental-feature DebugDescriptionMacro -sdk /Applications/Xcode.app/Contents/Developer/Platforms/iPhoneSimulator.platform/Developer/SDKs/iPhoneSimulator26.1.sdk -target arm64-apple-ios15.0-simulator -g -module-cache-path /Users/darisadam/Library/Developer/Xcode/DerivedData/ModuleCache.noindex -Xfrontend -serialize-debugging-options -enable-testing -index-store-path /Users/darisadam/Library/Developer/Xcode/DerivedData/Madabank-hkohthnbjtgnoechirsoymtykttx/Index.noindex/DataStore -Xcc -D_LIBCPP_HARDENING_MODE\=_LIBCPP_HARDENING_MODE_DEBUG -swift-version 5 -I /Users/darisadam/Library/Developer/Xcode/DerivedData/Madabank-hkohthnbjtgnoechirsoymtykttx/Build/Products/Debug-iphonesimulator -F /Users/darisadam/Library/Developer/Xcode/DerivedData/Madabank-hkohthnbjtgnoechirsoymtykttx/Build/Products/Debug-iphonesimulator -c -j8 -enable-batch-mode -incremental -Xcc -ivfsstatcache -Xcc /Users/darisadam/Library/Developer/Xcode/DerivedData/SDKStatCaches.noindex/iphonesimulator26.1-23B77-3885c01c3e6b6a337905948deab2002e90cf18a4295e390e64c810bc6bd7acbc.sdkstatcache -output-file-map /Users/darisadam/Library/Developer/Xcode/DerivedData/Madabank-hkohthnbjtgnoechirsoymtykttx/Build/Intermediates.noindex/Accounts.build/Debug-iphonesimulator/Accounts.build/Objects-normal/arm64/Accounts-OutputFileMap.json -use-frontend-parseable-output -save-temps -no-color-diagnostics -explicit-module-build -module-cache-path /Users/darisadam/Library/Developer/Xcode/DerivedData/Madabank-hkohthnbjtgnoechirsoymtykttx/Build/Intermediates.noindex/SwiftExplicitPrecompiledModules -clang-scanner-module-cache-path /Users/darisadam/Library/Developer/Xcode/DerivedData/ModuleCache.noindex -sdk-module-cache-path /Users/darisadam/Library/Developer/Xcode/DerivedData/ModuleCache.noindex -serialize-diagnostics -emit-dependencies -emit-module -emit-module-path /Users/darisadam/Library/Developer/Xcode/DerivedData/Madabank-hkohthnbjtgnoechirsoymtykttx/Build/Intermediates.noindex/Accounts.build/Debug-iphonesimulator/Accounts.build/Objects-normal/arm64/Accounts.swiftmodule -validate-clang-modules-once -clang-build-session-file /Users/darisadam/Library/Developer/Xcode/DerivedData/ModuleCache.noindex/Session.modulevalidation -Xcc -I/Users/darisadam/Library/Developer/Xcode/DerivedData/Madabank-hkohthnbjtgnoechirsoymtykttx/Build/Intermediates.noindex/Accounts.build/Debug-iphonesimulator/Accounts.build/swift-overrides.hmap -emit-const-values -Xfrontend -const-gather-protocols-file -Xfrontend /Users/darisadam/Library/Developer/Xcode/DerivedData/Madabank-hkohthnbjtgnoechirsoymtykttx/Build/Intermediates.noindex/Accounts.build/Debug-iphonesimulator/Accounts.build/Objects-normal/arm64/Accounts_const_extract_protocols.json -Xcc -iquote -Xcc /Users/darisadam/Library/Developer/Xcode/DerivedData/Madabank-hkohthnbjtgnoechirsoymtykttx/Build/Intermediates.noindex/Accounts.build/Debug-iphonesimulator/Accounts.build/Accounts-generated-files.hmap -Xcc -I/Users/darisadam/Library/Developer/Xcode/DerivedData/Madabank-hkohthnbjtgnoechirsoymtykttx/Build/Intermediates.noindex/Accounts.build/Debug-iphonesimulator/Accounts.build/Accounts-own-target-headers.hmap -Xcc -I/Users/darisadam/Library/Developer/Xcode/DerivedData/Madabank-hkohthnbjtgnoechirsoymtykttx/Build/Intermediates.noindex/Accounts.build/Debug-iphonesimulator/Accounts.build/Accounts-all-non-framework-target-headers.hmap -Xcc -ivfsoverlay -Xcc /Users/darisadam/Library/Developer/Xcode/DerivedData/Madabank-hkohthnbjtgnoechirsoymtykttx/Build/Intermediates.noindex/Accounts.build/Debug-iphonesimulator/Accounts-afd03eb4e8a16b20ea40c2cd0b146ac0-VFS-iphonesimulator/all-product-headers.yaml -Xcc -iquote -Xcc /Users/darisadam/Library/Developer/Xcode/DerivedData/Madabank-hkohthnbjtgnoechirsoymtykttx/Build/Intermediates.noindex/Accounts.build/Debug-iphonesimulator/Accounts.build/Accounts-project-headers.hmap -Xcc -I/Users/darisadam/Library/Developer/Xcode/DerivedData/Madabank-hkohthnbjtgnoechirsoymtykttx/Build/Products/Debug-iphonesimulator/include -Xcc -I/Users/darisadam/Documents/Projects/iOS\ Apps/madabank-ios/Madabank/Tuist/.build/checkouts/RxSwift/Sources/RxCocoaRuntime/include -Xcc -I/Users/darisadam/Library/Developer/Xcode/DerivedData/Madabank-hkohthnbjtgnoechirsoymtykttx/Build/Intermediates.noindex/Accounts.build/Debug-iphonesimulator/Accounts.build/DerivedSources-normal/arm64 -Xcc -I/Users/darisadam/Library/Developer/Xcode/DerivedData/Madabank-hkohthnbjtgnoechirsoymtykttx/Build/Intermediates.noindex/Accounts.build/Debug-iphonesimulator/Accounts.build/DerivedSources/arm64 -Xcc -I/Users/darisadam/Library/Developer/Xcode/DerivedData/Madabank-hkohthnbjtgnoechirsoymtykttx/Build/Intermediates.noindex/Accounts.build/Debug-iphonesimulator/Accounts.build/DerivedSources -Xcc -DDEBUG\=1 -emit-objc-header -emit-objc-header-path /Users/darisadam/Library/Developer/Xcode/DerivedData/Madabank-hkohthnbjtgnoechirsoymtykttx/Build/Intermediates.noindex/Accounts.build/Debug-iphonesimulator/Accounts.build/Objects-normal/arm64/Accounts-Swift.h -working-directory /Users/darisadam/Documents/Projects/iOS\ Apps/madabank-ios/Madabank/Modules/Features/Accounts -experimental-emit-module-separately -disable-cmo

SwiftDriverJobDiscovery normal arm64 Emitting module for Auth (in target 'Auth' from project 'Auth')

SwiftDriver\ Compilation\ Requirements Auth normal arm64 com.apple.xcode.tools.swift.compiler (in target 'Auth' from project 'Auth')
    cd /Users/darisadam/Documents/Projects/iOS\ Apps/madabank-ios/Madabank/Modules/Features/Auth
    builtin-Swift-Compilation-Requirements -- /Applications/Xcode.app/Contents/Developer/Toolchains/XcodeDefault.xctoolchain/usr/bin/swiftc -module-name Auth -Onone -enforce-exclusivity\=checked @/Users/darisadam/Library/Developer/Xcode/DerivedData/Madabank-hkohthnbjtgnoechirsoymtykttx/Build/Intermediates.noindex/Auth.build/Debug-iphonesimulator/Auth.build/Objects-normal/arm64/Auth.SwiftFileList -DDEBUG -Xcc -fmodule-map-file\=/Users/darisadam/Documents/Projects/iOS\ Apps/madabank-ios/Madabank/Modules/Features/Auth/../../../Tuist/.build/tuist-derived/RxCocoaRuntime/RxCocoaRuntime.modulemap -enable-bare-slash-regex -enable-experimental-feature DebugDescriptionMacro -sdk /Applications/Xcode.app/Contents/Developer/Platforms/iPhoneSimulator.platform/Developer/SDKs/iPhoneSimulator26.1.sdk -target arm64-apple-ios15.0-simulator -g -module-cache-path /Users/darisadam/Library/Developer/Xcode/DerivedData/ModuleCache.noindex -Xfrontend -serialize-debugging-options -enable-testing -index-store-path /Users/darisadam/Library/Developer/Xcode/DerivedData/Madabank-hkohthnbjtgnoechirsoymtykttx/Index.noindex/DataStore -Xcc -D_LIBCPP_HARDENING_MODE\=_LIBCPP_HARDENING_MODE_DEBUG -swift-version 5 -I /Users/darisadam/Library/Developer/Xcode/DerivedData/Madabank-hkohthnbjtgnoechirsoymtykttx/Build/Products/Debug-iphonesimulator -F /Users/darisadam/Library/Developer/Xcode/DerivedData/Madabank-hkohthnbjtgnoechirsoymtykttx/Build/Products/Debug-iphonesimulator -c -j8 -enable-batch-mode -incremental -Xcc -ivfsstatcache -Xcc /Users/darisadam/Library/Developer/Xcode/DerivedData/SDKStatCaches.noindex/iphonesimulator26.1-23B77-3885c01c3e6b6a337905948deab2002e90cf18a4295e390e64c810bc6bd7acbc.sdkstatcache -output-file-map /Users/darisadam/Library/Developer/Xcode/DerivedData/Madabank-hkohthnbjtgnoechirsoymtykttx/Build/Intermediates.noindex/Auth.build/Debug-iphonesimulator/Auth.build/Objects-normal/arm64/Auth-OutputFileMap.json -use-frontend-parseable-output -save-temps -no-color-diagnostics -explicit-module-build -module-cache-path /Users/darisadam/Library/Developer/Xcode/DerivedData/Madabank-hkohthnbjtgnoechirsoymtykttx/Build/Intermediates.noindex/SwiftExplicitPrecompiledModules -clang-scanner-module-cache-path /Users/darisadam/Library/Developer/Xcode/DerivedData/ModuleCache.noindex -sdk-module-cache-path /Users/darisadam/Library/Developer/Xcode/DerivedData/ModuleCache.noindex -serialize-diagnostics -emit-dependencies -emit-module -emit-module-path /Users/darisadam/Library/Developer/Xcode/DerivedData/Madabank-hkohthnbjtgnoechirsoymtykttx/Build/Intermediates.noindex/Auth.build/Debug-iphonesimulator/Auth.build/Objects-normal/arm64/Auth.swiftmodule -validate-clang-modules-once -clang-build-session-file /Users/darisadam/Library/Developer/Xcode/DerivedData/ModuleCache.noindex/Session.modulevalidation -Xcc -I/Users/darisadam/Library/Developer/Xcode/DerivedData/Madabank-hkohthnbjtgnoechirsoymtykttx/Build/Intermediates.noindex/Auth.build/Debug-iphonesimulator/Auth.build/swift-overrides.hmap -emit-const-values -Xfrontend -const-gather-protocols-file -Xfrontend /Users/darisadam/Library/Developer/Xcode/DerivedData/Madabank-hkohthnbjtgnoechirsoymtykttx/Build/Intermediates.noindex/Auth.build/Debug-iphonesimulator/Auth.build/Objects-normal/arm64/Auth_const_extract_protocols.json -Xcc -iquote -Xcc /Users/darisadam/Library/Developer/Xcode/DerivedData/Madabank-hkohthnbjtgnoechirsoymtykttx/Build/Intermediates.noindex/Auth.build/Debug-iphonesimulator/Auth.build/Auth-generated-files.hmap -Xcc -I/Users/darisadam/Library/Developer/Xcode/DerivedData/Madabank-hkohthnbjtgnoechirsoymtykttx/Build/Intermediates.noindex/Auth.build/Debug-iphonesimulator/Auth.build/Auth-own-target-headers.hmap -Xcc -I/Users/darisadam/Library/Developer/Xcode/DerivedData/Madabank-hkohthnbjtgnoechirsoymtykttx/Build/Intermediates.noindex/Auth.build/Debug-iphonesimulator/Auth.build/Auth-all-non-framework-target-headers.hmap -Xcc -ivfsoverlay -Xcc /Users/darisadam/Library/Developer/Xcode/DerivedData/Madabank-hkohthnbjtgnoechirsoymtykttx/Build/Intermediates.noindex/Auth.build/Debug-iphonesimulator/Auth-efebe515434371d957c6500bccba7404-VFS-iphonesimulator/all-product-headers.yaml -Xcc -iquote -Xcc /Users/darisadam/Library/Developer/Xcode/DerivedData/Madabank-hkohthnbjtgnoechirsoymtykttx/Build/Intermediates.noindex/Auth.build/Debug-iphonesimulator/Auth.build/Auth-project-headers.hmap -Xcc -I/Users/darisadam/Library/Developer/Xcode/DerivedData/Madabank-hkohthnbjtgnoechirsoymtykttx/Build/Products/Debug-iphonesimulator/include -Xcc -I/Users/darisadam/Documents/Projects/iOS\ Apps/madabank-ios/Madabank/Tuist/.build/checkouts/RxSwift/Sources/RxCocoaRuntime/include -Xcc -I/Users/darisadam/Library/Developer/Xcode/DerivedData/Madabank-hkohthnbjtgnoechirsoymtykttx/Build/Intermediates.noindex/Auth.build/Debug-iphonesimulator/Auth.build/DerivedSources-normal/arm64 -Xcc -I/Users/darisadam/Library/Developer/Xcode/DerivedData/Madabank-hkohthnbjtgnoechirsoymtykttx/Build/Intermediates.noindex/Auth.build/Debug-iphonesimulator/Auth.build/DerivedSources/arm64 -Xcc -I/Users/darisadam/Library/Developer/Xcode/DerivedData/Madabank-hkohthnbjtgnoechirsoymtykttx/Build/Intermediates.noindex/Auth.build/Debug-iphonesimulator/Auth.build/DerivedSources -Xcc -DDEBUG\=1 -emit-objc-header -emit-objc-header-path /Users/darisadam/Library/Developer/Xcode/DerivedData/Madabank-hkohthnbjtgnoechirsoymtykttx/Build/Intermediates.noindex/Auth.build/Debug-iphonesimulator/Auth.build/Objects-normal/arm64/Auth-Swift.h -working-directory /Users/darisadam/Documents/Projects/iOS\ Apps/madabank-ios/Madabank/Modules/Features/Auth -experimental-emit-module-separately -disable-cmo

SwiftMergeGeneratedHeaders /Users/darisadam/Library/Developer/Xcode/DerivedData/Madabank-hkohthnbjtgnoechirsoymtykttx/Build/Products/Debug-iphonesimulator/Accounts.framework/Headers/Accounts-Swift.h /Users/darisadam/Library/Developer/Xcode/DerivedData/Madabank-hkohthnbjtgnoechirsoymtykttx/Build/Intermediates.noindex/Accounts.build/Debug-iphonesimulator/Accounts.build/Objects-normal/arm64/Accounts-Swift.h (in target 'Accounts' from project 'Accounts')
    cd /Users/darisadam/Documents/Projects/iOS\ Apps/madabank-ios/Madabank/Modules/Features/Accounts
    builtin-swiftHeaderTool -arch arm64 /Users/darisadam/Library/Developer/Xcode/DerivedData/Madabank-hkohthnbjtgnoechirsoymtykttx/Build/Intermediates.noindex/Accounts.build/Debug-iphonesimulator/Accounts.build/Objects-normal/arm64/Accounts-Swift.h -o /Users/darisadam/Library/Developer/Xcode/DerivedData/Madabank-hkohthnbjtgnoechirsoymtykttx/Build/Products/Debug-iphonesimulator/Accounts.framework/Headers/Accounts-Swift.h

SwiftMergeGeneratedHeaders /Users/darisadam/Library/Developer/Xcode/DerivedData/Madabank-hkohthnbjtgnoechirsoymtykttx/Build/Products/Debug-iphonesimulator/Auth.framework/Headers/Auth-Swift.h /Users/darisadam/Library/Developer/Xcode/DerivedData/Madabank-hkohthnbjtgnoechirsoymtykttx/Build/Intermediates.noindex/Auth.build/Debug-iphonesimulator/Auth.build/Objects-normal/arm64/Auth-Swift.h (in target 'Auth' from project 'Auth')
    cd /Users/darisadam/Documents/Projects/iOS\ Apps/madabank-ios/Madabank/Modules/Features/Auth
    builtin-swiftHeaderTool -arch arm64 /Users/darisadam/Library/Developer/Xcode/DerivedData/Madabank-hkohthnbjtgnoechirsoymtykttx/Build/Intermediates.noindex/Auth.build/Debug-iphonesimulator/Auth.build/Objects-normal/arm64/Auth-Swift.h -o /Users/darisadam/Library/Developer/Xcode/DerivedData/Madabank-hkohthnbjtgnoechirsoymtykttx/Build/Products/Debug-iphonesimulator/Auth.framework/Headers/Auth-Swift.h

Copy /Users/darisadam/Library/Developer/Xcode/DerivedData/Madabank-hkohthnbjtgnoechirsoymtykttx/Build/Products/Debug-iphonesimulator/Auth.framework/Modules/Auth.swiftmodule/arm64-apple-ios-simulator.swiftmodule /Users/darisadam/Library/Developer/Xcode/DerivedData/Madabank-hkohthnbjtgnoechirsoymtykttx/Build/Intermediates.noindex/Auth.build/Debug-iphonesimulator/Auth.build/Objects-normal/arm64/Auth.swiftmodule (in target 'Auth' from project 'Auth')
    cd /Users/darisadam/Documents/Projects/iOS\ Apps/madabank-ios/Madabank/Modules/Features/Auth
    builtin-copy -exclude .DS_Store -exclude CVS -exclude .svn -exclude .git -exclude .hg -resolve-src-symlinks -rename /Users/darisadam/Library/Developer/Xcode/DerivedData/Madabank-hkohthnbjtgnoechirsoymtykttx/Build/Intermediates.noindex/Auth.build/Debug-iphonesimulator/Auth.build/Objects-normal/arm64/Auth.swiftmodule /Users/darisadam/Library/Developer/Xcode/DerivedData/Madabank-hkohthnbjtgnoechirsoymtykttx/Build/Products/Debug-iphonesimulator/Auth.framework/Modules/Auth.swiftmodule/arm64-apple-ios-simulator.swiftmodule

Copy /Users/darisadam/Library/Developer/Xcode/DerivedData/Madabank-hkohthnbjtgnoechirsoymtykttx/Build/Products/Debug-iphonesimulator/Auth.framework/Modules/Auth.swiftmodule/arm64-apple-ios-simulator.swiftdoc /Users/darisadam/Library/Developer/Xcode/DerivedData/Madabank-hkohthnbjtgnoechirsoymtykttx/Build/Intermediates.noindex/Auth.build/Debug-iphonesimulator/Auth.build/Objects-normal/arm64/Auth.swiftdoc (in target 'Auth' from project 'Auth')
    cd /Users/darisadam/Documents/Projects/iOS\ Apps/madabank-ios/Madabank/Modules/Features/Auth
    builtin-copy -exclude .DS_Store -exclude CVS -exclude .svn -exclude .git -exclude .hg -resolve-src-symlinks -rename /Users/darisadam/Library/Developer/Xcode/DerivedData/Madabank-hkohthnbjtgnoechirsoymtykttx/Build/Intermediates.noindex/Auth.build/Debug-iphonesimulator/Auth.build/Objects-normal/arm64/Auth.swiftdoc /Users/darisadam/Library/Developer/Xcode/DerivedData/Madabank-hkohthnbjtgnoechirsoymtykttx/Build/Products/Debug-iphonesimulator/Auth.framework/Modules/Auth.swiftmodule/arm64-apple-ios-simulator.swiftdoc

Copy /Users/darisadam/Library/Developer/Xcode/DerivedData/Madabank-hkohthnbjtgnoechirsoymtykttx/Build/Products/Debug-iphonesimulator/Auth.framework/Modules/Auth.swiftmodule/arm64-apple-ios-simulator.abi.json /Users/darisadam/Library/Developer/Xcode/DerivedData/Madabank-hkohthnbjtgnoechirsoymtykttx/Build/Intermediates.noindex/Auth.build/Debug-iphonesimulator/Auth.build/Objects-normal/arm64/Auth.abi.json (in target 'Auth' from project 'Auth')
    cd /Users/darisadam/Documents/Projects/iOS\ Apps/madabank-ios/Madabank/Modules/Features/Auth
    builtin-copy -exclude .DS_Store -exclude CVS -exclude .svn -exclude .git -exclude .hg -resolve-src-symlinks -rename /Users/darisadam/Library/Developer/Xcode/DerivedData/Madabank-hkohthnbjtgnoechirsoymtykttx/Build/Intermediates.noindex/Auth.build/Debug-iphonesimulator/Auth.build/Objects-normal/arm64/Auth.abi.json /Users/darisadam/Library/Developer/Xcode/DerivedData/Madabank-hkohthnbjtgnoechirsoymtykttx/Build/Products/Debug-iphonesimulator/Auth.framework/Modules/Auth.swiftmodule/arm64-apple-ios-simulator.abi.json

Copy /Users/darisadam/Library/Developer/Xcode/DerivedData/Madabank-hkohthnbjtgnoechirsoymtykttx/Build/Products/Debug-iphonesimulator/Auth.framework/Modules/Auth.swiftmodule/Project/arm64-apple-ios-simulator.swiftsourceinfo /Users/darisadam/Library/Developer/Xcode/DerivedData/Madabank-hkohthnbjtgnoechirsoymtykttx/Build/Intermediates.noindex/Auth.build/Debug-iphonesimulator/Auth.build/Objects-normal/arm64/Auth.swiftsourceinfo (in target 'Auth' from project 'Auth')
    cd /Users/darisadam/Documents/Projects/iOS\ Apps/madabank-ios/Madabank/Modules/Features/Auth
    builtin-copy -exclude .DS_Store -exclude CVS -exclude .svn -exclude .git -exclude .hg -resolve-src-symlinks -rename /Users/darisadam/Library/Developer/Xcode/DerivedData/Madabank-hkohthnbjtgnoechirsoymtykttx/Build/Intermediates.noindex/Auth.build/Debug-iphonesimulator/Auth.build/Objects-normal/arm64/Auth.swiftsourceinfo /Users/darisadam/Library/Developer/Xcode/DerivedData/Madabank-hkohthnbjtgnoechirsoymtykttx/Build/Products/Debug-iphonesimulator/Auth.framework/Modules/Auth.swiftmodule/Project/arm64-apple-ios-simulator.swiftsourceinfo

Copy /Users/darisadam/Library/Developer/Xcode/DerivedData/Madabank-hkohthnbjtgnoechirsoymtykttx/Build/Products/Debug-iphonesimulator/Accounts.framework/Modules/Accounts.swiftmodule/arm64-apple-ios-simulator.swiftmodule /Users/darisadam/Library/Developer/Xcode/DerivedData/Madabank-hkohthnbjtgnoechirsoymtykttx/Build/Intermediates.noindex/Accounts.build/Debug-iphonesimulator/Accounts.build/Objects-normal/arm64/Accounts.swiftmodule (in target 'Accounts' from project 'Accounts')
    cd /Users/darisadam/Documents/Projects/iOS\ Apps/madabank-ios/Madabank/Modules/Features/Accounts
    builtin-copy -exclude .DS_Store -exclude CVS -exclude .svn -exclude .git -exclude .hg -resolve-src-symlinks -rename /Users/darisadam/Library/Developer/Xcode/DerivedData/Madabank-hkohthnbjtgnoechirsoymtykttx/Build/Intermediates.noindex/Accounts.build/Debug-iphonesimulator/Accounts.build/Objects-normal/arm64/Accounts.swiftmodule /Users/darisadam/Library/Developer/Xcode/DerivedData/Madabank-hkohthnbjtgnoechirsoymtykttx/Build/Products/Debug-iphonesimulator/Accounts.framework/Modules/Accounts.swiftmodule/arm64-apple-ios-simulator.swiftmodule

Copy /Users/darisadam/Library/Developer/Xcode/DerivedData/Madabank-hkohthnbjtgnoechirsoymtykttx/Build/Products/Debug-iphonesimulator/Accounts.framework/Modules/Accounts.swiftmodule/arm64-apple-ios-simulator.swiftdoc /Users/darisadam/Library/Developer/Xcode/DerivedData/Madabank-hkohthnbjtgnoechirsoymtykttx/Build/Intermediates.noindex/Accounts.build/Debug-iphonesimulator/Accounts.build/Objects-normal/arm64/Accounts.swiftdoc (in target 'Accounts' from project 'Accounts')
    cd /Users/darisadam/Documents/Projects/iOS\ Apps/madabank-ios/Madabank/Modules/Features/Accounts
    builtin-copy -exclude .DS_Store -exclude CVS -exclude .svn -exclude .git -exclude .hg -resolve-src-symlinks -rename /Users/darisadam/Library/Developer/Xcode/DerivedData/Madabank-hkohthnbjtgnoechirsoymtykttx/Build/Intermediates.noindex/Accounts.build/Debug-iphonesimulator/Accounts.build/Objects-normal/arm64/Accounts.swiftdoc /Users/darisadam/Library/Developer/Xcode/DerivedData/Madabank-hkohthnbjtgnoechirsoymtykttx/Build/Products/Debug-iphonesimulator/Accounts.framework/Modules/Accounts.swiftmodule/arm64-apple-ios-simulator.swiftdoc

Copy /Users/darisadam/Library/Developer/Xcode/DerivedData/Madabank-hkohthnbjtgnoechirsoymtykttx/Build/Products/Debug-iphonesimulator/Accounts.framework/Modules/Accounts.swiftmodule/arm64-apple-ios-simulator.abi.json /Users/darisadam/Library/Developer/Xcode/DerivedData/Madabank-hkohthnbjtgnoechirsoymtykttx/Build/Intermediates.noindex/Accounts.build/Debug-iphonesimulator/Accounts.build/Objects-normal/arm64/Accounts.abi.json (in target 'Accounts' from project 'Accounts')
    cd /Users/darisadam/Documents/Projects/iOS\ Apps/madabank-ios/Madabank/Modules/Features/Accounts
    builtin-copy -exclude .DS_Store -exclude CVS -exclude .svn -exclude .git -exclude .hg -resolve-src-symlinks -rename /Users/darisadam/Library/Developer/Xcode/DerivedData/Madabank-hkohthnbjtgnoechirsoymtykttx/Build/Intermediates.noindex/Accounts.build/Debug-iphonesimulator/Accounts.build/Objects-normal/arm64/Accounts.abi.json /Users/darisadam/Library/Developer/Xcode/DerivedData/Madabank-hkohthnbjtgnoechirsoymtykttx/Build/Products/Debug-iphonesimulator/Accounts.framework/Modules/Accounts.swiftmodule/arm64-apple-ios-simulator.abi.json

Copy /Users/darisadam/Library/Developer/Xcode/DerivedData/Madabank-hkohthnbjtgnoechirsoymtykttx/Build/Products/Debug-iphonesimulator/Accounts.framework/Modules/Accounts.swiftmodule/Project/arm64-apple-ios-simulator.swiftsourceinfo /Users/darisadam/Library/Developer/Xcode/DerivedData/Madabank-hkohthnbjtgnoechirsoymtykttx/Build/Intermediates.noindex/Accounts.build/Debug-iphonesimulator/Accounts.build/Objects-normal/arm64/Accounts.swiftsourceinfo (in target 'Accounts' from project 'Accounts')
    cd /Users/darisadam/Documents/Projects/iOS\ Apps/madabank-ios/Madabank/Modules/Features/Accounts
    builtin-copy -exclude .DS_Store -exclude CVS -exclude .svn -exclude .git -exclude .hg -resolve-src-symlinks -rename /Users/darisadam/Library/Developer/Xcode/DerivedData/Madabank-hkohthnbjtgnoechirsoymtykttx/Build/Intermediates.noindex/Accounts.build/Debug-iphonesimulator/Accounts.build/Objects-normal/arm64/Accounts.swiftsourceinfo /Users/darisadam/Library/Developer/Xcode/DerivedData/Madabank-hkohthnbjtgnoechirsoymtykttx/Build/Products/Debug-iphonesimulator/Accounts.framework/Modules/Accounts.swiftmodule/Project/arm64-apple-ios-simulator.swiftsourceinfo

SwiftCompile normal arm64 Compiling\ SettingsViewController.swift /Users/darisadam/Documents/Projects/iOS\ Apps/madabank-ios/Madabank/Modules/Features/Profile/Sources/Views/SettingsViewController.swift (in target 'Profile' from project 'Profile')
SwiftCompile normal arm64 /Users/darisadam/Documents/Projects/iOS\ Apps/madabank-ios/Madabank/Modules/Features/Profile/Sources/Views/SettingsViewController.swift (in target 'Profile' from project 'Profile')
    cd /Users/darisadam/Documents/Projects/iOS\ Apps/madabank-ios/Madabank/Modules/Features/Profile
    

SwiftCompile normal arm64 Compiling\ Profile.swift,\ ChangePasswordViewModel.swift /Users/darisadam/Documents/Projects/iOS\ Apps/madabank-ios/Madabank/Modules/Features/Profile/Sources/Profile.swift /Users/darisadam/Documents/Projects/iOS\ Apps/madabank-ios/Madabank/Modules/Features/Profile/Sources/ViewModels/ChangePasswordViewModel.swift (in target 'Profile' from project 'Profile')

SwiftCompile normal arm64 /Users/darisadam/Documents/Projects/iOS\ Apps/madabank-ios/Madabank/Modules/Features/Profile/Sources/Profile.swift (in target 'Profile' from project 'Profile')
    cd /Users/darisadam/Documents/Projects/iOS\ Apps/madabank-ios/Madabank/Modules/Features/Profile
    

SwiftCompile normal arm64 /Users/darisadam/Documents/Projects/iOS\ Apps/madabank-ios/Madabank/Modules/Features/Profile/Sources/ViewModels/ChangePasswordViewModel.swift (in target 'Profile' from project 'Profile')
    cd /Users/darisadam/Documents/Projects/iOS\ Apps/madabank-ios/Madabank/Modules/Features/Profile
    

SwiftEmitModule normal arm64 Emitting\ module\ for\ Transactions (in target 'Transactions' from project 'Transactions')

EmitSwiftModule normal arm64 (in target 'Transactions' from project 'Transactions')
    cd /Users/darisadam/Documents/Projects/iOS\ Apps/madabank-ios/Madabank/Modules/Features/Transactions
    

SwiftDriverJobDiscovery normal arm64 Emitting module for Profile (in target 'Profile' from project 'Profile')

SwiftDriver\ Compilation\ Requirements Profile normal arm64 com.apple.xcode.tools.swift.compiler (in target 'Profile' from project 'Profile')
    cd /Users/darisadam/Documents/Projects/iOS\ Apps/madabank-ios/Madabank/Modules/Features/Profile
    builtin-Swift-Compilation-Requirements -- /Applications/Xcode.app/Contents/Developer/Toolchains/XcodeDefault.xctoolchain/usr/bin/swiftc -module-name Profile -Onone -enforce-exclusivity\=checked @/Users/darisadam/Library/Developer/Xcode/DerivedData/Madabank-hkohthnbjtgnoechirsoymtykttx/Build/Intermediates.noindex/Profile.build/Debug-iphonesimulator/Profile.build/Objects-normal/arm64/Profile.SwiftFileList -DDEBUG -Xcc -fmodule-map-file\=/Users/darisadam/Documents/Projects/iOS\ Apps/madabank-ios/Madabank/Modules/Features/Profile/../../../Tuist/.build/tuist-derived/RxCocoaRuntime/RxCocoaRuntime.modulemap -enable-bare-slash-regex -enable-experimental-feature DebugDescriptionMacro -sdk /Applications/Xcode.app/Contents/Developer/Platforms/iPhoneSimulator.platform/Developer/SDKs/iPhoneSimulator26.1.sdk -target arm64-apple-ios15.0-simulator -g -module-cache-path /Users/darisadam/Library/Developer/Xcode/DerivedData/ModuleCache.noindex -Xfrontend -serialize-debugging-options -enable-testing -index-store-path /Users/darisadam/Library/Developer/Xcode/DerivedData/Madabank-hkohthnbjtgnoechirsoymtykttx/Index.noindex/DataStore -Xcc -D_LIBCPP_HARDENING_MODE\=_LIBCPP_HARDENING_MODE_DEBUG -swift-version 5 -I /Users/darisadam/Library/Developer/Xcode/DerivedData/Madabank-hkohthnbjtgnoechirsoymtykttx/Build/Products/Debug-iphonesimulator -F /Users/darisadam/Library/Developer/Xcode/DerivedData/Madabank-hkohthnbjtgnoechirsoymtykttx/Build/Products/Debug-iphonesimulator -c -j8 -enable-batch-mode -incremental -Xcc -ivfsstatcache -Xcc /Users/darisadam/Library/Developer/Xcode/DerivedData/SDKStatCaches.noindex/iphonesimulator26.1-23B77-3885c01c3e6b6a337905948deab2002e90cf18a4295e390e64c810bc6bd7acbc.sdkstatcache -output-file-map /Users/darisadam/Library/Developer/Xcode/DerivedData/Madabank-hkohthnbjtgnoechirsoymtykttx/Build/Intermediates.noindex/Profile.build/Debug-iphonesimulator/Profile.build/Objects-normal/arm64/Profile-OutputFileMap.json -use-frontend-parseable-output -save-temps -no-color-diagnostics -explicit-module-build -module-cache-path /Users/darisadam/Library/Developer/Xcode/DerivedData/Madabank-hkohthnbjtgnoechirsoymtykttx/Build/Intermediates.noindex/SwiftExplicitPrecompiledModules -clang-scanner-module-cache-path /Users/darisadam/Library/Developer/Xcode/DerivedData/ModuleCache.noindex -sdk-module-cache-path /Users/darisadam/Library/Developer/Xcode/DerivedData/ModuleCache.noindex -serialize-diagnostics -emit-dependencies -emit-module -emit-module-path /Users/darisadam/Library/Developer/Xcode/DerivedData/Madabank-hkohthnbjtgnoechirsoymtykttx/Build/Intermediates.noindex/Profile.build/Debug-iphonesimulator/Profile.build/Objects-normal/arm64/Profile.swiftmodule -validate-clang-modules-once -clang-build-session-file /Users/darisadam/Library/Developer/Xcode/DerivedData/ModuleCache.noindex/Session.modulevalidation -Xcc -I/Users/darisadam/Library/Developer/Xcode/DerivedData/Madabank-hkohthnbjtgnoechirsoymtykttx/Build/Intermediates.noindex/Profile.build/Debug-iphonesimulator/Profile.build/swift-overrides.hmap -emit-const-values -Xfrontend -const-gather-protocols-file -Xfrontend /Users/darisadam/Library/Developer/Xcode/DerivedData/Madabank-hkohthnbjtgnoechirsoymtykttx/Build/Intermediates.noindex/Profile.build/Debug-iphonesimulator/Profile.build/Objects-normal/arm64/Profile_const_extract_protocols.json -Xcc -iquote -Xcc /Users/darisadam/Library/Developer/Xcode/DerivedData/Madabank-hkohthnbjtgnoechirsoymtykttx/Build/Intermediates.noindex/Profile.build/Debug-iphonesimulator/Profile.build/Profile-generated-files.hmap -Xcc -I/Users/darisadam/Library/Developer/Xcode/DerivedData/Madabank-hkohthnbjtgnoechirsoymtykttx/Build/Intermediates.noindex/Profile.build/Debug-iphonesimulator/Profile.build/Profile-own-target-headers.hmap -Xcc -I/Users/darisadam/Library/Developer/Xcode/DerivedData/Madabank-hkohthnbjtgnoechirsoymtykttx/Build/Intermediates.noindex/Profile.build/Debug-iphonesimulator/Profile.build/Profile-all-non-framework-target-headers.hmap -Xcc -ivfsoverlay -Xcc /Users/darisadam/Library/Developer/Xcode/DerivedData/Madabank-hkohthnbjtgnoechirsoymtykttx/Build/Intermediates.noindex/Profile.build/Debug-iphonesimulator/Profile-2467ca3073161e8f17e14bc6987dea85-VFS-iphonesimulator/all-product-headers.yaml -Xcc -iquote -Xcc /Users/darisadam/Library/Developer/Xcode/DerivedData/Madabank-hkohthnbjtgnoechirsoymtykttx/Build/Intermediates.noindex/Profile.build/Debug-iphonesimulator/Profile.build/Profile-project-headers.hmap -Xcc -I/Users/darisadam/Library/Developer/Xcode/DerivedData/Madabank-hkohthnbjtgnoechirsoymtykttx/Build/Products/Debug-iphonesimulator/include -Xcc -I/Users/darisadam/Documents/Projects/iOS\ Apps/madabank-ios/Madabank/Tuist/.build/checkouts/RxSwift/Sources/RxCocoaRuntime/include -Xcc -I/Users/darisadam/Library/Developer/Xcode/DerivedData/Madabank-hkohthnbjtgnoechirsoymtykttx/Build/Intermediates.noindex/Profile.build/Debug-iphonesimulator/Profile.build/DerivedSources-normal/arm64 -Xcc -I/Users/darisadam/Library/Developer/Xcode/DerivedData/Madabank-hkohthnbjtgnoechirsoymtykttx/Build/Intermediates.noindex/Profile.build/Debug-iphonesimulator/Profile.build/DerivedSources/arm64 -Xcc -I/Users/darisadam/Library/Developer/Xcode/DerivedData/Madabank-hkohthnbjtgnoechirsoymtykttx/Build/Intermediates.noindex/Profile.build/Debug-iphonesimulator/Profile.build/DerivedSources -Xcc -DDEBUG\=1 -emit-objc-header -emit-objc-header-path /Users/darisadam/Library/Developer/Xcode/DerivedData/Madabank-hkohthnbjtgnoechirsoymtykttx/Build/Intermediates.noindex/Profile.build/Debug-iphonesimulator/Profile.build/Objects-normal/arm64/Profile-Swift.h -working-directory /Users/darisadam/Documents/Projects/iOS\ Apps/madabank-ios/Madabank/Modules/Features/Profile -experimental-emit-module-separately -disable-cmo

SwiftDriverJobDiscovery normal arm64 Compiling SettingsViewModel.swift (in target 'Profile' from project 'Profile')

SwiftCompile normal arm64 Compiling\ BeneficiariesListViewController.swift /Users/darisadam/Documents/Projects/iOS\ Apps/madabank-ios/Madabank/Modules/Features/Transactions/Sources/Views/BeneficiariesListViewController.swift (in target 'Transactions' from project 'Transactions')

SwiftCompile normal arm64 /Users/darisadam/Documents/Projects/iOS\ Apps/madabank-ios/Madabank/Modules/Features/Transactions/Sources/Views/BeneficiariesListViewController.swift (in target 'Transactions' from project 'Transactions')
    cd /Users/darisadam/Documents/Projects/iOS\ Apps/madabank-ios/Madabank/Modules/Features/Transactions
    

SwiftMergeGeneratedHeaders /Users/darisadam/Library/Developer/Xcode/DerivedData/Madabank-hkohthnbjtgnoechirsoymtykttx/Build/Products/Debug-iphonesimulator/Profile.framework/Headers/Profile-Swift.h /Users/darisadam/Library/Developer/Xcode/DerivedData/Madabank-hkohthnbjtgnoechirsoymtykttx/Build/Intermediates.noindex/Profile.build/Debug-iphonesimulator/Profile.build/Objects-normal/arm64/Profile-Swift.h (in target 'Profile' from project 'Profile')
    cd /Users/darisadam/Documents/Projects/iOS\ Apps/madabank-ios/Madabank/Modules/Features/Profile
    builtin-swiftHeaderTool -arch arm64 /Users/darisadam/Library/Developer/Xcode/DerivedData/Madabank-hkohthnbjtgnoechirsoymtykttx/Build/Intermediates.noindex/Profile.build/Debug-iphonesimulator/Profile.build/Objects-normal/arm64/Profile-Swift.h -o /Users/darisadam/Library/Developer/Xcode/DerivedData/Madabank-hkohthnbjtgnoechirsoymtykttx/Build/Products/Debug-iphonesimulator/Profile.framework/Headers/Profile-Swift.h

Copy /Users/darisadam/Library/Developer/Xcode/DerivedData/Madabank-hkohthnbjtgnoechirsoymtykttx/Build/Products/Debug-iphonesimulator/Profile.framework/Modules/Profile.swiftmodule/arm64-apple-ios-simulator.swiftmodule /Users/darisadam/Library/Developer/Xcode/DerivedData/Madabank-hkohthnbjtgnoechirsoymtykttx/Build/Intermediates.noindex/Profile.build/Debug-iphonesimulator/Profile.build/Objects-normal/arm64/Profile.swiftmodule (in target 'Profile' from project 'Profile')
    cd /Users/darisadam/Documents/Projects/iOS\ Apps/madabank-ios/Madabank/Modules/Features/Profile
    builtin-copy -exclude .DS_Store -exclude CVS -exclude .svn -exclude .git -exclude .hg -resolve-src-symlinks -rename /Users/darisadam/Library/Developer/Xcode/DerivedData/Madabank-hkohthnbjtgnoechirsoymtykttx/Build/Intermediates.noindex/Profile.build/Debug-iphonesimulator/Profile.build/Objects-normal/arm64/Profile.swiftmodule /Users/darisadam/Library/Developer/Xcode/DerivedData/Madabank-hkohthnbjtgnoechirsoymtykttx/Build/Products/Debug-iphonesimulator/Profile.framework/Modules/Profile.swiftmodule/arm64-apple-ios-simulator.swiftmodule

SwiftDriverJobDiscovery normal arm64 Emitting module for Home (in target 'Home' from project 'Home')

Copy /Users/darisadam/Library/Developer/Xcode/DerivedData/Madabank-hkohthnbjtgnoechirsoymtykttx/Build/Products/Debug-iphonesimulator/Profile.framework/Modules/Profile.swiftmodule/arm64-apple-ios-simulator.swiftdoc /Users/darisadam/Library/Developer/Xcode/DerivedData/Madabank-hkohthnbjtgnoechirsoymtykttx/Build/Intermediates.noindex/Profile.build/Debug-iphonesimulator/Profile.build/Objects-normal/arm64/Profile.swiftdoc (in target 'Profile' from project 'Profile')
    cd /Users/darisadam/Documents/Projects/iOS\ Apps/madabank-ios/Madabank/Modules/Features/Profile
    builtin-copy -exclude .DS_Store -exclude CVS -exclude .svn -exclude .git -exclude .hg -resolve-src-symlinks -rename /Users/darisadam/Library/Developer/Xcode/DerivedData/Madabank-hkohthnbjtgnoechirsoymtykttx/Build/Intermediates.noindex/Profile.build/Debug-iphonesimulator/Profile.build/Objects-normal/arm64/Profile.swiftdoc /Users/darisadam/Library/Developer/Xcode/DerivedData/Madabank-hkohthnbjtgnoechirsoymtykttx/Build/Products/Debug-iphonesimulator/Profile.framework/Modules/Profile.swiftmodule/arm64-apple-ios-simulator.swiftdoc

Copy /Users/darisadam/Library/Developer/Xcode/DerivedData/Madabank-hkohthnbjtgnoechirsoymtykttx/Build/Products/Debug-iphonesimulator/Profile.framework/Modules/Profile.swiftmodule/arm64-apple-ios-simulator.abi.json /Users/darisadam/Library/Developer/Xcode/DerivedData/Madabank-hkohthnbjtgnoechirsoymtykttx/Build/Intermediates.noindex/Profile.build/Debug-iphonesimulator/Profile.build/Objects-normal/arm64/Profile.abi.json (in target 'Profile' from project 'Profile')
    cd /Users/darisadam/Documents/Projects/iOS\ Apps/madabank-ios/Madabank/Modules/Features/Profile
    builtin-copy -exclude .DS_Store -exclude CVS -exclude .svn -exclude .git -exclude .hg -resolve-src-symlinks -rename /Users/darisadam/Library/Developer/Xcode/DerivedData/Madabank-hkohthnbjtgnoechirsoymtykttx/Build/Intermediates.noindex/Profile.build/Debug-iphonesimulator/Profile.build/Objects-normal/arm64/Profile.abi.json /Users/darisadam/Library/Developer/Xcode/DerivedData/Madabank-hkohthnbjtgnoechirsoymtykttx/Build/Products/Debug-iphonesimulator/Profile.framework/Modules/Profile.swiftmodule/arm64-apple-ios-simulator.abi.json

Copy /Users/darisadam/Library/Developer/Xcode/DerivedData/Madabank-hkohthnbjtgnoechirsoymtykttx/Build/Products/Debug-iphonesimulator/Profile.framework/Modules/Profile.swiftmodule/Project/arm64-apple-ios-simulator.swiftsourceinfo /Users/darisadam/Library/Developer/Xcode/DerivedData/Madabank-hkohthnbjtgnoechirsoymtykttx/Build/Intermediates.noindex/Profile.build/Debug-iphonesimulator/Profile.build/Objects-normal/arm64/Profile.swiftsourceinfo (in target 'Profile' from project 'Profile')
    cd /Users/darisadam/Documents/Projects/iOS\ Apps/madabank-ios/Madabank/Modules/Features/Profile
    builtin-copy -exclude .DS_Store -exclude CVS -exclude .svn -exclude .git -exclude .hg -resolve-src-symlinks -rename /Users/darisadam/Library/Developer/Xcode/DerivedData/Madabank-hkohthnbjtgnoechirsoymtykttx/Build/Intermediates.noindex/Profile.build/Debug-iphonesimulator/Profile.build/Objects-normal/arm64/Profile.swiftsourceinfo /Users/darisadam/Library/Developer/Xcode/DerivedData/Madabank-hkohthnbjtgnoechirsoymtykttx/Build/Products/Debug-iphonesimulator/Profile.framework/Modules/Profile.swiftmodule/Project/arm64-apple-ios-simulator.swiftsourceinfo

SwiftDriver\ Compilation\ Requirements Home normal arm64 com.apple.xcode.tools.swift.compiler (in target 'Home' from project 'Home')
    cd /Users/darisadam/Documents/Projects/iOS\ Apps/madabank-ios/Madabank/Modules/Features/Home
    builtin-Swift-Compilation-Requirements -- /Applications/Xcode.app/Contents/Developer/Toolchains/XcodeDefault.xctoolchain/usr/bin/swiftc -module-name Home -Onone -enforce-exclusivity\=checked @/Users/darisadam/Library/Developer/Xcode/DerivedData/Madabank-hkohthnbjtgnoechirsoymtykttx/Build/Intermediates.noindex/Home.build/Debug-iphonesimulator/Home.build/Objects-normal/arm64/Home.SwiftFileList -DDEBUG -Xcc -fmodule-map-file\=/Users/darisadam/Documents/Projects/iOS\ Apps/madabank-ios/Madabank/Modules/Features/Home/../../../Tuist/.build/tuist-derived/RxCocoaRuntime/RxCocoaRuntime.modulemap -enable-bare-slash-regex -enable-experimental-feature DebugDescriptionMacro -sdk /Applications/Xcode.app/Contents/Developer/Platforms/iPhoneSimulator.platform/Developer/SDKs/iPhoneSimulator26.1.sdk -target arm64-apple-ios15.0-simulator -g -module-cache-path /Users/darisadam/Library/Developer/Xcode/DerivedData/ModuleCache.noindex -Xfrontend -serialize-debugging-options -enable-testing -index-store-path /Users/darisadam/Library/Developer/Xcode/DerivedData/Madabank-hkohthnbjtgnoechirsoymtykttx/Index.noindex/DataStore -Xcc -D_LIBCPP_HARDENING_MODE\=_LIBCPP_HARDENING_MODE_DEBUG -swift-version 5 -I /Users/darisadam/Library/Developer/Xcode/DerivedData/Madabank-hkohthnbjtgnoechirsoymtykttx/Build/Products/Debug-iphonesimulator -F /Users/darisadam/Library/Developer/Xcode/DerivedData/Madabank-hkohthnbjtgnoechirsoymtykttx/Build/Products/Debug-iphonesimulator -c -j8 -enable-batch-mode -incremental -Xcc -ivfsstatcache -Xcc /Users/darisadam/Library/Developer/Xcode/DerivedData/SDKStatCaches.noindex/iphonesimulator26.1-23B77-3885c01c3e6b6a337905948deab2002e90cf18a4295e390e64c810bc6bd7acbc.sdkstatcache -output-file-map /Users/darisadam/Library/Developer/Xcode/DerivedData/Madabank-hkohthnbjtgnoechirsoymtykttx/Build/Intermediates.noindex/Home.build/Debug-iphonesimulator/Home.build/Objects-normal/arm64/Home-OutputFileMap.json -use-frontend-parseable-output -save-temps -no-color-diagnostics -explicit-module-build -module-cache-path /Users/darisadam/Library/Developer/Xcode/DerivedData/Madabank-hkohthnbjtgnoechirsoymtykttx/Build/Intermediates.noindex/SwiftExplicitPrecompiledModules -clang-scanner-module-cache-path /Users/darisadam/Library/Developer/Xcode/DerivedData/ModuleCache.noindex -sdk-module-cache-path /Users/darisadam/Library/Developer/Xcode/DerivedData/ModuleCache.noindex -serialize-diagnostics -emit-dependencies -emit-module -emit-module-path /Users/darisadam/Library/Developer/Xcode/DerivedData/Madabank-hkohthnbjtgnoechirsoymtykttx/Build/Intermediates.noindex/Home.build/Debug-iphonesimulator/Home.build/Objects-normal/arm64/Home.swiftmodule -validate-clang-modules-once -clang-build-session-file /Users/darisadam/Library/Developer/Xcode/DerivedData/ModuleCache.noindex/Session.modulevalidation -Xcc -I/Users/darisadam/Library/Developer/Xcode/DerivedData/Madabank-hkohthnbjtgnoechirsoymtykttx/Build/Intermediates.noindex/Home.build/Debug-iphonesimulator/Home.build/swift-overrides.hmap -emit-const-values -Xfrontend -const-gather-protocols-file -Xfrontend /Users/darisadam/Library/Developer/Xcode/DerivedData/Madabank-hkohthnbjtgnoechirsoymtykttx/Build/Intermediates.noindex/Home.build/Debug-iphonesimulator/Home.build/Objects-normal/arm64/Home_const_extract_protocols.json -Xcc -iquote -Xcc /Users/darisadam/Library/Developer/Xcode/DerivedData/Madabank-hkohthnbjtgnoechirsoymtykttx/Build/Intermediates.noindex/Home.build/Debug-iphonesimulator/Home.build/Home-generated-files.hmap -Xcc -I/Users/darisadam/Library/Developer/Xcode/DerivedData/Madabank-hkohthnbjtgnoechirsoymtykttx/Build/Intermediates.noindex/Home.build/Debug-iphonesimulator/Home.build/Home-own-target-headers.hmap -Xcc -I/Users/darisadam/Library/Developer/Xcode/DerivedData/Madabank-hkohthnbjtgnoechirsoymtykttx/Build/Intermediates.noindex/Home.build/Debug-iphonesimulator/Home.build/Home-all-non-framework-target-headers.hmap -Xcc -ivfsoverlay -Xcc /Users/darisadam/Library/Developer/Xcode/DerivedData/Madabank-hkohthnbjtgnoechirsoymtykttx/Build/Intermediates.noindex/Home.build/Debug-iphonesimulator/Home-2627cd9d3d4e544f9b62539dd5cc639b-VFS-iphonesimulator/all-product-headers.yaml -Xcc -iquote -Xcc /Users/darisadam/Library/Developer/Xcode/DerivedData/Madabank-hkohthnbjtgnoechirsoymtykttx/Build/Intermediates.noindex/Home.build/Debug-iphonesimulator/Home.build/Home-project-headers.hmap -Xcc -I/Users/darisadam/Library/Developer/Xcode/DerivedData/Madabank-hkohthnbjtgnoechirsoymtykttx/Build/Products/Debug-iphonesimulator/include -Xcc -I/Users/darisadam/Documents/Projects/iOS\ Apps/madabank-ios/Madabank/Tuist/.build/checkouts/RxSwift/Sources/RxCocoaRuntime/include -Xcc -I/Users/darisadam/Library/Developer/Xcode/DerivedData/Madabank-hkohthnbjtgnoechirsoymtykttx/Build/Intermediates.noindex/Home.build/Debug-iphonesimulator/Home.build/DerivedSources-normal/arm64 -Xcc -I/Users/darisadam/Library/Developer/Xcode/DerivedData/Madabank-hkohthnbjtgnoechirsoymtykttx/Build/Intermediates.noindex/Home.build/Debug-iphonesimulator/Home.build/DerivedSources/arm64 -Xcc -I/Users/darisadam/Library/Developer/Xcode/DerivedData/Madabank-hkohthnbjtgnoechirsoymtykttx/Build/Intermediates.noindex/Home.build/Debug-iphonesimulator/Home.build/DerivedSources -Xcc -DDEBUG\=1 -emit-objc-header -emit-objc-header-path /Users/darisadam/Library/Developer/Xcode/DerivedData/Madabank-hkohthnbjtgnoechirsoymtykttx/Build/Intermediates.noindex/Home.build/Debug-iphonesimulator/Home.build/Objects-normal/arm64/Home-Swift.h -working-directory /Users/darisadam/Documents/Projects/iOS\ Apps/madabank-ios/Madabank/Modules/Features/Home -experimental-emit-module-separately -disable-cmo

SwiftCompile normal arm64 Compiling\ TransactionDetailViewController.swift /Users/darisadam/Documents/Projects/iOS\ Apps/madabank-ios/Madabank/Modules/Features/Transactions/Sources/Views/TransactionDetailViewController.swift (in target 'Transactions' from project 'Transactions')

SwiftCompile normal arm64 /Users/darisadam/Documents/Projects/iOS\ Apps/madabank-ios/Madabank/Modules/Features/Transactions/Sources/Views/TransactionDetailViewController.swift (in target 'Transactions' from project 'Transactions')
    cd /Users/darisadam/Documents/Projects/iOS\ Apps/madabank-ios/Madabank/Modules/Features/Transactions
    

Copy /Users/darisadam/Library/Developer/Xcode/DerivedData/Madabank-hkohthnbjtgnoechirsoymtykttx/Build/Products/Debug-iphonesimulator/Home.framework/Modules/Home.swiftmodule/arm64-apple-ios-simulator.abi.json /Users/darisadam/Library/Developer/Xcode/DerivedData/Madabank-hkohthnbjtgnoechirsoymtykttx/Build/Intermediates.noindex/Home.build/Debug-iphonesimulator/Home.build/Objects-normal/arm64/Home.abi.json (in target 'Home' from project 'Home')
    cd /Users/darisadam/Documents/Projects/iOS\ Apps/madabank-ios/Madabank/Modules/Features/Home
    builtin-copy -exclude .DS_Store -exclude CVS -exclude .svn -exclude .git -exclude .hg -resolve-src-symlinks -rename /Users/darisadam/Library/Developer/Xcode/DerivedData/Madabank-hkohthnbjtgnoechirsoymtykttx/Build/Intermediates.noindex/Home.build/Debug-iphonesimulator/Home.build/Objects-normal/arm64/Home.abi.json /Users/darisadam/Library/Developer/Xcode/DerivedData/Madabank-hkohthnbjtgnoechirsoymtykttx/Build/Products/Debug-iphonesimulator/Home.framework/Modules/Home.swiftmodule/arm64-apple-ios-simulator.abi.json

SwiftDriverJobDiscovery normal arm64 Emitting module for Cards (in target 'Cards' from project 'Cards')

SwiftDriver\ Compilation\ Requirements Cards normal arm64 com.apple.xcode.tools.swift.compiler (in target 'Cards' from project 'Cards')
    cd /Users/darisadam/Documents/Projects/iOS\ Apps/madabank-ios/Madabank/Modules/Features/Cards
    builtin-Swift-Compilation-Requirements -- /Applications/Xcode.app/Contents/Developer/Toolchains/XcodeDefault.xctoolchain/usr/bin/swiftc -module-name Cards -Onone -enforce-exclusivity\=checked @/Users/darisadam/Library/Developer/Xcode/DerivedData/Madabank-hkohthnbjtgnoechirsoymtykttx/Build/Intermediates.noindex/Cards.build/Debug-iphonesimulator/Cards.build/Objects-normal/arm64/Cards.SwiftFileList -DDEBUG -Xcc -fmodule-map-file\=/Users/darisadam/Documents/Projects/iOS\ Apps/madabank-ios/Madabank/Modules/Features/Cards/../../../Tuist/.build/tuist-derived/RxCocoaRuntime/RxCocoaRuntime.modulemap -enable-bare-slash-regex -enable-experimental-feature DebugDescriptionMacro -sdk /Applications/Xcode.app/Contents/Developer/Platforms/iPhoneSimulator.platform/Developer/SDKs/iPhoneSimulator26.1.sdk -target arm64-apple-ios15.0-simulator -g -module-cache-path /Users/darisadam/Library/Developer/Xcode/DerivedData/ModuleCache.noindex -Xfrontend -serialize-debugging-options -enable-testing -index-store-path /Users/darisadam/Library/Developer/Xcode/DerivedData/Madabank-hkohthnbjtgnoechirsoymtykttx/Index.noindex/DataStore -Xcc -D_LIBCPP_HARDENING_MODE\=_LIBCPP_HARDENING_MODE_DEBUG -swift-version 5 -I /Users/darisadam/Library/Developer/Xcode/DerivedData/Madabank-hkohthnbjtgnoechirsoymtykttx/Build/Products/Debug-iphonesimulator -F /Users/darisadam/Library/Developer/Xcode/DerivedData/Madabank-hkohthnbjtgnoechirsoymtykttx/Build/Products/Debug-iphonesimulator -c -j8 -enable-batch-mode -incremental -Xcc -ivfsstatcache -Xcc /Users/darisadam/Library/Developer/Xcode/DerivedData/SDKStatCaches.noindex/iphonesimulator26.1-23B77-3885c01c3e6b6a337905948deab2002e90cf18a4295e390e64c810bc6bd7acbc.sdkstatcache -output-file-map /Users/darisadam/Library/Developer/Xcode/DerivedData/Madabank-hkohthnbjtgnoechirsoymtykttx/Build/Intermediates.noindex/Cards.build/Debug-iphonesimulator/Cards.build/Objects-normal/arm64/Cards-OutputFileMap.json -use-frontend-parseable-output -save-temps -no-color-diagnostics -explicit-module-build -module-cache-path /Users/darisadam/Library/Developer/Xcode/DerivedData/Madabank-hkohthnbjtgnoechirsoymtykttx/Build/Intermediates.noindex/SwiftExplicitPrecompiledModules -clang-scanner-module-cache-path /Users/darisadam/Library/Developer/Xcode/DerivedData/ModuleCache.noindex -sdk-module-cache-path /Users/darisadam/Library/Developer/Xcode/DerivedData/ModuleCache.noindex -serialize-diagnostics -emit-dependencies -emit-module -emit-module-path /Users/darisadam/Library/Developer/Xcode/DerivedData/Madabank-hkohthnbjtgnoechirsoymtykttx/Build/Intermediates.noindex/Cards.build/Debug-iphonesimulator/Cards.build/Objects-normal/arm64/Cards.swiftmodule -validate-clang-modules-once -clang-build-session-file /Users/darisadam/Library/Developer/Xcode/DerivedData/ModuleCache.noindex/Session.modulevalidation -Xcc -I/Users/darisadam/Library/Developer/Xcode/DerivedData/Madabank-hkohthnbjtgnoechirsoymtykttx/Build/Intermediates.noindex/Cards.build/Debug-iphonesimulator/Cards.build/swift-overrides.hmap -emit-const-values -Xfrontend -const-gather-protocols-file -Xfrontend /Users/darisadam/Library/Developer/Xcode/DerivedData/Madabank-hkohthnbjtgnoechirsoymtykttx/Build/Intermediates.noindex/Cards.build/Debug-iphonesimulator/Cards.build/Objects-normal/arm64/Cards_const_extract_protocols.json -Xcc -iquote -Xcc /Users/darisadam/Library/Developer/Xcode/DerivedData/Madabank-hkohthnbjtgnoechirsoymtykttx/Build/Intermediates.noindex/Cards.build/Debug-iphonesimulator/Cards.build/Cards-generated-files.hmap -Xcc -I/Users/darisadam/Library/Developer/Xcode/DerivedData/Madabank-hkohthnbjtgnoechirsoymtykttx/Build/Intermediates.noindex/Cards.build/Debug-iphonesimulator/Cards.build/Cards-own-target-headers.hmap -Xcc -I/Users/darisadam/Library/Developer/Xcode/DerivedData/Madabank-hkohthnbjtgnoechirsoymtykttx/Build/Intermediates.noindex/Cards.build/Debug-iphonesimulator/Cards.build/Cards-all-non-framework-target-headers.hmap -Xcc -ivfsoverlay -Xcc /Users/darisadam/Library/Developer/Xcode/DerivedData/Madabank-hkohthnbjtgnoechirsoymtykttx/Build/Intermediates.noindex/Cards.build/Debug-iphonesimulator/Cards-7a265648a3503f26f0252f763a468131-VFS-iphonesimulator/all-product-headers.yaml -Xcc -iquote -Xcc /Users/darisadam/Library/Developer/Xcode/DerivedData/Madabank-hkohthnbjtgnoechirsoymtykttx/Build/Intermediates.noindex/Cards.build/Debug-iphonesimulator/Cards.build/Cards-project-headers.hmap -Xcc -I/Users/darisadam/Library/Developer/Xcode/DerivedData/Madabank-hkohthnbjtgnoechirsoymtykttx/Build/Products/Debug-iphonesimulator/include -Xcc -I/Users/darisadam/Documents/Projects/iOS\ Apps/madabank-ios/Madabank/Tuist/.build/checkouts/RxSwift/Sources/RxCocoaRuntime/include -Xcc -I/Users/darisadam/Library/Developer/Xcode/DerivedData/Madabank-hkohthnbjtgnoechirsoymtykttx/Build/Intermediates.noindex/Cards.build/Debug-iphonesimulator/Cards.build/DerivedSources-normal/arm64 -Xcc -I/Users/darisadam/Library/Developer/Xcode/DerivedData/Madabank-hkohthnbjtgnoechirsoymtykttx/Build/Intermediates.noindex/Cards.build/Debug-iphonesimulator/Cards.build/DerivedSources/arm64 -Xcc -I/Users/darisadam/Library/Developer/Xcode/DerivedData/Madabank-hkohthnbjtgnoechirsoymtykttx/Build/Intermediates.noindex/Cards.build/Debug-iphonesimulator/Cards.build/DerivedSources -Xcc -DDEBUG\=1 -emit-objc-header -emit-objc-header-path /Users/darisadam/Library/Developer/Xcode/DerivedData/Madabank-hkohthnbjtgnoechirsoymtykttx/Build/Intermediates.noindex/Cards.build/Debug-iphonesimulator/Cards.build/Objects-normal/arm64/Cards-Swift.h -working-directory /Users/darisadam/Documents/Projects/iOS\ Apps/madabank-ios/Madabank/Modules/Features/Cards -experimental-emit-module-separately -disable-cmo

SwiftCompile normal arm64 Compiling\ ManageFundsViewController.swift /Users/darisadam/Documents/Projects/iOS\ Apps/madabank-ios/Madabank/Modules/Features/Transactions/Sources/Views/ManageFundsViewController.swift (in target 'Transactions' from project 'Transactions')
SwiftCompile normal arm64 /Users/darisadam/Documents/Projects/iOS\ Apps/madabank-ios/Madabank/Modules/Features/Transactions/Sources/Views/ManageFundsViewController.swift (in target 'Transactions' from project 'Transactions')
    cd /Users/darisadam/Documents/Projects/iOS\ Apps/madabank-ios/Madabank/Modules/Features/Transactions
    
/Users/darisadam/Documents/Projects/iOS Apps/madabank-ios/Madabank/Modules/Features/Transactions/Sources/Views/ManageFundsViewController.swift:82:75: warning: string interpolation produces a debug description for an optional value; did you mean to make this explicit?
            .bind(to: accountPicker.rx.itemTitles) { _, item in return "\(item.currency) - \(item.balance ?? 0)" }
                                                                          ^~~~~~~~~~~~~
/Users/darisadam/Documents/Projects/iOS Apps/madabank-ios/Madabank/Modules/Features/Transactions/Sources/Views/ManageFundsViewController.swift:82:80: note: provide a default value to avoid this warning
            .bind(to: accountPicker.rx.itemTitles) { _, item in return "\(item.currency) - \(item.balance ?? 0)" }
                                                                          ~~~~~^~~~~~~~
                                                                                        ?? <#default value#>
/Users/darisadam/Documents/Projects/iOS Apps/madabank-ios/Madabank/Modules/Features/Transactions/Sources/Views/ManageFundsViewController.swift:82:80: note: use 'String(describing:)' to silence this warning
            .bind(to: accountPicker.rx.itemTitles) { _, item in return "\(item.currency) - \(item.balance ?? 0)" }
                                                                          ~~~~~^~~~~~~~
                                                                          String(describing:  )
/Users/darisadam/Documents/Projects/iOS Apps/madabank-ios/Madabank/Modules/Features/Transactions/Sources/Views/ManageFundsViewController.swift:90:50: warning: string interpolation produces a debug description for an optional value; did you mean to make this explicit?
                self?.accountTextField.text = "\(accounts[index].currency) \(accounts[index].balance ?? 0)"
                                                 ^~~~~~~~~~~~~~~~~~~~~~~~
/Users/darisadam/Documents/Projects/iOS Apps/madabank-ios/Madabank/Modules/Features/Transactions/Sources/Views/ManageFundsViewController.swift:90:66: note: provide a default value to avoid this warning
                self?.accountTextField.text = "\(accounts[index].currency) \(accounts[index].balance ?? 0)"
                                                 ~~~~~~~~~~~~~~~~^~~~~~~~
                                                                          ?? <#default value#>
/Users/darisadam/Documents/Projects/iOS Apps/madabank-ios/Madabank/Modules/Features/Transactions/Sources/Views/ManageFundsViewController.swift:90:66: note: use 'String(describing:)' to silence this warning
                self?.accountTextField.text = "\(accounts[index].currency) \(accounts[index].balance ?? 0)"
                                                 ~~~~~~~~~~~~~~~~^~~~~~~~
                                                 String(describing:      )

SwiftMergeGeneratedHeaders /Users/darisadam/Library/Developer/Xcode/DerivedData/Madabank-hkohthnbjtgnoechirsoymtykttx/Build/Products/Debug-iphonesimulator/Cards.framework/Headers/Cards-Swift.h /Users/darisadam/Library/Developer/Xcode/DerivedData/Madabank-hkohthnbjtgnoechirsoymtykttx/Build/Intermediates.noindex/Cards.build/Debug-iphonesimulator/Cards.build/Objects-normal/arm64/Cards-Swift.h (in target 'Cards' from project 'Cards')
    cd /Users/darisadam/Documents/Projects/iOS\ Apps/madabank-ios/Madabank/Modules/Features/Cards
    builtin-swiftHeaderTool -arch arm64 /Users/darisadam/Library/Developer/Xcode/DerivedData/Madabank-hkohthnbjtgnoechirsoymtykttx/Build/Intermediates.noindex/Cards.build/Debug-iphonesimulator/Cards.build/Objects-normal/arm64/Cards-Swift.h -o /Users/darisadam/Library/Developer/Xcode/DerivedData/Madabank-hkohthnbjtgnoechirsoymtykttx/Build/Products/Debug-iphonesimulator/Cards.framework/Headers/Cards-Swift.h

SwiftDriverJobDiscovery normal arm64 Compiling ForgotPasswordViewController.swift (in target 'Auth' from project 'Auth')

Copy /Users/darisadam/Library/Developer/Xcode/DerivedData/Madabank-hkohthnbjtgnoechirsoymtykttx/Build/Products/Debug-iphonesimulator/Cards.framework/Modules/Cards.swiftmodule/arm64-apple-ios-simulator.swiftmodule /Users/darisadam/Library/Developer/Xcode/DerivedData/Madabank-hkohthnbjtgnoechirsoymtykttx/Build/Intermediates.noindex/Cards.build/Debug-iphonesimulator/Cards.build/Objects-normal/arm64/Cards.swiftmodule (in target 'Cards' from project 'Cards')
    cd /Users/darisadam/Documents/Projects/iOS\ Apps/madabank-ios/Madabank/Modules/Features/Cards
    builtin-copy -exclude .DS_Store -exclude CVS -exclude .svn -exclude .git -exclude .hg -resolve-src-symlinks -rename /Users/darisadam/Library/Developer/Xcode/DerivedData/Madabank-hkohthnbjtgnoechirsoymtykttx/Build/Intermediates.noindex/Cards.build/Debug-iphonesimulator/Cards.build/Objects-normal/arm64/Cards.swiftmodule /Users/darisadam/Library/Developer/Xcode/DerivedData/Madabank-hkohthnbjtgnoechirsoymtykttx/Build/Products/Debug-iphonesimulator/Cards.framework/Modules/Cards.swiftmodule/arm64-apple-ios-simulator.swiftmodule

Copy /Users/darisadam/Library/Developer/Xcode/DerivedData/Madabank-hkohthnbjtgnoechirsoymtykttx/Build/Products/Debug-iphonesimulator/Cards.framework/Modules/Cards.swiftmodule/arm64-apple-ios-simulator.swiftdoc /Users/darisadam/Library/Developer/Xcode/DerivedData/Madabank-hkohthnbjtgnoechirsoymtykttx/Build/Intermediates.noindex/Cards.build/Debug-iphonesimulator/Cards.build/Objects-normal/arm64/Cards.swiftdoc (in target 'Cards' from project 'Cards')
    cd /Users/darisadam/Documents/Projects/iOS\ Apps/madabank-ios/Madabank/Modules/Features/Cards
    builtin-copy -exclude .DS_Store -exclude CVS -exclude .svn -exclude .git -exclude .hg -resolve-src-symlinks -rename /Users/darisadam/Library/Developer/Xcode/DerivedData/Madabank-hkohthnbjtgnoechirsoymtykttx/Build/Intermediates.noindex/Cards.build/Debug-iphonesimulator/Cards.build/Objects-normal/arm64/Cards.swiftdoc /Users/darisadam/Library/Developer/Xcode/DerivedData/Madabank-hkohthnbjtgnoechirsoymtykttx/Build/Products/Debug-iphonesimulator/Cards.framework/Modules/Cards.swiftmodule/arm64-apple-ios-simulator.swiftdoc

Copy /Users/darisadam/Library/Developer/Xcode/DerivedData/Madabank-hkohthnbjtgnoechirsoymtykttx/Build/Products/Debug-iphonesimulator/Cards.framework/Modules/Cards.swiftmodule/arm64-apple-ios-simulator.abi.json /Users/darisadam/Library/Developer/Xcode/DerivedData/Madabank-hkohthnbjtgnoechirsoymtykttx/Build/Intermediates.noindex/Cards.build/Debug-iphonesimulator/Cards.build/Objects-normal/arm64/Cards.abi.json (in target 'Cards' from project 'Cards')
    cd /Users/darisadam/Documents/Projects/iOS\ Apps/madabank-ios/Madabank/Modules/Features/Cards
    builtin-copy -exclude .DS_Store -exclude CVS -exclude .svn -exclude .git -exclude .hg -resolve-src-symlinks -rename /Users/darisadam/Library/Developer/Xcode/DerivedData/Madabank-hkohthnbjtgnoechirsoymtykttx/Build/Intermediates.noindex/Cards.build/Debug-iphonesimulator/Cards.build/Objects-normal/arm64/Cards.abi.json /Users/darisadam/Library/Developer/Xcode/DerivedData/Madabank-hkohthnbjtgnoechirsoymtykttx/Build/Products/Debug-iphonesimulator/Cards.framework/Modules/Cards.swiftmodule/arm64-apple-ios-simulator.abi.json

SwiftDriverJobDiscovery normal arm64 Compiling ChangePasswordViewController.swift (in target 'Profile' from project 'Profile')

Copy /Users/darisadam/Library/Developer/Xcode/DerivedData/Madabank-hkohthnbjtgnoechirsoymtykttx/Build/Products/Debug-iphonesimulator/Cards.framework/Modules/Cards.swiftmodule/Project/arm64-apple-ios-simulator.swiftsourceinfo /Users/darisadam/Library/Developer/Xcode/DerivedData/Madabank-hkohthnbjtgnoechirsoymtykttx/Build/Intermediates.noindex/Cards.build/Debug-iphonesimulator/Cards.build/Objects-normal/arm64/Cards.swiftsourceinfo (in target 'Cards' from project 'Cards')
    cd /Users/darisadam/Documents/Projects/iOS\ Apps/madabank-ios/Madabank/Modules/Features/Cards
    builtin-copy -exclude .DS_Store -exclude CVS -exclude .svn -exclude .git -exclude .hg -resolve-src-symlinks -rename /Users/darisadam/Library/Developer/Xcode/DerivedData/Madabank-hkohthnbjtgnoechirsoymtykttx/Build/Intermediates.noindex/Cards.build/Debug-iphonesimulator/Cards.build/Objects-normal/arm64/Cards.swiftsourceinfo /Users/darisadam/Library/Developer/Xcode/DerivedData/Madabank-hkohthnbjtgnoechirsoymtykttx/Build/Products/Debug-iphonesimulator/Cards.framework/Modules/Cards.swiftmodule/Project/arm64-apple-ios-simulator.swiftsourceinfo

SwiftCompile normal arm64 Compiling\ ManageFundsViewModel.swift,\ TransactionDetailViewModel.swift /Users/darisadam/Documents/Projects/iOS\ Apps/madabank-ios/Madabank/Modules/Features/Transactions/Sources/ViewModels/ManageFundsViewModel.swift /Users/darisadam/Documents/Projects/iOS\ Apps/madabank-ios/Madabank/Modules/Features/Transactions/Sources/ViewModels/TransactionDetailViewModel.swift (in target 'Transactions' from project 'Transactions')

SwiftCompile normal arm64 /Users/darisadam/Documents/Projects/iOS\ Apps/madabank-ios/Madabank/Modules/Features/Transactions/Sources/ViewModels/ManageFundsViewModel.swift (in target 'Transactions' from project 'Transactions')
    cd /Users/darisadam/Documents/Projects/iOS\ Apps/madabank-ios/Madabank/Modules/Features/Transactions
    

SwiftCompile normal arm64 /Users/darisadam/Documents/Projects/iOS\ Apps/madabank-ios/Madabank/Modules/Features/Transactions/Sources/ViewModels/TransactionDetailViewModel.swift (in target 'Transactions' from project 'Transactions')
    cd /Users/darisadam/Documents/Projects/iOS\ Apps/madabank-ios/Madabank/Modules/Features/Transactions
    

SwiftCompile normal arm64 Compiling\ TransactionsViewController.swift /Users/darisadam/Documents/Projects/iOS\ Apps/madabank-ios/Madabank/Modules/Features/Transactions/Sources/Views/TransactionsViewController.swift (in target 'Transactions' from project 'Transactions')
SwiftCompile normal arm64 /Users/darisadam/Documents/Projects/iOS\ Apps/madabank-ios/Madabank/Modules/Features/Transactions/Sources/Views/TransactionsViewController.swift (in target 'Transactions' from project 'Transactions')
    cd /Users/darisadam/Documents/Projects/iOS\ Apps/madabank-ios/Madabank/Modules/Features/Transactions
    

SwiftCompile normal arm64 Compiling\ TransactionsViewModel.swift,\ TransferViewModel.swift /Users/darisadam/Documents/Projects/iOS\ Apps/madabank-ios/Madabank/Modules/Features/Transactions/Sources/ViewModels/TransactionsViewModel.swift /Users/darisadam/Documents/Projects/iOS\ Apps/madabank-ios/Madabank/Modules/Features/Transactions/Sources/ViewModels/TransferViewModel.swift (in target 'Transactions' from project 'Transactions')

SwiftCompile normal arm64 /Users/darisadam/Documents/Projects/iOS\ Apps/madabank-ios/Madabank/Modules/Features/Transactions/Sources/ViewModels/TransactionsViewModel.swift (in target 'Transactions' from project 'Transactions')
    cd /Users/darisadam/Documents/Projects/iOS\ Apps/madabank-ios/Madabank/Modules/Features/Transactions
    
/Users/darisadam/Documents/Projects/iOS Apps/madabank-ios/Madabank/Modules/Features/Transactions/Sources/ViewModels/TransactionsViewModel.swift:71:24: warning: backward matching of the unlabeled trailing closure is deprecated; label the argument with 'onDisposed' to suppress this warning
            .subscribe { [weak self] in self?.initialLoad() }
                       ^
                      (onDisposed:                           )
RxSwift.ObservableType.subscribe:2:13: note: 'subscribe(onNext:onError:onCompleted:onDisposed:)' declared here
public func subscribe(onNext: ((Self.Element) -> Void)? = nil, onError: ((any Error) -> Void)? = nil, onCompleted: (() -> Void)? = nil, onDisposed: (() -> Void)? = nil) -> any RxSwift.Disposable}
            ^
/Users/darisadam/Documents/Projects/iOS Apps/madabank-ios/Madabank/Modules/Features/Transactions/Sources/ViewModels/TransactionsViewModel.swift:75:24: warning: backward matching of the unlabeled trailing closure is deprecated; label the argument with 'onDisposed' to suppress this warning
            .subscribe { [weak self] in self?.loadMore() }
                       ^
                      (onDisposed:                        )
RxSwift.ObservableType.subscribe:2:13: note: 'subscribe(onNext:onError:onCompleted:onDisposed:)' declared here
public func subscribe(onNext: ((Self.Element) -> Void)? = nil, onError: ((any Error) -> Void)? = nil, onCompleted: (() -> Void)? = nil, onDisposed: (() -> Void)? = nil) -> any RxSwift.Disposable}
            ^
/Users/darisadam/Documents/Projects/iOS Apps/madabank-ios/Madabank/Modules/Features/Transactions/Sources/ViewModels/TransactionsViewModel.swift:100:24: warning: backward matching of the unlabeled trailing closure is deprecated; label the argument with 'onDisposed' to suppress this warning
            .subscribe { [weak self] in
                       ^
                      (onDisposed: 
RxSwift.ObservableType.subscribe:2:13: note: 'subscribe(onNext:onError:onCompleted:onDisposed:)' declared here
public func subscribe(onNext: ((Self.Element) -> Void)? = nil, onError: ((any Error) -> Void)? = nil, onCompleted: (() -> Void)? = nil, onDisposed: (() -> Void)? = nil) -> any RxSwift.Disposable}
            ^

SwiftCompile normal arm64 /Users/darisadam/Documents/Projects/iOS\ Apps/madabank-ios/Madabank/Modules/Features/Transactions/Sources/ViewModels/TransferViewModel.swift (in target 'Transactions' from project 'Transactions')
    cd /Users/darisadam/Documents/Projects/iOS\ Apps/madabank-ios/Madabank/Modules/Features/Transactions
    

SwiftDriverJobDiscovery normal arm64 Compiling Profile.swift, ChangePasswordViewModel.swift (in target 'Profile' from project 'Profile')

SwiftCompile normal arm64 Compiling\ TransferViewController.swift /Users/darisadam/Documents/Projects/iOS\ Apps/madabank-ios/Madabank/Modules/Features/Transactions/Sources/Views/TransferViewController.swift (in target 'Transactions' from project 'Transactions')

SwiftCompile normal arm64 /Users/darisadam/Documents/Projects/iOS\ Apps/madabank-ios/Madabank/Modules/Features/Transactions/Sources/Views/TransferViewController.swift (in target 'Transactions' from project 'Transactions')
    cd /Users/darisadam/Documents/Projects/iOS\ Apps/madabank-ios/Madabank/Modules/Features/Transactions
    
/Users/darisadam/Documents/Projects/iOS Apps/madabank-ios/Madabank/Modules/Features/Transactions/Sources/Views/TransferViewController.swift:105:27: warning: string interpolation produces a debug description for an optional value; did you mean to make this explicit?
                return "\(item.currency) - \(item.balance ?? 0)"
                          ^~~~~~~~~~~~~
/Users/darisadam/Documents/Projects/iOS Apps/madabank-ios/Madabank/Modules/Features/Transactions/Sources/Views/TransferViewController.swift:105:32: note: provide a default value to avoid this warning
                return "\(item.currency) - \(item.balance ?? 0)"
                          ~~~~~^~~~~~~~
                                        ?? <#default value#>
/Users/darisadam/Documents/Projects/iOS Apps/madabank-ios/Madabank/Modules/Features/Transactions/Sources/Views/TransferViewController.swift:105:32: note: use 'String(describing:)' to silence this warning
                return "\(item.currency) - \(item.balance ?? 0)"
                          ~~~~~^~~~~~~~
                          String(describing:  )
/Users/darisadam/Documents/Projects/iOS Apps/madabank-ios/Madabank/Modules/Features/Transactions/Sources/Views/TransferViewController.swift:119:54: warning: string interpolation produces a debug description for an optional value; did you mean to make this explicit?
                self?.fromAccountTextField.text = "\(accounts[index].currency) \(accounts[index].balance ?? 0)"
                                                     ^~~~~~~~~~~~~~~~~~~~~~~~
/Users/darisadam/Documents/Projects/iOS Apps/madabank-ios/Madabank/Modules/Features/Transactions/Sources/Views/TransferViewController.swift:119:70: note: provide a default value to avoid this warning
                self?.fromAccountTextField.text = "\(accounts[index].currency) \(accounts[index].balance ?? 0)"
                                                     ~~~~~~~~~~~~~~~~^~~~~~~~
                                                                              ?? <#default value#>
/Users/darisadam/Documents/Projects/iOS Apps/madabank-ios/Madabank/Modules/Features/Transactions/Sources/Views/TransferViewController.swift:119:70: note: use 'String(describing:)' to silence this warning
                self?.fromAccountTextField.text = "\(accounts[index].currency) \(accounts[index].balance ?? 0)"
                                                     ~~~~~~~~~~~~~~~~^~~~~~~~
                                                     String(describing:      )

SwiftDriverJobDiscovery normal arm64 Emitting module for Transactions (in target 'Transactions' from project 'Transactions')

SwiftDriver\ Compilation\ Requirements Transactions normal arm64 com.apple.xcode.tools.swift.compiler (in target 'Transactions' from project 'Transactions')
    cd /Users/darisadam/Documents/Projects/iOS\ Apps/madabank-ios/Madabank/Modules/Features/Transactions
    builtin-Swift-Compilation-Requirements -- /Applications/Xcode.app/Contents/Developer/Toolchains/XcodeDefault.xctoolchain/usr/bin/swiftc -module-name Transactions -Onone -enforce-exclusivity\=checked @/Users/darisadam/Library/Developer/Xcode/DerivedData/Madabank-hkohthnbjtgnoechirsoymtykttx/Build/Intermediates.noindex/Transactions.build/Debug-iphonesimulator/Transactions.build/Objects-normal/arm64/Transactions.SwiftFileList -DDEBUG -Xcc -fmodule-map-file\=/Users/darisadam/Documents/Projects/iOS\ Apps/madabank-ios/Madabank/Modules/Features/Transactions/../../../Tuist/.build/tuist-derived/RxCocoaRuntime/RxCocoaRuntime.modulemap -enable-bare-slash-regex -enable-experimental-feature DebugDescriptionMacro -sdk /Applications/Xcode.app/Contents/Developer/Platforms/iPhoneSimulator.platform/Developer/SDKs/iPhoneSimulator26.1.sdk -target arm64-apple-ios15.0-simulator -g -module-cache-path /Users/darisadam/Library/Developer/Xcode/DerivedData/ModuleCache.noindex -Xfrontend -serialize-debugging-options -enable-testing -index-store-path /Users/darisadam/Library/Developer/Xcode/DerivedData/Madabank-hkohthnbjtgnoechirsoymtykttx/Index.noindex/DataStore -Xcc -D_LIBCPP_HARDENING_MODE\=_LIBCPP_HARDENING_MODE_DEBUG -swift-version 5 -I /Users/darisadam/Library/Developer/Xcode/DerivedData/Madabank-hkohthnbjtgnoechirsoymtykttx/Build/Products/Debug-iphonesimulator -F /Users/darisadam/Library/Developer/Xcode/DerivedData/Madabank-hkohthnbjtgnoechirsoymtykttx/Build/Products/Debug-iphonesimulator -c -j8 -enable-batch-mode -incremental -Xcc -ivfsstatcache -Xcc /Users/darisadam/Library/Developer/Xcode/DerivedData/SDKStatCaches.noindex/iphonesimulator26.1-23B77-3885c01c3e6b6a337905948deab2002e90cf18a4295e390e64c810bc6bd7acbc.sdkstatcache -output-file-map /Users/darisadam/Library/Developer/Xcode/DerivedData/Madabank-hkohthnbjtgnoechirsoymtykttx/Build/Intermediates.noindex/Transactions.build/Debug-iphonesimulator/Transactions.build/Objects-normal/arm64/Transactions-OutputFileMap.json -use-frontend-parseable-output -save-temps -no-color-diagnostics -explicit-module-build -module-cache-path /Users/darisadam/Library/Developer/Xcode/DerivedData/Madabank-hkohthnbjtgnoechirsoymtykttx/Build/Intermediates.noindex/SwiftExplicitPrecompiledModules -clang-scanner-module-cache-path /Users/darisadam/Library/Developer/Xcode/DerivedData/ModuleCache.noindex -sdk-module-cache-path /Users/darisadam/Library/Developer/Xcode/DerivedData/ModuleCache.noindex -serialize-diagnostics -emit-dependencies -emit-module -emit-module-path /Users/darisadam/Library/Developer/Xcode/DerivedData/Madabank-hkohthnbjtgnoechirsoymtykttx/Build/Intermediates.noindex/Transactions.build/Debug-iphonesimulator/Transactions.build/Objects-normal/arm64/Transactions.swiftmodule -validate-clang-modules-once -clang-build-session-file /Users/darisadam/Library/Developer/Xcode/DerivedData/ModuleCache.noindex/Session.modulevalidation -Xcc -I/Users/darisadam/Library/Developer/Xcode/DerivedData/Madabank-hkohthnbjtgnoechirsoymtykttx/Build/Intermediates.noindex/Transactions.build/Debug-iphonesimulator/Transactions.build/swift-overrides.hmap -emit-const-values -Xfrontend -const-gather-protocols-file -Xfrontend /Users/darisadam/Library/Developer/Xcode/DerivedData/Madabank-hkohthnbjtgnoechirsoymtykttx/Build/Intermediates.noindex/Transactions.build/Debug-iphonesimulator/Transactions.build/Objects-normal/arm64/Transactions_const_extract_protocols.json -Xcc -iquote -Xcc /Users/darisadam/Library/Developer/Xcode/DerivedData/Madabank-hkohthnbjtgnoechirsoymtykttx/Build/Intermediates.noindex/Transactions.build/Debug-iphonesimulator/Transactions.build/Transactions-generated-files.hmap -Xcc -I/Users/darisadam/Library/Developer/Xcode/DerivedData/Madabank-hkohthnbjtgnoechirsoymtykttx/Build/Intermediates.noindex/Transactions.build/Debug-iphonesimulator/Transactions.build/Transactions-own-target-headers.hmap -Xcc -I/Users/darisadam/Library/Developer/Xcode/DerivedData/Madabank-hkohthnbjtgnoechirsoymtykttx/Build/Intermediates.noindex/Transactions.build/Debug-iphonesimulator/Transactions.build/Transactions-all-non-framework-target-headers.hmap -Xcc -ivfsoverlay -Xcc /Users/darisadam/Library/Developer/Xcode/DerivedData/Madabank-hkohthnbjtgnoechirsoymtykttx/Build/Intermediates.noindex/Transactions.build/Debug-iphonesimulator/Transactions-5088c79df1e1ae7b914a571ab0fbf32c-VFS-iphonesimulator/all-product-headers.yaml -Xcc -iquote -Xcc /Users/darisadam/Library/Developer/Xcode/DerivedData/Madabank-hkohthnbjtgnoechirsoymtykttx/Build/Intermediates.noindex/Transactions.build/Debug-iphonesimulator/Transactions.build/Transactions-project-headers.hmap -Xcc -I/Users/darisadam/Library/Developer/Xcode/DerivedData/Madabank-hkohthnbjtgnoechirsoymtykttx/Build/Products/Debug-iphonesimulator/include -Xcc -I/Users/darisadam/Documents/Projects/iOS\ Apps/madabank-ios/Madabank/Tuist/.build/checkouts/RxSwift/Sources/RxCocoaRuntime/include -Xcc -I/Users/darisadam/Library/Developer/Xcode/DerivedData/Madabank-hkohthnbjtgnoechirsoymtykttx/Build/Intermediates.noindex/Transactions.build/Debug-iphonesimulator/Transactions.build/DerivedSources-normal/arm64 -Xcc -I/Users/darisadam/Library/Developer/Xcode/DerivedData/Madabank-hkohthnbjtgnoechirsoymtykttx/Build/Intermediates.noindex/Transactions.build/Debug-iphonesimulator/Transactions.build/DerivedSources/arm64 -Xcc -I/Users/darisadam/Library/Developer/Xcode/DerivedData/Madabank-hkohthnbjtgnoechirsoymtykttx/Build/Intermediates.noindex/Transactions.build/Debug-iphonesimulator/Transactions.build/DerivedSources -Xcc -DDEBUG\=1 -emit-objc-header -emit-objc-header-path /Users/darisadam/Library/Developer/Xcode/DerivedData/Madabank-hkohthnbjtgnoechirsoymtykttx/Build/Intermediates.noindex/Transactions.build/Debug-iphonesimulator/Transactions.build/Objects-normal/arm64/Transactions-Swift.h -working-directory /Users/darisadam/Documents/Projects/iOS\ Apps/madabank-ios/Madabank/Modules/Features/Transactions -experimental-emit-module-separately -disable-cmo

SwiftDriverJobDiscovery normal arm64 Compiling BeneficiariesListViewController.swift (in target 'Transactions' from project 'Transactions')

SwiftCompile normal arm64 Compiling\ Transactions.swift,\ BeneficiariesListViewModel.swift /Users/darisadam/Documents/Projects/iOS\ Apps/madabank-ios/Madabank/Modules/Features/Transactions/Sources/Transactions.swift /Users/darisadam/Documents/Projects/iOS\ Apps/madabank-ios/Madabank/Modules/Features/Transactions/Sources/ViewModels/BeneficiariesListViewModel.swift (in target 'Transactions' from project 'Transactions')

SwiftCompile normal arm64 /Users/darisadam/Documents/Projects/iOS\ Apps/madabank-ios/Madabank/Modules/Features/Transactions/Sources/Transactions.swift (in target 'Transactions' from project 'Transactions')
    cd /Users/darisadam/Documents/Projects/iOS\ Apps/madabank-ios/Madabank/Modules/Features/Transactions
    

SwiftCompile normal arm64 /Users/darisadam/Documents/Projects/iOS\ Apps/madabank-ios/Madabank/Modules/Features/Transactions/Sources/ViewModels/BeneficiariesListViewModel.swift (in target 'Transactions' from project 'Transactions')
    cd /Users/darisadam/Documents/Projects/iOS\ Apps/madabank-ios/Madabank/Modules/Features/Transactions
    
/Users/darisadam/Documents/Projects/iOS Apps/madabank-ios/Madabank/Modules/Features/Transactions/Sources/ViewModels/BeneficiariesListViewModel.swift:96:49: warning: result of call to 'execute(name:iban:bankName:)' is unused
                try await addBeneficiaryUseCase.execute(name: name, iban: iban, bankName: bankName)
                                                ^      ~~~~~~~~~~~~~~~~~~~~~~~~~~~~~~~~~~~~~~~~~~~~

Copy /Users/darisadam/Library/Developer/Xcode/DerivedData/Madabank-hkohthnbjtgnoechirsoymtykttx/Build/Products/Debug-iphonesimulator/Transactions.framework/Modules/Transactions.swiftmodule/arm64-apple-ios-simulator.abi.json /Users/darisadam/Library/Developer/Xcode/DerivedData/Madabank-hkohthnbjtgnoechirsoymtykttx/Build/Intermediates.noindex/Transactions.build/Debug-iphonesimulator/Transactions.build/Objects-normal/arm64/Transactions.abi.json (in target 'Transactions' from project 'Transactions')
    cd /Users/darisadam/Documents/Projects/iOS\ Apps/madabank-ios/Madabank/Modules/Features/Transactions
    builtin-copy -exclude .DS_Store -exclude CVS -exclude .svn -exclude .git -exclude .hg -resolve-src-symlinks -rename /Users/darisadam/Library/Developer/Xcode/DerivedData/Madabank-hkohthnbjtgnoechirsoymtykttx/Build/Intermediates.noindex/Transactions.build/Debug-iphonesimulator/Transactions.build/Objects-normal/arm64/Transactions.abi.json /Users/darisadam/Library/Developer/Xcode/DerivedData/Madabank-hkohthnbjtgnoechirsoymtykttx/Build/Products/Debug-iphonesimulator/Transactions.framework/Modules/Transactions.swiftmodule/arm64-apple-ios-simulator.abi.json

SwiftDriverJobDiscovery normal arm64 Compiling TransactionDetailViewController.swift (in target 'Transactions' from project 'Transactions')

SwiftCompile normal arm64 Compiling\ ProfileViewController.swift /Users/darisadam/Documents/Projects/iOS\ Apps/madabank-ios/Madabank/Modules/Features/Profile/Sources/Views/ProfileViewController.swift (in target 'Profile' from project 'Profile')

SwiftCompile normal arm64 /Users/darisadam/Documents/Projects/iOS\ Apps/madabank-ios/Madabank/Modules/Features/Profile/Sources/Views/ProfileViewController.swift (in target 'Profile' from project 'Profile')
    cd /Users/darisadam/Documents/Projects/iOS\ Apps/madabank-ios/Madabank/Modules/Features/Profile
    
/Users/darisadam/Documents/Projects/iOS Apps/madabank-ios/Madabank/Modules/Features/Profile/Sources/Views/ProfileViewController.swift:40:39: warning: backward matching of the unlabeled trailing closure is deprecated; label the argument with 'onDisposed' to suppress this warning
        settingsItem.rx.tap.subscribe { [weak self] in self?.viewModel.didTapSettings() }.disposed(by: disposeBag)
                                      ^
                                     (onDisposed:                                        )
RxSwift.ObservableType.subscribe:2:13: note: 'subscribe(onNext:onError:onCompleted:onDisposed:)' declared here
public func subscribe(onNext: ((Self.Element) -> Void)? = nil, onError: ((any Error) -> Void)? = nil, onCompleted: (() -> Void)? = nil, onDisposed: (() -> Void)? = nil) -> any RxSwift.Disposable}
            ^

SwiftDriverJobDiscovery normal arm64 Compiling SettingsViewController.swift (in target 'Profile' from project 'Profile')

SwiftCompile normal arm64 Compiling\ EditProfileViewController.swift /Users/darisadam/Documents/Projects/iOS\ Apps/madabank-ios/Madabank/Modules/Features/Profile/Sources/Views/EditProfileViewController.swift (in target 'Profile' from project 'Profile')
SwiftCompile normal arm64 /Users/darisadam/Documents/Projects/iOS\ Apps/madabank-ios/Madabank/Modules/Features/Profile/Sources/Views/EditProfileViewController.swift (in target 'Profile' from project 'Profile')
    cd /Users/darisadam/Documents/Projects/iOS\ Apps/madabank-ios/Madabank/Modules/Features/Profile
    
/Users/darisadam/Documents/Projects/iOS Apps/madabank-ios/Madabank/Modules/Features/Profile/Sources/Views/EditProfileViewController.swift:85:24: warning: backward matching of the unlabeled trailing closure is deprecated; label the argument with 'onDisposed' to suppress this warning
            .subscribe { [weak self] in
                       ^
                      (onDisposed: 
RxSwift.ObservableType.subscribe:2:13: note: 'subscribe(onNext:onError:onCompleted:onDisposed:)' declared here
public func subscribe(onNext: ((Self.Element) -> Void)? = nil, onError: ((any Error) -> Void)? = nil, onCompleted: (() -> Void)? = nil, onDisposed: (() -> Void)? = nil) -> any RxSwift.Disposable}
            ^

SwiftCompile normal arm64 Compiling\ EditProfileViewModel.swift /Users/darisadam/Documents/Projects/iOS\ Apps/madabank-ios/Madabank/Modules/Features/Profile/Sources/ViewModels/EditProfileViewModel.swift (in target 'Profile' from project 'Profile')

SwiftCompile normal arm64 /Users/darisadam/Documents/Projects/iOS\ Apps/madabank-ios/Madabank/Modules/Features/Profile/Sources/ViewModels/EditProfileViewModel.swift (in target 'Profile' from project 'Profile')
    cd /Users/darisadam/Documents/Projects/iOS\ Apps/madabank-ios/Madabank/Modules/Features/Profile
    

SwiftDriverJobDiscovery normal arm64 Compiling ManageFundsViewModel.swift, TransactionDetailViewModel.swift (in target 'Transactions' from project 'Transactions')

SwiftCompile normal arm64 Compiling\ ProfileViewModel.swift /Users/darisadam/Documents/Projects/iOS\ Apps/madabank-ios/Madabank/Modules/Features/Profile/Sources/ViewModels/ProfileViewModel.swift (in target 'Profile' from project 'Profile')

SwiftCompile normal arm64 /Users/darisadam/Documents/Projects/iOS\ Apps/madabank-ios/Madabank/Modules/Features/Profile/Sources/ViewModels/ProfileViewModel.swift (in target 'Profile' from project 'Profile')
    cd /Users/darisadam/Documents/Projects/iOS\ Apps/madabank-ios/Madabank/Modules/Features/Profile
    
/Users/darisadam/Documents/Projects/iOS Apps/madabank-ios/Madabank/Modules/Features/Profile/Sources/ViewModels/ProfileViewModel.swift:26:32: warning: backward matching of the unlabeled trailing closure is deprecated; label the argument with 'onDisposed' to suppress this warning
        logoutTapped.subscribe { [weak self] in self?.logout() }.disposed(by: disposeBag)
                               ^
                              (onDisposed:                      )
RxSwift.ObservableType.subscribe:2:13: note: 'subscribe(onNext:onError:onCompleted:onDisposed:)' declared here
public func subscribe(onNext: ((Self.Element) -> Void)? = nil, onError: ((any Error) -> Void)? = nil, onCompleted: (() -> Void)? = nil, onDisposed: (() -> Void)? = nil) -> any RxSwift.Disposable}
            ^

SwiftDriverJobDiscovery normal arm64 Compiling ManageFundsViewController.swift (in target 'Transactions' from project 'Transactions')

ProcessInfoPlistFile /Users/darisadam/Library/Developer/Xcode/DerivedData/Madabank-hkohthnbjtgnoechirsoymtykttx/Build/Products/Debug-iphonesimulator/Home.framework/Info.plist /Users/darisadam/Documents/Projects/iOS\ Apps/madabank-ios/Madabank/Modules/Features/Home/Derived/InfoPlists/Home-Info.plist (in target 'Home' from project 'Home')
    cd /Users/darisadam/Documents/Projects/iOS\ Apps/madabank-ios/Madabank/Modules/Features/Home
    builtin-infoPlistUtility /Users/darisadam/Documents/Projects/iOS\ Apps/madabank-ios/Madabank/Modules/Features/Home/Derived/InfoPlists/Home-Info.plist -producttype com.apple.product-type.framework -expandbuildsettings -format binary -platform iphonesimulator -o /Users/darisadam/Library/Developer/Xcode/DerivedData/Madabank-hkohthnbjtgnoechirsoymtykttx/Build/Products/Debug-iphonesimulator/Home.framework/Info.plist

SwiftDriverJobDiscovery normal arm64 Compiling Transactions.swift, BeneficiariesListViewModel.swift (in target 'Transactions' from project 'Transactions')

SwiftCompile normal arm64 Compiling\ HomeViewModel.swift /Users/darisadam/Documents/Projects/iOS\ Apps/madabank-ios/Madabank/Modules/Features/Home/Sources/ViewModels/HomeViewModel.swift (in target 'Home' from project 'Home')
SwiftCompile normal arm64 /Users/darisadam/Documents/Projects/iOS\ Apps/madabank-ios/Madabank/Modules/Features/Home/Sources/ViewModels/HomeViewModel.swift (in target 'Home' from project 'Home')
    cd /Users/darisadam/Documents/Projects/iOS\ Apps/madabank-ios/Madabank/Modules/Features/Home
    
/Users/darisadam/Documents/Projects/iOS Apps/madabank-ios/Madabank/Modules/Features/Home/Sources/ViewModels/HomeViewModel.swift:78:24: warning: backward matching of the unlabeled trailing closure is deprecated; label the argument with 'onDisposed' to suppress this warning
            .subscribe { [weak self] in
                       ^
                      (onDisposed: 
RxSwift.ObservableType.subscribe:2:13: note: 'subscribe(onNext:onError:onCompleted:onDisposed:)' declared here
public func subscribe(onNext: ((Self.Element) -> Void)? = nil, onError: ((any Error) -> Void)? = nil, onCompleted: (() -> Void)? = nil, onDisposed: (() -> Void)? = nil) -> any RxSwift.Disposable}
            ^
/Users/darisadam/Documents/Projects/iOS Apps/madabank-ios/Madabank/Modules/Features/Home/Sources/ViewModels/HomeViewModel.swift:84:24: warning: backward matching of the unlabeled trailing closure is deprecated; label the argument with 'onDisposed' to suppress this warning
            .subscribe { [weak self] in
                       ^
                      (onDisposed: 
RxSwift.ObservableType.subscribe:2:13: note: 'subscribe(onNext:onError:onCompleted:onDisposed:)' declared here
public func subscribe(onNext: ((Self.Element) -> Void)? = nil, onError: ((any Error) -> Void)? = nil, onCompleted: (() -> Void)? = nil, onDisposed: (() -> Void)? = nil) -> any RxSwift.Disposable}
            ^
/Users/darisadam/Documents/Projects/iOS Apps/madabank-ios/Madabank/Modules/Features/Home/Sources/ViewModels/HomeViewModel.swift:90:24: warning: backward matching of the unlabeled trailing closure is deprecated; label the argument with 'onDisposed' to suppress this warning
            .subscribe { [weak self] in
                       ^
                      (onDisposed: 
RxSwift.ObservableType.subscribe:2:13: note: 'subscribe(onNext:onError:onCompleted:onDisposed:)' declared here
public func subscribe(onNext: ((Self.Element) -> Void)? = nil, onError: ((any Error) -> Void)? = nil, onCompleted: (() -> Void)? = nil, onDisposed: (() -> Void)? = nil) -> any RxSwift.Disposable}
            ^
/Users/darisadam/Documents/Projects/iOS Apps/madabank-ios/Madabank/Modules/Features/Home/Sources/ViewModels/HomeViewModel.swift:96:24: warning: backward matching of the unlabeled trailing closure is deprecated; label the argument with 'onDisposed' to suppress this warning
            .subscribe { [weak self] in
                       ^
                      (onDisposed: 
RxSwift.ObservableType.subscribe:2:13: note: 'subscribe(onNext:onError:onCompleted:onDisposed:)' declared here
public func subscribe(onNext: ((Self.Element) -> Void)? = nil, onError: ((any Error) -> Void)? = nil, onCompleted: (() -> Void)? = nil, onDisposed: (() -> Void)? = nil) -> any RxSwift.Disposable}
            ^
/Users/darisadam/Documents/Projects/iOS Apps/madabank-ios/Madabank/Modules/Features/Home/Sources/ViewModels/HomeViewModel.swift:102:24: warning: backward matching of the unlabeled trailing closure is deprecated; label the argument with 'onDisposed' to suppress this warning
            .subscribe { [weak self] in
                       ^
                      (onDisposed: 
RxSwift.ObservableType.subscribe:2:13: note: 'subscribe(onNext:onError:onCompleted:onDisposed:)' declared here
public func subscribe(onNext: ((Self.Element) -> Void)? = nil, onError: ((any Error) -> Void)? = nil, onCompleted: (() -> Void)? = nil, onDisposed: (() -> Void)? = nil) -> any RxSwift.Disposable}
            ^

SwiftCompile normal arm64 Compiling\ HomeViewController.swift /Users/darisadam/Documents/Projects/iOS\ Apps/madabank-ios/Madabank/Modules/Features/Home/Sources/Views/HomeViewController.swift (in target 'Home' from project 'Home')
SwiftCompile normal arm64 /Users/darisadam/Documents/Projects/iOS\ Apps/madabank-ios/Madabank/Modules/Features/Home/Sources/Views/HomeViewController.swift (in target 'Home' from project 'Home')
    cd /Users/darisadam/Documents/Projects/iOS\ Apps/madabank-ios/Madabank/Modules/Features/Home
    

SwiftDriverJobDiscovery normal arm64 Compiling TransactionsViewModel.swift, TransferViewModel.swift (in target 'Transactions' from project 'Transactions')

SwiftCompile normal arm64 Compiling\ Cards.swift /Users/darisadam/Documents/Projects/iOS\ Apps/madabank-ios/Madabank/Modules/Features/Cards/Sources/Cards.swift (in target 'Cards' from project 'Cards')

SwiftCompile normal arm64 /Users/darisadam/Documents/Projects/iOS\ Apps/madabank-ios/Madabank/Modules/Features/Cards/Sources/Cards.swift (in target 'Cards' from project 'Cards')
    cd /Users/darisadam/Documents/Projects/iOS\ Apps/madabank-ios/Madabank/Modules/Features/Cards
    

SwiftDriverJobDiscovery normal arm64 Compiling ProfileViewController.swift (in target 'Profile' from project 'Profile')

SwiftCompile normal arm64 Compiling\ CardDetailViewController.swift /Users/darisadam/Documents/Projects/iOS\ Apps/madabank-ios/Madabank/Modules/Features/Cards/Sources/Views/CardDetailViewController.swift (in target 'Cards' from project 'Cards')

SwiftCompile normal arm64 /Users/darisadam/Documents/Projects/iOS\ Apps/madabank-ios/Madabank/Modules/Features/Cards/Sources/Views/CardDetailViewController.swift (in target 'Cards' from project 'Cards')
    cd /Users/darisadam/Documents/Projects/iOS\ Apps/madabank-ios/Madabank/Modules/Features/Cards
    
/Users/darisadam/Documents/Projects/iOS Apps/madabank-ios/Madabank/Modules/Features/Cards/Sources/Views/CardDetailViewController.swift:70:28: warning: variable 'self' was written to, but never read
            .drive { [weak self] isLoading in
                           ^

SwiftDriverJobDiscovery normal arm64 Compiling TransferViewController.swift (in target 'Transactions' from project 'Transactions')

ProcessInfoPlistFile /Users/darisadam/Library/Developer/Xcode/DerivedData/Madabank-hkohthnbjtgnoechirsoymtykttx/Build/Products/Debug-iphonesimulator/Cards.framework/Info.plist /Users/darisadam/Documents/Projects/iOS\ Apps/madabank-ios/Madabank/Modules/Features/Cards/Derived/InfoPlists/Cards-Info.plist (in target 'Cards' from project 'Cards')
    cd /Users/darisadam/Documents/Projects/iOS\ Apps/madabank-ios/Madabank/Modules/Features/Cards
    builtin-infoPlistUtility /Users/darisadam/Documents/Projects/iOS\ Apps/madabank-ios/Madabank/Modules/Features/Cards/Derived/InfoPlists/Cards-Info.plist -producttype com.apple.product-type.framework -expandbuildsettings -format binary -platform iphonesimulator -o /Users/darisadam/Library/Developer/Xcode/DerivedData/Madabank-hkohthnbjtgnoechirsoymtykttx/Build/Products/Debug-iphonesimulator/Cards.framework/Info.plist

SwiftDriverJobDiscovery normal arm64 Compiling TransactionsViewController.swift (in target 'Transactions' from project 'Transactions')

SwiftCompile normal arm64 Compiling\ CardsViewModel.swift /Users/darisadam/Documents/Projects/iOS\ Apps/madabank-ios/Madabank/Modules/Features/Cards/Sources/ViewModels/CardsViewModel.swift (in target 'Cards' from project 'Cards')

SwiftCompile normal arm64 /Users/darisadam/Documents/Projects/iOS\ Apps/madabank-ios/Madabank/Modules/Features/Cards/Sources/ViewModels/CardsViewModel.swift (in target 'Cards' from project 'Cards')
    cd /Users/darisadam/Documents/Projects/iOS\ Apps/madabank-ios/Madabank/Modules/Features/Cards
    
/Users/darisadam/Documents/Projects/iOS Apps/madabank-ios/Madabank/Modules/Features/Cards/Sources/ViewModels/CardsViewModel.swift:58:24: warning: backward matching of the unlabeled trailing closure is deprecated; label the argument with 'onDisposed' to suppress this warning
            .subscribe { [weak self] in self?.fetchCards() }
                       ^
                      (onDisposed:                          )
RxSwift.ObservableType.subscribe:2:13: note: 'subscribe(onNext:onError:onCompleted:onDisposed:)' declared here
public func subscribe(onNext: ((Self.Element) -> Void)? = nil, onError: ((any Error) -> Void)? = nil, onCompleted: (() -> Void)? = nil, onDisposed: (() -> Void)? = nil) -> any RxSwift.Disposable}
            ^
/Users/darisadam/Documents/Projects/iOS Apps/madabank-ios/Madabank/Modules/Features/Cards/Sources/ViewModels/CardsViewModel.swift:86:44: warning: reference to captured var 'allCards' in concurrently-executing code; this is an error in the Swift 6 language mode
                    self.cardsRelay.accept(allCards)
                                           ^

SwiftCompile normal arm64 Compiling\ CardDetailViewModel.swift /Users/darisadam/Documents/Projects/iOS\ Apps/madabank-ios/Madabank/Modules/Features/Cards/Sources/ViewModels/CardDetailViewModel.swift (in target 'Cards' from project 'Cards')

SwiftCompile normal arm64 /Users/darisadam/Documents/Projects/iOS\ Apps/madabank-ios/Madabank/Modules/Features/Cards/Sources/ViewModels/CardDetailViewModel.swift (in target 'Cards' from project 'Cards')
    cd /Users/darisadam/Documents/Projects/iOS\ Apps/madabank-ios/Madabank/Modules/Features/Cards
    

SwiftCompile normal arm64 Compiling\ CardsViewController.swift /Users/darisadam/Documents/Projects/iOS\ Apps/madabank-ios/Madabank/Modules/Features/Cards/Sources/Views/CardsViewController.swift (in target 'Cards' from project 'Cards')

SwiftCompile normal arm64 /Users/darisadam/Documents/Projects/iOS\ Apps/madabank-ios/Madabank/Modules/Features/Cards/Sources/Views/CardsViewController.swift (in target 'Cards' from project 'Cards')
    cd /Users/darisadam/Documents/Projects/iOS\ Apps/madabank-ios/Madabank/Modules/Features/Cards
    
/Users/darisadam/Documents/Projects/iOS Apps/madabank-ios/Madabank/Modules/Features/Cards/Sources/Views/CardsViewController.swift:113:24: warning: backward matching of the unlabeled trailing closure is deprecated; label the argument with 'onDisposed' to suppress this warning
            .subscribe { [weak self] in
                       ^
                      (onDisposed: 
RxSwift.ObservableType.subscribe:2:13: note: 'subscribe(onNext:onError:onCompleted:onDisposed:)' declared here
public func subscribe(onNext: ((Self.Element) -> Void)? = nil, onError: ((any Error) -> Void)? = nil, onCompleted: (() -> Void)? = nil, onDisposed: (() -> Void)? = nil) -> any RxSwift.Disposable}
            ^

SwiftDriverJobDiscovery normal arm64 Compiling EditProfileViewModel.swift (in target 'Profile' from project 'Profile')

SwiftDriverJobDiscovery normal arm64 Compiling ProfileViewModel.swift (in target 'Profile' from project 'Profile')

SwiftDriverJobDiscovery normal arm64 Compiling EditProfileViewController.swift (in target 'Profile' from project 'Profile')

SwiftDriver\ Compilation Transactions normal arm64 com.apple.xcode.tools.swift.compiler (in target 'Transactions' from project 'Transactions')
    cd /Users/darisadam/Documents/Projects/iOS\ Apps/madabank-ios/Madabank/Modules/Features/Transactions
    builtin-Swift-Compilation -- /Applications/Xcode.app/Contents/Developer/Toolchains/XcodeDefault.xctoolchain/usr/bin/swiftc -module-name Transactions -Onone -enforce-exclusivity\=checked @/Users/darisadam/Library/Developer/Xcode/DerivedData/Madabank-hkohthnbjtgnoechirsoymtykttx/Build/Intermediates.noindex/Transactions.build/Debug-iphonesimulator/Transactions.build/Objects-normal/arm64/Transactions.SwiftFileList -DDEBUG -Xcc -fmodule-map-file\=/Users/darisadam/Documents/Projects/iOS\ Apps/madabank-ios/Madabank/Modules/Features/Transactions/../../../Tuist/.build/tuist-derived/RxCocoaRuntime/RxCocoaRuntime.modulemap -enable-bare-slash-regex -enable-experimental-feature DebugDescriptionMacro -sdk /Applications/Xcode.app/Contents/Developer/Platforms/iPhoneSimulator.platform/Developer/SDKs/iPhoneSimulator26.1.sdk -target arm64-apple-ios15.0-simulator -g -module-cache-path /Users/darisadam/Library/Developer/Xcode/DerivedData/ModuleCache.noindex -Xfrontend -serialize-debugging-options -enable-testing -index-store-path /Users/darisadam/Library/Developer/Xcode/DerivedData/Madabank-hkohthnbjtgnoechirsoymtykttx/Index.noindex/DataStore -Xcc -D_LIBCPP_HARDENING_MODE\=_LIBCPP_HARDENING_MODE_DEBUG -swift-version 5 -I /Users/darisadam/Library/Developer/Xcode/DerivedData/Madabank-hkohthnbjtgnoechirsoymtykttx/Build/Products/Debug-iphonesimulator -F /Users/darisadam/Library/Developer/Xcode/DerivedData/Madabank-hkohthnbjtgnoechirsoymtykttx/Build/Products/Debug-iphonesimulator -c -j8 -enable-batch-mode -incremental -Xcc -ivfsstatcache -Xcc /Users/darisadam/Library/Developer/Xcode/DerivedData/SDKStatCaches.noindex/iphonesimulator26.1-23B77-3885c01c3e6b6a337905948deab2002e90cf18a4295e390e64c810bc6bd7acbc.sdkstatcache -output-file-map /Users/darisadam/Library/Developer/Xcode/DerivedData/Madabank-hkohthnbjtgnoechirsoymtykttx/Build/Intermediates.noindex/Transactions.build/Debug-iphonesimulator/Transactions.build/Objects-normal/arm64/Transactions-OutputFileMap.json -use-frontend-parseable-output -save-temps -no-color-diagnostics -explicit-module-build -module-cache-path /Users/darisadam/Library/Developer/Xcode/DerivedData/Madabank-hkohthnbjtgnoechirsoymtykttx/Build/Intermediates.noindex/SwiftExplicitPrecompiledModules -clang-scanner-module-cache-path /Users/darisadam/Library/Developer/Xcode/DerivedData/ModuleCache.noindex -sdk-module-cache-path /Users/darisadam/Library/Developer/Xcode/DerivedData/ModuleCache.noindex -serialize-diagnostics -emit-dependencies -emit-module -emit-module-path /Users/darisadam/Library/Developer/Xcode/DerivedData/Madabank-hkohthnbjtgnoechirsoymtykttx/Build/Intermediates.noindex/Transactions.build/Debug-iphonesimulator/Transactions.build/Objects-normal/arm64/Transactions.swiftmodule -validate-clang-modules-once -clang-build-session-file /Users/darisadam/Library/Developer/Xcode/DerivedData/ModuleCache.noindex/Session.modulevalidation -Xcc -I/Users/darisadam/Library/Developer/Xcode/DerivedData/Madabank-hkohthnbjtgnoechirsoymtykttx/Build/Intermediates.noindex/Transactions.build/Debug-iphonesimulator/Transactions.build/swift-overrides.hmap -emit-const-values -Xfrontend -const-gather-protocols-file -Xfrontend /Users/darisadam/Library/Developer/Xcode/DerivedData/Madabank-hkohthnbjtgnoechirsoymtykttx/Build/Intermediates.noindex/Transactions.build/Debug-iphonesimulator/Transactions.build/Objects-normal/arm64/Transactions_const_extract_protocols.json -Xcc -iquote -Xcc /Users/darisadam/Library/Developer/Xcode/DerivedData/Madabank-hkohthnbjtgnoechirsoymtykttx/Build/Intermediates.noindex/Transactions.build/Debug-iphonesimulator/Transactions.build/Transactions-generated-files.hmap -Xcc -I/Users/darisadam/Library/Developer/Xcode/DerivedData/Madabank-hkohthnbjtgnoechirsoymtykttx/Build/Intermediates.noindex/Transactions.build/Debug-iphonesimulator/Transactions.build/Transactions-own-target-headers.hmap -Xcc -I/Users/darisadam/Library/Developer/Xcode/DerivedData/Madabank-hkohthnbjtgnoechirsoymtykttx/Build/Intermediates.noindex/Transactions.build/Debug-iphonesimulator/Transactions.build/Transactions-all-non-framework-target-headers.hmap -Xcc -ivfsoverlay -Xcc /Users/darisadam/Library/Developer/Xcode/DerivedData/Madabank-hkohthnbjtgnoechirsoymtykttx/Build/Intermediates.noindex/Transactions.build/Debug-iphonesimulator/Transactions-5088c79df1e1ae7b914a571ab0fbf32c-VFS-iphonesimulator/all-product-headers.yaml -Xcc -iquote -Xcc /Users/darisadam/Library/Developer/Xcode/DerivedData/Madabank-hkohthnbjtgnoechirsoymtykttx/Build/Intermediates.noindex/Transactions.build/Debug-iphonesimulator/Transactions.build/Transactions-project-headers.hmap -Xcc -I/Users/darisadam/Library/Developer/Xcode/DerivedData/Madabank-hkohthnbjtgnoechirsoymtykttx/Build/Products/Debug-iphonesimulator/include -Xcc -I/Users/darisadam/Documents/Projects/iOS\ Apps/madabank-ios/Madabank/Tuist/.build/checkouts/RxSwift/Sources/RxCocoaRuntime/include -Xcc -I/Users/darisadam/Library/Developer/Xcode/DerivedData/Madabank-hkohthnbjtgnoechirsoymtykttx/Build/Intermediates.noindex/Transactions.build/Debug-iphonesimulator/Transactions.build/DerivedSources-normal/arm64 -Xcc -I/Users/darisadam/Library/Developer/Xcode/DerivedData/Madabank-hkohthnbjtgnoechirsoymtykttx/Build/Intermediates.noindex/Transactions.build/Debug-iphonesimulator/Transactions.build/DerivedSources/arm64 -Xcc -I/Users/darisadam/Library/Developer/Xcode/DerivedData/Madabank-hkohthnbjtgnoechirsoymtykttx/Build/Intermediates.noindex/Transactions.build/Debug-iphonesimulator/Transactions.build/DerivedSources -Xcc -DDEBUG\=1 -emit-objc-header -emit-objc-header-path /Users/darisadam/Library/Developer/Xcode/DerivedData/Madabank-hkohthnbjtgnoechirsoymtykttx/Build/Intermediates.noindex/Transactions.build/Debug-iphonesimulator/Transactions.build/Objects-normal/arm64/Transactions-Swift.h -working-directory /Users/darisadam/Documents/Projects/iOS\ Apps/madabank-ios/Madabank/Modules/Features/Transactions -experimental-emit-module-separately -disable-cmo

SwiftDriver\ Compilation Profile normal arm64 com.apple.xcode.tools.swift.compiler (in target 'Profile' from project 'Profile')
    cd /Users/darisadam/Documents/Projects/iOS\ Apps/madabank-ios/Madabank/Modules/Features/Profile
    builtin-Swift-Compilation -- /Applications/Xcode.app/Contents/Developer/Toolchains/XcodeDefault.xctoolchain/usr/bin/swiftc -module-name Profile -Onone -enforce-exclusivity\=checked @/Users/darisadam/Library/Developer/Xcode/DerivedData/Madabank-hkohthnbjtgnoechirsoymtykttx/Build/Intermediates.noindex/Profile.build/Debug-iphonesimulator/Profile.build/Objects-normal/arm64/Profile.SwiftFileList -DDEBUG -Xcc -fmodule-map-file\=/Users/darisadam/Documents/Projects/iOS\ Apps/madabank-ios/Madabank/Modules/Features/Profile/../../../Tuist/.build/tuist-derived/RxCocoaRuntime/RxCocoaRuntime.modulemap -enable-bare-slash-regex -enable-experimental-feature DebugDescriptionMacro -sdk /Applications/Xcode.app/Contents/Developer/Platforms/iPhoneSimulator.platform/Developer/SDKs/iPhoneSimulator26.1.sdk -target arm64-apple-ios15.0-simulator -g -module-cache-path /Users/darisadam/Library/Developer/Xcode/DerivedData/ModuleCache.noindex -Xfrontend -serialize-debugging-options -enable-testing -index-store-path /Users/darisadam/Library/Developer/Xcode/DerivedData/Madabank-hkohthnbjtgnoechirsoymtykttx/Index.noindex/DataStore -Xcc -D_LIBCPP_HARDENING_MODE\=_LIBCPP_HARDENING_MODE_DEBUG -swift-version 5 -I /Users/darisadam/Library/Developer/Xcode/DerivedData/Madabank-hkohthnbjtgnoechirsoymtykttx/Build/Products/Debug-iphonesimulator -F /Users/darisadam/Library/Developer/Xcode/DerivedData/Madabank-hkohthnbjtgnoechirsoymtykttx/Build/Products/Debug-iphonesimulator -c -j8 -enable-batch-mode -incremental -Xcc -ivfsstatcache -Xcc /Users/darisadam/Library/Developer/Xcode/DerivedData/SDKStatCaches.noindex/iphonesimulator26.1-23B77-3885c01c3e6b6a337905948deab2002e90cf18a4295e390e64c810bc6bd7acbc.sdkstatcache -output-file-map /Users/darisadam/Library/Developer/Xcode/DerivedData/Madabank-hkohthnbjtgnoechirsoymtykttx/Build/Intermediates.noindex/Profile.build/Debug-iphonesimulator/Profile.build/Objects-normal/arm64/Profile-OutputFileMap.json -use-frontend-parseable-output -save-temps -no-color-diagnostics -explicit-module-build -module-cache-path /Users/darisadam/Library/Developer/Xcode/DerivedData/Madabank-hkohthnbjtgnoechirsoymtykttx/Build/Intermediates.noindex/SwiftExplicitPrecompiledModules -clang-scanner-module-cache-path /Users/darisadam/Library/Developer/Xcode/DerivedData/ModuleCache.noindex -sdk-module-cache-path /Users/darisadam/Library/Developer/Xcode/DerivedData/ModuleCache.noindex -serialize-diagnostics -emit-dependencies -emit-module -emit-module-path /Users/darisadam/Library/Developer/Xcode/DerivedData/Madabank-hkohthnbjtgnoechirsoymtykttx/Build/Intermediates.noindex/Profile.build/Debug-iphonesimulator/Profile.build/Objects-normal/arm64/Profile.swiftmodule -validate-clang-modules-once -clang-build-session-file /Users/darisadam/Library/Developer/Xcode/DerivedData/ModuleCache.noindex/Session.modulevalidation -Xcc -I/Users/darisadam/Library/Developer/Xcode/DerivedData/Madabank-hkohthnbjtgnoechirsoymtykttx/Build/Intermediates.noindex/Profile.build/Debug-iphonesimulator/Profile.build/swift-overrides.hmap -emit-const-values -Xfrontend -const-gather-protocols-file -Xfrontend /Users/darisadam/Library/Developer/Xcode/DerivedData/Madabank-hkohthnbjtgnoechirsoymtykttx/Build/Intermediates.noindex/Profile.build/Debug-iphonesimulator/Profile.build/Objects-normal/arm64/Profile_const_extract_protocols.json -Xcc -iquote -Xcc /Users/darisadam/Library/Developer/Xcode/DerivedData/Madabank-hkohthnbjtgnoechirsoymtykttx/Build/Intermediates.noindex/Profile.build/Debug-iphonesimulator/Profile.build/Profile-generated-files.hmap -Xcc -I/Users/darisadam/Library/Developer/Xcode/DerivedData/Madabank-hkohthnbjtgnoechirsoymtykttx/Build/Intermediates.noindex/Profile.build/Debug-iphonesimulator/Profile.build/Profile-own-target-headers.hmap -Xcc -I/Users/darisadam/Library/Developer/Xcode/DerivedData/Madabank-hkohthnbjtgnoechirsoymtykttx/Build/Intermediates.noindex/Profile.build/Debug-iphonesimulator/Profile.build/Profile-all-non-framework-target-headers.hmap -Xcc -ivfsoverlay -Xcc /Users/darisadam/Library/Developer/Xcode/DerivedData/Madabank-hkohthnbjtgnoechirsoymtykttx/Build/Intermediates.noindex/Profile.build/Debug-iphonesimulator/Profile-2467ca3073161e8f17e14bc6987dea85-VFS-iphonesimulator/all-product-headers.yaml -Xcc -iquote -Xcc /Users/darisadam/Library/Developer/Xcode/DerivedData/Madabank-hkohthnbjtgnoechirsoymtykttx/Build/Intermediates.noindex/Profile.build/Debug-iphonesimulator/Profile.build/Profile-project-headers.hmap -Xcc -I/Users/darisadam/Library/Developer/Xcode/DerivedData/Madabank-hkohthnbjtgnoechirsoymtykttx/Build/Products/Debug-iphonesimulator/include -Xcc -I/Users/darisadam/Documents/Projects/iOS\ Apps/madabank-ios/Madabank/Tuist/.build/checkouts/RxSwift/Sources/RxCocoaRuntime/include -Xcc -I/Users/darisadam/Library/Developer/Xcode/DerivedData/Madabank-hkohthnbjtgnoechirsoymtykttx/Build/Intermediates.noindex/Profile.build/Debug-iphonesimulator/Profile.build/DerivedSources-normal/arm64 -Xcc -I/Users/darisadam/Library/Developer/Xcode/DerivedData/Madabank-hkohthnbjtgnoechirsoymtykttx/Build/Intermediates.noindex/Profile.build/Debug-iphonesimulator/Profile.build/DerivedSources/arm64 -Xcc -I/Users/darisadam/Library/Developer/Xcode/DerivedData/Madabank-hkohthnbjtgnoechirsoymtykttx/Build/Intermediates.noindex/Profile.build/Debug-iphonesimulator/Profile.build/DerivedSources -Xcc -DDEBUG\=1 -emit-objc-header -emit-objc-header-path /Users/darisadam/Library/Developer/Xcode/DerivedData/Madabank-hkohthnbjtgnoechirsoymtykttx/Build/Intermediates.noindex/Profile.build/Debug-iphonesimulator/Profile.build/Objects-normal/arm64/Profile-Swift.h -working-directory /Users/darisadam/Documents/Projects/iOS\ Apps/madabank-ios/Madabank/Modules/Features/Profile -experimental-emit-module-separately -disable-cmo

SwiftCompile normal arm64 Compiling\ CardCell.swift /Users/darisadam/Documents/Projects/iOS\ Apps/madabank-ios/Madabank/Modules/Features/Cards/Sources/Views/CardCell.swift (in target 'Cards' from project 'Cards')

SwiftCompile normal arm64 /Users/darisadam/Documents/Projects/iOS\ Apps/madabank-ios/Madabank/Modules/Features/Cards/Sources/Views/CardCell.swift (in target 'Cards' from project 'Cards')
    cd /Users/darisadam/Documents/Projects/iOS\ Apps/madabank-ios/Madabank/Modules/Features/Cards
    

SwiftCompile normal arm64 Compiling\ ForgotPasswordViewModel.swift /Users/darisadam/Documents/Projects/iOS\ Apps/madabank-ios/Madabank/Modules/Features/Auth/Sources/ViewModels/ForgotPasswordViewModel.swift (in target 'Auth' from project 'Auth')

SwiftCompile normal arm64 /Users/darisadam/Documents/Projects/iOS\ Apps/madabank-ios/Madabank/Modules/Features/Auth/Sources/ViewModels/ForgotPasswordViewModel.swift (in target 'Auth' from project 'Auth')
    cd /Users/darisadam/Documents/Projects/iOS\ Apps/madabank-ios/Madabank/Modules/Features/Auth
    
/Users/darisadam/Documents/Projects/iOS Apps/madabank-ios/Madabank/Modules/Features/Auth/Sources/ViewModels/ForgotPasswordViewModel.swift:47:24: warning: backward matching of the unlabeled trailing closure is deprecated; label the argument with 'onDisposed' to suppress this warning
            .subscribe { [weak self] in
                       ^
                      (onDisposed: 
RxSwift.ObservableType.subscribe:2:13: note: 'subscribe(onNext:onError:onCompleted:onDisposed:)' declared here
public func subscribe(onNext: ((Self.Element) -> Void)? = nil, onError: ((any Error) -> Void)? = nil, onCompleted: (() -> Void)? = nil, onDisposed: (() -> Void)? = nil) -> any RxSwift.Disposable}
            ^
/Users/darisadam/Documents/Projects/iOS Apps/madabank-ios/Madabank/Modules/Features/Auth/Sources/ViewModels/ForgotPasswordViewModel.swift:53:24: warning: backward matching of the unlabeled trailing closure is deprecated; label the argument with 'onDisposed' to suppress this warning
            .subscribe { [weak self] in
                       ^
                      (onDisposed: 
RxSwift.ObservableType.subscribe:2:13: note: 'subscribe(onNext:onError:onCompleted:onDisposed:)' declared here
public func subscribe(onNext: ((Self.Element) -> Void)? = nil, onError: ((any Error) -> Void)? = nil, onCompleted: (() -> Void)? = nil, onDisposed: (() -> Void)? = nil) -> any RxSwift.Disposable}
            ^

SwiftDriverJobDiscovery normal arm64 Compiling Cards.swift (in target 'Cards' from project 'Cards')

SwiftCompile normal arm64 Compiling\ Auth.swift /Users/darisadam/Documents/Projects/iOS\ Apps/madabank-ios/Madabank/Modules/Features/Auth/Sources/Auth.swift (in target 'Auth' from project 'Auth')

SwiftCompile normal arm64 /Users/darisadam/Documents/Projects/iOS\ Apps/madabank-ios/Madabank/Modules/Features/Auth/Sources/Auth.swift (in target 'Auth' from project 'Auth')
    cd /Users/darisadam/Documents/Projects/iOS\ Apps/madabank-ios/Madabank/Modules/Features/Auth
    

SwiftDriverJobDiscovery normal arm64 Compiling HomeViewModel.swift (in target 'Home' from project 'Home')

ProcessInfoPlistFile /Users/darisadam/Library/Developer/Xcode/DerivedData/Madabank-hkohthnbjtgnoechirsoymtykttx/Build/Products/Debug-iphonesimulator/Auth.framework/Info.plist /Users/darisadam/Documents/Projects/iOS\ Apps/madabank-ios/Madabank/Modules/Features/Auth/Derived/InfoPlists/Auth-Info.plist (in target 'Auth' from project 'Auth')
    cd /Users/darisadam/Documents/Projects/iOS\ Apps/madabank-ios/Madabank/Modules/Features/Auth
    builtin-infoPlistUtility /Users/darisadam/Documents/Projects/iOS\ Apps/madabank-ios/Madabank/Modules/Features/Auth/Derived/InfoPlists/Auth-Info.plist -producttype com.apple.product-type.framework -expandbuildsettings -format binary -platform iphonesimulator -o /Users/darisadam/Library/Developer/Xcode/DerivedData/Madabank-hkohthnbjtgnoechirsoymtykttx/Build/Products/Debug-iphonesimulator/Auth.framework/Info.plist

SwiftDriverJobDiscovery normal arm64 Compiling CardsViewModel.swift (in target 'Cards' from project 'Cards')

SwiftCompile normal arm64 Compiling\ LoginViewController.swift /Users/darisadam/Documents/Projects/iOS\ Apps/madabank-ios/Madabank/Modules/Features/Auth/Sources/Views/LoginViewController.swift (in target 'Auth' from project 'Auth')
SwiftCompile normal arm64 /Users/darisadam/Documents/Projects/iOS\ Apps/madabank-ios/Madabank/Modules/Features/Auth/Sources/Views/LoginViewController.swift (in target 'Auth' from project 'Auth')
    cd /Users/darisadam/Documents/Projects/iOS\ Apps/madabank-ios/Madabank/Modules/Features/Auth
    
/Users/darisadam/Documents/Projects/iOS Apps/madabank-ios/Madabank/Modules/Features/Auth/Sources/Views/LoginViewController.swift:243:24: warning: backward matching of the unlabeled trailing closure is deprecated; label the argument with 'onDisposed' to suppress this warning
            .subscribe { [weak self] in
                       ^
                      (onDisposed: 
RxSwift.ObservableType.subscribe:2:13: note: 'subscribe(onNext:onError:onCompleted:onDisposed:)' declared here
public func subscribe(onNext: ((Self.Element) -> Void)? = nil, onError: ((any Error) -> Void)? = nil, onCompleted: (() -> Void)? = nil, onDisposed: (() -> Void)? = nil) -> any RxSwift.Disposable}
            ^

SwiftCompile normal arm64 Compiling\ RegisterViewController.swift /Users/darisadam/Documents/Projects/iOS\ Apps/madabank-ios/Madabank/Modules/Features/Auth/Sources/Views/RegisterViewController.swift (in target 'Auth' from project 'Auth')

SwiftCompile normal arm64 /Users/darisadam/Documents/Projects/iOS\ Apps/madabank-ios/Madabank/Modules/Features/Auth/Sources/Views/RegisterViewController.swift (in target 'Auth' from project 'Auth')
    cd /Users/darisadam/Documents/Projects/iOS\ Apps/madabank-ios/Madabank/Modules/Features/Auth
    

SwiftDriverJobDiscovery normal arm64 Compiling CardDetailViewModel.swift (in target 'Cards' from project 'Cards')

SwiftCompile normal arm64 Compiling\ RegisterViewModel.swift /Users/darisadam/Documents/Projects/iOS\ Apps/madabank-ios/Madabank/Modules/Features/Auth/Sources/ViewModels/RegisterViewModel.swift (in target 'Auth' from project 'Auth')

SwiftCompile normal arm64 /Users/darisadam/Documents/Projects/iOS\ Apps/madabank-ios/Madabank/Modules/Features/Auth/Sources/ViewModels/RegisterViewModel.swift (in target 'Auth' from project 'Auth')
    cd /Users/darisadam/Documents/Projects/iOS\ Apps/madabank-ios/Madabank/Modules/Features/Auth
    
/Users/darisadam/Documents/Projects/iOS Apps/madabank-ios/Madabank/Modules/Features/Auth/Sources/ViewModels/RegisterViewModel.swift:73:24: warning: backward matching of the unlabeled trailing closure is deprecated; label the argument with 'onDisposed' to suppress this warning
            .subscribe { [weak self] in
                       ^
                      (onDisposed: 
RxSwift.ObservableType.subscribe:2:13: note: 'subscribe(onNext:onError:onCompleted:onDisposed:)' declared here
public func subscribe(onNext: ((Self.Element) -> Void)? = nil, onError: ((any Error) -> Void)? = nil, onCompleted: (() -> Void)? = nil, onDisposed: (() -> Void)? = nil) -> any RxSwift.Disposable}
            ^
/Users/darisadam/Documents/Projects/iOS Apps/madabank-ios/Madabank/Modules/Features/Auth/Sources/ViewModels/RegisterViewModel.swift:79:24: warning: backward matching of the unlabeled trailing closure is deprecated; label the argument with 'onDisposed' to suppress this warning
            .subscribe { [weak self] in
                       ^
                      (onDisposed: 
RxSwift.ObservableType.subscribe:2:13: note: 'subscribe(onNext:onError:onCompleted:onDisposed:)' declared here
public func subscribe(onNext: ((Self.Element) -> Void)? = nil, onError: ((any Error) -> Void)? = nil, onCompleted: (() -> Void)? = nil, onDisposed: (() -> Void)? = nil) -> any RxSwift.Disposable}
            ^

SwiftDriverJobDiscovery normal arm64 Compiling Auth.swift (in target 'Auth' from project 'Auth')

SwiftCompile normal arm64 Compiling\ LoginViewModel.swift /Users/darisadam/Documents/Projects/iOS\ Apps/madabank-ios/Madabank/Modules/Features/Auth/Sources/ViewModels/LoginViewModel.swift (in target 'Auth' from project 'Auth')

SwiftCompile normal arm64 /Users/darisadam/Documents/Projects/iOS\ Apps/madabank-ios/Madabank/Modules/Features/Auth/Sources/ViewModels/LoginViewModel.swift (in target 'Auth' from project 'Auth')
    cd /Users/darisadam/Documents/Projects/iOS\ Apps/madabank-ios/Madabank/Modules/Features/Auth
    
/Users/darisadam/Documents/Projects/iOS Apps/madabank-ios/Madabank/Modules/Features/Auth/Sources/ViewModels/LoginViewModel.swift:55:24: warning: backward matching of the unlabeled trailing closure is deprecated; label the argument with 'onDisposed' to suppress this warning
            .subscribe { [weak self] in
                       ^
                      (onDisposed: 
RxSwift.ObservableType.subscribe:2:13: note: 'subscribe(onNext:onError:onCompleted:onDisposed:)' declared here
public func subscribe(onNext: ((Self.Element) -> Void)? = nil, onError: ((any Error) -> Void)? = nil, onCompleted: (() -> Void)? = nil, onDisposed: (() -> Void)? = nil) -> any RxSwift.Disposable}
            ^
/Users/darisadam/Documents/Projects/iOS Apps/madabank-ios/Madabank/Modules/Features/Auth/Sources/ViewModels/LoginViewModel.swift:61:24: warning: backward matching of the unlabeled trailing closure is deprecated; label the argument with 'onDisposed' to suppress this warning
            .subscribe { [weak self] in
                       ^
                      (onDisposed: 
RxSwift.ObservableType.subscribe:2:13: note: 'subscribe(onNext:onError:onCompleted:onDisposed:)' declared here
public func subscribe(onNext: ((Self.Element) -> Void)? = nil, onError: ((any Error) -> Void)? = nil, onCompleted: (() -> Void)? = nil, onDisposed: (() -> Void)? = nil) -> any RxSwift.Disposable}
            ^
/Users/darisadam/Documents/Projects/iOS Apps/madabank-ios/Madabank/Modules/Features/Auth/Sources/ViewModels/LoginViewModel.swift:67:24: warning: backward matching of the unlabeled trailing closure is deprecated; label the argument with 'onDisposed' to suppress this warning
            .subscribe { [weak self] in
                       ^
                      (onDisposed: 
RxSwift.ObservableType.subscribe:2:13: note: 'subscribe(onNext:onError:onCompleted:onDisposed:)' declared here
public func subscribe(onNext: ((Self.Element) -> Void)? = nil, onError: ((any Error) -> Void)? = nil, onCompleted: (() -> Void)? = nil, onDisposed: (() -> Void)? = nil) -> any RxSwift.Disposable}
            ^

SwiftDriverJobDiscovery normal arm64 Compiling ForgotPasswordViewModel.swift (in target 'Auth' from project 'Auth')

SwiftCompile normal arm64 Compiling\ CreateAccountViewModel.swift /Users/darisadam/Documents/Projects/iOS\ Apps/madabank-ios/Madabank/Modules/Features/Accounts/Sources/ViewModels/CreateAccountViewModel.swift (in target 'Accounts' from project 'Accounts')

SwiftCompile normal arm64 /Users/darisadam/Documents/Projects/iOS\ Apps/madabank-ios/Madabank/Modules/Features/Accounts/Sources/ViewModels/CreateAccountViewModel.swift (in target 'Accounts' from project 'Accounts')
    cd /Users/darisadam/Documents/Projects/iOS\ Apps/madabank-ios/Madabank/Modules/Features/Accounts
    

SwiftDriverJobDiscovery normal arm64 Compiling CardDetailViewController.swift (in target 'Cards' from project 'Cards')

SwiftCompile normal arm64 Compiling\ AccountsViewController.swift /Users/darisadam/Documents/Projects/iOS\ Apps/madabank-ios/Madabank/Modules/Features/Accounts/Sources/Views/AccountsViewController.swift (in target 'Accounts' from project 'Accounts')

SwiftCompile normal arm64 /Users/darisadam/Documents/Projects/iOS\ Apps/madabank-ios/Madabank/Modules/Features/Accounts/Sources/Views/AccountsViewController.swift (in target 'Accounts' from project 'Accounts')
    cd /Users/darisadam/Documents/Projects/iOS\ Apps/madabank-ios/Madabank/Modules/Features/Accounts
    

SwiftDriverJobDiscovery normal arm64 Compiling CardsViewController.swift (in target 'Cards' from project 'Cards')

SwiftCompile normal arm64 Compiling\ AccountDetailViewModel.swift /Users/darisadam/Documents/Projects/iOS\ Apps/madabank-ios/Madabank/Modules/Features/Accounts/Sources/ViewModels/AccountDetailViewModel.swift (in target 'Accounts' from project 'Accounts')

SwiftCompile normal arm64 /Users/darisadam/Documents/Projects/iOS\ Apps/madabank-ios/Madabank/Modules/Features/Accounts/Sources/ViewModels/AccountDetailViewModel.swift (in target 'Accounts' from project 'Accounts')
    cd /Users/darisadam/Documents/Projects/iOS\ Apps/madabank-ios/Madabank/Modules/Features/Accounts
    

SwiftDriverJobDiscovery normal arm64 Compiling CardCell.swift (in target 'Cards' from project 'Cards')

ProcessInfoPlistFile /Users/darisadam/Library/Developer/Xcode/DerivedData/Madabank-hkohthnbjtgnoechirsoymtykttx/Build/Products/Debug-iphonesimulator/Accounts.framework/Info.plist /Users/darisadam/Documents/Projects/iOS\ Apps/madabank-ios/Madabank/Modules/Features/Accounts/Derived/InfoPlists/Accounts-Info.plist (in target 'Accounts' from project 'Accounts')
    cd /Users/darisadam/Documents/Projects/iOS\ Apps/madabank-ios/Madabank/Modules/Features/Accounts
    builtin-infoPlistUtility /Users/darisadam/Documents/Projects/iOS\ Apps/madabank-ios/Madabank/Modules/Features/Accounts/Derived/InfoPlists/Accounts-Info.plist -producttype com.apple.product-type.framework -expandbuildsettings -format binary -platform iphonesimulator -o /Users/darisadam/Library/Developer/Xcode/DerivedData/Madabank-hkohthnbjtgnoechirsoymtykttx/Build/Products/Debug-iphonesimulator/Accounts.framework/Info.plist

SwiftDriverJobDiscovery normal arm64 Compiling HomeViewController.swift (in target 'Home' from project 'Home')

SwiftDriver\ Compilation Cards normal arm64 com.apple.xcode.tools.swift.compiler (in target 'Cards' from project 'Cards')
    cd /Users/darisadam/Documents/Projects/iOS\ Apps/madabank-ios/Madabank/Modules/Features/Cards
    builtin-Swift-Compilation -- /Applications/Xcode.app/Contents/Developer/Toolchains/XcodeDefault.xctoolchain/usr/bin/swiftc -module-name Cards -Onone -enforce-exclusivity\=checked @/Users/darisadam/Library/Developer/Xcode/DerivedData/Madabank-hkohthnbjtgnoechirsoymtykttx/Build/Intermediates.noindex/Cards.build/Debug-iphonesimulator/Cards.build/Objects-normal/arm64/Cards.SwiftFileList -DDEBUG -Xcc -fmodule-map-file\=/Users/darisadam/Documents/Projects/iOS\ Apps/madabank-ios/Madabank/Modules/Features/Cards/../../../Tuist/.build/tuist-derived/RxCocoaRuntime/RxCocoaRuntime.modulemap -enable-bare-slash-regex -enable-experimental-feature DebugDescriptionMacro -sdk /Applications/Xcode.app/Contents/Developer/Platforms/iPhoneSimulator.platform/Developer/SDKs/iPhoneSimulator26.1.sdk -target arm64-apple-ios15.0-simulator -g -module-cache-path /Users/darisadam/Library/Developer/Xcode/DerivedData/ModuleCache.noindex -Xfrontend -serialize-debugging-options -enable-testing -index-store-path /Users/darisadam/Library/Developer/Xcode/DerivedData/Madabank-hkohthnbjtgnoechirsoymtykttx/Index.noindex/DataStore -Xcc -D_LIBCPP_HARDENING_MODE\=_LIBCPP_HARDENING_MODE_DEBUG -swift-version 5 -I /Users/darisadam/Library/Developer/Xcode/DerivedData/Madabank-hkohthnbjtgnoechirsoymtykttx/Build/Products/Debug-iphonesimulator -F /Users/darisadam/Library/Developer/Xcode/DerivedData/Madabank-hkohthnbjtgnoechirsoymtykttx/Build/Products/Debug-iphonesimulator -c -j8 -enable-batch-mode -incremental -Xcc -ivfsstatcache -Xcc /Users/darisadam/Library/Developer/Xcode/DerivedData/SDKStatCaches.noindex/iphonesimulator26.1-23B77-3885c01c3e6b6a337905948deab2002e90cf18a4295e390e64c810bc6bd7acbc.sdkstatcache -output-file-map /Users/darisadam/Library/Developer/Xcode/DerivedData/Madabank-hkohthnbjtgnoechirsoymtykttx/Build/Intermediates.noindex/Cards.build/Debug-iphonesimulator/Cards.build/Objects-normal/arm64/Cards-OutputFileMap.json -use-frontend-parseable-output -save-temps -no-color-diagnostics -explicit-module-build -module-cache-path /Users/darisadam/Library/Developer/Xcode/DerivedData/Madabank-hkohthnbjtgnoechirsoymtykttx/Build/Intermediates.noindex/SwiftExplicitPrecompiledModules -clang-scanner-module-cache-path /Users/darisadam/Library/Developer/Xcode/DerivedData/ModuleCache.noindex -sdk-module-cache-path /Users/darisadam/Library/Developer/Xcode/DerivedData/ModuleCache.noindex -serialize-diagnostics -emit-dependencies -emit-module -emit-module-path /Users/darisadam/Library/Developer/Xcode/DerivedData/Madabank-hkohthnbjtgnoechirsoymtykttx/Build/Intermediates.noindex/Cards.build/Debug-iphonesimulator/Cards.build/Objects-normal/arm64/Cards.swiftmodule -validate-clang-modules-once -clang-build-session-file /Users/darisadam/Library/Developer/Xcode/DerivedData/ModuleCache.noindex/Session.modulevalidation -Xcc -I/Users/darisadam/Library/Developer/Xcode/DerivedData/Madabank-hkohthnbjtgnoechirsoymtykttx/Build/Intermediates.noindex/Cards.build/Debug-iphonesimulator/Cards.build/swift-overrides.hmap -emit-const-values -Xfrontend -const-gather-protocols-file -Xfrontend /Users/darisadam/Library/Developer/Xcode/DerivedData/Madabank-hkohthnbjtgnoechirsoymtykttx/Build/Intermediates.noindex/Cards.build/Debug-iphonesimulator/Cards.build/Objects-normal/arm64/Cards_const_extract_protocols.json -Xcc -iquote -Xcc /Users/darisadam/Library/Developer/Xcode/DerivedData/Madabank-hkohthnbjtgnoechirsoymtykttx/Build/Intermediates.noindex/Cards.build/Debug-iphonesimulator/Cards.build/Cards-generated-files.hmap -Xcc -I/Users/darisadam/Library/Developer/Xcode/DerivedData/Madabank-hkohthnbjtgnoechirsoymtykttx/Build/Intermediates.noindex/Cards.build/Debug-iphonesimulator/Cards.build/Cards-own-target-headers.hmap -Xcc -I/Users/darisadam/Library/Developer/Xcode/DerivedData/Madabank-hkohthnbjtgnoechirsoymtykttx/Build/Intermediates.noindex/Cards.build/Debug-iphonesimulator/Cards.build/Cards-all-non-framework-target-headers.hmap -Xcc -ivfsoverlay -Xcc /Users/darisadam/Library/Developer/Xcode/DerivedData/Madabank-hkohthnbjtgnoechirsoymtykttx/Build/Intermediates.noindex/Cards.build/Debug-iphonesimulator/Cards-7a265648a3503f26f0252f763a468131-VFS-iphonesimulator/all-product-headers.yaml -Xcc -iquote -Xcc /Users/darisadam/Library/Developer/Xcode/DerivedData/Madabank-hkohthnbjtgnoechirsoymtykttx/Build/Intermediates.noindex/Cards.build/Debug-iphonesimulator/Cards.build/Cards-project-headers.hmap -Xcc -I/Users/darisadam/Library/Developer/Xcode/DerivedData/Madabank-hkohthnbjtgnoechirsoymtykttx/Build/Products/Debug-iphonesimulator/include -Xcc -I/Users/darisadam/Documents/Projects/iOS\ Apps/madabank-ios/Madabank/Tuist/.build/checkouts/RxSwift/Sources/RxCocoaRuntime/include -Xcc -I/Users/darisadam/Library/Developer/Xcode/DerivedData/Madabank-hkohthnbjtgnoechirsoymtykttx/Build/Intermediates.noindex/Cards.build/Debug-iphonesimulator/Cards.build/DerivedSources-normal/arm64 -Xcc -I/Users/darisadam/Library/Developer/Xcode/DerivedData/Madabank-hkohthnbjtgnoechirsoymtykttx/Build/Intermediates.noindex/Cards.build/Debug-iphonesimulator/Cards.build/DerivedSources/arm64 -Xcc -I/Users/darisadam/Library/Developer/Xcode/DerivedData/Madabank-hkohthnbjtgnoechirsoymtykttx/Build/Intermediates.noindex/Cards.build/Debug-iphonesimulator/Cards.build/DerivedSources -Xcc -DDEBUG\=1 -emit-objc-header -emit-objc-header-path /Users/darisadam/Library/Developer/Xcode/DerivedData/Madabank-hkohthnbjtgnoechirsoymtykttx/Build/Intermediates.noindex/Cards.build/Debug-iphonesimulator/Cards.build/Objects-normal/arm64/Cards-Swift.h -working-directory /Users/darisadam/Documents/Projects/iOS\ Apps/madabank-ios/Madabank/Modules/Features/Cards -experimental-emit-module-separately -disable-cmo

SwiftCompile normal arm64 Compiling\ CreateAccountViewController.swift /Users/darisadam/Documents/Projects/iOS\ Apps/madabank-ios/Madabank/Modules/Features/Accounts/Sources/Views/CreateAccountViewController.swift (in target 'Accounts' from project 'Accounts')

SwiftCompile normal arm64 /Users/darisadam/Documents/Projects/iOS\ Apps/madabank-ios/Madabank/Modules/Features/Accounts/Sources/Views/CreateAccountViewController.swift (in target 'Accounts' from project 'Accounts')
    cd /Users/darisadam/Documents/Projects/iOS\ Apps/madabank-ios/Madabank/Modules/Features/Accounts
    

SwiftDriver\ Compilation Home normal arm64 com.apple.xcode.tools.swift.compiler (in target 'Home' from project 'Home')
    cd /Users/darisadam/Documents/Projects/iOS\ Apps/madabank-ios/Madabank/Modules/Features/Home
    builtin-Swift-Compilation -- /Applications/Xcode.app/Contents/Developer/Toolchains/XcodeDefault.xctoolchain/usr/bin/swiftc -module-name Home -Onone -enforce-exclusivity\=checked @/Users/darisadam/Library/Developer/Xcode/DerivedData/Madabank-hkohthnbjtgnoechirsoymtykttx/Build/Intermediates.noindex/Home.build/Debug-iphonesimulator/Home.build/Objects-normal/arm64/Home.SwiftFileList -DDEBUG -Xcc -fmodule-map-file\=/Users/darisadam/Documents/Projects/iOS\ Apps/madabank-ios/Madabank/Modules/Features/Home/../../../Tuist/.build/tuist-derived/RxCocoaRuntime/RxCocoaRuntime.modulemap -enable-bare-slash-regex -enable-experimental-feature DebugDescriptionMacro -sdk /Applications/Xcode.app/Contents/Developer/Platforms/iPhoneSimulator.platform/Developer/SDKs/iPhoneSimulator26.1.sdk -target arm64-apple-ios15.0-simulator -g -module-cache-path /Users/darisadam/Library/Developer/Xcode/DerivedData/ModuleCache.noindex -Xfrontend -serialize-debugging-options -enable-testing -index-store-path /Users/darisadam/Library/Developer/Xcode/DerivedData/Madabank-hkohthnbjtgnoechirsoymtykttx/Index.noindex/DataStore -Xcc -D_LIBCPP_HARDENING_MODE\=_LIBCPP_HARDENING_MODE_DEBUG -swift-version 5 -I /Users/darisadam/Library/Developer/Xcode/DerivedData/Madabank-hkohthnbjtgnoechirsoymtykttx/Build/Products/Debug-iphonesimulator -F /Users/darisadam/Library/Developer/Xcode/DerivedData/Madabank-hkohthnbjtgnoechirsoymtykttx/Build/Products/Debug-iphonesimulator -c -j8 -enable-batch-mode -incremental -Xcc -ivfsstatcache -Xcc /Users/darisadam/Library/Developer/Xcode/DerivedData/SDKStatCaches.noindex/iphonesimulator26.1-23B77-3885c01c3e6b6a337905948deab2002e90cf18a4295e390e64c810bc6bd7acbc.sdkstatcache -output-file-map /Users/darisadam/Library/Developer/Xcode/DerivedData/Madabank-hkohthnbjtgnoechirsoymtykttx/Build/Intermediates.noindex/Home.build/Debug-iphonesimulator/Home.build/Objects-normal/arm64/Home-OutputFileMap.json -use-frontend-parseable-output -save-temps -no-color-diagnostics -explicit-module-build -module-cache-path /Users/darisadam/Library/Developer/Xcode/DerivedData/Madabank-hkohthnbjtgnoechirsoymtykttx/Build/Intermediates.noindex/SwiftExplicitPrecompiledModules -clang-scanner-module-cache-path /Users/darisadam/Library/Developer/Xcode/DerivedData/ModuleCache.noindex -sdk-module-cache-path /Users/darisadam/Library/Developer/Xcode/DerivedData/ModuleCache.noindex -serialize-diagnostics -emit-dependencies -emit-module -emit-module-path /Users/darisadam/Library/Developer/Xcode/DerivedData/Madabank-hkohthnbjtgnoechirsoymtykttx/Build/Intermediates.noindex/Home.build/Debug-iphonesimulator/Home.build/Objects-normal/arm64/Home.swiftmodule -validate-clang-modules-once -clang-build-session-file /Users/darisadam/Library/Developer/Xcode/DerivedData/ModuleCache.noindex/Session.modulevalidation -Xcc -I/Users/darisadam/Library/Developer/Xcode/DerivedData/Madabank-hkohthnbjtgnoechirsoymtykttx/Build/Intermediates.noindex/Home.build/Debug-iphonesimulator/Home.build/swift-overrides.hmap -emit-const-values -Xfrontend -const-gather-protocols-file -Xfrontend /Users/darisadam/Library/Developer/Xcode/DerivedData/Madabank-hkohthnbjtgnoechirsoymtykttx/Build/Intermediates.noindex/Home.build/Debug-iphonesimulator/Home.build/Objects-normal/arm64/Home_const_extract_protocols.json -Xcc -iquote -Xcc /Users/darisadam/Library/Developer/Xcode/DerivedData/Madabank-hkohthnbjtgnoechirsoymtykttx/Build/Intermediates.noindex/Home.build/Debug-iphonesimulator/Home.build/Home-generated-files.hmap -Xcc -I/Users/darisadam/Library/Developer/Xcode/DerivedData/Madabank-hkohthnbjtgnoechirsoymtykttx/Build/Intermediates.noindex/Home.build/Debug-iphonesimulator/Home.build/Home-own-target-headers.hmap -Xcc -I/Users/darisadam/Library/Developer/Xcode/DerivedData/Madabank-hkohthnbjtgnoechirsoymtykttx/Build/Intermediates.noindex/Home.build/Debug-iphonesimulator/Home.build/Home-all-non-framework-target-headers.hmap -Xcc -ivfsoverlay -Xcc /Users/darisadam/Library/Developer/Xcode/DerivedData/Madabank-hkohthnbjtgnoechirsoymtykttx/Build/Intermediates.noindex/Home.build/Debug-iphonesimulator/Home-2627cd9d3d4e544f9b62539dd5cc639b-VFS-iphonesimulator/all-product-headers.yaml -Xcc -iquote -Xcc /Users/darisadam/Library/Developer/Xcode/DerivedData/Madabank-hkohthnbjtgnoechirsoymtykttx/Build/Intermediates.noindex/Home.build/Debug-iphonesimulator/Home.build/Home-project-headers.hmap -Xcc -I/Users/darisadam/Library/Developer/Xcode/DerivedData/Madabank-hkohthnbjtgnoechirsoymtykttx/Build/Products/Debug-iphonesimulator/include -Xcc -I/Users/darisadam/Documents/Projects/iOS\ Apps/madabank-ios/Madabank/Tuist/.build/checkouts/RxSwift/Sources/RxCocoaRuntime/include -Xcc -I/Users/darisadam/Library/Developer/Xcode/DerivedData/Madabank-hkohthnbjtgnoechirsoymtykttx/Build/Intermediates.noindex/Home.build/Debug-iphonesimulator/Home.build/DerivedSources-normal/arm64 -Xcc -I/Users/darisadam/Library/Developer/Xcode/DerivedData/Madabank-hkohthnbjtgnoechirsoymtykttx/Build/Intermediates.noindex/Home.build/Debug-iphonesimulator/Home.build/DerivedSources/arm64 -Xcc -I/Users/darisadam/Library/Developer/Xcode/DerivedData/Madabank-hkohthnbjtgnoechirsoymtykttx/Build/Intermediates.noindex/Home.build/Debug-iphonesimulator/Home.build/DerivedSources -Xcc -DDEBUG\=1 -emit-objc-header -emit-objc-header-path /Users/darisadam/Library/Developer/Xcode/DerivedData/Madabank-hkohthnbjtgnoechirsoymtykttx/Build/Intermediates.noindex/Home.build/Debug-iphonesimulator/Home.build/Objects-normal/arm64/Home-Swift.h -working-directory /Users/darisadam/Documents/Projects/iOS\ Apps/madabank-ios/Madabank/Modules/Features/Home -experimental-emit-module-separately -disable-cmo

SwiftDriverJobDiscovery normal arm64 Compiling RegisterViewModel.swift (in target 'Auth' from project 'Auth')

SwiftCompile normal arm64 Compiling\ AccountDetailViewController.swift /Users/darisadam/Documents/Projects/iOS\ Apps/madabank-ios/Madabank/Modules/Features/Accounts/Sources/Views/AccountDetailViewController.swift (in target 'Accounts' from project 'Accounts')
SwiftCompile normal arm64 /Users/darisadam/Documents/Projects/iOS\ Apps/madabank-ios/Madabank/Modules/Features/Accounts/Sources/Views/AccountDetailViewController.swift (in target 'Accounts' from project 'Accounts')
    cd /Users/darisadam/Documents/Projects/iOS\ Apps/madabank-ios/Madabank/Modules/Features/Accounts
    

SwiftCompile normal arm64 Compiling\ AccountsViewModel.swift /Users/darisadam/Documents/Projects/iOS\ Apps/madabank-ios/Madabank/Modules/Features/Accounts/Sources/ViewModels/AccountsViewModel.swift (in target 'Accounts' from project 'Accounts')

SwiftCompile normal arm64 /Users/darisadam/Documents/Projects/iOS\ Apps/madabank-ios/Madabank/Modules/Features/Accounts/Sources/ViewModels/AccountsViewModel.swift (in target 'Accounts' from project 'Accounts')
    cd /Users/darisadam/Documents/Projects/iOS\ Apps/madabank-ios/Madabank/Modules/Features/Accounts
    
/Users/darisadam/Documents/Projects/iOS Apps/madabank-ios/Madabank/Modules/Features/Accounts/Sources/ViewModels/AccountsViewModel.swift:44:24: warning: backward matching of the unlabeled trailing closure is deprecated; label the argument with 'onDisposed' to suppress this warning
            .subscribe { [weak self] in self?.fetchAccounts() }
                       ^
                      (onDisposed:                             )
RxSwift.ObservableType.subscribe:2:13: note: 'subscribe(onNext:onError:onCompleted:onDisposed:)' declared here
public func subscribe(onNext: ((Self.Element) -> Void)? = nil, onError: ((any Error) -> Void)? = nil, onCompleted: (() -> Void)? = nil, onDisposed: (() -> Void)? = nil) -> any RxSwift.Disposable}
            ^
/Users/darisadam/Documents/Projects/iOS Apps/madabank-ios/Madabank/Modules/Features/Accounts/Sources/ViewModels/AccountsViewModel.swift:48:24: warning: backward matching of the unlabeled trailing closure is deprecated; label the argument with 'onDisposed' to suppress this warning
            .subscribe { [weak self] in self?.fetchAccounts() }
                       ^
                      (onDisposed:                             )
RxSwift.ObservableType.subscribe:2:13: note: 'subscribe(onNext:onError:onCompleted:onDisposed:)' declared here
public func subscribe(onNext: ((Self.Element) -> Void)? = nil, onError: ((any Error) -> Void)? = nil, onCompleted: (() -> Void)? = nil, onDisposed: (() -> Void)? = nil) -> any RxSwift.Disposable}
            ^
/Users/darisadam/Documents/Projects/iOS Apps/madabank-ios/Madabank/Modules/Features/Accounts/Sources/ViewModels/AccountsViewModel.swift:58:24: warning: backward matching of the unlabeled trailing closure is deprecated; label the argument with 'onDisposed' to suppress this warning
            .subscribe { [weak self] in
                       ^
                      (onDisposed: 
RxSwift.ObservableType.subscribe:2:13: note: 'subscribe(onNext:onError:onCompleted:onDisposed:)' declared here
public func subscribe(onNext: ((Self.Element) -> Void)? = nil, onError: ((any Error) -> Void)? = nil, onCompleted: (() -> Void)? = nil, onDisposed: (() -> Void)? = nil) -> any RxSwift.Disposable}
            ^

SwiftDriverJobDiscovery normal arm64 Compiling LoginViewModel.swift (in target 'Auth' from project 'Auth')

SwiftCompile normal arm64 Compiling\ Accounts.swift /Users/darisadam/Documents/Projects/iOS\ Apps/madabank-ios/Madabank/Modules/Features/Accounts/Sources/Accounts.swift (in target 'Accounts' from project 'Accounts')

SwiftCompile normal arm64 /Users/darisadam/Documents/Projects/iOS\ Apps/madabank-ios/Madabank/Modules/Features/Accounts/Sources/Accounts.swift (in target 'Accounts' from project 'Accounts')
    cd /Users/darisadam/Documents/Projects/iOS\ Apps/madabank-ios/Madabank/Modules/Features/Accounts
    

SwiftDriverJobDiscovery normal arm64 Compiling CreateAccountViewModel.swift (in target 'Accounts' from project 'Accounts')

SwiftDriverJobDiscovery normal arm64 Compiling AccountDetailViewModel.swift (in target 'Accounts' from project 'Accounts')

Ld /Users/darisadam/Library/Developer/Xcode/DerivedData/Madabank-hkohthnbjtgnoechirsoymtykttx/Build/Products/Debug-iphonesimulator/Transactions.framework/Transactions normal (in target 'Transactions' from project 'Transactions')
    cd /Users/darisadam/Documents/Projects/iOS\ Apps/madabank-ios/Madabank/Modules/Features/Transactions
    /Applications/Xcode.app/Contents/Developer/Toolchains/XcodeDefault.xctoolchain/usr/bin/clang -Xlinker -reproducible -target arm64-apple-ios15.0-simulator -dynamiclib -isysroot /Applications/Xcode.app/Contents/Developer/Platforms/iPhoneSimulator.platform/Developer/SDKs/iPhoneSimulator26.1.sdk -O0 -L/Users/darisadam/Library/Developer/Xcode/DerivedData/Madabank-hkohthnbjtgnoechirsoymtykttx/Build/Intermediates.noindex/EagerLinkingTBDs/Debug-iphonesimulator -L/Users/darisadam/Library/Developer/Xcode/DerivedData/Madabank-hkohthnbjtgnoechirsoymtykttx/Build/Products/Debug-iphonesimulator -F/Users/darisadam/Library/Developer/Xcode/DerivedData/Madabank-hkohthnbjtgnoechirsoymtykttx/Build/Intermediates.noindex/EagerLinkingTBDs/Debug-iphonesimulator -F/Users/darisadam/Library/Developer/Xcode/DerivedData/Madabank-hkohthnbjtgnoechirsoymtykttx/Build/Products/Debug-iphonesimulator -filelist /Users/darisadam/Library/Developer/Xcode/DerivedData/Madabank-hkohthnbjtgnoechirsoymtykttx/Build/Intermediates.noindex/Transactions.build/Debug-iphonesimulator/Transactions.build/Objects-normal/arm64/Transactions.LinkFileList -install_name @rpath/Transactions.framework/Transactions -Xlinker -rpath -Xlinker /usr/lib/swift -Xlinker -rpath -Xlinker @executable_path/Frameworks -Xlinker -rpath -Xlinker @loader_path/Frameworks -dead_strip -Xlinker -object_path_lto -Xlinker /Users/darisadam/Library/Developer/Xcode/DerivedData/Madabank-hkohthnbjtgnoechirsoymtykttx/Build/Intermediates.noindex/Transactions.build/Debug-iphonesimulator/Transactions.build/Objects-normal/arm64/Transactions_lto.o -rdynamic -Xlinker -no_deduplicate -Xlinker -objc_abi_version -Xlinker 2 -Xlinker -dependency_info -Xlinker /Users/darisadam/Library/Developer/Xcode/DerivedData/Madabank-hkohthnbjtgnoechirsoymtykttx/Build/Intermediates.noindex/Transactions.build/Debug-iphonesimulator/Transactions.build/Objects-normal/arm64/Transactions_dependency_info.dat -fobjc-link-runtime -L/Applications/Xcode.app/Contents/Developer/Toolchains/XcodeDefault.xctoolchain/usr/lib/swift/iphonesimulator -L/usr/lib/swift -Xlinker -add_ast_path -Xlinker /Users/darisadam/Library/Developer/Xcode/DerivedData/Madabank-hkohthnbjtgnoechirsoymtykttx/Build/Intermediates.noindex/Transactions.build/Debug-iphonesimulator/Transactions.build/Objects-normal/arm64/Transactions.swiftmodule @/Users/darisadam/Library/Developer/Xcode/DerivedData/Madabank-hkohthnbjtgnoechirsoymtykttx/Build/Intermediates.noindex/Transactions.build/Debug-iphonesimulator/Transactions.build/Objects-normal/arm64/Transactions-linker-args.resp -framework CommonUI -framework Data -framework Domain -framework RxCocoa -framework RxSwift -Xlinker -no_adhoc_codesign -compatibility_version 1 -current_version 1 -o /Users/darisadam/Library/Developer/Xcode/DerivedData/Madabank-hkohthnbjtgnoechirsoymtykttx/Build/Products/Debug-iphonesimulator/Transactions.framework/Transactions

ScanDependencies /Users/darisadam/Library/Developer/Xcode/DerivedData/Madabank-hkohthnbjtgnoechirsoymtykttx/Build/Intermediates.noindex/Profile.build/Debug-iphonesimulator/Profile.build/Objects-normal/arm64/Profile_vers.o /Users/darisadam/Library/Developer/Xcode/DerivedData/Madabank-hkohthnbjtgnoechirsoymtykttx/Build/Intermediates.noindex/Profile.build/Debug-iphonesimulator/Profile.build/DerivedSources/Profile_vers.c normal arm64 c com.apple.compilers.llvm.clang.1_0.compiler (in target 'Profile' from project 'Profile')
    cd /Users/darisadam/Documents/Projects/iOS\ Apps/madabank-ios/Madabank/Modules/Features/Profile
    
    Using response file: /Users/darisadam/Library/Developer/Xcode/DerivedData/Madabank-hkohthnbjtgnoechirsoymtykttx/Build/Intermediates.noindex/Profile.build/Debug-iphonesimulator/Profile.build/Objects-normal/arm64/7187679823f38a2a940e0043cdf9d637-common-args.resp
    
    builtin-ScanDependencies -o /Users/darisadam/Library/Developer/Xcode/DerivedData/Madabank-hkohthnbjtgnoechirsoymtykttx/Build/Intermediates.noindex/Profile.build/Debug-iphonesimulator/Profile.build/Objects-normal/arm64/Profile_vers.o.scan -- /Applications/Xcode.app/Contents/Developer/Toolchains/XcodeDefault.xctoolchain/usr/bin/clang -x c -ivfsstatcache /Users/darisadam/Library/Developer/Xcode/DerivedData/SDKStatCaches.noindex/iphonesimulator26.1-23B77-3885c01c3e6b6a337905948deab2002e90cf18a4295e390e64c810bc6bd7acbc.sdkstatcache -fmessage-length\=0 -fdiagnostics-show-note-include-stack -fmacro-backtrace-limit\=0 -fno-color-diagnostics -fmodules-prune-interval\=86400 -fmodules-prune-after\=345600 -fbuild-session-file\=/Users/darisadam/Library/Developer/Xcode/DerivedData/ModuleCache.noindex/Session.modulevalidation -fmodules-validate-once-per-build-session -Wnon-modular-include-in-framework-module -Werror\=non-modular-include-in-framework-module -Wno-trigraphs -Wno-missing-field-initializers -Wno-missing-prototypes -Werror\=return-type -Wdocumentation -Wunreachable-code -Wquoted-include-in-framework-header -Werror\=deprecated-objc-isa-usage -Werror\=objc-root-class -Wno-missing-braces -Wparentheses -Wswitch -Wunused-function -Wno-unused-label -Wno-unused-parameter -Wunused-variable -Wunused-value -Wempty-body -Wuninitialized -Wconditional-uninitialized -Wno-unknown-pragmas -Wno-shadow -Wno-four-char-constants -Wno-conversion -Wconstant-conversion -Wint-conversion -Wbool-conversion -Wenum-conversion -Wno-float-conversion -Wnon-literal-null-conversion -Wobjc-literal-conversion -Wshorten-64-to-32 -Wpointer-sign -Wno-newline-eof -Wno-implicit-fallthrough -fstrict-aliasing -Wdeprecated-declarations -Wno-sign-conversion -Winfinite-recursion -Wcomma -Wblock-capture-autoreleasing -Wstrict-prototypes -Wno-semicolon-before-method-body -Wunguarded-availability -index-store-path /Users/darisadam/Library/Developer/Xcode/DerivedData/Madabank-hkohthnbjtgnoechirsoymtykttx/Index.noindex/DataStore @/Users/darisadam/Library/Developer/Xcode/DerivedData/Madabank-hkohthnbjtgnoechirsoymtykttx/Build/Intermediates.noindex/Profile.build/Debug-iphonesimulator/Profile.build/Objects-normal/arm64/7187679823f38a2a940e0043cdf9d637-common-args.resp -MMD -MT dependencies -MF /Users/darisadam/Library/Developer/Xcode/DerivedData/Madabank-hkohthnbjtgnoechirsoymtykttx/Build/Intermediates.noindex/Profile.build/Debug-iphonesimulator/Profile.build/Objects-normal/arm64/Profile_vers.d --serialize-diagnostics /Users/darisadam/Library/Developer/Xcode/DerivedData/Madabank-hkohthnbjtgnoechirsoymtykttx/Build/Intermediates.noindex/Profile.build/Debug-iphonesimulator/Profile.build/Objects-normal/arm64/Profile_vers.dia -c /Users/darisadam/Library/Developer/Xcode/DerivedData/Madabank-hkohthnbjtgnoechirsoymtykttx/Build/Intermediates.noindex/Profile.build/Debug-iphonesimulator/Profile.build/DerivedSources/Profile_vers.c -o /Users/darisadam/Library/Developer/Xcode/DerivedData/Madabank-hkohthnbjtgnoechirsoymtykttx/Build/Intermediates.noindex/Profile.build/Debug-iphonesimulator/Profile.build/Objects-normal/arm64/Profile_vers.o -index-unit-output-path /Profile.build/Debug-iphonesimulator/Profile.build/Objects-normal/arm64/Profile_vers.o

SwiftDriverJobDiscovery normal arm64 Compiling CreateAccountViewController.swift (in target 'Accounts' from project 'Accounts')

ProcessProductPackaging "" /Users/darisadam/Library/Developer/Xcode/DerivedData/Madabank-hkohthnbjtgnoechirsoymtykttx/Build/Intermediates.noindex/Madabank.build/Debug-iphonesimulator/Madabank.build/Madabank.app-Simulated.xcent (in target 'Madabank' from project 'Madabank')
    cd /Users/darisadam/Documents/Projects/iOS\ Apps/madabank-ios/Madabank
    
    Entitlements:
    
    {
    "application-identifier" = "Q99UJS4WY6.online.darisadam.madabank";
}
    
    builtin-productPackagingUtility -entitlements -format xml -o /Users/darisadam/Library/Developer/Xcode/DerivedData/Madabank-hkohthnbjtgnoechirsoymtykttx/Build/Intermediates.noindex/Madabank.build/Debug-iphonesimulator/Madabank.build/Madabank.app-Simulated.xcent

CompileC /Users/darisadam/Library/Developer/Xcode/DerivedData/Madabank-hkohthnbjtgnoechirsoymtykttx/Build/Intermediates.noindex/Profile.build/Debug-iphonesimulator/Profile.build/Objects-normal/arm64/Profile_vers.o /Users/darisadam/Library/Developer/Xcode/DerivedData/Madabank-hkohthnbjtgnoechirsoymtykttx/Build/Intermediates.noindex/Profile.build/Debug-iphonesimulator/Profile.build/DerivedSources/Profile_vers.c normal arm64 c com.apple.compilers.llvm.clang.1_0.compiler (in target 'Profile' from project 'Profile')
    cd /Users/darisadam/Documents/Projects/iOS\ Apps/madabank-ios/Madabank/Modules/Features/Profile
    
    Using response file: /Users/darisadam/Library/Developer/Xcode/DerivedData/Madabank-hkohthnbjtgnoechirsoymtykttx/Build/Intermediates.noindex/Profile.build/Debug-iphonesimulator/Profile.build/Objects-normal/arm64/7187679823f38a2a940e0043cdf9d637-common-args.resp
    
    /Applications/Xcode.app/Contents/Developer/Toolchains/XcodeDefault.xctoolchain/usr/bin/clang -x c -ivfsstatcache /Users/darisadam/Library/Developer/Xcode/DerivedData/SDKStatCaches.noindex/iphonesimulator26.1-23B77-3885c01c3e6b6a337905948deab2002e90cf18a4295e390e64c810bc6bd7acbc.sdkstatcache -fmessage-length\=0 -fdiagnostics-show-note-include-stack -fmacro-backtrace-limit\=0 -fno-color-diagnostics -fmodules-prune-interval\=86400 -fmodules-prune-after\=345600 -fbuild-session-file\=/Users/darisadam/Library/Developer/Xcode/DerivedData/ModuleCache.noindex/Session.modulevalidation -fmodules-validate-once-per-build-session -Wnon-modular-include-in-framework-module -Werror\=non-modular-include-in-framework-module -Wno-trigraphs -Wno-missing-field-initializers -Wno-missing-prototypes -Werror\=return-type -Wdocumentation -Wunreachable-code -Wquoted-include-in-framework-header -Werror\=deprecated-objc-isa-usage -Werror\=objc-root-class -Wno-missing-braces -Wparentheses -Wswitch -Wunused-function -Wno-unused-label -Wno-unused-parameter -Wunused-variable -Wunused-value -Wempty-body -Wuninitialized -Wconditional-uninitialized -Wno-unknown-pragmas -Wno-shadow -Wno-four-char-constants -Wno-conversion -Wconstant-conversion -Wint-conversion -Wbool-conversion -Wenum-conversion -Wno-float-conversion -Wnon-literal-null-conversion -Wobjc-literal-conversion -Wshorten-64-to-32 -Wpointer-sign -Wno-newline-eof -Wno-implicit-fallthrough -fstrict-aliasing -Wdeprecated-declarations -Wno-sign-conversion -Winfinite-recursion -Wcomma -Wblock-capture-autoreleasing -Wstrict-prototypes -Wno-semicolon-before-method-body -Wunguarded-availability -index-store-path /Users/darisadam/Library/Developer/Xcode/DerivedData/Madabank-hkohthnbjtgnoechirsoymtykttx/Index.noindex/DataStore @/Users/darisadam/Library/Developer/Xcode/DerivedData/Madabank-hkohthnbjtgnoechirsoymtykttx/Build/Intermediates.noindex/Profile.build/Debug-iphonesimulator/Profile.build/Objects-normal/arm64/7187679823f38a2a940e0043cdf9d637-common-args.resp -MMD -MT dependencies -MF /Users/darisadam/Library/Developer/Xcode/DerivedData/Madabank-hkohthnbjtgnoechirsoymtykttx/Build/Intermediates.noindex/Profile.build/Debug-iphonesimulator/Profile.build/Objects-normal/arm64/Profile_vers.d --serialize-diagnostics /Users/darisadam/Library/Developer/Xcode/DerivedData/Madabank-hkohthnbjtgnoechirsoymtykttx/Build/Intermediates.noindex/Profile.build/Debug-iphonesimulator/Profile.build/Objects-normal/arm64/Profile_vers.dia -c /Users/darisadam/Library/Developer/Xcode/DerivedData/Madabank-hkohthnbjtgnoechirsoymtykttx/Build/Intermediates.noindex/Profile.build/Debug-iphonesimulator/Profile.build/DerivedSources/Profile_vers.c -o /Users/darisadam/Library/Developer/Xcode/DerivedData/Madabank-hkohthnbjtgnoechirsoymtykttx/Build/Intermediates.noindex/Profile.build/Debug-iphonesimulator/Profile.build/Objects-normal/arm64/Profile_vers.o -index-unit-output-path /Profile.build/Debug-iphonesimulator/Profile.build/Objects-normal/arm64/Profile_vers.o

ProcessProductPackagingDER /Users/darisadam/Library/Developer/Xcode/DerivedData/Madabank-hkohthnbjtgnoechirsoymtykttx/Build/Intermediates.noindex/Madabank.build/Debug-iphonesimulator/Madabank.build/Madabank.app-Simulated.xcent /Users/darisadam/Library/Developer/Xcode/DerivedData/Madabank-hkohthnbjtgnoechirsoymtykttx/Build/Intermediates.noindex/Madabank.build/Debug-iphonesimulator/Madabank.build/Madabank.app-Simulated.xcent.der (in target 'Madabank' from project 'Madabank')
    cd /Users/darisadam/Documents/Projects/iOS\ Apps/madabank-ios/Madabank
    /usr/bin/derq query -f xml -i /Users/darisadam/Library/Developer/Xcode/DerivedData/Madabank-hkohthnbjtgnoechirsoymtykttx/Build/Intermediates.noindex/Madabank.build/Debug-iphonesimulator/Madabank.build/Madabank.app-Simulated.xcent -o /Users/darisadam/Library/Developer/Xcode/DerivedData/Madabank-hkohthnbjtgnoechirsoymtykttx/Build/Intermediates.noindex/Madabank.build/Debug-iphonesimulator/Madabank.build/Madabank.app-Simulated.xcent.der --raw

SwiftDriverJobDiscovery normal arm64 Compiling AccountsViewModel.swift (in target 'Accounts' from project 'Accounts')

ScanDependencies /Users/darisadam/Library/Developer/Xcode/DerivedData/Madabank-hkohthnbjtgnoechirsoymtykttx/Build/Intermediates.noindex/Home.build/Debug-iphonesimulator/Home.build/Objects-normal/arm64/Home_vers.o /Users/darisadam/Library/Developer/Xcode/DerivedData/Madabank-hkohthnbjtgnoechirsoymtykttx/Build/Intermediates.noindex/Home.build/Debug-iphonesimulator/Home.build/DerivedSources/Home_vers.c normal arm64 c com.apple.compilers.llvm.clang.1_0.compiler (in target 'Home' from project 'Home')
    cd /Users/darisadam/Documents/Projects/iOS\ Apps/madabank-ios/Madabank/Modules/Features/Home
    
    Using response file: /Users/darisadam/Library/Developer/Xcode/DerivedData/Madabank-hkohthnbjtgnoechirsoymtykttx/Build/Intermediates.noindex/Home.build/Debug-iphonesimulator/Home.build/Objects-normal/arm64/7187679823f38a2a940e0043cdf9d637-common-args.resp
    
    builtin-ScanDependencies -o /Users/darisadam/Library/Developer/Xcode/DerivedData/Madabank-hkohthnbjtgnoechirsoymtykttx/Build/Intermediates.noindex/Home.build/Debug-iphonesimulator/Home.build/Objects-normal/arm64/Home_vers.o.scan -- /Applications/Xcode.app/Contents/Developer/Toolchains/XcodeDefault.xctoolchain/usr/bin/clang -x c -ivfsstatcache /Users/darisadam/Library/Developer/Xcode/DerivedData/SDKStatCaches.noindex/iphonesimulator26.1-23B77-3885c01c3e6b6a337905948deab2002e90cf18a4295e390e64c810bc6bd7acbc.sdkstatcache -fmessage-length\=0 -fdiagnostics-show-note-include-stack -fmacro-backtrace-limit\=0 -fno-color-diagnostics -fmodules-prune-interval\=86400 -fmodules-prune-after\=345600 -fbuild-session-file\=/Users/darisadam/Library/Developer/Xcode/DerivedData/ModuleCache.noindex/Session.modulevalidation -fmodules-validate-once-per-build-session -Wnon-modular-include-in-framework-module -Werror\=non-modular-include-in-framework-module -Wno-trigraphs -Wno-missing-field-initializers -Wno-missing-prototypes -Werror\=return-type -Wdocumentation -Wunreachable-code -Wquoted-include-in-framework-header -Werror\=deprecated-objc-isa-usage -Werror\=objc-root-class -Wno-missing-braces -Wparentheses -Wswitch -Wunused-function -Wno-unused-label -Wno-unused-parameter -Wunused-variable -Wunused-value -Wempty-body -Wuninitialized -Wconditional-uninitialized -Wno-unknown-pragmas -Wno-shadow -Wno-four-char-constants -Wno-conversion -Wconstant-conversion -Wint-conversion -Wbool-conversion -Wenum-conversion -Wno-float-conversion -Wnon-literal-null-conversion -Wobjc-literal-conversion -Wshorten-64-to-32 -Wpointer-sign -Wno-newline-eof -Wno-implicit-fallthrough -fstrict-aliasing -Wdeprecated-declarations -Wno-sign-conversion -Winfinite-recursion -Wcomma -Wblock-capture-autoreleasing -Wstrict-prototypes -Wno-semicolon-before-method-body -Wunguarded-availability -index-store-path /Users/darisadam/Library/Developer/Xcode/DerivedData/Madabank-hkohthnbjtgnoechirsoymtykttx/Index.noindex/DataStore @/Users/darisadam/Library/Developer/Xcode/DerivedData/Madabank-hkohthnbjtgnoechirsoymtykttx/Build/Intermediates.noindex/Home.build/Debug-iphonesimulator/Home.build/Objects-normal/arm64/7187679823f38a2a940e0043cdf9d637-common-args.resp -MMD -MT dependencies -MF /Users/darisadam/Library/Developer/Xcode/DerivedData/Madabank-hkohthnbjtgnoechirsoymtykttx/Build/Intermediates.noindex/Home.build/Debug-iphonesimulator/Home.build/Objects-normal/arm64/Home_vers.d --serialize-diagnostics /Users/darisadam/Library/Developer/Xcode/DerivedData/Madabank-hkohthnbjtgnoechirsoymtykttx/Build/Intermediates.noindex/Home.build/Debug-iphonesimulator/Home.build/Objects-normal/arm64/Home_vers.dia -c /Users/darisadam/Library/Developer/Xcode/DerivedData/Madabank-hkohthnbjtgnoechirsoymtykttx/Build/Intermediates.noindex/Home.build/Debug-iphonesimulator/Home.build/DerivedSources/Home_vers.c -o /Users/darisadam/Library/Developer/Xcode/DerivedData/Madabank-hkohthnbjtgnoechirsoymtykttx/Build/Intermediates.noindex/Home.build/Debug-iphonesimulator/Home.build/Objects-normal/arm64/Home_vers.o -index-unit-output-path /Home.build/Debug-iphonesimulator/Home.build/Objects-normal/arm64/Home_vers.o

ScanDependencies /Users/darisadam/Library/Developer/Xcode/DerivedData/Madabank-hkohthnbjtgnoechirsoymtykttx/Build/Intermediates.noindex/Cards.build/Debug-iphonesimulator/Cards.build/Objects-normal/arm64/Cards_vers.o /Users/darisadam/Library/Developer/Xcode/DerivedData/Madabank-hkohthnbjtgnoechirsoymtykttx/Build/Intermediates.noindex/Cards.build/Debug-iphonesimulator/Cards.build/DerivedSources/Cards_vers.c normal arm64 c com.apple.compilers.llvm.clang.1_0.compiler (in target 'Cards' from project 'Cards')
    cd /Users/darisadam/Documents/Projects/iOS\ Apps/madabank-ios/Madabank/Modules/Features/Cards
    
    Using response file: /Users/darisadam/Library/Developer/Xcode/DerivedData/Madabank-hkohthnbjtgnoechirsoymtykttx/Build/Intermediates.noindex/Cards.build/Debug-iphonesimulator/Cards.build/Objects-normal/arm64/7187679823f38a2a940e0043cdf9d637-common-args.resp
    
    builtin-ScanDependencies -o /Users/darisadam/Library/Developer/Xcode/DerivedData/Madabank-hkohthnbjtgnoechirsoymtykttx/Build/Intermediates.noindex/Cards.build/Debug-iphonesimulator/Cards.build/Objects-normal/arm64/Cards_vers.o.scan -- /Applications/Xcode.app/Contents/Developer/Toolchains/XcodeDefault.xctoolchain/usr/bin/clang -x c -ivfsstatcache /Users/darisadam/Library/Developer/Xcode/DerivedData/SDKStatCaches.noindex/iphonesimulator26.1-23B77-3885c01c3e6b6a337905948deab2002e90cf18a4295e390e64c810bc6bd7acbc.sdkstatcache -fmessage-length\=0 -fdiagnostics-show-note-include-stack -fmacro-backtrace-limit\=0 -fno-color-diagnostics -fmodules-prune-interval\=86400 -fmodules-prune-after\=345600 -fbuild-session-file\=/Users/darisadam/Library/Developer/Xcode/DerivedData/ModuleCache.noindex/Session.modulevalidation -fmodules-validate-once-per-build-session -Wnon-modular-include-in-framework-module -Werror\=non-modular-include-in-framework-module -Wno-trigraphs -Wno-missing-field-initializers -Wno-missing-prototypes -Werror\=return-type -Wdocumentation -Wunreachable-code -Wquoted-include-in-framework-header -Werror\=deprecated-objc-isa-usage -Werror\=objc-root-class -Wno-missing-braces -Wparentheses -Wswitch -Wunused-function -Wno-unused-label -Wno-unused-parameter -Wunused-variable -Wunused-value -Wempty-body -Wuninitialized -Wconditional-uninitialized -Wno-unknown-pragmas -Wno-shadow -Wno-four-char-constants -Wno-conversion -Wconstant-conversion -Wint-conversion -Wbool-conversion -Wenum-conversion -Wno-float-conversion -Wnon-literal-null-conversion -Wobjc-literal-conversion -Wshorten-64-to-32 -Wpointer-sign -Wno-newline-eof -Wno-implicit-fallthrough -fstrict-aliasing -Wdeprecated-declarations -Wno-sign-conversion -Winfinite-recursion -Wcomma -Wblock-capture-autoreleasing -Wstrict-prototypes -Wno-semicolon-before-method-body -Wunguarded-availability -index-store-path /Users/darisadam/Library/Developer/Xcode/DerivedData/Madabank-hkohthnbjtgnoechirsoymtykttx/Index.noindex/DataStore @/Users/darisadam/Library/Developer/Xcode/DerivedData/Madabank-hkohthnbjtgnoechirsoymtykttx/Build/Intermediates.noindex/Cards.build/Debug-iphonesimulator/Cards.build/Objects-normal/arm64/7187679823f38a2a940e0043cdf9d637-common-args.resp -MMD -MT dependencies -MF /Users/darisadam/Library/Developer/Xcode/DerivedData/Madabank-hkohthnbjtgnoechirsoymtykttx/Build/Intermediates.noindex/Cards.build/Debug-iphonesimulator/Cards.build/Objects-normal/arm64/Cards_vers.d --serialize-diagnostics /Users/darisadam/Library/Developer/Xcode/DerivedData/Madabank-hkohthnbjtgnoechirsoymtykttx/Build/Intermediates.noindex/Cards.build/Debug-iphonesimulator/Cards.build/Objects-normal/arm64/Cards_vers.dia -c /Users/darisadam/Library/Developer/Xcode/DerivedData/Madabank-hkohthnbjtgnoechirsoymtykttx/Build/Intermediates.noindex/Cards.build/Debug-iphonesimulator/Cards.build/DerivedSources/Cards_vers.c -o /Users/darisadam/Library/Developer/Xcode/DerivedData/Madabank-hkohthnbjtgnoechirsoymtykttx/Build/Intermediates.noindex/Cards.build/Debug-iphonesimulator/Cards.build/Objects-normal/arm64/Cards_vers.o -index-unit-output-path /Cards.build/Debug-iphonesimulator/Cards.build/Objects-normal/arm64/Cards_vers.o

Ld /Users/darisadam/Library/Developer/Xcode/DerivedData/Madabank-hkohthnbjtgnoechirsoymtykttx/Build/Products/Debug-iphonesimulator/Profile.framework/Profile normal (in target 'Profile' from project 'Profile')
    cd /Users/darisadam/Documents/Projects/iOS\ Apps/madabank-ios/Madabank/Modules/Features/Profile
    /Applications/Xcode.app/Contents/Developer/Toolchains/XcodeDefault.xctoolchain/usr/bin/clang -Xlinker -reproducible -target arm64-apple-ios15.0-simulator -dynamiclib -isysroot /Applications/Xcode.app/Contents/Developer/Platforms/iPhoneSimulator.platform/Developer/SDKs/iPhoneSimulator26.1.sdk -O0 -L/Users/darisadam/Library/Developer/Xcode/DerivedData/Madabank-hkohthnbjtgnoechirsoymtykttx/Build/Intermediates.noindex/EagerLinkingTBDs/Debug-iphonesimulator -L/Users/darisadam/Library/Developer/Xcode/DerivedData/Madabank-hkohthnbjtgnoechirsoymtykttx/Build/Products/Debug-iphonesimulator -F/Users/darisadam/Library/Developer/Xcode/DerivedData/Madabank-hkohthnbjtgnoechirsoymtykttx/Build/Intermediates.noindex/EagerLinkingTBDs/Debug-iphonesimulator -F/Users/darisadam/Library/Developer/Xcode/DerivedData/Madabank-hkohthnbjtgnoechirsoymtykttx/Build/Products/Debug-iphonesimulator -filelist /Users/darisadam/Library/Developer/Xcode/DerivedData/Madabank-hkohthnbjtgnoechirsoymtykttx/Build/Intermediates.noindex/Profile.build/Debug-iphonesimulator/Profile.build/Objects-normal/arm64/Profile.LinkFileList -install_name @rpath/Profile.framework/Profile -Xlinker -rpath -Xlinker /usr/lib/swift -Xlinker -rpath -Xlinker @executable_path/Frameworks -Xlinker -rpath -Xlinker @loader_path/Frameworks -dead_strip -Xlinker -object_path_lto -Xlinker /Users/darisadam/Library/Developer/Xcode/DerivedData/Madabank-hkohthnbjtgnoechirsoymtykttx/Build/Intermediates.noindex/Profile.build/Debug-iphonesimulator/Profile.build/Objects-normal/arm64/Profile_lto.o -rdynamic -Xlinker -no_deduplicate -Xlinker -objc_abi_version -Xlinker 2 -Xlinker -dependency_info -Xlinker /Users/darisadam/Library/Developer/Xcode/DerivedData/Madabank-hkohthnbjtgnoechirsoymtykttx/Build/Intermediates.noindex/Profile.build/Debug-iphonesimulator/Profile.build/Objects-normal/arm64/Profile_dependency_info.dat -fobjc-link-runtime -L/Applications/Xcode.app/Contents/Developer/Toolchains/XcodeDefault.xctoolchain/usr/lib/swift/iphonesimulator -L/usr/lib/swift -Xlinker -add_ast_path -Xlinker /Users/darisadam/Library/Developer/Xcode/DerivedData/Madabank-hkohthnbjtgnoechirsoymtykttx/Build/Intermediates.noindex/Profile.build/Debug-iphonesimulator/Profile.build/Objects-normal/arm64/Profile.swiftmodule @/Users/darisadam/Library/Developer/Xcode/DerivedData/Madabank-hkohthnbjtgnoechirsoymtykttx/Build/Intermediates.noindex/Profile.build/Debug-iphonesimulator/Profile.build/Objects-normal/arm64/Profile-linker-args.resp -framework CommonUI -framework Data -framework Domain -framework RxCocoa -framework RxSwift -Xlinker -no_adhoc_codesign -compatibility_version 1 -current_version 1 -o /Users/darisadam/Library/Developer/Xcode/DerivedData/Madabank-hkohthnbjtgnoechirsoymtykttx/Build/Products/Debug-iphonesimulator/Profile.framework/Profile

CompileC /Users/darisadam/Library/Developer/Xcode/DerivedData/Madabank-hkohthnbjtgnoechirsoymtykttx/Build/Intermediates.noindex/Home.build/Debug-iphonesimulator/Home.build/Objects-normal/arm64/Home_vers.o /Users/darisadam/Library/Developer/Xcode/DerivedData/Madabank-hkohthnbjtgnoechirsoymtykttx/Build/Intermediates.noindex/Home.build/Debug-iphonesimulator/Home.build/DerivedSources/Home_vers.c normal arm64 c com.apple.compilers.llvm.clang.1_0.compiler (in target 'Home' from project 'Home')
    cd /Users/darisadam/Documents/Projects/iOS\ Apps/madabank-ios/Madabank/Modules/Features/Home
    
    Using response file: /Users/darisadam/Library/Developer/Xcode/DerivedData/Madabank-hkohthnbjtgnoechirsoymtykttx/Build/Intermediates.noindex/Home.build/Debug-iphonesimulator/Home.build/Objects-normal/arm64/7187679823f38a2a940e0043cdf9d637-common-args.resp
    
    /Applications/Xcode.app/Contents/Developer/Toolchains/XcodeDefault.xctoolchain/usr/bin/clang -x c -ivfsstatcache /Users/darisadam/Library/Developer/Xcode/DerivedData/SDKStatCaches.noindex/iphonesimulator26.1-23B77-3885c01c3e6b6a337905948deab2002e90cf18a4295e390e64c810bc6bd7acbc.sdkstatcache -fmessage-length\=0 -fdiagnostics-show-note-include-stack -fmacro-backtrace-limit\=0 -fno-color-diagnostics -fmodules-prune-interval\=86400 -fmodules-prune-after\=345600 -fbuild-session-file\=/Users/darisadam/Library/Developer/Xcode/DerivedData/ModuleCache.noindex/Session.modulevalidation -fmodules-validate-once-per-build-session -Wnon-modular-include-in-framework-module -Werror\=non-modular-include-in-framework-module -Wno-trigraphs -Wno-missing-field-initializers -Wno-missing-prototypes -Werror\=return-type -Wdocumentation -Wunreachable-code -Wquoted-include-in-framework-header -Werror\=deprecated-objc-isa-usage -Werror\=objc-root-class -Wno-missing-braces -Wparentheses -Wswitch -Wunused-function -Wno-unused-label -Wno-unused-parameter -Wunused-variable -Wunused-value -Wempty-body -Wuninitialized -Wconditional-uninitialized -Wno-unknown-pragmas -Wno-shadow -Wno-four-char-constants -Wno-conversion -Wconstant-conversion -Wint-conversion -Wbool-conversion -Wenum-conversion -Wno-float-conversion -Wnon-literal-null-conversion -Wobjc-literal-conversion -Wshorten-64-to-32 -Wpointer-sign -Wno-newline-eof -Wno-implicit-fallthrough -fstrict-aliasing -Wdeprecated-declarations -Wno-sign-conversion -Winfinite-recursion -Wcomma -Wblock-capture-autoreleasing -Wstrict-prototypes -Wno-semicolon-before-method-body -Wunguarded-availability -index-store-path /Users/darisadam/Library/Developer/Xcode/DerivedData/Madabank-hkohthnbjtgnoechirsoymtykttx/Index.noindex/DataStore @/Users/darisadam/Library/Developer/Xcode/DerivedData/Madabank-hkohthnbjtgnoechirsoymtykttx/Build/Intermediates.noindex/Home.build/Debug-iphonesimulator/Home.build/Objects-normal/arm64/7187679823f38a2a940e0043cdf9d637-common-args.resp -MMD -MT dependencies -MF /Users/darisadam/Library/Developer/Xcode/DerivedData/Madabank-hkohthnbjtgnoechirsoymtykttx/Build/Intermediates.noindex/Home.build/Debug-iphonesimulator/Home.build/Objects-normal/arm64/Home_vers.d --serialize-diagnostics /Users/darisadam/Library/Developer/Xcode/DerivedData/Madabank-hkohthnbjtgnoechirsoymtykttx/Build/Intermediates.noindex/Home.build/Debug-iphonesimulator/Home.build/Objects-normal/arm64/Home_vers.dia -c /Users/darisadam/Library/Developer/Xcode/DerivedData/Madabank-hkohthnbjtgnoechirsoymtykttx/Build/Intermediates.noindex/Home.build/Debug-iphonesimulator/Home.build/DerivedSources/Home_vers.c -o /Users/darisadam/Library/Developer/Xcode/DerivedData/Madabank-hkohthnbjtgnoechirsoymtykttx/Build/Intermediates.noindex/Home.build/Debug-iphonesimulator/Home.build/Objects-normal/arm64/Home_vers.o -index-unit-output-path /Home.build/Debug-iphonesimulator/Home.build/Objects-normal/arm64/Home_vers.o

SwiftDriverJobDiscovery normal arm64 Compiling AccountsViewController.swift (in target 'Accounts' from project 'Accounts')

ScanDependencies /Users/darisadam/Library/Developer/Xcode/DerivedData/Madabank-hkohthnbjtgnoechirsoymtykttx/Build/Intermediates.noindex/Auth.build/Debug-iphonesimulator/Auth.build/Objects-normal/arm64/Auth_vers.o /Users/darisadam/Library/Developer/Xcode/DerivedData/Madabank-hkohthnbjtgnoechirsoymtykttx/Build/Intermediates.noindex/Auth.build/Debug-iphonesimulator/Auth.build/DerivedSources/Auth_vers.c normal arm64 c com.apple.compilers.llvm.clang.1_0.compiler (in target 'Auth' from project 'Auth')
    cd /Users/darisadam/Documents/Projects/iOS\ Apps/madabank-ios/Madabank/Modules/Features/Auth
    
    Using response file: /Users/darisadam/Library/Developer/Xcode/DerivedData/Madabank-hkohthnbjtgnoechirsoymtykttx/Build/Intermediates.noindex/Auth.build/Debug-iphonesimulator/Auth.build/Objects-normal/arm64/7187679823f38a2a940e0043cdf9d637-common-args.resp
    
    builtin-ScanDependencies -o /Users/darisadam/Library/Developer/Xcode/DerivedData/Madabank-hkohthnbjtgnoechirsoymtykttx/Build/Intermediates.noindex/Auth.build/Debug-iphonesimulator/Auth.build/Objects-normal/arm64/Auth_vers.o.scan -- /Applications/Xcode.app/Contents/Developer/Toolchains/XcodeDefault.xctoolchain/usr/bin/clang -x c -ivfsstatcache /Users/darisadam/Library/Developer/Xcode/DerivedData/SDKStatCaches.noindex/iphonesimulator26.1-23B77-3885c01c3e6b6a337905948deab2002e90cf18a4295e390e64c810bc6bd7acbc.sdkstatcache -fmessage-length\=0 -fdiagnostics-show-note-include-stack -fmacro-backtrace-limit\=0 -fno-color-diagnostics -fmodules-prune-interval\=86400 -fmodules-prune-after\=345600 -fbuild-session-file\=/Users/darisadam/Library/Developer/Xcode/DerivedData/ModuleCache.noindex/Session.modulevalidation -fmodules-validate-once-per-build-session -Wnon-modular-include-in-framework-module -Werror\=non-modular-include-in-framework-module -Wno-trigraphs -Wno-missing-field-initializers -Wno-missing-prototypes -Werror\=return-type -Wdocumentation -Wunreachable-code -Wquoted-include-in-framework-header -Werror\=deprecated-objc-isa-usage -Werror\=objc-root-class -Wno-missing-braces -Wparentheses -Wswitch -Wunused-function -Wno-unused-label -Wno-unused-parameter -Wunused-variable -Wunused-value -Wempty-body -Wuninitialized -Wconditional-uninitialized -Wno-unknown-pragmas -Wno-shadow -Wno-four-char-constants -Wno-conversion -Wconstant-conversion -Wint-conversion -Wbool-conversion -Wenum-conversion -Wno-float-conversion -Wnon-literal-null-conversion -Wobjc-literal-conversion -Wshorten-64-to-32 -Wpointer-sign -Wno-newline-eof -Wno-implicit-fallthrough -fstrict-aliasing -Wdeprecated-declarations -Wno-sign-conversion -Winfinite-recursion -Wcomma -Wblock-capture-autoreleasing -Wstrict-prototypes -Wno-semicolon-before-method-body -Wunguarded-availability -index-store-path /Users/darisadam/Library/Developer/Xcode/DerivedData/Madabank-hkohthnbjtgnoechirsoymtykttx/Index.noindex/DataStore @/Users/darisadam/Library/Developer/Xcode/DerivedData/Madabank-hkohthnbjtgnoechirsoymtykttx/Build/Intermediates.noindex/Auth.build/Debug-iphonesimulator/Auth.build/Objects-normal/arm64/7187679823f38a2a940e0043cdf9d637-common-args.resp -MMD -MT dependencies -MF /Users/darisadam/Library/Developer/Xcode/DerivedData/Madabank-hkohthnbjtgnoechirsoymtykttx/Build/Intermediates.noindex/Auth.build/Debug-iphonesimulator/Auth.build/Objects-normal/arm64/Auth_vers.d --serialize-diagnostics /Users/darisadam/Library/Developer/Xcode/DerivedData/Madabank-hkohthnbjtgnoechirsoymtykttx/Build/Intermediates.noindex/Auth.build/Debug-iphonesimulator/Auth.build/Objects-normal/arm64/Auth_vers.dia -c /Users/darisadam/Library/Developer/Xcode/DerivedData/Madabank-hkohthnbjtgnoechirsoymtykttx/Build/Intermediates.noindex/Auth.build/Debug-iphonesimulator/Auth.build/DerivedSources/Auth_vers.c -o /Users/darisadam/Library/Developer/Xcode/DerivedData/Madabank-hkohthnbjtgnoechirsoymtykttx/Build/Intermediates.noindex/Auth.build/Debug-iphonesimulator/Auth.build/Objects-normal/arm64/Auth_vers.o -index-unit-output-path /Auth.build/Debug-iphonesimulator/Auth.build/Objects-normal/arm64/Auth_vers.o

ScanDependencies /Users/darisadam/Library/Developer/Xcode/DerivedData/Madabank-hkohthnbjtgnoechirsoymtykttx/Build/Intermediates.noindex/Accounts.build/Debug-iphonesimulator/Accounts.build/Objects-normal/arm64/Accounts_vers.o /Users/darisadam/Library/Developer/Xcode/DerivedData/Madabank-hkohthnbjtgnoechirsoymtykttx/Build/Intermediates.noindex/Accounts.build/Debug-iphonesimulator/Accounts.build/DerivedSources/Accounts_vers.c normal arm64 c com.apple.compilers.llvm.clang.1_0.compiler (in target 'Accounts' from project 'Accounts')
    cd /Users/darisadam/Documents/Projects/iOS\ Apps/madabank-ios/Madabank/Modules/Features/Accounts
    
    Using response file: /Users/darisadam/Library/Developer/Xcode/DerivedData/Madabank-hkohthnbjtgnoechirsoymtykttx/Build/Intermediates.noindex/Accounts.build/Debug-iphonesimulator/Accounts.build/Objects-normal/arm64/7187679823f38a2a940e0043cdf9d637-common-args.resp
    
    builtin-ScanDependencies -o /Users/darisadam/Library/Developer/Xcode/DerivedData/Madabank-hkohthnbjtgnoechirsoymtykttx/Build/Intermediates.noindex/Accounts.build/Debug-iphonesimulator/Accounts.build/Objects-normal/arm64/Accounts_vers.o.scan -- /Applications/Xcode.app/Contents/Developer/Toolchains/XcodeDefault.xctoolchain/usr/bin/clang -x c -ivfsstatcache /Users/darisadam/Library/Developer/Xcode/DerivedData/SDKStatCaches.noindex/iphonesimulator26.1-23B77-3885c01c3e6b6a337905948deab2002e90cf18a4295e390e64c810bc6bd7acbc.sdkstatcache -fmessage-length\=0 -fdiagnostics-show-note-include-stack -fmacro-backtrace-limit\=0 -fno-color-diagnostics -fmodules-prune-interval\=86400 -fmodules-prune-after\=345600 -fbuild-session-file\=/Users/darisadam/Library/Developer/Xcode/DerivedData/ModuleCache.noindex/Session.modulevalidation -fmodules-validate-once-per-build-session -Wnon-modular-include-in-framework-module -Werror\=non-modular-include-in-framework-module -Wno-trigraphs -Wno-missing-field-initializers -Wno-missing-prototypes -Werror\=return-type -Wdocumentation -Wunreachable-code -Wquoted-include-in-framework-header -Werror\=deprecated-objc-isa-usage -Werror\=objc-root-class -Wno-missing-braces -Wparentheses -Wswitch -Wunused-function -Wno-unused-label -Wno-unused-parameter -Wunused-variable -Wunused-value -Wempty-body -Wuninitialized -Wconditional-uninitialized -Wno-unknown-pragmas -Wno-shadow -Wno-four-char-constants -Wno-conversion -Wconstant-conversion -Wint-conversion -Wbool-conversion -Wenum-conversion -Wno-float-conversion -Wnon-literal-null-conversion -Wobjc-literal-conversion -Wshorten-64-to-32 -Wpointer-sign -Wno-newline-eof -Wno-implicit-fallthrough -fstrict-aliasing -Wdeprecated-declarations -Wno-sign-conversion -Winfinite-recursion -Wcomma -Wblock-capture-autoreleasing -Wstrict-prototypes -Wno-semicolon-before-method-body -Wunguarded-availability -index-store-path /Users/darisadam/Library/Developer/Xcode/DerivedData/Madabank-hkohthnbjtgnoechirsoymtykttx/Index.noindex/DataStore @/Users/darisadam/Library/Developer/Xcode/DerivedData/Madabank-hkohthnbjtgnoechirsoymtykttx/Build/Intermediates.noindex/Accounts.build/Debug-iphonesimulator/Accounts.build/Objects-normal/arm64/7187679823f38a2a940e0043cdf9d637-common-args.resp -MMD -MT dependencies -MF /Users/darisadam/Library/Developer/Xcode/DerivedData/Madabank-hkohthnbjtgnoechirsoymtykttx/Build/Intermediates.noindex/Accounts.build/Debug-iphonesimulator/Accounts.build/Objects-normal/arm64/Accounts_vers.d --serialize-diagnostics /Users/darisadam/Library/Developer/Xcode/DerivedData/Madabank-hkohthnbjtgnoechirsoymtykttx/Build/Intermediates.noindex/Accounts.build/Debug-iphonesimulator/Accounts.build/Objects-normal/arm64/Accounts_vers.dia -c /Users/darisadam/Library/Developer/Xcode/DerivedData/Madabank-hkohthnbjtgnoechirsoymtykttx/Build/Intermediates.noindex/Accounts.build/Debug-iphonesimulator/Accounts.build/DerivedSources/Accounts_vers.c -o /Users/darisadam/Library/Developer/Xcode/DerivedData/Madabank-hkohthnbjtgnoechirsoymtykttx/Build/Intermediates.noindex/Accounts.build/Debug-iphonesimulator/Accounts.build/Objects-normal/arm64/Accounts_vers.o -index-unit-output-path /Accounts.build/Debug-iphonesimulator/Accounts.build/Objects-normal/arm64/Accounts_vers.o

CompileC /Users/darisadam/Library/Developer/Xcode/DerivedData/Madabank-hkohthnbjtgnoechirsoymtykttx/Build/Intermediates.noindex/Cards.build/Debug-iphonesimulator/Cards.build/Objects-normal/arm64/Cards_vers.o /Users/darisadam/Library/Developer/Xcode/DerivedData/Madabank-hkohthnbjtgnoechirsoymtykttx/Build/Intermediates.noindex/Cards.build/Debug-iphonesimulator/Cards.build/DerivedSources/Cards_vers.c normal arm64 c com.apple.compilers.llvm.clang.1_0.compiler (in target 'Cards' from project 'Cards')
    cd /Users/darisadam/Documents/Projects/iOS\ Apps/madabank-ios/Madabank/Modules/Features/Cards
    
    Using response file: /Users/darisadam/Library/Developer/Xcode/DerivedData/Madabank-hkohthnbjtgnoechirsoymtykttx/Build/Intermediates.noindex/Cards.build/Debug-iphonesimulator/Cards.build/Objects-normal/arm64/7187679823f38a2a940e0043cdf9d637-common-args.resp
    
    /Applications/Xcode.app/Contents/Developer/Toolchains/XcodeDefault.xctoolchain/usr/bin/clang -x c -ivfsstatcache /Users/darisadam/Library/Developer/Xcode/DerivedData/SDKStatCaches.noindex/iphonesimulator26.1-23B77-3885c01c3e6b6a337905948deab2002e90cf18a4295e390e64c810bc6bd7acbc.sdkstatcache -fmessage-length\=0 -fdiagnostics-show-note-include-stack -fmacro-backtrace-limit\=0 -fno-color-diagnostics -fmodules-prune-interval\=86400 -fmodules-prune-after\=345600 -fbuild-session-file\=/Users/darisadam/Library/Developer/Xcode/DerivedData/ModuleCache.noindex/Session.modulevalidation -fmodules-validate-once-per-build-session -Wnon-modular-include-in-framework-module -Werror\=non-modular-include-in-framework-module -Wno-trigraphs -Wno-missing-field-initializers -Wno-missing-prototypes -Werror\=return-type -Wdocumentation -Wunreachable-code -Wquoted-include-in-framework-header -Werror\=deprecated-objc-isa-usage -Werror\=objc-root-class -Wno-missing-braces -Wparentheses -Wswitch -Wunused-function -Wno-unused-label -Wno-unused-parameter -Wunused-variable -Wunused-value -Wempty-body -Wuninitialized -Wconditional-uninitialized -Wno-unknown-pragmas -Wno-shadow -Wno-four-char-constants -Wno-conversion -Wconstant-conversion -Wint-conversion -Wbool-conversion -Wenum-conversion -Wno-float-conversion -Wnon-literal-null-conversion -Wobjc-literal-conversion -Wshorten-64-to-32 -Wpointer-sign -Wno-newline-eof -Wno-implicit-fallthrough -fstrict-aliasing -Wdeprecated-declarations -Wno-sign-conversion -Winfinite-recursion -Wcomma -Wblock-capture-autoreleasing -Wstrict-prototypes -Wno-semicolon-before-method-body -Wunguarded-availability -index-store-path /Users/darisadam/Library/Developer/Xcode/DerivedData/Madabank-hkohthnbjtgnoechirsoymtykttx/Index.noindex/DataStore @/Users/darisadam/Library/Developer/Xcode/DerivedData/Madabank-hkohthnbjtgnoechirsoymtykttx/Build/Intermediates.noindex/Cards.build/Debug-iphonesimulator/Cards.build/Objects-normal/arm64/7187679823f38a2a940e0043cdf9d637-common-args.resp -MMD -MT dependencies -MF /Users/darisadam/Library/Developer/Xcode/DerivedData/Madabank-hkohthnbjtgnoechirsoymtykttx/Build/Intermediates.noindex/Cards.build/Debug-iphonesimulator/Cards.build/Objects-normal/arm64/Cards_vers.d --serialize-diagnostics /Users/darisadam/Library/Developer/Xcode/DerivedData/Madabank-hkohthnbjtgnoechirsoymtykttx/Build/Intermediates.noindex/Cards.build/Debug-iphonesimulator/Cards.build/Objects-normal/arm64/Cards_vers.dia -c /Users/darisadam/Library/Developer/Xcode/DerivedData/Madabank-hkohthnbjtgnoechirsoymtykttx/Build/Intermediates.noindex/Cards.build/Debug-iphonesimulator/Cards.build/DerivedSources/Cards_vers.c -o /Users/darisadam/Library/Developer/Xcode/DerivedData/Madabank-hkohthnbjtgnoechirsoymtykttx/Build/Intermediates.noindex/Cards.build/Debug-iphonesimulator/Cards.build/Objects-normal/arm64/Cards_vers.o -index-unit-output-path /Cards.build/Debug-iphonesimulator/Cards.build/Objects-normal/arm64/Cards_vers.o

CompileC /Users/darisadam/Library/Developer/Xcode/DerivedData/Madabank-hkohthnbjtgnoechirsoymtykttx/Build/Intermediates.noindex/Auth.build/Debug-iphonesimulator/Auth.build/Objects-normal/arm64/Auth_vers.o /Users/darisadam/Library/Developer/Xcode/DerivedData/Madabank-hkohthnbjtgnoechirsoymtykttx/Build/Intermediates.noindex/Auth.build/Debug-iphonesimulator/Auth.build/DerivedSources/Auth_vers.c normal arm64 c com.apple.compilers.llvm.clang.1_0.compiler (in target 'Auth' from project 'Auth')
    cd /Users/darisadam/Documents/Projects/iOS\ Apps/madabank-ios/Madabank/Modules/Features/Auth
    
    Using response file: /Users/darisadam/Library/Developer/Xcode/DerivedData/Madabank-hkohthnbjtgnoechirsoymtykttx/Build/Intermediates.noindex/Auth.build/Debug-iphonesimulator/Auth.build/Objects-normal/arm64/7187679823f38a2a940e0043cdf9d637-common-args.resp
    
    /Applications/Xcode.app/Contents/Developer/Toolchains/XcodeDefault.xctoolchain/usr/bin/clang -x c -ivfsstatcache /Users/darisadam/Library/Developer/Xcode/DerivedData/SDKStatCaches.noindex/iphonesimulator26.1-23B77-3885c01c3e6b6a337905948deab2002e90cf18a4295e390e64c810bc6bd7acbc.sdkstatcache -fmessage-length\=0 -fdiagnostics-show-note-include-stack -fmacro-backtrace-limit\=0 -fno-color-diagnostics -fmodules-prune-interval\=86400 -fmodules-prune-after\=345600 -fbuild-session-file\=/Users/darisadam/Library/Developer/Xcode/DerivedData/ModuleCache.noindex/Session.modulevalidation -fmodules-validate-once-per-build-session -Wnon-modular-include-in-framework-module -Werror\=non-modular-include-in-framework-module -Wno-trigraphs -Wno-missing-field-initializers -Wno-missing-prototypes -Werror\=return-type -Wdocumentation -Wunreachable-code -Wquoted-include-in-framework-header -Werror\=deprecated-objc-isa-usage -Werror\=objc-root-class -Wno-missing-braces -Wparentheses -Wswitch -Wunused-function -Wno-unused-label -Wno-unused-parameter -Wunused-variable -Wunused-value -Wempty-body -Wuninitialized -Wconditional-uninitialized -Wno-unknown-pragmas -Wno-shadow -Wno-four-char-constants -Wno-conversion -Wconstant-conversion -Wint-conversion -Wbool-conversion -Wenum-conversion -Wno-float-conversion -Wnon-literal-null-conversion -Wobjc-literal-conversion -Wshorten-64-to-32 -Wpointer-sign -Wno-newline-eof -Wno-implicit-fallthrough -fstrict-aliasing -Wdeprecated-declarations -Wno-sign-conversion -Winfinite-recursion -Wcomma -Wblock-capture-autoreleasing -Wstrict-prototypes -Wno-semicolon-before-method-body -Wunguarded-availability -index-store-path /Users/darisadam/Library/Developer/Xcode/DerivedData/Madabank-hkohthnbjtgnoechirsoymtykttx/Index.noindex/DataStore @/Users/darisadam/Library/Developer/Xcode/DerivedData/Madabank-hkohthnbjtgnoechirsoymtykttx/Build/Intermediates.noindex/Auth.build/Debug-iphonesimulator/Auth.build/Objects-normal/arm64/7187679823f38a2a940e0043cdf9d637-common-args.resp -MMD -MT dependencies -MF /Users/darisadam/Library/Developer/Xcode/DerivedData/Madabank-hkohthnbjtgnoechirsoymtykttx/Build/Intermediates.noindex/Auth.build/Debug-iphonesimulator/Auth.build/Objects-normal/arm64/Auth_vers.d --serialize-diagnostics /Users/darisadam/Library/Developer/Xcode/DerivedData/Madabank-hkohthnbjtgnoechirsoymtykttx/Build/Intermediates.noindex/Auth.build/Debug-iphonesimulator/Auth.build/Objects-normal/arm64/Auth_vers.dia -c /Users/darisadam/Library/Developer/Xcode/DerivedData/Madabank-hkohthnbjtgnoechirsoymtykttx/Build/Intermediates.noindex/Auth.build/Debug-iphonesimulator/Auth.build/DerivedSources/Auth_vers.c -o /Users/darisadam/Library/Developer/Xcode/DerivedData/Madabank-hkohthnbjtgnoechirsoymtykttx/Build/Intermediates.noindex/Auth.build/Debug-iphonesimulator/Auth.build/Objects-normal/arm64/Auth_vers.o -index-unit-output-path /Auth.build/Debug-iphonesimulator/Auth.build/Objects-normal/arm64/Auth_vers.o

Ld /Users/darisadam/Library/Developer/Xcode/DerivedData/Madabank-hkohthnbjtgnoechirsoymtykttx/Build/Products/Debug-iphonesimulator/Home.framework/Home normal (in target 'Home' from project 'Home')
    cd /Users/darisadam/Documents/Projects/iOS\ Apps/madabank-ios/Madabank/Modules/Features/Home
    /Applications/Xcode.app/Contents/Developer/Toolchains/XcodeDefault.xctoolchain/usr/bin/clang -Xlinker -reproducible -target arm64-apple-ios15.0-simulator -dynamiclib -isysroot /Applications/Xcode.app/Contents/Developer/Platforms/iPhoneSimulator.platform/Developer/SDKs/iPhoneSimulator26.1.sdk -O0 -L/Users/darisadam/Library/Developer/Xcode/DerivedData/Madabank-hkohthnbjtgnoechirsoymtykttx/Build/Intermediates.noindex/EagerLinkingTBDs/Debug-iphonesimulator -L/Users/darisadam/Library/Developer/Xcode/DerivedData/Madabank-hkohthnbjtgnoechirsoymtykttx/Build/Products/Debug-iphonesimulator -F/Users/darisadam/Library/Developer/Xcode/DerivedData/Madabank-hkohthnbjtgnoechirsoymtykttx/Build/Intermediates.noindex/EagerLinkingTBDs/Debug-iphonesimulator -F/Users/darisadam/Library/Developer/Xcode/DerivedData/Madabank-hkohthnbjtgnoechirsoymtykttx/Build/Products/Debug-iphonesimulator -filelist /Users/darisadam/Library/Developer/Xcode/DerivedData/Madabank-hkohthnbjtgnoechirsoymtykttx/Build/Intermediates.noindex/Home.build/Debug-iphonesimulator/Home.build/Objects-normal/arm64/Home.LinkFileList -install_name @rpath/Home.framework/Home -Xlinker -rpath -Xlinker /usr/lib/swift -Xlinker -rpath -Xlinker @executable_path/Frameworks -Xlinker -rpath -Xlinker @loader_path/Frameworks -dead_strip -Xlinker -object_path_lto -Xlinker /Users/darisadam/Library/Developer/Xcode/DerivedData/Madabank-hkohthnbjtgnoechirsoymtykttx/Build/Intermediates.noindex/Home.build/Debug-iphonesimulator/Home.build/Objects-normal/arm64/Home_lto.o -rdynamic -Xlinker -no_deduplicate -Xlinker -objc_abi_version -Xlinker 2 -Xlinker -dependency_info -Xlinker /Users/darisadam/Library/Developer/Xcode/DerivedData/Madabank-hkohthnbjtgnoechirsoymtykttx/Build/Intermediates.noindex/Home.build/Debug-iphonesimulator/Home.build/Objects-normal/arm64/Home_dependency_info.dat -fobjc-link-runtime -L/Applications/Xcode.app/Contents/Developer/Toolchains/XcodeDefault.xctoolchain/usr/lib/swift/iphonesimulator -L/usr/lib/swift -Xlinker -add_ast_path -Xlinker /Users/darisadam/Library/Developer/Xcode/DerivedData/Madabank-hkohthnbjtgnoechirsoymtykttx/Build/Intermediates.noindex/Home.build/Debug-iphonesimulator/Home.build/Objects-normal/arm64/Home.swiftmodule @/Users/darisadam/Library/Developer/Xcode/DerivedData/Madabank-hkohthnbjtgnoechirsoymtykttx/Build/Intermediates.noindex/Home.build/Debug-iphonesimulator/Home.build/Objects-normal/arm64/Home-linker-args.resp -framework CommonUI -framework Data -framework Domain -framework RxCocoa -framework RxSwift -Xlinker -no_adhoc_codesign -compatibility_version 1 -current_version 1 -o /Users/darisadam/Library/Developer/Xcode/DerivedData/Madabank-hkohthnbjtgnoechirsoymtykttx/Build/Products/Debug-iphonesimulator/Home.framework/Home

SwiftDriverJobDiscovery normal arm64 Compiling RegisterViewController.swift (in target 'Auth' from project 'Auth')

CompileC /Users/darisadam/Library/Developer/Xcode/DerivedData/Madabank-hkohthnbjtgnoechirsoymtykttx/Build/Intermediates.noindex/Accounts.build/Debug-iphonesimulator/Accounts.build/Objects-normal/arm64/Accounts_vers.o /Users/darisadam/Library/Developer/Xcode/DerivedData/Madabank-hkohthnbjtgnoechirsoymtykttx/Build/Intermediates.noindex/Accounts.build/Debug-iphonesimulator/Accounts.build/DerivedSources/Accounts_vers.c normal arm64 c com.apple.compilers.llvm.clang.1_0.compiler (in target 'Accounts' from project 'Accounts')
    cd /Users/darisadam/Documents/Projects/iOS\ Apps/madabank-ios/Madabank/Modules/Features/Accounts
    
    Using response file: /Users/darisadam/Library/Developer/Xcode/DerivedData/Madabank-hkohthnbjtgnoechirsoymtykttx/Build/Intermediates.noindex/Accounts.build/Debug-iphonesimulator/Accounts.build/Objects-normal/arm64/7187679823f38a2a940e0043cdf9d637-common-args.resp
    
    /Applications/Xcode.app/Contents/Developer/Toolchains/XcodeDefault.xctoolchain/usr/bin/clang -x c -ivfsstatcache /Users/darisadam/Library/Developer/Xcode/DerivedData/SDKStatCaches.noindex/iphonesimulator26.1-23B77-3885c01c3e6b6a337905948deab2002e90cf18a4295e390e64c810bc6bd7acbc.sdkstatcache -fmessage-length\=0 -fdiagnostics-show-note-include-stack -fmacro-backtrace-limit\=0 -fno-color-diagnostics -fmodules-prune-interval\=86400 -fmodules-prune-after\=345600 -fbuild-session-file\=/Users/darisadam/Library/Developer/Xcode/DerivedData/ModuleCache.noindex/Session.modulevalidation -fmodules-validate-once-per-build-session -Wnon-modular-include-in-framework-module -Werror\=non-modular-include-in-framework-module -Wno-trigraphs -Wno-missing-field-initializers -Wno-missing-prototypes -Werror\=return-type -Wdocumentation -Wunreachable-code -Wquoted-include-in-framework-header -Werror\=deprecated-objc-isa-usage -Werror\=objc-root-class -Wno-missing-braces -Wparentheses -Wswitch -Wunused-function -Wno-unused-label -Wno-unused-parameter -Wunused-variable -Wunused-value -Wempty-body -Wuninitialized -Wconditional-uninitialized -Wno-unknown-pragmas -Wno-shadow -Wno-four-char-constants -Wno-conversion -Wconstant-conversion -Wint-conversion -Wbool-conversion -Wenum-conversion -Wno-float-conversion -Wnon-literal-null-conversion -Wobjc-literal-conversion -Wshorten-64-to-32 -Wpointer-sign -Wno-newline-eof -Wno-implicit-fallthrough -fstrict-aliasing -Wdeprecated-declarations -Wno-sign-conversion -Winfinite-recursion -Wcomma -Wblock-capture-autoreleasing -Wstrict-prototypes -Wno-semicolon-before-method-body -Wunguarded-availability -index-store-path /Users/darisadam/Library/Developer/Xcode/DerivedData/Madabank-hkohthnbjtgnoechirsoymtykttx/Index.noindex/DataStore @/Users/darisadam/Library/Developer/Xcode/DerivedData/Madabank-hkohthnbjtgnoechirsoymtykttx/Build/Intermediates.noindex/Accounts.build/Debug-iphonesimulator/Accounts.build/Objects-normal/arm64/7187679823f38a2a940e0043cdf9d637-common-args.resp -MMD -MT dependencies -MF /Users/darisadam/Library/Developer/Xcode/DerivedData/Madabank-hkohthnbjtgnoechirsoymtykttx/Build/Intermediates.noindex/Accounts.build/Debug-iphonesimulator/Accounts.build/Objects-normal/arm64/Accounts_vers.d --serialize-diagnostics /Users/darisadam/Library/Developer/Xcode/DerivedData/Madabank-hkohthnbjtgnoechirsoymtykttx/Build/Intermediates.noindex/Accounts.build/Debug-iphonesimulator/Accounts.build/Objects-normal/arm64/Accounts_vers.dia -c /Users/darisadam/Library/Developer/Xcode/DerivedData/Madabank-hkohthnbjtgnoechirsoymtykttx/Build/Intermediates.noindex/Accounts.build/Debug-iphonesimulator/Accounts.build/DerivedSources/Accounts_vers.c -o /Users/darisadam/Library/Developer/Xcode/DerivedData/Madabank-hkohthnbjtgnoechirsoymtykttx/Build/Intermediates.noindex/Accounts.build/Debug-iphonesimulator/Accounts.build/Objects-normal/arm64/Accounts_vers.o -index-unit-output-path /Accounts.build/Debug-iphonesimulator/Accounts.build/Objects-normal/arm64/Accounts_vers.o

Ld /Users/darisadam/Library/Developer/Xcode/DerivedData/Madabank-hkohthnbjtgnoechirsoymtykttx/Build/Products/Debug-iphonesimulator/Cards.framework/Cards normal (in target 'Cards' from project 'Cards')
    cd /Users/darisadam/Documents/Projects/iOS\ Apps/madabank-ios/Madabank/Modules/Features/Cards
    /Applications/Xcode.app/Contents/Developer/Toolchains/XcodeDefault.xctoolchain/usr/bin/clang -Xlinker -reproducible -target arm64-apple-ios15.0-simulator -dynamiclib -isysroot /Applications/Xcode.app/Contents/Developer/Platforms/iPhoneSimulator.platform/Developer/SDKs/iPhoneSimulator26.1.sdk -O0 -L/Users/darisadam/Library/Developer/Xcode/DerivedData/Madabank-hkohthnbjtgnoechirsoymtykttx/Build/Intermediates.noindex/EagerLinkingTBDs/Debug-iphonesimulator -L/Users/darisadam/Library/Developer/Xcode/DerivedData/Madabank-hkohthnbjtgnoechirsoymtykttx/Build/Products/Debug-iphonesimulator -F/Users/darisadam/Library/Developer/Xcode/DerivedData/Madabank-hkohthnbjtgnoechirsoymtykttx/Build/Intermediates.noindex/EagerLinkingTBDs/Debug-iphonesimulator -F/Users/darisadam/Library/Developer/Xcode/DerivedData/Madabank-hkohthnbjtgnoechirsoymtykttx/Build/Products/Debug-iphonesimulator -filelist /Users/darisadam/Library/Developer/Xcode/DerivedData/Madabank-hkohthnbjtgnoechirsoymtykttx/Build/Intermediates.noindex/Cards.build/Debug-iphonesimulator/Cards.build/Objects-normal/arm64/Cards.LinkFileList -install_name @rpath/Cards.framework/Cards -Xlinker -rpath -Xlinker /usr/lib/swift -Xlinker -rpath -Xlinker @executable_path/Frameworks -Xlinker -rpath -Xlinker @loader_path/Frameworks -dead_strip -Xlinker -object_path_lto -Xlinker /Users/darisadam/Library/Developer/Xcode/DerivedData/Madabank-hkohthnbjtgnoechirsoymtykttx/Build/Intermediates.noindex/Cards.build/Debug-iphonesimulator/Cards.build/Objects-normal/arm64/Cards_lto.o -rdynamic -Xlinker -no_deduplicate -Xlinker -objc_abi_version -Xlinker 2 -Xlinker -dependency_info -Xlinker /Users/darisadam/Library/Developer/Xcode/DerivedData/Madabank-hkohthnbjtgnoechirsoymtykttx/Build/Intermediates.noindex/Cards.build/Debug-iphonesimulator/Cards.build/Objects-normal/arm64/Cards_dependency_info.dat -fobjc-link-runtime -L/Applications/Xcode.app/Contents/Developer/Toolchains/XcodeDefault.xctoolchain/usr/lib/swift/iphonesimulator -L/usr/lib/swift -Xlinker -add_ast_path -Xlinker /Users/darisadam/Library/Developer/Xcode/DerivedData/Madabank-hkohthnbjtgnoechirsoymtykttx/Build/Intermediates.noindex/Cards.build/Debug-iphonesimulator/Cards.build/Objects-normal/arm64/Cards.swiftmodule @/Users/darisadam/Library/Developer/Xcode/DerivedData/Madabank-hkohthnbjtgnoechirsoymtykttx/Build/Intermediates.noindex/Cards.build/Debug-iphonesimulator/Cards.build/Objects-normal/arm64/Cards-linker-args.resp -framework CommonUI -framework Data -framework Domain -framework RxCocoa -framework RxSwift -Xlinker -no_adhoc_codesign -compatibility_version 1 -current_version 1 -o /Users/darisadam/Library/Developer/Xcode/DerivedData/Madabank-hkohthnbjtgnoechirsoymtykttx/Build/Products/Debug-iphonesimulator/Cards.framework/Cards

SwiftDriverJobDiscovery normal arm64 Compiling Accounts.swift (in target 'Accounts' from project 'Accounts')

SwiftDriverJobDiscovery normal arm64 Compiling LoginViewController.swift (in target 'Auth' from project 'Auth')

SwiftDriver\ Compilation Auth normal arm64 com.apple.xcode.tools.swift.compiler (in target 'Auth' from project 'Auth')
    cd /Users/darisadam/Documents/Projects/iOS\ Apps/madabank-ios/Madabank/Modules/Features/Auth
    builtin-Swift-Compilation -- /Applications/Xcode.app/Contents/Developer/Toolchains/XcodeDefault.xctoolchain/usr/bin/swiftc -module-name Auth -Onone -enforce-exclusivity\=checked @/Users/darisadam/Library/Developer/Xcode/DerivedData/Madabank-hkohthnbjtgnoechirsoymtykttx/Build/Intermediates.noindex/Auth.build/Debug-iphonesimulator/Auth.build/Objects-normal/arm64/Auth.SwiftFileList -DDEBUG -Xcc -fmodule-map-file\=/Users/darisadam/Documents/Projects/iOS\ Apps/madabank-ios/Madabank/Modules/Features/Auth/../../../Tuist/.build/tuist-derived/RxCocoaRuntime/RxCocoaRuntime.modulemap -enable-bare-slash-regex -enable-experimental-feature DebugDescriptionMacro -sdk /Applications/Xcode.app/Contents/Developer/Platforms/iPhoneSimulator.platform/Developer/SDKs/iPhoneSimulator26.1.sdk -target arm64-apple-ios15.0-simulator -g -module-cache-path /Users/darisadam/Library/Developer/Xcode/DerivedData/ModuleCache.noindex -Xfrontend -serialize-debugging-options -enable-testing -index-store-path /Users/darisadam/Library/Developer/Xcode/DerivedData/Madabank-hkohthnbjtgnoechirsoymtykttx/Index.noindex/DataStore -Xcc -D_LIBCPP_HARDENING_MODE\=_LIBCPP_HARDENING_MODE_DEBUG -swift-version 5 -I /Users/darisadam/Library/Developer/Xcode/DerivedData/Madabank-hkohthnbjtgnoechirsoymtykttx/Build/Products/Debug-iphonesimulator -F /Users/darisadam/Library/Developer/Xcode/DerivedData/Madabank-hkohthnbjtgnoechirsoymtykttx/Build/Products/Debug-iphonesimulator -c -j8 -enable-batch-mode -incremental -Xcc -ivfsstatcache -Xcc /Users/darisadam/Library/Developer/Xcode/DerivedData/SDKStatCaches.noindex/iphonesimulator26.1-23B77-3885c01c3e6b6a337905948deab2002e90cf18a4295e390e64c810bc6bd7acbc.sdkstatcache -output-file-map /Users/darisadam/Library/Developer/Xcode/DerivedData/Madabank-hkohthnbjtgnoechirsoymtykttx/Build/Intermediates.noindex/Auth.build/Debug-iphonesimulator/Auth.build/Objects-normal/arm64/Auth-OutputFileMap.json -use-frontend-parseable-output -save-temps -no-color-diagnostics -explicit-module-build -module-cache-path /Users/darisadam/Library/Developer/Xcode/DerivedData/Madabank-hkohthnbjtgnoechirsoymtykttx/Build/Intermediates.noindex/SwiftExplicitPrecompiledModules -clang-scanner-module-cache-path /Users/darisadam/Library/Developer/Xcode/DerivedData/ModuleCache.noindex -sdk-module-cache-path /Users/darisadam/Library/Developer/Xcode/DerivedData/ModuleCache.noindex -serialize-diagnostics -emit-dependencies -emit-module -emit-module-path /Users/darisadam/Library/Developer/Xcode/DerivedData/Madabank-hkohthnbjtgnoechirsoymtykttx/Build/Intermediates.noindex/Auth.build/Debug-iphonesimulator/Auth.build/Objects-normal/arm64/Auth.swiftmodule -validate-clang-modules-once -clang-build-session-file /Users/darisadam/Library/Developer/Xcode/DerivedData/ModuleCache.noindex/Session.modulevalidation -Xcc -I/Users/darisadam/Library/Developer/Xcode/DerivedData/Madabank-hkohthnbjtgnoechirsoymtykttx/Build/Intermediates.noindex/Auth.build/Debug-iphonesimulator/Auth.build/swift-overrides.hmap -emit-const-values -Xfrontend -const-gather-protocols-file -Xfrontend /Users/darisadam/Library/Developer/Xcode/DerivedData/Madabank-hkohthnbjtgnoechirsoymtykttx/Build/Intermediates.noindex/Auth.build/Debug-iphonesimulator/Auth.build/Objects-normal/arm64/Auth_const_extract_protocols.json -Xcc -iquote -Xcc /Users/darisadam/Library/Developer/Xcode/DerivedData/Madabank-hkohthnbjtgnoechirsoymtykttx/Build/Intermediates.noindex/Auth.build/Debug-iphonesimulator/Auth.build/Auth-generated-files.hmap -Xcc -I/Users/darisadam/Library/Developer/Xcode/DerivedData/Madabank-hkohthnbjtgnoechirsoymtykttx/Build/Intermediates.noindex/Auth.build/Debug-iphonesimulator/Auth.build/Auth-own-target-headers.hmap -Xcc -I/Users/darisadam/Library/Developer/Xcode/DerivedData/Madabank-hkohthnbjtgnoechirsoymtykttx/Build/Intermediates.noindex/Auth.build/Debug-iphonesimulator/Auth.build/Auth-all-non-framework-target-headers.hmap -Xcc -ivfsoverlay -Xcc /Users/darisadam/Library/Developer/Xcode/DerivedData/Madabank-hkohthnbjtgnoechirsoymtykttx/Build/Intermediates.noindex/Auth.build/Debug-iphonesimulator/Auth-efebe515434371d957c6500bccba7404-VFS-iphonesimulator/all-product-headers.yaml -Xcc -iquote -Xcc /Users/darisadam/Library/Developer/Xcode/DerivedData/Madabank-hkohthnbjtgnoechirsoymtykttx/Build/Intermediates.noindex/Auth.build/Debug-iphonesimulator/Auth.build/Auth-project-headers.hmap -Xcc -I/Users/darisadam/Library/Developer/Xcode/DerivedData/Madabank-hkohthnbjtgnoechirsoymtykttx/Build/Products/Debug-iphonesimulator/include -Xcc -I/Users/darisadam/Documents/Projects/iOS\ Apps/madabank-ios/Madabank/Tuist/.build/checkouts/RxSwift/Sources/RxCocoaRuntime/include -Xcc -I/Users/darisadam/Library/Developer/Xcode/DerivedData/Madabank-hkohthnbjtgnoechirsoymtykttx/Build/Intermediates.noindex/Auth.build/Debug-iphonesimulator/Auth.build/DerivedSources-normal/arm64 -Xcc -I/Users/darisadam/Library/Developer/Xcode/DerivedData/Madabank-hkohthnbjtgnoechirsoymtykttx/Build/Intermediates.noindex/Auth.build/Debug-iphonesimulator/Auth.build/DerivedSources/arm64 -Xcc -I/Users/darisadam/Library/Developer/Xcode/DerivedData/Madabank-hkohthnbjtgnoechirsoymtykttx/Build/Intermediates.noindex/Auth.build/Debug-iphonesimulator/Auth.build/DerivedSources -Xcc -DDEBUG\=1 -emit-objc-header -emit-objc-header-path /Users/darisadam/Library/Developer/Xcode/DerivedData/Madabank-hkohthnbjtgnoechirsoymtykttx/Build/Intermediates.noindex/Auth.build/Debug-iphonesimulator/Auth.build/Objects-normal/arm64/Auth-Swift.h -working-directory /Users/darisadam/Documents/Projects/iOS\ Apps/madabank-ios/Madabank/Modules/Features/Auth -experimental-emit-module-separately -disable-cmo

Ld /Users/darisadam/Library/Developer/Xcode/DerivedData/Madabank-hkohthnbjtgnoechirsoymtykttx/Build/Products/Debug-iphonesimulator/Auth.framework/Auth normal (in target 'Auth' from project 'Auth')
    cd /Users/darisadam/Documents/Projects/iOS\ Apps/madabank-ios/Madabank/Modules/Features/Auth
    /Applications/Xcode.app/Contents/Developer/Toolchains/XcodeDefault.xctoolchain/usr/bin/clang -Xlinker -reproducible -target arm64-apple-ios15.0-simulator -dynamiclib -isysroot /Applications/Xcode.app/Contents/Developer/Platforms/iPhoneSimulator.platform/Developer/SDKs/iPhoneSimulator26.1.sdk -O0 -L/Users/darisadam/Library/Developer/Xcode/DerivedData/Madabank-hkohthnbjtgnoechirsoymtykttx/Build/Intermediates.noindex/EagerLinkingTBDs/Debug-iphonesimulator -L/Users/darisadam/Library/Developer/Xcode/DerivedData/Madabank-hkohthnbjtgnoechirsoymtykttx/Build/Products/Debug-iphonesimulator -F/Users/darisadam/Library/Developer/Xcode/DerivedData/Madabank-hkohthnbjtgnoechirsoymtykttx/Build/Intermediates.noindex/EagerLinkingTBDs/Debug-iphonesimulator -F/Users/darisadam/Library/Developer/Xcode/DerivedData/Madabank-hkohthnbjtgnoechirsoymtykttx/Build/Products/Debug-iphonesimulator -filelist /Users/darisadam/Library/Developer/Xcode/DerivedData/Madabank-hkohthnbjtgnoechirsoymtykttx/Build/Intermediates.noindex/Auth.build/Debug-iphonesimulator/Auth.build/Objects-normal/arm64/Auth.LinkFileList -install_name @rpath/Auth.framework/Auth -Xlinker -rpath -Xlinker /usr/lib/swift -Xlinker -rpath -Xlinker @executable_path/Frameworks -Xlinker -rpath -Xlinker @loader_path/Frameworks -dead_strip -Xlinker -object_path_lto -Xlinker /Users/darisadam/Library/Developer/Xcode/DerivedData/Madabank-hkohthnbjtgnoechirsoymtykttx/Build/Intermediates.noindex/Auth.build/Debug-iphonesimulator/Auth.build/Objects-normal/arm64/Auth_lto.o -rdynamic -Xlinker -no_deduplicate -Xlinker -objc_abi_version -Xlinker 2 -Xlinker -dependency_info -Xlinker /Users/darisadam/Library/Developer/Xcode/DerivedData/Madabank-hkohthnbjtgnoechirsoymtykttx/Build/Intermediates.noindex/Auth.build/Debug-iphonesimulator/Auth.build/Objects-normal/arm64/Auth_dependency_info.dat -fobjc-link-runtime -L/Applications/Xcode.app/Contents/Developer/Toolchains/XcodeDefault.xctoolchain/usr/lib/swift/iphonesimulator -L/usr/lib/swift -Xlinker -add_ast_path -Xlinker /Users/darisadam/Library/Developer/Xcode/DerivedData/Madabank-hkohthnbjtgnoechirsoymtykttx/Build/Intermediates.noindex/Auth.build/Debug-iphonesimulator/Auth.build/Objects-normal/arm64/Auth.swiftmodule @/Users/darisadam/Library/Developer/Xcode/DerivedData/Madabank-hkohthnbjtgnoechirsoymtykttx/Build/Intermediates.noindex/Auth.build/Debug-iphonesimulator/Auth.build/Objects-normal/arm64/Auth-linker-args.resp -framework CommonUI -framework Data -framework Domain -framework RxCocoa -framework RxSwift -Xlinker -no_adhoc_codesign -compatibility_version 1 -current_version 1 -o /Users/darisadam/Library/Developer/Xcode/DerivedData/Madabank-hkohthnbjtgnoechirsoymtykttx/Build/Products/Debug-iphonesimulator/Auth.framework/Auth

SwiftDriverJobDiscovery normal arm64 Compiling AccountDetailViewController.swift (in target 'Accounts' from project 'Accounts')

SwiftDriver\ Compilation Accounts normal arm64 com.apple.xcode.tools.swift.compiler (in target 'Accounts' from project 'Accounts')
    cd /Users/darisadam/Documents/Projects/iOS\ Apps/madabank-ios/Madabank/Modules/Features/Accounts
    builtin-Swift-Compilation -- /Applications/Xcode.app/Contents/Developer/Toolchains/XcodeDefault.xctoolchain/usr/bin/swiftc -module-name Accounts -Onone -enforce-exclusivity\=checked @/Users/darisadam/Library/Developer/Xcode/DerivedData/Madabank-hkohthnbjtgnoechirsoymtykttx/Build/Intermediates.noindex/Accounts.build/Debug-iphonesimulator/Accounts.build/Objects-normal/arm64/Accounts.SwiftFileList -DDEBUG -Xcc -fmodule-map-file\=/Users/darisadam/Documents/Projects/iOS\ Apps/madabank-ios/Madabank/Modules/Features/Accounts/../../../Tuist/.build/tuist-derived/RxCocoaRuntime/RxCocoaRuntime.modulemap -enable-bare-slash-regex -enable-experimental-feature DebugDescriptionMacro -sdk /Applications/Xcode.app/Contents/Developer/Platforms/iPhoneSimulator.platform/Developer/SDKs/iPhoneSimulator26.1.sdk -target arm64-apple-ios15.0-simulator -g -module-cache-path /Users/darisadam/Library/Developer/Xcode/DerivedData/ModuleCache.noindex -Xfrontend -serialize-debugging-options -enable-testing -index-store-path /Users/darisadam/Library/Developer/Xcode/DerivedData/Madabank-hkohthnbjtgnoechirsoymtykttx/Index.noindex/DataStore -Xcc -D_LIBCPP_HARDENING_MODE\=_LIBCPP_HARDENING_MODE_DEBUG -swift-version 5 -I /Users/darisadam/Library/Developer/Xcode/DerivedData/Madabank-hkohthnbjtgnoechirsoymtykttx/Build/Products/Debug-iphonesimulator -F /Users/darisadam/Library/Developer/Xcode/DerivedData/Madabank-hkohthnbjtgnoechirsoymtykttx/Build/Products/Debug-iphonesimulator -c -j8 -enable-batch-mode -incremental -Xcc -ivfsstatcache -Xcc /Users/darisadam/Library/Developer/Xcode/DerivedData/SDKStatCaches.noindex/iphonesimulator26.1-23B77-3885c01c3e6b6a337905948deab2002e90cf18a4295e390e64c810bc6bd7acbc.sdkstatcache -output-file-map /Users/darisadam/Library/Developer/Xcode/DerivedData/Madabank-hkohthnbjtgnoechirsoymtykttx/Build/Intermediates.noindex/Accounts.build/Debug-iphonesimulator/Accounts.build/Objects-normal/arm64/Accounts-OutputFileMap.json -use-frontend-parseable-output -save-temps -no-color-diagnostics -explicit-module-build -module-cache-path /Users/darisadam/Library/Developer/Xcode/DerivedData/Madabank-hkohthnbjtgnoechirsoymtykttx/Build/Intermediates.noindex/SwiftExplicitPrecompiledModules -clang-scanner-module-cache-path /Users/darisadam/Library/Developer/Xcode/DerivedData/ModuleCache.noindex -sdk-module-cache-path /Users/darisadam/Library/Developer/Xcode/DerivedData/ModuleCache.noindex -serialize-diagnostics -emit-dependencies -emit-module -emit-module-path /Users/darisadam/Library/Developer/Xcode/DerivedData/Madabank-hkohthnbjtgnoechirsoymtykttx/Build/Intermediates.noindex/Accounts.build/Debug-iphonesimulator/Accounts.build/Objects-normal/arm64/Accounts.swiftmodule -validate-clang-modules-once -clang-build-session-file /Users/darisadam/Library/Developer/Xcode/DerivedData/ModuleCache.noindex/Session.modulevalidation -Xcc -I/Users/darisadam/Library/Developer/Xcode/DerivedData/Madabank-hkohthnbjtgnoechirsoymtykttx/Build/Intermediates.noindex/Accounts.build/Debug-iphonesimulator/Accounts.build/swift-overrides.hmap -emit-const-values -Xfrontend -const-gather-protocols-file -Xfrontend /Users/darisadam/Library/Developer/Xcode/DerivedData/Madabank-hkohthnbjtgnoechirsoymtykttx/Build/Intermediates.noindex/Accounts.build/Debug-iphonesimulator/Accounts.build/Objects-normal/arm64/Accounts_const_extract_protocols.json -Xcc -iquote -Xcc /Users/darisadam/Library/Developer/Xcode/DerivedData/Madabank-hkohthnbjtgnoechirsoymtykttx/Build/Intermediates.noindex/Accounts.build/Debug-iphonesimulator/Accounts.build/Accounts-generated-files.hmap -Xcc -I/Users/darisadam/Library/Developer/Xcode/DerivedData/Madabank-hkohthnbjtgnoechirsoymtykttx/Build/Intermediates.noindex/Accounts.build/Debug-iphonesimulator/Accounts.build/Accounts-own-target-headers.hmap -Xcc -I/Users/darisadam/Library/Developer/Xcode/DerivedData/Madabank-hkohthnbjtgnoechirsoymtykttx/Build/Intermediates.noindex/Accounts.build/Debug-iphonesimulator/Accounts.build/Accounts-all-non-framework-target-headers.hmap -Xcc -ivfsoverlay -Xcc /Users/darisadam/Library/Developer/Xcode/DerivedData/Madabank-hkohthnbjtgnoechirsoymtykttx/Build/Intermediates.noindex/Accounts.build/Debug-iphonesimulator/Accounts-afd03eb4e8a16b20ea40c2cd0b146ac0-VFS-iphonesimulator/all-product-headers.yaml -Xcc -iquote -Xcc /Users/darisadam/Library/Developer/Xcode/DerivedData/Madabank-hkohthnbjtgnoechirsoymtykttx/Build/Intermediates.noindex/Accounts.build/Debug-iphonesimulator/Accounts.build/Accounts-project-headers.hmap -Xcc -I/Users/darisadam/Library/Developer/Xcode/DerivedData/Madabank-hkohthnbjtgnoechirsoymtykttx/Build/Products/Debug-iphonesimulator/include -Xcc -I/Users/darisadam/Documents/Projects/iOS\ Apps/madabank-ios/Madabank/Tuist/.build/checkouts/RxSwift/Sources/RxCocoaRuntime/include -Xcc -I/Users/darisadam/Library/Developer/Xcode/DerivedData/Madabank-hkohthnbjtgnoechirsoymtykttx/Build/Intermediates.noindex/Accounts.build/Debug-iphonesimulator/Accounts.build/DerivedSources-normal/arm64 -Xcc -I/Users/darisadam/Library/Developer/Xcode/DerivedData/Madabank-hkohthnbjtgnoechirsoymtykttx/Build/Intermediates.noindex/Accounts.build/Debug-iphonesimulator/Accounts.build/DerivedSources/arm64 -Xcc -I/Users/darisadam/Library/Developer/Xcode/DerivedData/Madabank-hkohthnbjtgnoechirsoymtykttx/Build/Intermediates.noindex/Accounts.build/Debug-iphonesimulator/Accounts.build/DerivedSources -Xcc -DDEBUG\=1 -emit-objc-header -emit-objc-header-path /Users/darisadam/Library/Developer/Xcode/DerivedData/Madabank-hkohthnbjtgnoechirsoymtykttx/Build/Intermediates.noindex/Accounts.build/Debug-iphonesimulator/Accounts.build/Objects-normal/arm64/Accounts-Swift.h -working-directory /Users/darisadam/Documents/Projects/iOS\ Apps/madabank-ios/Madabank/Modules/Features/Accounts -experimental-emit-module-separately -disable-cmo

Ld /Users/darisadam/Library/Developer/Xcode/DerivedData/Madabank-hkohthnbjtgnoechirsoymtykttx/Build/Products/Debug-iphonesimulator/Accounts.framework/Accounts normal (in target 'Accounts' from project 'Accounts')
    cd /Users/darisadam/Documents/Projects/iOS\ Apps/madabank-ios/Madabank/Modules/Features/Accounts
    /Applications/Xcode.app/Contents/Developer/Toolchains/XcodeDefault.xctoolchain/usr/bin/clang -Xlinker -reproducible -target arm64-apple-ios15.0-simulator -dynamiclib -isysroot /Applications/Xcode.app/Contents/Developer/Platforms/iPhoneSimulator.platform/Developer/SDKs/iPhoneSimulator26.1.sdk -O0 -L/Users/darisadam/Library/Developer/Xcode/DerivedData/Madabank-hkohthnbjtgnoechirsoymtykttx/Build/Intermediates.noindex/EagerLinkingTBDs/Debug-iphonesimulator -L/Users/darisadam/Library/Developer/Xcode/DerivedData/Madabank-hkohthnbjtgnoechirsoymtykttx/Build/Products/Debug-iphonesimulator -F/Users/darisadam/Library/Developer/Xcode/DerivedData/Madabank-hkohthnbjtgnoechirsoymtykttx/Build/Intermediates.noindex/EagerLinkingTBDs/Debug-iphonesimulator -F/Users/darisadam/Library/Developer/Xcode/DerivedData/Madabank-hkohthnbjtgnoechirsoymtykttx/Build/Products/Debug-iphonesimulator -filelist /Users/darisadam/Library/Developer/Xcode/DerivedData/Madabank-hkohthnbjtgnoechirsoymtykttx/Build/Intermediates.noindex/Accounts.build/Debug-iphonesimulator/Accounts.build/Objects-normal/arm64/Accounts.LinkFileList -install_name @rpath/Accounts.framework/Accounts -Xlinker -rpath -Xlinker /usr/lib/swift -Xlinker -rpath -Xlinker @executable_path/Frameworks -Xlinker -rpath -Xlinker @loader_path/Frameworks -dead_strip -Xlinker -object_path_lto -Xlinker /Users/darisadam/Library/Developer/Xcode/DerivedData/Madabank-hkohthnbjtgnoechirsoymtykttx/Build/Intermediates.noindex/Accounts.build/Debug-iphonesimulator/Accounts.build/Objects-normal/arm64/Accounts_lto.o -rdynamic -Xlinker -no_deduplicate -Xlinker -objc_abi_version -Xlinker 2 -Xlinker -dependency_info -Xlinker /Users/darisadam/Library/Developer/Xcode/DerivedData/Madabank-hkohthnbjtgnoechirsoymtykttx/Build/Intermediates.noindex/Accounts.build/Debug-iphonesimulator/Accounts.build/Objects-normal/arm64/Accounts_dependency_info.dat -fobjc-link-runtime -L/Applications/Xcode.app/Contents/Developer/Toolchains/XcodeDefault.xctoolchain/usr/lib/swift/iphonesimulator -L/usr/lib/swift -Xlinker -add_ast_path -Xlinker /Users/darisadam/Library/Developer/Xcode/DerivedData/Madabank-hkohthnbjtgnoechirsoymtykttx/Build/Intermediates.noindex/Accounts.build/Debug-iphonesimulator/Accounts.build/Objects-normal/arm64/Accounts.swiftmodule @/Users/darisadam/Library/Developer/Xcode/DerivedData/Madabank-hkohthnbjtgnoechirsoymtykttx/Build/Intermediates.noindex/Accounts.build/Debug-iphonesimulator/Accounts.build/Objects-normal/arm64/Accounts-linker-args.resp -framework CommonUI -framework Data -framework Domain -framework RxCocoa -framework RxSwift -Xlinker -no_adhoc_codesign -compatibility_version 1 -current_version 1 -o /Users/darisadam/Library/Developer/Xcode/DerivedData/Madabank-hkohthnbjtgnoechirsoymtykttx/Build/Products/Debug-iphonesimulator/Accounts.framework/Accounts

ExtractAppIntentsMetadata (in target 'Transactions' from project 'Transactions')
    cd /Users/darisadam/Documents/Projects/iOS\ Apps/madabank-ios/Madabank/Modules/Features/Transactions
    /Applications/Xcode.app/Contents/Developer/Toolchains/XcodeDefault.xctoolchain/usr/bin/appintentsmetadataprocessor --toolchain-dir /var/run/com.apple.security.cryptexd/mnt/com.apple.MobileAsset.MetalToolchain-v17.2.54.0.wH8bUi/Metal.xctoolchain --module-name Transactions --sdk-root /Applications/Xcode.app/Contents/Developer/Platforms/iPhoneSimulator.platform/Developer/SDKs/iPhoneSimulator26.1.sdk --xcode-version 17B100 --platform-family iOS --deployment-target 15.0 --bundle-identifier online.darisadam.transactions --output /Users/darisadam/Library/Developer/Xcode/DerivedData/Madabank-hkohthnbjtgnoechirsoymtykttx/Build/Products/Debug-iphonesimulator/Transactions.framework --target-triple arm64-apple-ios15.0-simulator --binary-file /Users/darisadam/Library/Developer/Xcode/DerivedData/Madabank-hkohthnbjtgnoechirsoymtykttx/Build/Products/Debug-iphonesimulator/Transactions.framework/Transactions --dependency-file /Users/darisadam/Library/Developer/Xcode/DerivedData/Madabank-hkohthnbjtgnoechirsoymtykttx/Build/Intermediates.noindex/Transactions.build/Debug-iphonesimulator/Transactions.build/Objects-normal/arm64/Transactions_dependency_info.dat --stringsdata-file /Users/darisadam/Library/Developer/Xcode/DerivedData/Madabank-hkohthnbjtgnoechirsoymtykttx/Build/Intermediates.noindex/Transactions.build/Debug-iphonesimulator/Transactions.build/Objects-normal/arm64/ExtractedAppShortcutsMetadata.stringsdata --source-file-list /Users/darisadam/Library/Developer/Xcode/DerivedData/Madabank-hkohthnbjtgnoechirsoymtykttx/Build/Intermediates.noindex/Transactions.build/Debug-iphonesimulator/Transactions.build/Objects-normal/arm64/Transactions.SwiftFileList --metadata-file-list /Users/darisadam/Library/Developer/Xcode/DerivedData/Madabank-hkohthnbjtgnoechirsoymtykttx/Build/Intermediates.noindex/Transactions.build/Debug-iphonesimulator/Transactions.build/Transactions.DependencyMetadataFileList --static-metadata-file-list /Users/darisadam/Library/Developer/Xcode/DerivedData/Madabank-hkohthnbjtgnoechirsoymtykttx/Build/Intermediates.noindex/Transactions.build/Debug-iphonesimulator/Transactions.build/Transactions.DependencyStaticMetadataFileList --swift-const-vals-list /Users/darisadam/Library/Developer/Xcode/DerivedData/Madabank-hkohthnbjtgnoechirsoymtykttx/Build/Intermediates.noindex/Transactions.build/Debug-iphonesimulator/Transactions.build/Objects-normal/arm64/Transactions.SwiftConstValuesFileList --compile-time-extraction --deployment-aware-processing --validate-assistant-intents --no-app-shortcuts-localization
2026-02-04 20:09:53.165 appintentsmetadataprocessor[15834:2559456] Starting appintentsmetadataprocessor export
2026-02-04 20:09:53.168 appintentsmetadataprocessor[15834:2559456] warning: Metadata extraction skipped. No AppIntents.framework dependency found.

GenerateTAPI /Users/darisadam/Library/Developer/Xcode/DerivedData/Madabank-hkohthnbjtgnoechirsoymtykttx/Build/Intermediates.noindex/EagerLinkingTBDs/Debug-iphonesimulator/Transactions.framework/Transactions.tbd (in target 'Transactions' from project 'Transactions')
    cd /Users/darisadam/Documents/Projects/iOS\ Apps/madabank-ios/Madabank/Modules/Features/Transactions
    /Applications/Xcode.app/Contents/Developer/Toolchains/XcodeDefault.xctoolchain/usr/bin/tapi stubify -isysroot /Applications/Xcode.app/Contents/Developer/Platforms/iPhoneSimulator.platform/Developer/SDKs/iPhoneSimulator26.1.sdk -F/Users/darisadam/Library/Developer/Xcode/DerivedData/Madabank-hkohthnbjtgnoechirsoymtykttx/Build/Products/Debug-iphonesimulator -L/Users/darisadam/Library/Developer/Xcode/DerivedData/Madabank-hkohthnbjtgnoechirsoymtykttx/Build/Products/Debug-iphonesimulator /Users/darisadam/Library/Developer/Xcode/DerivedData/Madabank-hkohthnbjtgnoechirsoymtykttx/Build/Products/Debug-iphonesimulator/Transactions.framework/Transactions -o /Users/darisadam/Library/Developer/Xcode/DerivedData/Madabank-hkohthnbjtgnoechirsoymtykttx/Build/Intermediates.noindex/EagerLinkingTBDs/Debug-iphonesimulator/Transactions.framework/Transactions.tbd

CodeSign /Users/darisadam/Library/Developer/Xcode/DerivedData/Madabank-hkohthnbjtgnoechirsoymtykttx/Build/Products/Debug-iphonesimulator/Transactions.framework (in target 'Transactions' from project 'Transactions')
    cd /Users/darisadam/Documents/Projects/iOS\ Apps/madabank-ios/Madabank/Modules/Features/Transactions
    
    Signing Identity:     "Sign to Run Locally"
    
    /usr/bin/codesign --force --sign - --timestamp\=none --generate-entitlement-der /Users/darisadam/Library/Developer/Xcode/DerivedData/Madabank-hkohthnbjtgnoechirsoymtykttx/Build/Products/Debug-iphonesimulator/Transactions.framework

ExtractAppIntentsMetadata (in target 'Cards' from project 'Cards')
    cd /Users/darisadam/Documents/Projects/iOS\ Apps/madabank-ios/Madabank/Modules/Features/Cards
    /Applications/Xcode.app/Contents/Developer/Toolchains/XcodeDefault.xctoolchain/usr/bin/appintentsmetadataprocessor --toolchain-dir /var/run/com.apple.security.cryptexd/mnt/com.apple.MobileAsset.MetalToolchain-v17.2.54.0.wH8bUi/Metal.xctoolchain --module-name Cards --sdk-root /Applications/Xcode.app/Contents/Developer/Platforms/iPhoneSimulator.platform/Developer/SDKs/iPhoneSimulator26.1.sdk --xcode-version 17B100 --platform-family iOS --deployment-target 15.0 --bundle-identifier online.darisadam.cards --output /Users/darisadam/Library/Developer/Xcode/DerivedData/Madabank-hkohthnbjtgnoechirsoymtykttx/Build/Products/Debug-iphonesimulator/Cards.framework --target-triple arm64-apple-ios15.0-simulator --binary-file /Users/darisadam/Library/Developer/Xcode/DerivedData/Madabank-hkohthnbjtgnoechirsoymtykttx/Build/Products/Debug-iphonesimulator/Cards.framework/Cards --dependency-file /Users/darisadam/Library/Developer/Xcode/DerivedData/Madabank-hkohthnbjtgnoechirsoymtykttx/Build/Intermediates.noindex/Cards.build/Debug-iphonesimulator/Cards.build/Objects-normal/arm64/Cards_dependency_info.dat --stringsdata-file /Users/darisadam/Library/Developer/Xcode/DerivedData/Madabank-hkohthnbjtgnoechirsoymtykttx/Build/Intermediates.noindex/Cards.build/Debug-iphonesimulator/Cards.build/Objects-normal/arm64/ExtractedAppShortcutsMetadata.stringsdata --source-file-list /Users/darisadam/Library/Developer/Xcode/DerivedData/Madabank-hkohthnbjtgnoechirsoymtykttx/Build/Intermediates.noindex/Cards.build/Debug-iphonesimulator/Cards.build/Objects-normal/arm64/Cards.SwiftFileList --metadata-file-list /Users/darisadam/Library/Developer/Xcode/DerivedData/Madabank-hkohthnbjtgnoechirsoymtykttx/Build/Intermediates.noindex/Cards.build/Debug-iphonesimulator/Cards.build/Cards.DependencyMetadataFileList --static-metadata-file-list /Users/darisadam/Library/Developer/Xcode/DerivedData/Madabank-hkohthnbjtgnoechirsoymtykttx/Build/Intermediates.noindex/Cards.build/Debug-iphonesimulator/Cards.build/Cards.DependencyStaticMetadataFileList --swift-const-vals-list /Users/darisadam/Library/Developer/Xcode/DerivedData/Madabank-hkohthnbjtgnoechirsoymtykttx/Build/Intermediates.noindex/Cards.build/Debug-iphonesimulator/Cards.build/Objects-normal/arm64/Cards.SwiftConstValuesFileList --compile-time-extraction --deployment-aware-processing --validate-assistant-intents --no-app-shortcuts-localization
2026-02-04 20:09:53.238 appintentsmetadataprocessor[15837:2559466] Starting appintentsmetadataprocessor export
2026-02-04 20:09:53.239 appintentsmetadataprocessor[15837:2559466] warning: Metadata extraction skipped. No AppIntents.framework dependency found.

ExtractAppIntentsMetadata (in target 'Home' from project 'Home')
    cd /Users/darisadam/Documents/Projects/iOS\ Apps/madabank-ios/Madabank/Modules/Features/Home
    /Applications/Xcode.app/Contents/Developer/Toolchains/XcodeDefault.xctoolchain/usr/bin/appintentsmetadataprocessor --toolchain-dir /var/run/com.apple.security.cryptexd/mnt/com.apple.MobileAsset.MetalToolchain-v17.2.54.0.wH8bUi/Metal.xctoolchain --module-name Home --sdk-root /Applications/Xcode.app/Contents/Developer/Platforms/iPhoneSimulator.platform/Developer/SDKs/iPhoneSimulator26.1.sdk --xcode-version 17B100 --platform-family iOS --deployment-target 15.0 --bundle-identifier online.darisadam.home --output /Users/darisadam/Library/Developer/Xcode/DerivedData/Madabank-hkohthnbjtgnoechirsoymtykttx/Build/Products/Debug-iphonesimulator/Home.framework --target-triple arm64-apple-ios15.0-simulator --binary-file /Users/darisadam/Library/Developer/Xcode/DerivedData/Madabank-hkohthnbjtgnoechirsoymtykttx/Build/Products/Debug-iphonesimulator/Home.framework/Home --dependency-file /Users/darisadam/Library/Developer/Xcode/DerivedData/Madabank-hkohthnbjtgnoechirsoymtykttx/Build/Intermediates.noindex/Home.build/Debug-iphonesimulator/Home.build/Objects-normal/arm64/Home_dependency_info.dat --stringsdata-file /Users/darisadam/Library/Developer/Xcode/DerivedData/Madabank-hkohthnbjtgnoechirsoymtykttx/Build/Intermediates.noindex/Home.build/Debug-iphonesimulator/Home.build/Objects-normal/arm64/ExtractedAppShortcutsMetadata.stringsdata --source-file-list /Users/darisadam/Library/Developer/Xcode/DerivedData/Madabank-hkohthnbjtgnoechirsoymtykttx/Build/Intermediates.noindex/Home.build/Debug-iphonesimulator/Home.build/Objects-normal/arm64/Home.SwiftFileList --metadata-file-list /Users/darisadam/Library/Developer/Xcode/DerivedData/Madabank-hkohthnbjtgnoechirsoymtykttx/Build/Intermediates.noindex/Home.build/Debug-iphonesimulator/Home.build/Home.DependencyMetadataFileList --static-metadata-file-list /Users/darisadam/Library/Developer/Xcode/DerivedData/Madabank-hkohthnbjtgnoechirsoymtykttx/Build/Intermediates.noindex/Home.build/Debug-iphonesimulator/Home.build/Home.DependencyStaticMetadataFileList --swift-const-vals-list /Users/darisadam/Library/Developer/Xcode/DerivedData/Madabank-hkohthnbjtgnoechirsoymtykttx/Build/Intermediates.noindex/Home.build/Debug-iphonesimulator/Home.build/Objects-normal/arm64/Home.SwiftConstValuesFileList --compile-time-extraction --deployment-aware-processing --validate-assistant-intents --no-app-shortcuts-localization
2026-02-04 20:09:53.252 appintentsmetadataprocessor[15838:2559467] Starting appintentsmetadataprocessor export
2026-02-04 20:09:53.256 appintentsmetadataprocessor[15838:2559467] warning: Metadata extraction skipped. No AppIntents.framework dependency found.

ExtractAppIntentsMetadata (in target 'Auth' from project 'Auth')
    cd /Users/darisadam/Documents/Projects/iOS\ Apps/madabank-ios/Madabank/Modules/Features/Auth
    /Applications/Xcode.app/Contents/Developer/Toolchains/XcodeDefault.xctoolchain/usr/bin/appintentsmetadataprocessor --toolchain-dir /var/run/com.apple.security.cryptexd/mnt/com.apple.MobileAsset.MetalToolchain-v17.2.54.0.wH8bUi/Metal.xctoolchain --module-name Auth --sdk-root /Applications/Xcode.app/Contents/Developer/Platforms/iPhoneSimulator.platform/Developer/SDKs/iPhoneSimulator26.1.sdk --xcode-version 17B100 --platform-family iOS --deployment-target 15.0 --bundle-identifier online.darisadam.auth --output /Users/darisadam/Library/Developer/Xcode/DerivedData/Madabank-hkohthnbjtgnoechirsoymtykttx/Build/Products/Debug-iphonesimulator/Auth.framework --target-triple arm64-apple-ios15.0-simulator --binary-file /Users/darisadam/Library/Developer/Xcode/DerivedData/Madabank-hkohthnbjtgnoechirsoymtykttx/Build/Products/Debug-iphonesimulator/Auth.framework/Auth --dependency-file /Users/darisadam/Library/Developer/Xcode/DerivedData/Madabank-hkohthnbjtgnoechirsoymtykttx/Build/Intermediates.noindex/Auth.build/Debug-iphonesimulator/Auth.build/Objects-normal/arm64/Auth_dependency_info.dat --stringsdata-file /Users/darisadam/Library/Developer/Xcode/DerivedData/Madabank-hkohthnbjtgnoechirsoymtykttx/Build/Intermediates.noindex/Auth.build/Debug-iphonesimulator/Auth.build/Objects-normal/arm64/ExtractedAppShortcutsMetadata.stringsdata --source-file-list /Users/darisadam/Library/Developer/Xcode/DerivedData/Madabank-hkohthnbjtgnoechirsoymtykttx/Build/Intermediates.noindex/Auth.build/Debug-iphonesimulator/Auth.build/Objects-normal/arm64/Auth.SwiftFileList --metadata-file-list /Users/darisadam/Library/Developer/Xcode/DerivedData/Madabank-hkohthnbjtgnoechirsoymtykttx/Build/Intermediates.noindex/Auth.build/Debug-iphonesimulator/Auth.build/Auth.DependencyMetadataFileList --static-metadata-file-list /Users/darisadam/Library/Developer/Xcode/DerivedData/Madabank-hkohthnbjtgnoechirsoymtykttx/Build/Intermediates.noindex/Auth.build/Debug-iphonesimulator/Auth.build/Auth.DependencyStaticMetadataFileList --swift-const-vals-list /Users/darisadam/Library/Developer/Xcode/DerivedData/Madabank-hkohthnbjtgnoechirsoymtykttx/Build/Intermediates.noindex/Auth.build/Debug-iphonesimulator/Auth.build/Objects-normal/arm64/Auth.SwiftConstValuesFileList --compile-time-extraction --deployment-aware-processing --validate-assistant-intents --no-app-shortcuts-localization
2026-02-04 20:09:53.255 appintentsmetadataprocessor[15839:2559468] Starting appintentsmetadataprocessor export
2026-02-04 20:09:53.258 appintentsmetadataprocessor[15839:2559468] warning: Metadata extraction skipped. No AppIntents.framework dependency found.

AppIntentsSSUTraining (in target 'Cards' from project 'Cards')
    cd /Users/darisadam/Documents/Projects/iOS\ Apps/madabank-ios/Madabank/Modules/Features/Cards
    /Applications/Xcode.app/Contents/Developer/Toolchains/XcodeDefault.xctoolchain/usr/bin/appintentsnltrainingprocessor --infoplist-path /Users/darisadam/Library/Developer/Xcode/DerivedData/Madabank-hkohthnbjtgnoechirsoymtykttx/Build/Products/Debug-iphonesimulator/Cards.framework/Info.plist --temp-dir-path /Users/darisadam/Library/Developer/Xcode/DerivedData/Madabank-hkohthnbjtgnoechirsoymtykttx/Build/Intermediates.noindex/Cards.build/Debug-iphonesimulator/Cards.build/ssu --bundle-id online.darisadam.cards --product-path /Users/darisadam/Library/Developer/Xcode/DerivedData/Madabank-hkohthnbjtgnoechirsoymtykttx/Build/Products/Debug-iphonesimulator/Cards.framework --extracted-metadata-path /Users/darisadam/Library/Developer/Xcode/DerivedData/Madabank-hkohthnbjtgnoechirsoymtykttx/Build/Products/Debug-iphonesimulator/Cards.framework/Metadata.appintents --metadata-file-list /Users/darisadam/Library/Developer/Xcode/DerivedData/Madabank-hkohthnbjtgnoechirsoymtykttx/Build/Intermediates.noindex/Cards.build/Debug-iphonesimulator/Cards.build/Cards.DependencyMetadataFileList --archive-ssu-assets
2026-02-04 20:09:53.269 appintentsnltrainingprocessor[15840:2559469] Parsing options for appintentsnltrainingprocessor
2026-02-04 20:09:53.269 appintentsnltrainingprocessor[15840:2559469] No AppShortcuts found - Skipping.

ExtractAppIntentsMetadata (in target 'Profile' from project 'Profile')
    cd /Users/darisadam/Documents/Projects/iOS\ Apps/madabank-ios/Madabank/Modules/Features/Profile
    /Applications/Xcode.app/Contents/Developer/Toolchains/XcodeDefault.xctoolchain/usr/bin/appintentsmetadataprocessor --toolchain-dir /var/run/com.apple.security.cryptexd/mnt/com.apple.MobileAsset.MetalToolchain-v17.2.54.0.wH8bUi/Metal.xctoolchain --module-name Profile --sdk-root /Applications/Xcode.app/Contents/Developer/Platforms/iPhoneSimulator.platform/Developer/SDKs/iPhoneSimulator26.1.sdk --xcode-version 17B100 --platform-family iOS --deployment-target 15.0 --bundle-identifier online.darisadam.profile --output /Users/darisadam/Library/Developer/Xcode/DerivedData/Madabank-hkohthnbjtgnoechirsoymtykttx/Build/Products/Debug-iphonesimulator/Profile.framework --target-triple arm64-apple-ios15.0-simulator --binary-file /Users/darisadam/Library/Developer/Xcode/DerivedData/Madabank-hkohthnbjtgnoechirsoymtykttx/Build/Products/Debug-iphonesimulator/Profile.framework/Profile --dependency-file /Users/darisadam/Library/Developer/Xcode/DerivedData/Madabank-hkohthnbjtgnoechirsoymtykttx/Build/Intermediates.noindex/Profile.build/Debug-iphonesimulator/Profile.build/Objects-normal/arm64/Profile_dependency_info.dat --stringsdata-file /Users/darisadam/Library/Developer/Xcode/DerivedData/Madabank-hkohthnbjtgnoechirsoymtykttx/Build/Intermediates.noindex/Profile.build/Debug-iphonesimulator/Profile.build/Objects-normal/arm64/ExtractedAppShortcutsMetadata.stringsdata --source-file-list /Users/darisadam/Library/Developer/Xcode/DerivedData/Madabank-hkohthnbjtgnoechirsoymtykttx/Build/Intermediates.noindex/Profile.build/Debug-iphonesimulator/Profile.build/Objects-normal/arm64/Profile.SwiftFileList --metadata-file-list /Users/darisadam/Library/Developer/Xcode/DerivedData/Madabank-hkohthnbjtgnoechirsoymtykttx/Build/Intermediates.noindex/Profile.build/Debug-iphonesimulator/Profile.build/Profile.DependencyMetadataFileList --static-metadata-file-list /Users/darisadam/Library/Developer/Xcode/DerivedData/Madabank-hkohthnbjtgnoechirsoymtykttx/Build/Intermediates.noindex/Profile.build/Debug-iphonesimulator/Profile.build/Profile.DependencyStaticMetadataFileList --swift-const-vals-list /Users/darisadam/Library/Developer/Xcode/DerivedData/Madabank-hkohthnbjtgnoechirsoymtykttx/Build/Intermediates.noindex/Profile.build/Debug-iphonesimulator/Profile.build/Objects-normal/arm64/Profile.SwiftConstValuesFileList --compile-time-extraction --deployment-aware-processing --validate-assistant-intents --no-app-shortcuts-localization
2026-02-04 20:09:53.277 appintentsmetadataprocessor[15841:2559470] Starting appintentsmetadataprocessor export
2026-02-04 20:09:53.279 appintentsmetadataprocessor[15841:2559470] warning: Metadata extraction skipped. No AppIntents.framework dependency found.

AppIntentsSSUTraining (in target 'Home' from project 'Home')
    cd /Users/darisadam/Documents/Projects/iOS\ Apps/madabank-ios/Madabank/Modules/Features/Home
    /Applications/Xcode.app/Contents/Developer/Toolchains/XcodeDefault.xctoolchain/usr/bin/appintentsnltrainingprocessor --infoplist-path /Users/darisadam/Library/Developer/Xcode/DerivedData/Madabank-hkohthnbjtgnoechirsoymtykttx/Build/Products/Debug-iphonesimulator/Home.framework/Info.plist --temp-dir-path /Users/darisadam/Library/Developer/Xcode/DerivedData/Madabank-hkohthnbjtgnoechirsoymtykttx/Build/Intermediates.noindex/Home.build/Debug-iphonesimulator/Home.build/ssu --bundle-id online.darisadam.home --product-path /Users/darisadam/Library/Developer/Xcode/DerivedData/Madabank-hkohthnbjtgnoechirsoymtykttx/Build/Products/Debug-iphonesimulator/Home.framework --extracted-metadata-path /Users/darisadam/Library/Developer/Xcode/DerivedData/Madabank-hkohthnbjtgnoechirsoymtykttx/Build/Products/Debug-iphonesimulator/Home.framework/Metadata.appintents --metadata-file-list /Users/darisadam/Library/Developer/Xcode/DerivedData/Madabank-hkohthnbjtgnoechirsoymtykttx/Build/Intermediates.noindex/Home.build/Debug-iphonesimulator/Home.build/Home.DependencyMetadataFileList --archive-ssu-assets
2026-02-04 20:09:53.277 appintentsnltrainingprocessor[15842:2559471] Parsing options for appintentsnltrainingprocessor
2026-02-04 20:09:53.277 appintentsnltrainingprocessor[15842:2559471] No AppShortcuts found - Skipping.

AppIntentsSSUTraining (in target 'Auth' from project 'Auth')
    cd /Users/darisadam/Documents/Projects/iOS\ Apps/madabank-ios/Madabank/Modules/Features/Auth
    /Applications/Xcode.app/Contents/Developer/Toolchains/XcodeDefault.xctoolchain/usr/bin/appintentsnltrainingprocessor --infoplist-path /Users/darisadam/Library/Developer/Xcode/DerivedData/Madabank-hkohthnbjtgnoechirsoymtykttx/Build/Products/Debug-iphonesimulator/Auth.framework/Info.plist --temp-dir-path /Users/darisadam/Library/Developer/Xcode/DerivedData/Madabank-hkohthnbjtgnoechirsoymtykttx/Build/Intermediates.noindex/Auth.build/Debug-iphonesimulator/Auth.build/ssu --bundle-id online.darisadam.auth --product-path /Users/darisadam/Library/Developer/Xcode/DerivedData/Madabank-hkohthnbjtgnoechirsoymtykttx/Build/Products/Debug-iphonesimulator/Auth.framework --extracted-metadata-path /Users/darisadam/Library/Developer/Xcode/DerivedData/Madabank-hkohthnbjtgnoechirsoymtykttx/Build/Products/Debug-iphonesimulator/Auth.framework/Metadata.appintents --metadata-file-list /Users/darisadam/Library/Developer/Xcode/DerivedData/Madabank-hkohthnbjtgnoechirsoymtykttx/Build/Intermediates.noindex/Auth.build/Debug-iphonesimulator/Auth.build/Auth.DependencyMetadataFileList --archive-ssu-assets
2026-02-04 20:09:53.282 appintentsnltrainingprocessor[15843:2559472] Parsing options for appintentsnltrainingprocessor
2026-02-04 20:09:53.283 appintentsnltrainingprocessor[15843:2559472] No AppShortcuts found - Skipping.

GenerateTAPI /Users/darisadam/Library/Developer/Xcode/DerivedData/Madabank-hkohthnbjtgnoechirsoymtykttx/Build/Intermediates.noindex/EagerLinkingTBDs/Debug-iphonesimulator/Cards.framework/Cards.tbd (in target 'Cards' from project 'Cards')
    cd /Users/darisadam/Documents/Projects/iOS\ Apps/madabank-ios/Madabank/Modules/Features/Cards
    /Applications/Xcode.app/Contents/Developer/Toolchains/XcodeDefault.xctoolchain/usr/bin/tapi stubify -isysroot /Applications/Xcode.app/Contents/Developer/Platforms/iPhoneSimulator.platform/Developer/SDKs/iPhoneSimulator26.1.sdk -F/Users/darisadam/Library/Developer/Xcode/DerivedData/Madabank-hkohthnbjtgnoechirsoymtykttx/Build/Products/Debug-iphonesimulator -L/Users/darisadam/Library/Developer/Xcode/DerivedData/Madabank-hkohthnbjtgnoechirsoymtykttx/Build/Products/Debug-iphonesimulator /Users/darisadam/Library/Developer/Xcode/DerivedData/Madabank-hkohthnbjtgnoechirsoymtykttx/Build/Products/Debug-iphonesimulator/Cards.framework/Cards -o /Users/darisadam/Library/Developer/Xcode/DerivedData/Madabank-hkohthnbjtgnoechirsoymtykttx/Build/Intermediates.noindex/EagerLinkingTBDs/Debug-iphonesimulator/Cards.framework/Cards.tbd

ExtractAppIntentsMetadata (in target 'Accounts' from project 'Accounts')
    cd /Users/darisadam/Documents/Projects/iOS\ Apps/madabank-ios/Madabank/Modules/Features/Accounts
    /Applications/Xcode.app/Contents/Developer/Toolchains/XcodeDefault.xctoolchain/usr/bin/appintentsmetadataprocessor --toolchain-dir /var/run/com.apple.security.cryptexd/mnt/com.apple.MobileAsset.MetalToolchain-v17.2.54.0.wH8bUi/Metal.xctoolchain --module-name Accounts --sdk-root /Applications/Xcode.app/Contents/Developer/Platforms/iPhoneSimulator.platform/Developer/SDKs/iPhoneSimulator26.1.sdk --xcode-version 17B100 --platform-family iOS --deployment-target 15.0 --bundle-identifier online.darisadam.accounts --output /Users/darisadam/Library/Developer/Xcode/DerivedData/Madabank-hkohthnbjtgnoechirsoymtykttx/Build/Products/Debug-iphonesimulator/Accounts.framework --target-triple arm64-apple-ios15.0-simulator --binary-file /Users/darisadam/Library/Developer/Xcode/DerivedData/Madabank-hkohthnbjtgnoechirsoymtykttx/Build/Products/Debug-iphonesimulator/Accounts.framework/Accounts --dependency-file /Users/darisadam/Library/Developer/Xcode/DerivedData/Madabank-hkohthnbjtgnoechirsoymtykttx/Build/Intermediates.noindex/Accounts.build/Debug-iphonesimulator/Accounts.build/Objects-normal/arm64/Accounts_dependency_info.dat --stringsdata-file /Users/darisadam/Library/Developer/Xcode/DerivedData/Madabank-hkohthnbjtgnoechirsoymtykttx/Build/Intermediates.noindex/Accounts.build/Debug-iphonesimulator/Accounts.build/Objects-normal/arm64/ExtractedAppShortcutsMetadata.stringsdata --source-file-list /Users/darisadam/Library/Developer/Xcode/DerivedData/Madabank-hkohthnbjtgnoechirsoymtykttx/Build/Intermediates.noindex/Accounts.build/Debug-iphonesimulator/Accounts.build/Objects-normal/arm64/Accounts.SwiftFileList --metadata-file-list /Users/darisadam/Library/Developer/Xcode/DerivedData/Madabank-hkohthnbjtgnoechirsoymtykttx/Build/Intermediates.noindex/Accounts.build/Debug-iphonesimulator/Accounts.build/Accounts.DependencyMetadataFileList --static-metadata-file-list /Users/darisadam/Library/Developer/Xcode/DerivedData/Madabank-hkohthnbjtgnoechirsoymtykttx/Build/Intermediates.noindex/Accounts.build/Debug-iphonesimulator/Accounts.build/Accounts.DependencyStaticMetadataFileList --swift-const-vals-list /Users/darisadam/Library/Developer/Xcode/DerivedData/Madabank-hkohthnbjtgnoechirsoymtykttx/Build/Intermediates.noindex/Accounts.build/Debug-iphonesimulator/Accounts.build/Objects-normal/arm64/Accounts.SwiftConstValuesFileList --compile-time-extraction --deployment-aware-processing --validate-assistant-intents --no-app-shortcuts-localization
2026-02-04 20:09:53.294 appintentsmetadataprocessor[15845:2559475] Starting appintentsmetadataprocessor export
2026-02-04 20:09:53.296 appintentsmetadataprocessor[15845:2559475] warning: Metadata extraction skipped. No AppIntents.framework dependency found.

GenerateTAPI /Users/darisadam/Library/Developer/Xcode/DerivedData/Madabank-hkohthnbjtgnoechirsoymtykttx/Build/Intermediates.noindex/EagerLinkingTBDs/Debug-iphonesimulator/Home.framework/Home.tbd (in target 'Home' from project 'Home')
    cd /Users/darisadam/Documents/Projects/iOS\ Apps/madabank-ios/Madabank/Modules/Features/Home
    /Applications/Xcode.app/Contents/Developer/Toolchains/XcodeDefault.xctoolchain/usr/bin/tapi stubify -isysroot /Applications/Xcode.app/Contents/Developer/Platforms/iPhoneSimulator.platform/Developer/SDKs/iPhoneSimulator26.1.sdk -F/Users/darisadam/Library/Developer/Xcode/DerivedData/Madabank-hkohthnbjtgnoechirsoymtykttx/Build/Products/Debug-iphonesimulator -L/Users/darisadam/Library/Developer/Xcode/DerivedData/Madabank-hkohthnbjtgnoechirsoymtykttx/Build/Products/Debug-iphonesimulator /Users/darisadam/Library/Developer/Xcode/DerivedData/Madabank-hkohthnbjtgnoechirsoymtykttx/Build/Products/Debug-iphonesimulator/Home.framework/Home -o /Users/darisadam/Library/Developer/Xcode/DerivedData/Madabank-hkohthnbjtgnoechirsoymtykttx/Build/Intermediates.noindex/EagerLinkingTBDs/Debug-iphonesimulator/Home.framework/Home.tbd

CodeSign /Users/darisadam/Library/Developer/Xcode/DerivedData/Madabank-hkohthnbjtgnoechirsoymtykttx/Build/Products/Debug-iphonesimulator/Cards.framework (in target 'Cards' from project 'Cards')
    cd /Users/darisadam/Documents/Projects/iOS\ Apps/madabank-ios/Madabank/Modules/Features/Cards
    
    Signing Identity:     "Sign to Run Locally"
    
    /usr/bin/codesign --force --sign - --timestamp\=none --generate-entitlement-der /Users/darisadam/Library/Developer/Xcode/DerivedData/Madabank-hkohthnbjtgnoechirsoymtykttx/Build/Products/Debug-iphonesimulator/Cards.framework

AppIntentsSSUTraining (in target 'Profile' from project 'Profile')
    cd /Users/darisadam/Documents/Projects/iOS\ Apps/madabank-ios/Madabank/Modules/Features/Profile
    /Applications/Xcode.app/Contents/Developer/Toolchains/XcodeDefault.xctoolchain/usr/bin/appintentsnltrainingprocessor --infoplist-path /Users/darisadam/Library/Developer/Xcode/DerivedData/Madabank-hkohthnbjtgnoechirsoymtykttx/Build/Products/Debug-iphonesimulator/Profile.framework/Info.plist --temp-dir-path /Users/darisadam/Library/Developer/Xcode/DerivedData/Madabank-hkohthnbjtgnoechirsoymtykttx/Build/Intermediates.noindex/Profile.build/Debug-iphonesimulator/Profile.build/ssu --bundle-id online.darisadam.profile --product-path /Users/darisadam/Library/Developer/Xcode/DerivedData/Madabank-hkohthnbjtgnoechirsoymtykttx/Build/Products/Debug-iphonesimulator/Profile.framework --extracted-metadata-path /Users/darisadam/Library/Developer/Xcode/DerivedData/Madabank-hkohthnbjtgnoechirsoymtykttx/Build/Products/Debug-iphonesimulator/Profile.framework/Metadata.appintents --metadata-file-list /Users/darisadam/Library/Developer/Xcode/DerivedData/Madabank-hkohthnbjtgnoechirsoymtykttx/Build/Intermediates.noindex/Profile.build/Debug-iphonesimulator/Profile.build/Profile.DependencyMetadataFileList --archive-ssu-assets
2026-02-04 20:09:53.300 appintentsnltrainingprocessor[15848:2559479] Parsing options for appintentsnltrainingprocessor
2026-02-04 20:09:53.301 appintentsnltrainingprocessor[15848:2559479] No AppShortcuts found - Skipping.

GenerateTAPI /Users/darisadam/Library/Developer/Xcode/DerivedData/Madabank-hkohthnbjtgnoechirsoymtykttx/Build/Intermediates.noindex/EagerLinkingTBDs/Debug-iphonesimulator/Auth.framework/Auth.tbd (in target 'Auth' from project 'Auth')
    cd /Users/darisadam/Documents/Projects/iOS\ Apps/madabank-ios/Madabank/Modules/Features/Auth
    /Applications/Xcode.app/Contents/Developer/Toolchains/XcodeDefault.xctoolchain/usr/bin/tapi stubify -isysroot /Applications/Xcode.app/Contents/Developer/Platforms/iPhoneSimulator.platform/Developer/SDKs/iPhoneSimulator26.1.sdk -F/Users/darisadam/Library/Developer/Xcode/DerivedData/Madabank-hkohthnbjtgnoechirsoymtykttx/Build/Products/Debug-iphonesimulator -L/Users/darisadam/Library/Developer/Xcode/DerivedData/Madabank-hkohthnbjtgnoechirsoymtykttx/Build/Products/Debug-iphonesimulator /Users/darisadam/Library/Developer/Xcode/DerivedData/Madabank-hkohthnbjtgnoechirsoymtykttx/Build/Products/Debug-iphonesimulator/Auth.framework/Auth -o /Users/darisadam/Library/Developer/Xcode/DerivedData/Madabank-hkohthnbjtgnoechirsoymtykttx/Build/Intermediates.noindex/EagerLinkingTBDs/Debug-iphonesimulator/Auth.framework/Auth.tbd

CodeSign /Users/darisadam/Library/Developer/Xcode/DerivedData/Madabank-hkohthnbjtgnoechirsoymtykttx/Build/Products/Debug-iphonesimulator/Home.framework (in target 'Home' from project 'Home')
    cd /Users/darisadam/Documents/Projects/iOS\ Apps/madabank-ios/Madabank/Modules/Features/Home
    
    Signing Identity:     "Sign to Run Locally"
    
    /usr/bin/codesign --force --sign - --timestamp\=none --generate-entitlement-der /Users/darisadam/Library/Developer/Xcode/DerivedData/Madabank-hkohthnbjtgnoechirsoymtykttx/Build/Products/Debug-iphonesimulator/Home.framework

CodeSign /Users/darisadam/Library/Developer/Xcode/DerivedData/Madabank-hkohthnbjtgnoechirsoymtykttx/Build/Products/Debug-iphonesimulator/Auth.framework (in target 'Auth' from project 'Auth')
    cd /Users/darisadam/Documents/Projects/iOS\ Apps/madabank-ios/Madabank/Modules/Features/Auth
    
    Signing Identity:     "Sign to Run Locally"
    
    /usr/bin/codesign --force --sign - --timestamp\=none --generate-entitlement-der /Users/darisadam/Library/Developer/Xcode/DerivedData/Madabank-hkohthnbjtgnoechirsoymtykttx/Build/Products/Debug-iphonesimulator/Auth.framework

AppIntentsSSUTraining (in target 'Accounts' from project 'Accounts')
    cd /Users/darisadam/Documents/Projects/iOS\ Apps/madabank-ios/Madabank/Modules/Features/Accounts
    /Applications/Xcode.app/Contents/Developer/Toolchains/XcodeDefault.xctoolchain/usr/bin/appintentsnltrainingprocessor --infoplist-path /Users/darisadam/Library/Developer/Xcode/DerivedData/Madabank-hkohthnbjtgnoechirsoymtykttx/Build/Products/Debug-iphonesimulator/Accounts.framework/Info.plist --temp-dir-path /Users/darisadam/Library/Developer/Xcode/DerivedData/Madabank-hkohthnbjtgnoechirsoymtykttx/Build/Intermediates.noindex/Accounts.build/Debug-iphonesimulator/Accounts.build/ssu --bundle-id online.darisadam.accounts --product-path /Users/darisadam/Library/Developer/Xcode/DerivedData/Madabank-hkohthnbjtgnoechirsoymtykttx/Build/Products/Debug-iphonesimulator/Accounts.framework --extracted-metadata-path /Users/darisadam/Library/Developer/Xcode/DerivedData/Madabank-hkohthnbjtgnoechirsoymtykttx/Build/Products/Debug-iphonesimulator/Accounts.framework/Metadata.appintents --metadata-file-list /Users/darisadam/Library/Developer/Xcode/DerivedData/Madabank-hkohthnbjtgnoechirsoymtykttx/Build/Intermediates.noindex/Accounts.build/Debug-iphonesimulator/Accounts.build/Accounts.DependencyMetadataFileList --archive-ssu-assets
2026-02-04 20:09:53.318 appintentsnltrainingprocessor[15852:2559493] Parsing options for appintentsnltrainingprocessor
2026-02-04 20:09:53.318 appintentsnltrainingprocessor[15852:2559493] No AppShortcuts found - Skipping.

RegisterExecutionPolicyException /Users/darisadam/Library/Developer/Xcode/DerivedData/Madabank-hkohthnbjtgnoechirsoymtykttx/Build/Products/Debug-iphonesimulator/Cards.framework (in target 'Cards' from project 'Cards')
    cd /Users/darisadam/Documents/Projects/iOS\ Apps/madabank-ios/Madabank/Modules/Features/Cards
    builtin-RegisterExecutionPolicyException /Users/darisadam/Library/Developer/Xcode/DerivedData/Madabank-hkohthnbjtgnoechirsoymtykttx/Build/Products/Debug-iphonesimulator/Cards.framework

GenerateTAPI /Users/darisadam/Library/Developer/Xcode/DerivedData/Madabank-hkohthnbjtgnoechirsoymtykttx/Build/Intermediates.noindex/EagerLinkingTBDs/Debug-iphonesimulator/Profile.framework/Profile.tbd (in target 'Profile' from project 'Profile')
    cd /Users/darisadam/Documents/Projects/iOS\ Apps/madabank-ios/Madabank/Modules/Features/Profile
    /Applications/Xcode.app/Contents/Developer/Toolchains/XcodeDefault.xctoolchain/usr/bin/tapi stubify -isysroot /Applications/Xcode.app/Contents/Developer/Platforms/iPhoneSimulator.platform/Developer/SDKs/iPhoneSimulator26.1.sdk -F/Users/darisadam/Library/Developer/Xcode/DerivedData/Madabank-hkohthnbjtgnoechirsoymtykttx/Build/Products/Debug-iphonesimulator -L/Users/darisadam/Library/Developer/Xcode/DerivedData/Madabank-hkohthnbjtgnoechirsoymtykttx/Build/Products/Debug-iphonesimulator /Users/darisadam/Library/Developer/Xcode/DerivedData/Madabank-hkohthnbjtgnoechirsoymtykttx/Build/Products/Debug-iphonesimulator/Profile.framework/Profile -o /Users/darisadam/Library/Developer/Xcode/DerivedData/Madabank-hkohthnbjtgnoechirsoymtykttx/Build/Intermediates.noindex/EagerLinkingTBDs/Debug-iphonesimulator/Profile.framework/Profile.tbd

CodeSign /Users/darisadam/Library/Developer/Xcode/DerivedData/Madabank-hkohthnbjtgnoechirsoymtykttx/Build/Products/Debug-iphonesimulator/Profile.framework (in target 'Profile' from project 'Profile')
    cd /Users/darisadam/Documents/Projects/iOS\ Apps/madabank-ios/Madabank/Modules/Features/Profile
    
    Signing Identity:     "Sign to Run Locally"
    
    /usr/bin/codesign --force --sign - --timestamp\=none --generate-entitlement-der /Users/darisadam/Library/Developer/Xcode/DerivedData/Madabank-hkohthnbjtgnoechirsoymtykttx/Build/Products/Debug-iphonesimulator/Profile.framework

RegisterExecutionPolicyException /Users/darisadam/Library/Developer/Xcode/DerivedData/Madabank-hkohthnbjtgnoechirsoymtykttx/Build/Products/Debug-iphonesimulator/Home.framework (in target 'Home' from project 'Home')
    cd /Users/darisadam/Documents/Projects/iOS\ Apps/madabank-ios/Madabank/Modules/Features/Home
    builtin-RegisterExecutionPolicyException /Users/darisadam/Library/Developer/Xcode/DerivedData/Madabank-hkohthnbjtgnoechirsoymtykttx/Build/Products/Debug-iphonesimulator/Home.framework

RegisterExecutionPolicyException /Users/darisadam/Library/Developer/Xcode/DerivedData/Madabank-hkohthnbjtgnoechirsoymtykttx/Build/Products/Debug-iphonesimulator/Auth.framework (in target 'Auth' from project 'Auth')
    cd /Users/darisadam/Documents/Projects/iOS\ Apps/madabank-ios/Madabank/Modules/Features/Auth
    builtin-RegisterExecutionPolicyException /Users/darisadam/Library/Developer/Xcode/DerivedData/Madabank-hkohthnbjtgnoechirsoymtykttx/Build/Products/Debug-iphonesimulator/Auth.framework

Touch /Users/darisadam/Library/Developer/Xcode/DerivedData/Madabank-hkohthnbjtgnoechirsoymtykttx/Build/Products/Debug-iphonesimulator/Cards.framework (in target 'Cards' from project 'Cards')
    cd /Users/darisadam/Documents/Projects/iOS\ Apps/madabank-ios/Madabank/Modules/Features/Cards
    /usr/bin/touch -c /Users/darisadam/Library/Developer/Xcode/DerivedData/Madabank-hkohthnbjtgnoechirsoymtykttx/Build/Products/Debug-iphonesimulator/Cards.framework

GenerateTAPI /Users/darisadam/Library/Developer/Xcode/DerivedData/Madabank-hkohthnbjtgnoechirsoymtykttx/Build/Intermediates.noindex/EagerLinkingTBDs/Debug-iphonesimulator/Accounts.framework/Accounts.tbd (in target 'Accounts' from project 'Accounts')
    cd /Users/darisadam/Documents/Projects/iOS\ Apps/madabank-ios/Madabank/Modules/Features/Accounts
    /Applications/Xcode.app/Contents/Developer/Toolchains/XcodeDefault.xctoolchain/usr/bin/tapi stubify -isysroot /Applications/Xcode.app/Contents/Developer/Platforms/iPhoneSimulator.platform/Developer/SDKs/iPhoneSimulator26.1.sdk -F/Users/darisadam/Library/Developer/Xcode/DerivedData/Madabank-hkohthnbjtgnoechirsoymtykttx/Build/Products/Debug-iphonesimulator -L/Users/darisadam/Library/Developer/Xcode/DerivedData/Madabank-hkohthnbjtgnoechirsoymtykttx/Build/Products/Debug-iphonesimulator /Users/darisadam/Library/Developer/Xcode/DerivedData/Madabank-hkohthnbjtgnoechirsoymtykttx/Build/Products/Debug-iphonesimulator/Accounts.framework/Accounts -o /Users/darisadam/Library/Developer/Xcode/DerivedData/Madabank-hkohthnbjtgnoechirsoymtykttx/Build/Intermediates.noindex/EagerLinkingTBDs/Debug-iphonesimulator/Accounts.framework/Accounts.tbd

Touch /Users/darisadam/Library/Developer/Xcode/DerivedData/Madabank-hkohthnbjtgnoechirsoymtykttx/Build/Products/Debug-iphonesimulator/Home.framework (in target 'Home' from project 'Home')
    cd /Users/darisadam/Documents/Projects/iOS\ Apps/madabank-ios/Madabank/Modules/Features/Home
    /usr/bin/touch -c /Users/darisadam/Library/Developer/Xcode/DerivedData/Madabank-hkohthnbjtgnoechirsoymtykttx/Build/Products/Debug-iphonesimulator/Home.framework

CodeSign /Users/darisadam/Library/Developer/Xcode/DerivedData/Madabank-hkohthnbjtgnoechirsoymtykttx/Build/Products/Debug-iphonesimulator/Accounts.framework (in target 'Accounts' from project 'Accounts')
    cd /Users/darisadam/Documents/Projects/iOS\ Apps/madabank-ios/Madabank/Modules/Features/Accounts
    
    Signing Identity:     "Sign to Run Locally"
    
    /usr/bin/codesign --force --sign - --timestamp\=none --generate-entitlement-der /Users/darisadam/Library/Developer/Xcode/DerivedData/Madabank-hkohthnbjtgnoechirsoymtykttx/Build/Products/Debug-iphonesimulator/Accounts.framework

RegisterExecutionPolicyException /Users/darisadam/Library/Developer/Xcode/DerivedData/Madabank-hkohthnbjtgnoechirsoymtykttx/Build/Products/Debug-iphonesimulator/Profile.framework (in target 'Profile' from project 'Profile')
    cd /Users/darisadam/Documents/Projects/iOS\ Apps/madabank-ios/Madabank/Modules/Features/Profile
    builtin-RegisterExecutionPolicyException /Users/darisadam/Library/Developer/Xcode/DerivedData/Madabank-hkohthnbjtgnoechirsoymtykttx/Build/Products/Debug-iphonesimulator/Profile.framework

Touch /Users/darisadam/Library/Developer/Xcode/DerivedData/Madabank-hkohthnbjtgnoechirsoymtykttx/Build/Products/Debug-iphonesimulator/Auth.framework (in target 'Auth' from project 'Auth')
    cd /Users/darisadam/Documents/Projects/iOS\ Apps/madabank-ios/Madabank/Modules/Features/Auth
    /usr/bin/touch -c /Users/darisadam/Library/Developer/Xcode/DerivedData/Madabank-hkohthnbjtgnoechirsoymtykttx/Build/Products/Debug-iphonesimulator/Auth.framework

RegisterExecutionPolicyException /Users/darisadam/Library/Developer/Xcode/DerivedData/Madabank-hkohthnbjtgnoechirsoymtykttx/Build/Products/Debug-iphonesimulator/Accounts.framework (in target 'Accounts' from project 'Accounts')
    cd /Users/darisadam/Documents/Projects/iOS\ Apps/madabank-ios/Madabank/Modules/Features/Accounts
    builtin-RegisterExecutionPolicyException /Users/darisadam/Library/Developer/Xcode/DerivedData/Madabank-hkohthnbjtgnoechirsoymtykttx/Build/Products/Debug-iphonesimulator/Accounts.framework

Touch /Users/darisadam/Library/Developer/Xcode/DerivedData/Madabank-hkohthnbjtgnoechirsoymtykttx/Build/Products/Debug-iphonesimulator/Profile.framework (in target 'Profile' from project 'Profile')
    cd /Users/darisadam/Documents/Projects/iOS\ Apps/madabank-ios/Madabank/Modules/Features/Profile
    /usr/bin/touch -c /Users/darisadam/Library/Developer/Xcode/DerivedData/Madabank-hkohthnbjtgnoechirsoymtykttx/Build/Products/Debug-iphonesimulator/Profile.framework

Touch /Users/darisadam/Library/Developer/Xcode/DerivedData/Madabank-hkohthnbjtgnoechirsoymtykttx/Build/Products/Debug-iphonesimulator/Accounts.framework (in target 'Accounts' from project 'Accounts')
    cd /Users/darisadam/Documents/Projects/iOS\ Apps/madabank-ios/Madabank/Modules/Features/Accounts
    /usr/bin/touch -c /Users/darisadam/Library/Developer/Xcode/DerivedData/Madabank-hkohthnbjtgnoechirsoymtykttx/Build/Products/Debug-iphonesimulator/Accounts.framework

PhaseScriptExecution SwiftLint /Users/darisadam/Library/Developer/Xcode/DerivedData/Madabank-hkohthnbjtgnoechirsoymtykttx/Build/Intermediates.noindex/Madabank.build/Debug-iphonesimulator/Madabank.build/Script-03A767AAD39A0BBFC87CBFF0.sh (in target 'Madabank' from project 'Madabank')
    cd /Users/darisadam/Documents/Projects/iOS\ Apps/madabank-ios/Madabank
    export ACTION\=build
    export AD_HOC_CODE_SIGNING_ALLOWED\=YES
    export AGGREGATE_TRACKED_DOMAINS\=YES
    export ALLOW_BUILD_REQUEST_OVERRIDES\=NO
    export ALLOW_TARGET_PLATFORM_SPECIALIZATION\=NO
    export ALTERNATE_GROUP\=staff
    export ALTERNATE_MODE\=u+w,go-w,a+rX
    export ALTERNATE_OWNER\=darisadam
    export ALTERNATIVE_DISTRIBUTION_WEB\=NO
    export ALWAYS_EMBED_SWIFT_STANDARD_LIBRARIES\=NO
    export ALWAYS_SEARCH_USER_PATHS\=NO
    export ALWAYS_USE_SEPARATE_HEADERMAPS\=NO
    export APPLICATION_EXTENSION_API_ONLY\=NO
    export APPLY_RULES_IN_COPY_FILES\=NO
    export APPLY_RULES_IN_COPY_HEADERS\=NO
    export APP_SHORTCUTS_ENABLE_FLEXIBLE_MATCHING\=YES
    export ARCHS\=arm64
    export ARCHS_STANDARD\=arm64\ x86_64
    export ARCHS_STANDARD_32_64_BIT\=arm64\ x86_64
    export ARCHS_STANDARD_64_BIT\=arm64\ x86_64
    export ARCHS_STANDARD_INCLUDING_64_BIT\=arm64\ x86_64
    export ARCHS_UNIVERSAL_IPHONE_OS\=arm64\ x86_64
    export ASSETCATALOG_COMPILER_APPICON_NAME\=AppIcon
    export ASSETCATALOG_COMPILER_GLOBAL_ACCENT_COLOR_NAME\=AccentColor
    export ASSETCATALOG_FILTER_FOR_DEVICE_MODEL\=iPhone18,1
    export ASSETCATALOG_FILTER_FOR_DEVICE_OS_VERSION\=26.1
    export ASSETCATALOG_FILTER_FOR_THINNING_DEVICE_CONFIGURATION\=iPhone18,1
    export AUTOMATICALLY_MERGE_DEPENDENCIES\=NO
    export AUTOMATION_APPLE_EVENTS\=NO
    export AVAILABLE_PLATFORMS\=android\ appletvos\ appletvsimulator\ driverkit\ iphoneos\ iphonesimulator\ macosx\ qnx\ watchos\ watchsimulator\ webassembly\ xros\ xrsimulator
    export AppIdentifierPrefix\=Q99UJS4WY6.
    export BUILD_ACTIVE_RESOURCES_ONLY\=YES
    export BUILD_COMPONENTS\=headers\ build
    export BUILD_DIR\=/Users/darisadam/Library/Developer/Xcode/DerivedData/Madabank-hkohthnbjtgnoechirsoymtykttx/Build/Products
    export BUILD_LIBRARY_FOR_DISTRIBUTION\=NO
    export BUILD_ROOT\=/Users/darisadam/Library/Developer/Xcode/DerivedData/Madabank-hkohthnbjtgnoechirsoymtykttx/Build/Products
    export BUILD_STYLE\=
    export BUILD_VARIANTS\=normal
    export BUILT_PRODUCTS_DIR\=/Users/darisadam/Library/Developer/Xcode/DerivedData/Madabank-hkohthnbjtgnoechirsoymtykttx/Build/Products/Debug-iphonesimulator
    export BUNDLE_CONTENTS_FOLDER_PATH_deep\=Contents/
    export BUNDLE_EXECUTABLE_FOLDER_NAME_deep\=MacOS
    export BUNDLE_EXTENSIONS_FOLDER_PATH\=Extensions
    export BUNDLE_FORMAT\=shallow
    export BUNDLE_FRAMEWORKS_FOLDER_PATH\=Frameworks
    export BUNDLE_PLUGINS_FOLDER_PATH\=PlugIns
    export BUNDLE_PRIVATE_HEADERS_FOLDER_PATH\=PrivateHeaders
    export BUNDLE_PUBLIC_HEADERS_FOLDER_PATH\=Headers
    export CACHE_ROOT\=/var/folders/g5/6jzt1wwn41s5zrgzg247r0jr0000gn/C/com.apple.DeveloperTools/26.1.1-17B100/Xcode
    export CCHROOT\=/var/folders/g5/6jzt1wwn41s5zrgzg247r0jr0000gn/C/com.apple.DeveloperTools/26.1.1-17B100/Xcode
    export CHMOD\=/bin/chmod
    export CHOWN\=/usr/sbin/chown
    export CLANG_ANALYZER_LOCALIZABILITY_NONLOCALIZED\=YES
    export CLANG_ANALYZER_NONNULL\=YES
    export CLANG_ANALYZER_NUMBER_OBJECT_CONVERSION\=YES_AGGRESSIVE
    export CLANG_CACHE_FINE_GRAINED_OUTPUTS\=YES
    export CLANG_CXX_LANGUAGE_STANDARD\=gnu++14
    export CLANG_CXX_LIBRARY\=libc++
    export CLANG_ENABLE_EXPLICIT_MODULES\=YES
    export CLANG_ENABLE_MODULES\=YES
    export CLANG_ENABLE_OBJC_ARC\=YES
    export CLANG_ENABLE_OBJC_WEAK\=YES
    export CLANG_MODULES_BUILD_SESSION_FILE\=/Users/darisadam/Library/Developer/Xcode/DerivedData/ModuleCache.noindex/Session.modulevalidation
    export CLANG_WARN_BLOCK_CAPTURE_AUTORELEASING\=YES
    export CLANG_WARN_BOOL_CONVERSION\=YES
    export CLANG_WARN_COMMA\=YES
    export CLANG_WARN_CONSTANT_CONVERSION\=YES
    export CLANG_WARN_DEPRECATED_OBJC_IMPLEMENTATIONS\=YES
    export CLANG_WARN_DIRECT_OBJC_ISA_USAGE\=YES_ERROR
    export CLANG_WARN_DOCUMENTATION_COMMENTS\=YES
    export CLANG_WARN_EMPTY_BODY\=YES
    export CLANG_WARN_ENUM_CONVERSION\=YES
    export CLANG_WARN_INFINITE_RECURSION\=YES
    export CLANG_WARN_INT_CONVERSION\=YES
    export CLANG_WARN_NON_LITERAL_NULL_CONVERSION\=YES
    export CLANG_WARN_OBJC_IMPLICIT_RETAIN_SELF\=YES
    export CLANG_WARN_OBJC_LITERAL_CONVERSION\=YES
    export CLANG_WARN_OBJC_ROOT_CLASS\=YES_ERROR
    export CLANG_WARN_QUOTED_INCLUDE_IN_FRAMEWORK_HEADER\=YES
    export CLANG_WARN_RANGE_LOOP_ANALYSIS\=YES
    export CLANG_WARN_STRICT_PROTOTYPES\=YES
    export CLANG_WARN_SUSPICIOUS_MOVE\=YES
    export CLANG_WARN_UNGUARDED_AVAILABILITY\=YES_AGGRESSIVE
    export CLANG_WARN_UNREACHABLE_CODE\=YES
    export CLANG_WARN__DUPLICATE_METHOD_MATCH\=YES
    export CLASS_FILE_DIR\=/Users/darisadam/Library/Developer/Xcode/DerivedData/Madabank-hkohthnbjtgnoechirsoymtykttx/Build/Intermediates.noindex/Madabank.build/Debug-iphonesimulator/Madabank.build/JavaClasses
    export CLEAN_PRECOMPS\=YES
    export CLONE_HEADERS\=NO
    export CODESIGNING_FOLDER_PATH\=/Users/darisadam/Library/Developer/Xcode/DerivedData/Madabank-hkohthnbjtgnoechirsoymtykttx/Build/Products/Debug-iphonesimulator/Madabank.app
    export CODE_SIGNING_ALLOWED\=YES
    export CODE_SIGNING_REQUIRED\=YES
    export CODE_SIGN_CONTEXT_CLASS\=XCiPhoneSimulatorCodeSignContext
    export CODE_SIGN_IDENTITY\=iPhone\ Developer
    export CODE_SIGN_INJECT_BASE_ENTITLEMENTS\=YES
    export COLOR_DIAGNOSTICS\=NO
    export COMBINE_HIDPI_IMAGES\=NO
    export COMPILATION_CACHE_CAS_PATH\=/Users/darisadam/Library/Developer/Xcode/DerivedData/CompilationCache.noindex
    export COMPILATION_CACHE_KEEP_CAS_DIRECTORY\=YES
    export COMPILER_INDEX_STORE_ENABLE\=Default
    export COMPOSITE_SDK_DIRS\=/Users/darisadam/Library/Developer/Xcode/DerivedData/Madabank-hkohthnbjtgnoechirsoymtykttx/Build/Intermediates.noindex/CompositeSDKs
    export COMPRESS_PNG_FILES\=YES
    export CONFIGURATION\=Debug
    export CONFIGURATION_BUILD_DIR\=/Users/darisadam/Library/Developer/Xcode/DerivedData/Madabank-hkohthnbjtgnoechirsoymtykttx/Build/Products/Debug-iphonesimulator
    export CONFIGURATION_TEMP_DIR\=/Users/darisadam/Library/Developer/Xcode/DerivedData/Madabank-hkohthnbjtgnoechirsoymtykttx/Build/Intermediates.noindex/Madabank.build/Debug-iphonesimulator
    export CONTENTS_FOLDER_PATH\=Madabank.app
    export CONTENTS_FOLDER_PATH_SHALLOW_BUNDLE_NO\=Madabank.app/Contents
    export CONTENTS_FOLDER_PATH_SHALLOW_BUNDLE_YES\=Madabank.app
    export COPYING_PRESERVES_HFS_DATA\=NO
    export COPY_HEADERS_RUN_UNIFDEF\=NO
    export COPY_PHASE_STRIP\=NO
    export CORRESPONDING_DEVICE_PLATFORM_DIR\=/Applications/Xcode.app/Contents/Developer/Platforms/iPhoneOS.platform
    export CORRESPONDING_DEVICE_PLATFORM_NAME\=iphoneos
    export CORRESPONDING_DEVICE_SDK_DIR\=/Applications/Xcode.app/Contents/Developer/Platforms/iPhoneOS.platform/Developer/SDKs/iPhoneOS26.1.sdk
    export CORRESPONDING_DEVICE_SDK_NAME\=iphoneos26.1
    export CP\=/bin/cp
    export CREATE_INFOPLIST_SECTION_IN_BINARY\=NO
    export CURRENT_ARCH\=undefined_arch
    export CURRENT_VARIANT\=normal
    export DEAD_CODE_STRIPPING\=YES
    export DEBUGGING_SYMBOLS\=YES
    export DEBUG_INFORMATION_FORMAT\=dwarf
    export DEBUG_INFORMATION_VERSION\=compiler-default
    export DEFAULT_COMPILER\=com.apple.compilers.llvm.clang.1_0
    export DEFAULT_DEXT_INSTALL_PATH\=/System/Library/DriverExtensions
    export DEFAULT_KEXT_INSTALL_PATH\=/System/Library/Extensions
    export DEFINES_MODULE\=NO
    export DEPLOYMENT_LOCATION\=NO
    export DEPLOYMENT_POSTPROCESSING\=NO
    export DEPLOYMENT_TARGET_SETTING_NAME\=IPHONEOS_DEPLOYMENT_TARGET
    export DEPLOYMENT_TARGET_SUGGESTED_VALUES\=12.0\ 12.1\ 12.2\ 12.3\ 12.4\ 13.0\ 13.1\ 13.2\ 13.3\ 13.4\ 13.5\ 13.6\ 14.0\ 14.1\ 14.2\ 14.3\ 14.4\ 14.5\ 14.6\ 14.7\ 15.0\ 15.1\ 15.2\ 15.3\ 15.4\ 15.5\ 15.6\ 16.0\ 16.1\ 16.2\ 16.3\ 16.4\ 16.5\ 16.6\ 17.0\ 17.1\ 17.2\ 17.3\ 17.4\ 17.5\ 17.6\ 18.0\ 18.1\ 18.2\ 18.3\ 18.4\ 18.5\ 18.6\ 26.0\ 26.1
    export DERIVED_FILES_DIR\=/Users/darisadam/Library/Developer/Xcode/DerivedData/Madabank-hkohthnbjtgnoechirsoymtykttx/Build/Intermediates.noindex/Madabank.build/Debug-iphonesimulator/Madabank.build/DerivedSources
    export DERIVED_FILE_DIR\=/Users/darisadam/Library/Developer/Xcode/DerivedData/Madabank-hkohthnbjtgnoechirsoymtykttx/Build/Intermediates.noindex/Madabank.build/Debug-iphonesimulator/Madabank.build/DerivedSources
    export DERIVED_SOURCES_DIR\=/Users/darisadam/Library/Developer/Xcode/DerivedData/Madabank-hkohthnbjtgnoechirsoymtykttx/Build/Intermediates.noindex/Madabank.build/Debug-iphonesimulator/Madabank.build/DerivedSources
    export DEVELOPER_APPLICATIONS_DIR\=/Applications/Xcode.app/Contents/Developer/Applications
    export DEVELOPER_BIN_DIR\=/Applications/Xcode.app/Contents/Developer/usr/bin
    export DEVELOPER_DIR\=/Applications/Xcode.app/Contents/Developer
    export DEVELOPER_FRAMEWORKS_DIR\=/Applications/Xcode.app/Contents/Developer/Library/Frameworks
    export DEVELOPER_FRAMEWORKS_DIR_QUOTED\=/Applications/Xcode.app/Contents/Developer/Library/Frameworks
    export DEVELOPER_LIBRARY_DIR\=/Applications/Xcode.app/Contents/Developer/Library
    export DEVELOPER_SDK_DIR\=/Applications/Xcode.app/Contents/Developer/Platforms/MacOSX.platform/Developer/SDKs
    export DEVELOPER_TOOLS_DIR\=/Applications/Xcode.app/Contents/Developer/Tools
    export DEVELOPER_USR_DIR\=/Applications/Xcode.app/Contents/Developer/usr
    export DEVELOPMENT_LANGUAGE\=en
    export DIAGNOSE_MISSING_TARGET_DEPENDENCIES\=YES
    export DIFF\=/usr/bin/diff
    export DOCUMENTATION_FOLDER_PATH\=Madabank.app/en.lproj/Documentation
    export DONT_GENERATE_INFOPLIST_FILE\=NO
    export DSTROOT\=/tmp/Madabank.dst
    export DT_TOOLCHAIN_DIR\=/Applications/Xcode.app/Contents/Developer/Toolchains/XcodeDefault.xctoolchain
    export DWARF_DSYM_FILE_NAME\=Madabank.app.dSYM
    export DWARF_DSYM_FILE_SHOULD_ACCOMPANY_PRODUCT\=NO
    export DWARF_DSYM_FOLDER_PATH\=/Users/darisadam/Library/Developer/Xcode/DerivedData/Madabank-hkohthnbjtgnoechirsoymtykttx/Build/Products/Debug-iphonesimulator
    export DYNAMIC_LIBRARY_EXTENSION\=dylib
    export EAGER_COMPILATION_ALLOW_SCRIPTS\=NO
    export EAGER_LINKING\=NO
    export EFFECTIVE_PLATFORM_NAME\=-iphonesimulator
    export EMBEDDED_CONTENT_CONTAINS_SWIFT\=NO
    export EMBED_ASSET_PACKS_IN_PRODUCT_BUNDLE\=NO
    export ENABLE_APP_SANDBOX\=NO
    export ENABLE_CODE_COVERAGE\=YES
    export ENABLE_CPLUSPLUS_BOUNDS_SAFE_BUFFERS\=NO
    export ENABLE_C_BOUNDS_SAFETY\=NO
    export ENABLE_DEBUG_DYLIB\=YES
    export ENABLE_DEFAULT_HEADER_SEARCH_PATHS\=YES
    export ENABLE_DEFAULT_SEARCH_PATHS\=YES
    export ENABLE_ENHANCED_SECURITY\=NO
    export ENABLE_HARDENED_RUNTIME\=NO
    export ENABLE_HEADER_DEPENDENCIES\=YES
    export ENABLE_INCOMING_NETWORK_CONNECTIONS\=NO
    export ENABLE_ON_DEMAND_RESOURCES\=YES
    export ENABLE_OUTGOING_NETWORK_CONNECTIONS\=NO
    export ENABLE_POINTER_AUTHENTICATION\=NO
    export ENABLE_PREVIEWS\=NO
    export ENABLE_RESOURCE_ACCESS_AUDIO_INPUT\=NO
    export ENABLE_RESOURCE_ACCESS_BLUETOOTH\=NO
    export ENABLE_RESOURCE_ACCESS_CALENDARS\=NO
    export ENABLE_RESOURCE_ACCESS_CAMERA\=NO
    export ENABLE_RESOURCE_ACCESS_CONTACTS\=NO
    export ENABLE_RESOURCE_ACCESS_LOCATION\=NO
    export ENABLE_RESOURCE_ACCESS_PHOTO_LIBRARY\=NO
    export ENABLE_RESOURCE_ACCESS_PRINTING\=NO
    export ENABLE_RESOURCE_ACCESS_USB\=NO
    export ENABLE_SDK_IMPORTS\=NO
    export ENABLE_SECURITY_COMPILER_WARNINGS\=NO
    export ENABLE_STRICT_OBJC_MSGSEND\=YES
    export ENABLE_TESTABILITY\=YES
    export ENABLE_TESTING_SEARCH_PATHS\=NO
    export ENABLE_USER_SCRIPT_SANDBOXING\=NO
    export ENABLE_XOJIT_PREVIEWS\=YES
    export ENFORCE_VALID_ARCHS\=YES
    export ENTITLEMENTS_ALLOWED\=NO
    export ENTITLEMENTS_DESTINATION\=__entitlements
    export ENTITLEMENTS_REQUIRED\=NO
    export EXCLUDED_INSTALLSRC_SUBDIRECTORY_PATTERNS\=.DS_Store\ .svn\ .git\ .hg\ CVS
    export EXCLUDED_RECURSIVE_SEARCH_PATH_SUBDIRECTORIES\=\*.nib\ \*.lproj\ \*.framework\ \*.gch\ \*.xcode\*\ \*.xcassets\ \*.icon\ \(\*\)\ .DS_Store\ CVS\ .svn\ .git\ .hg\ \*.pbproj\ \*.pbxproj
    export EXECUTABLES_FOLDER_PATH\=Madabank.app/Executables
    export EXECUTABLE_BLANK_INJECTION_DYLIB_PATH\=Madabank.app/__preview.dylib
    export EXECUTABLE_DEBUG_DYLIB_INSTALL_NAME\=@rpath/Madabank.debug.dylib
    export EXECUTABLE_DEBUG_DYLIB_PATH\=Madabank.app/Madabank.debug.dylib
    export EXECUTABLE_FOLDER_PATH\=Madabank.app
    export EXECUTABLE_FOLDER_PATH_SHALLOW_BUNDLE_NO\=Madabank.app/MacOS
    export EXECUTABLE_FOLDER_PATH_SHALLOW_BUNDLE_YES\=Madabank.app
    export EXECUTABLE_NAME\=Madabank
    export EXECUTABLE_PATH\=Madabank.app/Madabank
    export EXPANDED_CODE_SIGN_IDENTITY\=-
    export EXPANDED_CODE_SIGN_IDENTITY_NAME\=Sign\ to\ Run\ Locally
    export EXTENSIONS_FOLDER_PATH\=Madabank.app/Extensions
    export FILE_LIST\=/Users/darisadam/Library/Developer/Xcode/DerivedData/Madabank-hkohthnbjtgnoechirsoymtykttx/Build/Intermediates.noindex/Madabank.build/Debug-iphonesimulator/Madabank.build/Objects/LinkFileList
    export FIXED_FILES_DIR\=/Users/darisadam/Library/Developer/Xcode/DerivedData/Madabank-hkohthnbjtgnoechirsoymtykttx/Build/Intermediates.noindex/Madabank.build/Debug-iphonesimulator/Madabank.build/FixedFiles
    export FRAMEWORKS_FOLDER_PATH\=Madabank.app/Frameworks
    export FRAMEWORK_FLAG_PREFIX\=-framework
    export FRAMEWORK_SEARCH_PATHS\=/Users/darisadam/Library/Developer/Xcode/DerivedData/Madabank-hkohthnbjtgnoechirsoymtykttx/Build/Products/Debug-iphonesimulator\ 
    export FRAMEWORK_VERSION\=A
    export FULL_PRODUCT_NAME\=Madabank.app
    export FUSE_BUILD_PHASES\=YES
    export FUSE_BUILD_SCRIPT_PHASES\=NO
    export GCC3_VERSION\=3.3
    export GCC_C_LANGUAGE_STANDARD\=gnu11
    export GCC_DYNAMIC_NO_PIC\=NO
    export GCC_INLINES_ARE_PRIVATE_EXTERN\=YES
    export GCC_NO_COMMON_BLOCKS\=YES
    export GCC_OBJC_LEGACY_DISPATCH\=YES
    export GCC_OPTIMIZATION_LEVEL\=0
    export GCC_PFE_FILE_C_DIALECTS\=c\ objective-c\ c++\ objective-c++
    export GCC_PREPROCESSOR_DEFINITIONS\=DEBUG\=1\ 
    export GCC_SYMBOLS_PRIVATE_EXTERN\=NO
    export GCC_TREAT_WARNINGS_AS_ERRORS\=NO
    export GCC_VERSION\=com.apple.compilers.llvm.clang.1_0
    export GCC_VERSION_IDENTIFIER\=com_apple_compilers_llvm_clang_1_0
    export GCC_WARN_64_TO_32_BIT_CONVERSION\=YES
    export GCC_WARN_ABOUT_RETURN_TYPE\=YES_ERROR
    export GCC_WARN_UNDECLARED_SELECTOR\=YES
    export GCC_WARN_UNINITIALIZED_AUTOS\=YES_AGGRESSIVE
    export GCC_WARN_UNUSED_FUNCTION\=YES
    export GCC_WARN_UNUSED_VARIABLE\=YES
    export GENERATED_MODULEMAP_DIR\=/Users/darisadam/Library/Developer/Xcode/DerivedData/Madabank-hkohthnbjtgnoechirsoymtykttx/Build/Intermediates.noindex/GeneratedModuleMaps-iphonesimulator
    export GENERATE_INFOPLIST_FILE\=NO
    export GENERATE_INTERMEDIATE_TEXT_BASED_STUBS\=YES
    export GENERATE_PKGINFO_FILE\=YES
    export GENERATE_PRELINK_OBJECT_FILE\=NO
    export GENERATE_PROFILING_CODE\=NO
    export GENERATE_TEXT_BASED_STUBS\=NO
    export GID\=20
    export GROUP\=staff
    export HEADERMAP_INCLUDES_FLAT_ENTRIES_FOR_TARGET_BEING_BUILT\=YES
    export HEADERMAP_INCLUDES_FRAMEWORK_ENTRIES_FOR_ALL_PRODUCT_TYPES\=YES
    export HEADERMAP_INCLUDES_FRAMEWORK_ENTRIES_FOR_TARGETS_NOT_BEING_BUILT\=YES
    export HEADERMAP_INCLUDES_NONPUBLIC_NONPRIVATE_HEADERS\=YES
    export HEADERMAP_INCLUDES_PROJECT_HEADERS\=YES
    export HEADERMAP_USES_FRAMEWORK_PREFIX_ENTRIES\=YES
    export HEADERMAP_USES_VFS\=NO
    export HEADER_SEARCH_PATHS\=/Users/darisadam/Library/Developer/Xcode/DerivedData/Madabank-hkohthnbjtgnoechirsoymtykttx/Build/Products/Debug-iphonesimulator/include\ \ /Users/darisadam/Documents/Projects/iOS\ Apps/madabank-ios/Madabank/Tuist/.build/checkouts/RxSwift/Sources/RxCocoaRuntime/include
    export HOME\=/Users/darisadam
    export HOST_ARCH\=arm64
    export HOST_PLATFORM\=macosx
    export ICONV\=/usr/bin/iconv
    export IMPLICIT_DEPENDENCY_DOMAIN\=default
    export INFOPLIST_ENABLE_CFBUNDLEICONS_MERGE\=YES
    export INFOPLIST_EXPAND_BUILD_SETTINGS\=YES
    export INFOPLIST_FILE\=Derived/InfoPlists/Madabank-Info.plist
    export INFOPLIST_OUTPUT_FORMAT\=binary
    export INFOPLIST_PATH\=Madabank.app/Info.plist
    export INFOPLIST_PREPROCESS\=NO
    export INFOSTRINGS_PATH\=Madabank.app/en.lproj/InfoPlist.strings
    export INLINE_PRIVATE_FRAMEWORKS\=NO
    export INSTALLAPI_IGNORE_SKIP_INSTALL\=YES
    export INSTALLHDRS_COPY_PHASE\=NO
    export INSTALLHDRS_SCRIPT_PHASE\=NO
    export INSTALL_DIR\=/tmp/Madabank.dst/Applications
    export INSTALL_GROUP\=staff
    export INSTALL_MODE_FLAG\=u+w,go-w,a+rX
    export INSTALL_OWNER\=darisadam
    export INSTALL_PATH\=/Applications
    export INSTALL_ROOT\=/tmp/Madabank.dst
    export IPHONEOS_DEPLOYMENT_TARGET\=15.0
    export IS_UNOPTIMIZED_BUILD\=YES
    export JAVAC_DEFAULT_FLAGS\=-J-Xms64m\ -J-XX:NewSize\=4M\ -J-Dfile.encoding\=UTF8
    export JAVA_APP_STUB\=/System/Library/Frameworks/JavaVM.framework/Resources/MacOS/JavaApplicationStub
    export JAVA_ARCHIVE_CLASSES\=YES
    export JAVA_ARCHIVE_TYPE\=JAR
    export JAVA_COMPILER\=/usr/bin/javac
    export JAVA_FOLDER_PATH\=Madabank.app/Java
    export JAVA_FRAMEWORK_RESOURCES_DIRS\=Resources
    export JAVA_JAR_FLAGS\=cv
    export JAVA_SOURCE_SUBDIR\=.
    export JAVA_USE_DEPENDENCIES\=YES
    export JAVA_ZIP_FLAGS\=-urg
    export JIKES_DEFAULT_FLAGS\=+E\ +OLDCSO
    export KEEP_PRIVATE_EXTERNS\=NO
    export LD_DEPENDENCY_INFO_FILE\=/Users/darisadam/Library/Developer/Xcode/DerivedData/Madabank-hkohthnbjtgnoechirsoymtykttx/Build/Intermediates.noindex/Madabank.build/Debug-iphonesimulator/Madabank.build/Objects-normal/undefined_arch/Madabank_dependency_info.dat
    export LD_ENTITLEMENTS_SECTION\=/Users/darisadam/Library/Developer/Xcode/DerivedData/Madabank-hkohthnbjtgnoechirsoymtykttx/Build/Intermediates.noindex/Madabank.build/Debug-iphonesimulator/Madabank.build/Madabank.app-Simulated.xcent
    export LD_ENTITLEMENTS_SECTION_DER\=/Users/darisadam/Library/Developer/Xcode/DerivedData/Madabank-hkohthnbjtgnoechirsoymtykttx/Build/Intermediates.noindex/Madabank.build/Debug-iphonesimulator/Madabank.build/Madabank.app-Simulated.xcent.der
    export LD_EXPORT_SYMBOLS\=YES
    export LD_GENERATE_MAP_FILE\=NO
    export LD_MAP_FILE_PATH\=/Users/darisadam/Library/Developer/Xcode/DerivedData/Madabank-hkohthnbjtgnoechirsoymtykttx/Build/Intermediates.noindex/Madabank.build/Debug-iphonesimulator/Madabank.build/Madabank-LinkMap-normal-undefined_arch.txt
    export LD_NO_PIE\=NO
    export LD_QUOTE_LINKER_ARGUMENTS_FOR_COMPILER_DRIVER\=YES
    export LD_RUNPATH_SEARCH_PATHS\=\ @executable_path/Frameworks
    export LD_RUNPATH_SEARCH_PATHS_YES\=@loader_path/../Frameworks
    export LD_SHARED_CACHE_ELIGIBLE\=Automatic
    export LD_WARN_DUPLICATE_LIBRARIES\=NO
    export LD_WARN_UNUSED_DYLIBS\=NO
    export LEGACY_DEVELOPER_DIR\=/Applications/Xcode.app/Contents/PlugIns/Xcode3Core.ideplugin/Contents/SharedSupport/Developer
    export LEX\=lex
    export LIBRARY_DEXT_INSTALL_PATH\=/Library/DriverExtensions
    export LIBRARY_FLAG_NOSPACE\=YES
    export LIBRARY_FLAG_PREFIX\=-l
    export LIBRARY_KEXT_INSTALL_PATH\=/Library/Extensions
    export LIBRARY_SEARCH_PATHS\=/Users/darisadam/Library/Developer/Xcode/DerivedData/Madabank-hkohthnbjtgnoechirsoymtykttx/Build/Products/Debug-iphonesimulator\ 
    export LINKER_DISPLAYS_MANGLED_NAMES\=NO
    export LINK_FILE_LIST_normal_arm64\=/Users/darisadam/Library/Developer/Xcode/DerivedData/Madabank-hkohthnbjtgnoechirsoymtykttx/Build/Intermediates.noindex/Madabank.build/Debug-iphonesimulator/Madabank.build/Objects-normal/arm64/Madabank.LinkFileList
    export LINK_OBJC_RUNTIME\=YES
    export LINK_WITH_STANDARD_LIBRARIES\=YES
    export LLVM_TARGET_TRIPLE_OS_VERSION\=ios15.0
    export LLVM_TARGET_TRIPLE_SUFFIX\=-simulator
    export LLVM_TARGET_TRIPLE_VENDOR\=apple
    export LM_AUX_CONST_METADATA_LIST_PATH_normal_arm64\=/Users/darisadam/Library/Developer/Xcode/DerivedData/Madabank-hkohthnbjtgnoechirsoymtykttx/Build/Intermediates.noindex/Madabank.build/Debug-iphonesimulator/Madabank.build/Objects-normal/arm64/Madabank.SwiftConstValuesFileList
    export LOCALIZATION_EXPORT_SUPPORTED\=YES
    export LOCALIZATION_PREFERS_STRING_CATALOGS\=NO
    export LOCALIZED_RESOURCES_FOLDER_PATH\=Madabank.app/en.lproj
    export LOCALIZED_STRING_MACRO_NAMES\=NSLocalizedString\ CFCopyLocalizedString
    export LOCALIZED_STRING_SWIFTUI_SUPPORT\=YES
    export LOCAL_ADMIN_APPS_DIR\=/Applications/Utilities
    export LOCAL_APPS_DIR\=/Applications
    export LOCAL_DEVELOPER_DIR\=/Library/Developer
    export LOCAL_LIBRARY_DIR\=/Library
    export LOCROOT\=/Users/darisadam/Documents/Projects/iOS\ Apps/madabank-ios/Madabank
    export LOCSYMROOT\=/Users/darisadam/Documents/Projects/iOS\ Apps/madabank-ios/Madabank
    export MACH_O_TYPE\=mh_execute
    export MAC_OS_X_PRODUCT_BUILD_VERSION\=25C56
    export MAC_OS_X_VERSION_ACTUAL\=260200
    export MAC_OS_X_VERSION_MAJOR\=260000
    export MAC_OS_X_VERSION_MINOR\=260200
    export MAKE_MERGEABLE\=NO
    export MERGEABLE_LIBRARY\=NO
    export MERGED_BINARY_TYPE\=none
    export MERGE_LINKED_LIBRARIES\=NO
    export METAL_LIBRARY_FILE_BASE\=default
    export METAL_LIBRARY_OUTPUT_DIR\=/Users/darisadam/Library/Developer/Xcode/DerivedData/Madabank-hkohthnbjtgnoechirsoymtykttx/Build/Products/Debug-iphonesimulator/Madabank.app
    export MODULES_FOLDER_PATH\=Madabank.app/Modules
    export MODULE_CACHE_DIR\=/Users/darisadam/Library/Developer/Xcode/DerivedData/ModuleCache.noindex
    export MTL_ENABLE_DEBUG_INFO\=YES
    export NATIVE_ARCH\=arm64
    export NATIVE_ARCH_32_BIT\=arm
    export NATIVE_ARCH_64_BIT\=arm64
    export NATIVE_ARCH_ACTUAL\=arm64
    export NO_COMMON\=YES
    export OBJC_ABI_VERSION\=2
    export OBJECT_FILE_DIR\=/Users/darisadam/Library/Developer/Xcode/DerivedData/Madabank-hkohthnbjtgnoechirsoymtykttx/Build/Intermediates.noindex/Madabank.build/Debug-iphonesimulator/Madabank.build/Objects
    export OBJECT_FILE_DIR_normal\=/Users/darisadam/Library/Developer/Xcode/DerivedData/Madabank-hkohthnbjtgnoechirsoymtykttx/Build/Intermediates.noindex/Madabank.build/Debug-iphonesimulator/Madabank.build/Objects-normal
    export OBJROOT\=/Users/darisadam/Library/Developer/Xcode/DerivedData/Madabank-hkohthnbjtgnoechirsoymtykttx/Build/Intermediates.noindex
    export ONLY_ACTIVE_ARCH\=YES
    export OS\=MACOS
    export OSAC\=/usr/bin/osacompile
    export OTHER_CFLAGS\=\ -fmodule-map-file\=/Users/darisadam/Documents/Projects/iOS\ Apps/madabank-ios/Madabank/Tuist/.build/tuist-derived/RxCocoaRuntime/RxCocoaRuntime.modulemap
    export OTHER_CPLUSPLUSFLAGS\=\ -fmodule-map-file\=/Users/darisadam/Documents/Projects/iOS\ Apps/madabank-ios/Madabank/Tuist/.build/tuist-derived/RxCocoaRuntime/RxCocoaRuntime.modulemap
    export OTHER_SWIFT_FLAGS\=\ -Xcc\ -fmodule-map-file\=/Users/darisadam/Documents/Projects/iOS\ Apps/madabank-ios/Madabank/Tuist/.build/tuist-derived/RxCocoaRuntime/RxCocoaRuntime.modulemap
    export PACKAGE_TYPE\=com.apple.package-type.wrapper.application
    export PASCAL_STRINGS\=YES
    export PATH\=/Applications/Xcode.app/Contents/SharedFrameworks/SwiftBuild.framework/Versions/A/PlugIns/SWBBuildService.bundle/Contents/PlugIns/SWBUniversalPlatformPlugin.bundle/Contents/Frameworks/SWBUniversalPlatform.framework/Resources:/var/run/com.apple.security.cryptexd/mnt/com.apple.MobileAsset.MetalToolchain-v17.2.54.0.wH8bUi/Metal.xctoolchain/usr/bin:/var/run/com.apple.security.cryptexd/mnt/com.apple.MobileAsset.MetalToolchain-v17.2.54.0.wH8bUi/Metal.xctoolchain/usr/local/bin:/var/run/com.apple.security.cryptexd/mnt/com.apple.MobileAsset.MetalToolchain-v17.2.54.0.wH8bUi/Metal.xctoolchain/usr/libexec:/Applications/Xcode.app/Contents/Developer/Toolchains/XcodeDefault.xctoolchain/usr/bin:/Applications/Xcode.app/Contents/Developer/Toolchains/XcodeDefault.xctoolchain/usr/local/bin:/Applications/Xcode.app/Contents/Developer/Toolchains/XcodeDefault.xctoolchain/usr/libexec:/Applications/Xcode.app/Contents/Developer/Platforms/iPhoneSimulator.platform/usr/bin:/Applications/Xcode.app/Contents/Developer/Platforms/iPhoneSimulator.platform/usr/local/bin:/Applications/Xcode.app/Contents/Developer/Platforms/iPhoneSimulator.platform/Developer/usr/bin:/Applications/Xcode.app/Contents/Developer/Platforms/iPhoneSimulator.platform/Developer/usr/local/bin:/Applications/Xcode.app/Contents/Developer/usr/bin:/Applications/Xcode.app/Contents/Developer/usr/local/bin:/Users/darisadam/.nvm/versions/node/v20.19.6/bin:/Users/darisadam/.antigravity/antigravity/bin:/opt/homebrew/opt/ruby/bin:/opt/homebrew/bin:/opt/homebrew/sbin:/usr/local/bin:/System/Cryptexes/App/usr/bin:/usr/bin:/bin:/usr/sbin:/sbin:/var/run/com.apple.security.cryptexd/codex.system/bootstrap/usr/local/bin:/var/run/com.apple.security.cryptexd/codex.system/bootstrap/usr/bin:/var/run/com.apple.security.cryptexd/codex.system/bootstrap/usr/appleinternal/bin:/opt/pmk/env/global/bin:/Library/Apple/usr/bin:/Applications/VMware\ Fusion.app/Contents/Public:/usr/local/share/dotnet:/Library/Frameworks/Mono.framework/Versions/Current/Commands:/opt/anaconda3/bin:/opt/anaconda3/condabin
    export PATH_PREFIXES_EXCLUDED_FROM_HEADER_DEPENDENCIES\=/usr/include\ /usr/local/include\ /System/Library/Frameworks\ /System/Library/PrivateFrameworks\ /Applications/Xcode.app/Contents/Developer/Headers\ /Applications/Xcode.app/Contents/Developer/SDKs\ /Applications/Xcode.app/Contents/Developer/Platforms
    export PBDEVELOPMENTPLIST_PATH\=Madabank.app/pbdevelopment.plist
    export PER_ARCH_MODULE_FILE_DIR\=/Users/darisadam/Library/Developer/Xcode/DerivedData/Madabank-hkohthnbjtgnoechirsoymtykttx/Build/Intermediates.noindex/Madabank.build/Debug-iphonesimulator/Madabank.build/Objects-normal/undefined_arch
    export PER_ARCH_OBJECT_FILE_DIR\=/Users/darisadam/Library/Developer/Xcode/DerivedData/Madabank-hkohthnbjtgnoechirsoymtykttx/Build/Intermediates.noindex/Madabank.build/Debug-iphonesimulator/Madabank.build/Objects-normal/undefined_arch
    export PER_VARIANT_OBJECT_FILE_DIR\=/Users/darisadam/Library/Developer/Xcode/DerivedData/Madabank-hkohthnbjtgnoechirsoymtykttx/Build/Intermediates.noindex/Madabank.build/Debug-iphonesimulator/Madabank.build/Objects-normal
    export PKGINFO_FILE_PATH\=/Users/darisadam/Library/Developer/Xcode/DerivedData/Madabank-hkohthnbjtgnoechirsoymtykttx/Build/Intermediates.noindex/Madabank.build/Debug-iphonesimulator/Madabank.build/PkgInfo
    export PKGINFO_PATH\=Madabank.app/PkgInfo
    export PLATFORM_DEVELOPER_APPLICATIONS_DIR\=/Applications/Xcode.app/Contents/Developer/Platforms/iPhoneSimulator.platform/Developer/Applications
    export PLATFORM_DEVELOPER_BIN_DIR\=/Applications/Xcode.app/Contents/Developer/Platforms/iPhoneSimulator.platform/Developer/usr/bin
    export PLATFORM_DEVELOPER_LIBRARY_DIR\=/Applications/Xcode.app/Contents/Developer/Platforms/iPhoneSimulator.platform/Developer/Library
    export PLATFORM_DEVELOPER_SDK_DIR\=/Applications/Xcode.app/Contents/Developer/Platforms/iPhoneSimulator.platform/Developer/SDKs
    export PLATFORM_DEVELOPER_TOOLS_DIR\=/Applications/Xcode.app/Contents/Developer/Platforms/iPhoneSimulator.platform/Developer/Tools
    export PLATFORM_DEVELOPER_USR_DIR\=/Applications/Xcode.app/Contents/Developer/Platforms/iPhoneSimulator.platform/Developer/usr
    export PLATFORM_DIR\=/Applications/Xcode.app/Contents/Developer/Platforms/iPhoneSimulator.platform
    export PLATFORM_DISPLAY_NAME\=iOS\ Simulator
    export PLATFORM_FAMILY_NAME\=iOS
    export PLATFORM_NAME\=iphonesimulator
    export PLATFORM_PREFERRED_ARCH\=x86_64
    export PLATFORM_PRODUCT_BUILD_VERSION\=23B77
    export PLATFORM_REQUIRES_SWIFT_AUTOLINK_EXTRACT\=NO
    export PLATFORM_REQUIRES_SWIFT_MODULEWRAP\=NO
    export PLIST_FILE_OUTPUT_FORMAT\=binary
    export PLUGINS_FOLDER_PATH\=Madabank.app/PlugIns
    export PRECOMPS_INCLUDE_HEADERS_FROM_BUILT_PRODUCTS_DIR\=YES
    export PRECOMP_DESTINATION_DIR\=/Users/darisadam/Library/Developer/Xcode/DerivedData/Madabank-hkohthnbjtgnoechirsoymtykttx/Build/Intermediates.noindex/Madabank.build/Debug-iphonesimulator/Madabank.build/PrefixHeaders
    export PRIVATE_HEADERS_FOLDER_PATH\=Madabank.app/PrivateHeaders
    export PROCESSED_INFOPLIST_PATH\=/Users/darisadam/Library/Developer/Xcode/DerivedData/Madabank-hkohthnbjtgnoechirsoymtykttx/Build/Intermediates.noindex/Madabank.build/Debug-iphonesimulator/Madabank.build/Objects-normal/undefined_arch/Processed-Info.plist
    export PRODUCT_BUNDLE_IDENTIFIER\=online.darisadam.madabank
    export PRODUCT_BUNDLE_PACKAGE_TYPE\=APPL
    export PRODUCT_MODULE_NAME\=Madabank
    export PRODUCT_NAME\=Madabank
    export PRODUCT_SETTINGS_PATH\=/Users/darisadam/Documents/Projects/iOS\ Apps/madabank-ios/Madabank/Derived/InfoPlists/Madabank-Info.plist
    export PRODUCT_TYPE\=com.apple.product-type.application
    export PROFILING_CODE\=NO
    export PROJECT\=Madabank
    export PROJECT_DERIVED_FILE_DIR\=/Users/darisadam/Library/Developer/Xcode/DerivedData/Madabank-hkohthnbjtgnoechirsoymtykttx/Build/Intermediates.noindex/Madabank.build/DerivedSources
    export PROJECT_DIR\=/Users/darisadam/Documents/Projects/iOS\ Apps/madabank-ios/Madabank
    export PROJECT_FILE_PATH\=/Users/darisadam/Documents/Projects/iOS\ Apps/madabank-ios/Madabank/Madabank.xcodeproj
    export PROJECT_GUID\=6b8f23b26fb50a69bf27348274a22005
    export PROJECT_NAME\=Madabank
    export PROJECT_TEMP_DIR\=/Users/darisadam/Library/Developer/Xcode/DerivedData/Madabank-hkohthnbjtgnoechirsoymtykttx/Build/Intermediates.noindex/Madabank.build
    export PROJECT_TEMP_ROOT\=/Users/darisadam/Library/Developer/Xcode/DerivedData/Madabank-hkohthnbjtgnoechirsoymtykttx/Build/Intermediates.noindex
    export PROVISIONING_PROFILE_REQUIRED\=NO
    export PROVISIONING_PROFILE_REQUIRED_YES_YES\=YES
    export PROVISIONING_PROFILE_SUPPORTED\=YES
    export PUBLIC_HEADERS_FOLDER_PATH\=Madabank.app/Headers
    export RECOMMENDED_IPHONEOS_DEPLOYMENT_TARGET\=15.0
    export RECURSIVE_SEARCH_PATHS_FOLLOW_SYMLINKS\=YES
    export REMOVE_CVS_FROM_RESOURCES\=YES
    export REMOVE_GIT_FROM_RESOURCES\=YES
    export REMOVE_HEADERS_FROM_EMBEDDED_BUNDLES\=YES
    export REMOVE_HG_FROM_RESOURCES\=YES
    export REMOVE_STATIC_EXECUTABLES_FROM_EMBEDDED_BUNDLES\=YES
    export REMOVE_SVN_FROM_RESOURCES\=YES
    export RESCHEDULE_INDEPENDENT_HEADERS_PHASES\=YES
    export REZ_COLLECTOR_DIR\=/Users/darisadam/Library/Developer/Xcode/DerivedData/Madabank-hkohthnbjtgnoechirsoymtykttx/Build/Intermediates.noindex/Madabank.build/Debug-iphonesimulator/Madabank.build/ResourceManagerResources
    export REZ_OBJECTS_DIR\=/Users/darisadam/Library/Developer/Xcode/DerivedData/Madabank-hkohthnbjtgnoechirsoymtykttx/Build/Intermediates.noindex/Madabank.build/Debug-iphonesimulator/Madabank.build/ResourceManagerResources/Objects
    export REZ_SEARCH_PATHS\=/Users/darisadam/Library/Developer/Xcode/DerivedData/Madabank-hkohthnbjtgnoechirsoymtykttx/Build/Products/Debug-iphonesimulator\ 
    export RUNTIME_EXCEPTION_ALLOW_DYLD_ENVIRONMENT_VARIABLES\=NO
    export RUNTIME_EXCEPTION_ALLOW_JIT\=NO
    export RUNTIME_EXCEPTION_ALLOW_UNSIGNED_EXECUTABLE_MEMORY\=NO
    export RUNTIME_EXCEPTION_DEBUGGING_TOOL\=NO
    export RUNTIME_EXCEPTION_DISABLE_EXECUTABLE_PAGE_PROTECTION\=NO
    export RUNTIME_EXCEPTION_DISABLE_LIBRARY_VALIDATION\=NO
    export SCAN_ALL_SOURCE_FILES_FOR_INCLUDES\=NO
    export SCRIPTS_FOLDER_PATH\=Madabank.app/Scripts
    export SCRIPT_INPUT_FILE_COUNT\=0
    export SCRIPT_INPUT_FILE_LIST_COUNT\=0
    export SCRIPT_OUTPUT_FILE_COUNT\=0
    export SCRIPT_OUTPUT_FILE_LIST_COUNT\=0
    export SDKROOT\=/Applications/Xcode.app/Contents/Developer/Platforms/iPhoneSimulator.platform/Developer/SDKs/iPhoneSimulator26.1.sdk
    export SDK_DIR\=/Applications/Xcode.app/Contents/Developer/Platforms/iPhoneSimulator.platform/Developer/SDKs/iPhoneSimulator26.1.sdk
    export SDK_DIR_iphonesimulator\=/Applications/Xcode.app/Contents/Developer/Platforms/iPhoneSimulator.platform/Developer/SDKs/iPhoneSimulator26.1.sdk
    export SDK_DIR_iphonesimulator26_1\=/Applications/Xcode.app/Contents/Developer/Platforms/iPhoneSimulator.platform/Developer/SDKs/iPhoneSimulator26.1.sdk
    export SDK_NAME\=iphonesimulator26.1
    export SDK_NAMES\=iphonesimulator26.1
    export SDK_PRODUCT_BUILD_VERSION\=23B77
    export SDK_STAT_CACHE_DIR\=/Users/darisadam/Library/Developer/Xcode/DerivedData
    export SDK_STAT_CACHE_ENABLE\=YES
    export SDK_STAT_CACHE_PATH\=/Users/darisadam/Library/Developer/Xcode/DerivedData/SDKStatCaches.noindex/iphonesimulator26.1-23B77-3885c01c3e6b6a337905948deab2002e90cf18a4295e390e64c810bc6bd7acbc.sdkstatcache
    export SDK_VERSION\=26.1
    export SDK_VERSION_ACTUAL\=260100
    export SDK_VERSION_MAJOR\=260000
    export SDK_VERSION_MINOR\=260100
    export SED\=/usr/bin/sed
    export SEPARATE_STRIP\=NO
    export SEPARATE_SYMBOL_EDIT\=NO
    export SET_DIR_MODE_OWNER_GROUP\=YES
    export SET_FILE_MODE_OWNER_GROUP\=NO
    export SHALLOW_BUNDLE\=YES
    export SHALLOW_BUNDLE_TRIPLE\=ios-simulator
    export SHALLOW_BUNDLE_ios_macabi\=NO
    export SHALLOW_BUNDLE_macos\=NO
    export SHARED_DERIVED_FILE_DIR\=/Users/darisadam/Library/Developer/Xcode/DerivedData/Madabank-hkohthnbjtgnoechirsoymtykttx/Build/Products/Debug-iphonesimulator/DerivedSources
    export SHARED_FRAMEWORKS_FOLDER_PATH\=Madabank.app/SharedFrameworks
    export SHARED_PRECOMPS_DIR\=/Users/darisadam/Library/Developer/Xcode/DerivedData/Madabank-hkohthnbjtgnoechirsoymtykttx/Build/Intermediates.noindex/PrecompiledHeaders
    export SHARED_SUPPORT_FOLDER_PATH\=Madabank.app/SharedSupport
    export SKIP_INSTALL\=NO
    export SOURCE_ROOT\=/Users/darisadam/Documents/Projects/iOS\ Apps/madabank-ios/Madabank
    export SRCROOT\=/Users/darisadam/Documents/Projects/iOS\ Apps/madabank-ios/Madabank
    export STRINGSDATA_DIR\=/Users/darisadam/Library/Developer/Xcode/DerivedData/Madabank-hkohthnbjtgnoechirsoymtykttx/Build/Intermediates.noindex/Madabank.build/Debug-iphonesimulator/Madabank.build/Objects-normal/undefined_arch
    export STRINGSDATA_ROOT\=/Users/darisadam/Library/Developer/Xcode/DerivedData/Madabank-hkohthnbjtgnoechirsoymtykttx/Build/Intermediates.noindex/Madabank.build/Debug-iphonesimulator/Madabank.build
    export STRINGS_FILE_INFOPLIST_RENAME\=YES
    export STRINGS_FILE_OUTPUT_ENCODING\=binary
    export STRING_CATALOG_GENERATE_SYMBOLS\=NO
    export STRIP_BITCODE_FROM_COPIED_FILES\=NO
    export STRIP_INSTALLED_PRODUCT\=NO
    export STRIP_STYLE\=all
    export STRIP_SWIFT_SYMBOLS\=YES
    export SUPPORTED_DEVICE_FAMILIES\=1,2
    export SUPPORTED_PLATFORMS\=iphoneos\ iphonesimulator
    export SUPPORTS_MACCATALYST\=NO
    export SUPPORTS_MAC_DESIGNED_FOR_IPHONE_IPAD\=NO
    export SUPPORTS_ON_DEMAND_RESOURCES\=YES
    export SUPPORTS_TEXT_BASED_API\=NO
    export SUPPORTS_XR_DESIGNED_FOR_IPHONE_IPAD\=NO
    export SUPPRESS_WARNINGS\=NO
    export SWIFT_ACTIVE_COMPILATION_CONDITIONS\=\ DEBUG
    export SWIFT_COMPILATION_MODE\=singlefile
    export SWIFT_EMIT_CONST_VALUE_PROTOCOLS\=AppIntent\ EntityQuery\ AppEntity\ TransientEntity\ AppEnum\ AppShortcutProviding\ AppShortcutsProvider\ AnyResolverProviding\ AppIntentsPackage\ DynamicOptionsProvider\ _IntentValueRepresentable\ _AssistantIntentsProvider\ _GenerativeFunctionExtractable\ IntentValueQuery\ Resolver\ AppExtension\ ExtensionPointDefining
    export SWIFT_EMIT_LOC_STRINGS\=NO
    export SWIFT_ENABLE_EXPLICIT_MODULES\=YES
    export SWIFT_OPTIMIZATION_LEVEL\=-Onone
    export SWIFT_PLATFORM_TARGET_PREFIX\=ios
    export SWIFT_RESPONSE_FILE_PATH_normal_arm64\=/Users/darisadam/Library/Developer/Xcode/DerivedData/Madabank-hkohthnbjtgnoechirsoymtykttx/Build/Intermediates.noindex/Madabank.build/Debug-iphonesimulator/Madabank.build/Objects-normal/arm64/Madabank.SwiftFileList
    export SWIFT_VERSION\=5.0
    export SYMROOT\=/Users/darisadam/Library/Developer/Xcode/DerivedData/Madabank-hkohthnbjtgnoechirsoymtykttx/Build/Products
    export SYSTEM_ADMIN_APPS_DIR\=/Applications/Utilities
    export SYSTEM_APPS_DIR\=/Applications
    export SYSTEM_CORE_SERVICES_DIR\=/System/Library/CoreServices
    export SYSTEM_DEMOS_DIR\=/Applications/Extras
    export SYSTEM_DEVELOPER_APPS_DIR\=/Applications/Xcode.app/Contents/Developer/Applications
    export SYSTEM_DEVELOPER_BIN_DIR\=/Applications/Xcode.app/Contents/Developer/usr/bin
    export SYSTEM_DEVELOPER_DEMOS_DIR\=/Applications/Xcode.app/Contents/Developer/Applications/Utilities/Built\ Examples
    export SYSTEM_DEVELOPER_DIR\=/Applications/Xcode.app/Contents/Developer
    export SYSTEM_DEVELOPER_DOC_DIR\=/Applications/Xcode.app/Contents/Developer/ADC\ Reference\ Library
    export SYSTEM_DEVELOPER_GRAPHICS_TOOLS_DIR\=/Applications/Xcode.app/Contents/Developer/Applications/Graphics\ Tools
    export SYSTEM_DEVELOPER_JAVA_TOOLS_DIR\=/Applications/Xcode.app/Contents/Developer/Applications/Java\ Tools
    export SYSTEM_DEVELOPER_PERFORMANCE_TOOLS_DIR\=/Applications/Xcode.app/Contents/Developer/Applications/Performance\ Tools
    export SYSTEM_DEVELOPER_RELEASENOTES_DIR\=/Applications/Xcode.app/Contents/Developer/ADC\ Reference\ Library/releasenotes
    export SYSTEM_DEVELOPER_TOOLS\=/Applications/Xcode.app/Contents/Developer/Tools
    export SYSTEM_DEVELOPER_TOOLS_DOC_DIR\=/Applications/Xcode.app/Contents/Developer/ADC\ Reference\ Library/documentation/DeveloperTools
    export SYSTEM_DEVELOPER_TOOLS_RELEASENOTES_DIR\=/Applications/Xcode.app/Contents/Developer/ADC\ Reference\ Library/releasenotes/DeveloperTools
    export SYSTEM_DEVELOPER_USR_DIR\=/Applications/Xcode.app/Contents/Developer/usr
    export SYSTEM_DEVELOPER_UTILITIES_DIR\=/Applications/Xcode.app/Contents/Developer/Applications/Utilities
    export SYSTEM_DEXT_INSTALL_PATH\=/System/Library/DriverExtensions
    export SYSTEM_DOCUMENTATION_DIR\=/Library/Documentation
    export SYSTEM_EXTENSIONS_FOLDER_PATH\=Madabank.app/SystemExtensions
    export SYSTEM_EXTENSIONS_FOLDER_PATH_SHALLOW_BUNDLE_NO\=Madabank.app/Library/SystemExtensions
    export SYSTEM_EXTENSIONS_FOLDER_PATH_SHALLOW_BUNDLE_YES\=Madabank.app/SystemExtensions
    export SYSTEM_KEXT_INSTALL_PATH\=/System/Library/Extensions
    export SYSTEM_LIBRARY_DIR\=/System/Library
    export TAPI_DEMANGLE\=YES
    export TAPI_ENABLE_PROJECT_HEADERS\=NO
    export TAPI_LANGUAGE\=objective-c
    export TAPI_LANGUAGE_STANDARD\=compiler-default
    export TAPI_USE_SRCROOT\=YES
    export TAPI_VERIFY_MODE\=Pedantic
    export TARGETED_DEVICE_FAMILY\=1
    export TARGETNAME\=Madabank
    export TARGET_BUILD_DIR\=/Users/darisadam/Library/Developer/Xcode/DerivedData/Madabank-hkohthnbjtgnoechirsoymtykttx/Build/Products/Debug-iphonesimulator
    export TARGET_DEVICE_IDENTIFIER\=2C8DA8D6-86AC-4314-89AD-96ACA9F1F0CE
    export TARGET_DEVICE_MODEL\=iPhone18,1
    export TARGET_DEVICE_OS_VERSION\=26.1
    export TARGET_DEVICE_PLATFORM_NAME\=iphonesimulator
    export TARGET_NAME\=Madabank
    export TARGET_TEMP_DIR\=/Users/darisadam/Library/Developer/Xcode/DerivedData/Madabank-hkohthnbjtgnoechirsoymtykttx/Build/Intermediates.noindex/Madabank.build/Debug-iphonesimulator/Madabank.build
    export TEMP_DIR\=/Users/darisadam/Library/Developer/Xcode/DerivedData/Madabank-hkohthnbjtgnoechirsoymtykttx/Build/Intermediates.noindex/Madabank.build/Debug-iphonesimulator/Madabank.build
    export TEMP_FILES_DIR\=/Users/darisadam/Library/Developer/Xcode/DerivedData/Madabank-hkohthnbjtgnoechirsoymtykttx/Build/Intermediates.noindex/Madabank.build/Debug-iphonesimulator/Madabank.build
    export TEMP_FILE_DIR\=/Users/darisadam/Library/Developer/Xcode/DerivedData/Madabank-hkohthnbjtgnoechirsoymtykttx/Build/Intermediates.noindex/Madabank.build/Debug-iphonesimulator/Madabank.build
    export TEMP_ROOT\=/Users/darisadam/Library/Developer/Xcode/DerivedData/Madabank-hkohthnbjtgnoechirsoymtykttx/Build/Intermediates.noindex
    export TEMP_SANDBOX_DIR\=/Users/darisadam/Library/Developer/Xcode/DerivedData/Madabank-hkohthnbjtgnoechirsoymtykttx/Build/Intermediates.noindex/TemporaryTaskSandboxes
    export TEST_FRAMEWORK_SEARCH_PATHS\=\ /Applications/Xcode.app/Contents/Developer/Platforms/iPhoneSimulator.platform/Developer/Library/Frameworks\ /Applications/Xcode.app/Contents/Developer/Platforms/iPhoneSimulator.platform/Developer/SDKs/iPhoneSimulator26.1.sdk/Developer/Library/Frameworks
    export TEST_LIBRARY_SEARCH_PATHS\=\ /Applications/Xcode.app/Contents/Developer/Platforms/iPhoneSimulator.platform/Developer/usr/lib
    export TOOLCHAINS\=com.apple.dt.toolchain.Metal.32023\ com.apple.dt.toolchain.XcodeDefault
    export TOOLCHAIN_DIR\=/var/run/com.apple.security.cryptexd/mnt/com.apple.MobileAsset.MetalToolchain-v17.2.54.0.wH8bUi/Metal.xctoolchain
    export TOOLCHAIN_VERSION\=32023
    export TREAT_MISSING_BASELINES_AS_TEST_FAILURES\=NO
    export TREAT_MISSING_SCRIPT_PHASE_OUTPUTS_AS_ERRORS\=NO
    export TeamIdentifierPrefix\=Q99UJS4WY6.
    export UID\=501
    export UNINSTALLED_PRODUCTS_DIR\=/Users/darisadam/Library/Developer/Xcode/DerivedData/Madabank-hkohthnbjtgnoechirsoymtykttx/Build/Intermediates.noindex/UninstalledProducts
    export UNLOCALIZED_RESOURCES_FOLDER_PATH\=Madabank.app
    export UNLOCALIZED_RESOURCES_FOLDER_PATH_SHALLOW_BUNDLE_NO\=Madabank.app/Resources
    export UNLOCALIZED_RESOURCES_FOLDER_PATH_SHALLOW_BUNDLE_YES\=Madabank.app
    export UNSTRIPPED_PRODUCT\=NO
    export USER\=darisadam
    export USER_APPS_DIR\=/Users/darisadam/Applications
    export USER_LIBRARY_DIR\=/Users/darisadam/Library
    export USE_DYNAMIC_NO_PIC\=YES
    export USE_HEADERMAP\=YES
    export USE_HEADER_SYMLINKS\=NO
    export VALIDATE_DEVELOPMENT_ASSET_PATHS\=YES_ERROR
    export VALIDATE_PRODUCT\=NO
    export VALID_ARCHS\=arm64\ x86_64
    export VERBOSE_PBXCP\=NO
    export VERSIONPLIST_PATH\=Madabank.app/version.plist
    export VERSION_INFO_BUILDER\=darisadam
    export VERSION_INFO_FILE\=Madabank_vers.c
    export VERSION_INFO_STRING\=\"@\(\#\)PROGRAM:Madabank\ \ PROJECT:Madabank-\"
    export WORKSPACE_DIR\=/Users/darisadam/Documents/Projects/iOS\ Apps/madabank-ios/Madabank
    export WRAPPER_EXTENSION\=app
    export WRAPPER_NAME\=Madabank.app
    export WRAPPER_SUFFIX\=.app
    export WRAP_ASSET_PACKS_IN_SEPARATE_DIRECTORIES\=NO
    export XCODE_APP_SUPPORT_DIR\=/Applications/Xcode.app/Contents/Developer/Library/Xcode
    export XCODE_PRODUCT_BUILD_VERSION\=17B100
    export XCODE_VERSION_ACTUAL\=2611
    export XCODE_VERSION_MAJOR\=2600
    export XCODE_VERSION_MINOR\=2610
    export XPCSERVICES_FOLDER_PATH\=Madabank.app/XPCServices
    export YACC\=yacc
    export _DISCOVER_COMMAND_LINE_LINKER_INPUTS\=YES
    export _DISCOVER_COMMAND_LINE_LINKER_INPUTS_INCLUDE_WL\=YES
    export _LD_MULTIARCH\=YES
    export _WRAPPER_CONTENTS_DIR_SHALLOW_BUNDLE_NO\=/Contents
    export _WRAPPER_PARENT_PATH_SHALLOW_BUNDLE_NO\=/..
    export _WRAPPER_RESOURCES_DIR_SHALLOW_BUNDLE_NO\=/Resources
    export __DIAGNOSE_DEPRECATED_ARCHS\=YES
    export __IS_NOT_MACOS\=YES
    export __IS_NOT_MACOS_macosx\=NO
    export __IS_NOT_SIMULATOR\=NO
    export __IS_NOT_SIMULATOR_simulator\=NO
    export arch\=undefined_arch
    export variant\=normal
    /bin/sh -c /Users/darisadam/Library/Developer/Xcode/DerivedData/Madabank-hkohthnbjtgnoechirsoymtykttx/Build/Intermediates.noindex/Madabank.build/Debug-iphonesimulator/Madabank.build/Script-03A767AAD39A0BBFC87CBFF0.sh
Linting Swift files in current working directory
Linting 'AppDIContainer.swift' (1/132)
Linting 'AppCoordinator.swift' (2/132)
Linting 'BlockingFailureViewController.swift' (3/132)
Linting 'SplashViewController.swift' (4/132)
Linting 'AppDelegate.swift' (5/132)
Linting 'SceneDelegate.swift' (6/132)
Linting 'Home.swift' (7/132)
Linting 'Modules/Features/Home/Project.swift' (8/132)
/Users/darisadam/Documents/Projects/iOS Apps/madabank-ios/Madabank/Madabank/Sources/App/SceneDelegate.swift:1:1: warning: File Header Violation: Header comments should be consistent with project patterns (file_header)
Linting 'HomeViewModel.swift' (9/132)
/Users/darisadam/Documents/Projects/iOS Apps/madabank-ios/Madabank/Madabank/Sources/DI/AppDIContainer.swift:1:1: warning: File Header Violation: Header comments should be consistent with project patterns (file_header)
Linting 'HomeViewController.swift' (10/132)
/Users/darisadam/Documents/Projects/iOS Apps/madabank-ios/Madabank/Madabank/Sources/App/BlockingFailureViewController.swift:37:38: warning: Fatal Error Message Violation: A fatalError call should have a message (fatal_error_message)
/Users/darisadam/Documents/Projects/iOS Apps/madabank-ios/Madabank/Madabank/Sources/App/BlockingFailureViewController.swift:1:1: warning: File Header Violation: Header comments should be consistent with project patterns (file_header)
Linting 'Modules/Features/Auth/Project.swift' (11/132)
/Users/darisadam/Documents/Projects/iOS Apps/madabank-ios/Madabank/Modules/Features/Home/Sources/Home.swift:42:43: warning: No print statements Violation: Use proper logging instead of print() (no_print)
/Users/darisadam/Documents/Projects/iOS Apps/madabank-ios/Madabank/Modules/Features/Home/Sources/Home.swift:43:41: warning: No print statements Violation: Use proper logging instead of print() (no_print)
/Users/darisadam/Documents/Projects/iOS Apps/madabank-ios/Madabank/Modules/Features/Home/Sources/Home.swift:1:1: warning: File Header Violation: Header comments should be consistent with project patterns (file_header)
/Users/darisadam/Documents/Projects/iOS Apps/madabank-ios/Madabank/Modules/Features/Home/Sources/Home.swift:40:102: warning: Force Unwrapping Violation: Force unwrapping should be avoided (force_unwrapping)
/Users/darisadam/Documents/Projects/iOS Apps/madabank-ios/Madabank/Modules/Features/Home/Sources/Home.swift:41:98: warning: Force Unwrapping Violation: Force unwrapping should be avoided (force_unwrapping)
Linting 'Auth.swift' (12/132)
/Users/darisadam/Documents/Projects/iOS Apps/madabank-ios/Madabank/Madabank/Sources/App/AppDelegate.swift:1:1: warning: File Header Violation: Header comments should be consistent with project patterns (file_header)
Linting 'AccessibilityIdentifiers.swift' (13/132)
/Users/darisadam/Documents/Projects/iOS Apps/madabank-ios/Madabank/Modules/Features/Home/Project.swift:1:1: warning: File Header Violation: Header comments should be consistent with project patterns (file_header)
Linting 'LoginViewModel.swift' (14/132)
/Users/darisadam/Documents/Projects/iOS Apps/madabank-ios/Madabank/Madabank/Sources/App/AppCoordinator.swift:150:9: warning: No print statements Violation: Use proper logging instead of print() (no_print)
/Users/darisadam/Documents/Projects/iOS Apps/madabank-ios/Madabank/Madabank/Sources/App/AppCoordinator.swift:1:1: warning: File Header Violation: Header comments should be consistent with project patterns (file_header)
Linting 'ForgotPasswordViewModel.swift' (15/132)
/Users/darisadam/Documents/Projects/iOS Apps/madabank-ios/Madabank/Modules/Features/Auth/Project.swift:1:1: warning: File Header Violation: Header comments should be consistent with project patterns (file_header)
Linting 'RegisterViewModel.swift' (16/132)
/Users/darisadam/Documents/Projects/iOS Apps/madabank-ios/Madabank/Modules/Features/Auth/Sources/AccessibilityIdentifiers.swift:1:1: warning: File Header Violation: Header comments should be consistent with project patterns (file_header)
Linting 'ForgotPasswordViewController.swift' (17/132)
/Users/darisadam/Documents/Projects/iOS Apps/madabank-ios/Madabank/Madabank/Sources/App/SplashViewController.swift:1:1: warning: File Header Violation: Header comments should be consistent with project patterns (file_header)
Linting 'LoginViewController.swift' (18/132)
/Users/darisadam/Documents/Projects/iOS Apps/madabank-ios/Madabank/Modules/Features/Auth/Sources/ViewModels/LoginViewModel.swift:1:1: warning: File Header Violation: Header comments should be consistent with project patterns (file_header)
Linting 'RegisterViewController.swift' (19/132)
/Users/darisadam/Documents/Projects/iOS Apps/madabank-ios/Madabank/Modules/Features/Auth/Sources/ViewModels/ForgotPasswordViewModel.swift:1:1: warning: File Header Violation: Header comments should be consistent with project patterns (file_header)
Linting 'Modules/Features/Cards/Project.swift' (20/132)
/Users/darisadam/Documents/Projects/iOS Apps/madabank-ios/Madabank/Modules/Features/Home/Sources/ViewModels/HomeViewModel.swift:1:1: warning: File Header Violation: Header comments should be consistent with project patterns (file_header)
Linting 'Cards.swift' (21/132)
/Users/darisadam/Documents/Projects/iOS Apps/madabank-ios/Madabank/Modules/Features/Auth/Sources/Auth.swift:1:1: warning: File Header Violation: Header comments should be consistent with project patterns (file_header)
Linting 'CardsViewModel.swift' (22/132)
/Users/darisadam/Documents/Projects/iOS Apps/madabank-ios/Madabank/Modules/Features/Auth/Sources/ViewModels/RegisterViewModel.swift:1:1: warning: File Header Violation: Header comments should be consistent with project patterns (file_header)
Linting 'CardDetailViewModel.swift' (23/132)
/Users/darisadam/Documents/Projects/iOS Apps/madabank-ios/Madabank/Modules/Features/Auth/Sources/Views/LoginViewController.swift:1:1: warning: File Header Violation: Header comments should be consistent with project patterns (file_header)
Linting 'CardDetailViewController.swift' (24/132)
/Users/darisadam/Documents/Projects/iOS Apps/madabank-ios/Madabank/Modules/Features/Home/Sources/Views/HomeViewController.swift:1:1: warning: File Header Violation: Header comments should be consistent with project patterns (file_header)
Linting 'CardCell.swift' (25/132)
/Users/darisadam/Documents/Projects/iOS Apps/madabank-ios/Madabank/Modules/Features/Cards/Project.swift:1:1: warning: File Header Violation: Header comments should be consistent with project patterns (file_header)
Linting 'CardsViewController.swift' (26/132)
/Users/darisadam/Documents/Projects/iOS Apps/madabank-ios/Madabank/Modules/Features/Auth/Sources/Views/ForgotPasswordViewController.swift:1:1: warning: File Header Violation: Header comments should be consistent with project patterns (file_header)
Linting 'Modules/Features/Transactions/Project.swift' (27/132)
/Users/darisadam/Documents/Projects/iOS Apps/madabank-ios/Madabank/Modules/Features/Auth/Sources/Views/RegisterViewController.swift:1:1: warning: File Header Violation: Header comments should be consistent with project patterns (file_header)
Linting 'Transactions.swift' (28/132)
/Users/darisadam/Documents/Projects/iOS Apps/madabank-ios/Madabank/Modules/Features/Cards/Sources/ViewModels/CardsViewModel.swift:1:1: warning: File Header Violation: Header comments should be consistent with project patterns (file_header)
/Users/darisadam/Documents/Projects/iOS Apps/madabank-ios/Madabank/Modules/Features/Cards/Sources/Cards.swift:31:56: warning: Closure Spacing Violation: Closure expressions should have a single space inside each brace (closure_spacing)
/Users/darisadam/Documents/Projects/iOS Apps/madabank-ios/Madabank/Modules/Features/Cards/Sources/Cards.swift:1:1: warning: File Header Violation: Header comments should be consistent with project patterns (file_header)
/Users/darisadam/Documents/Projects/iOS Apps/madabank-ios/Madabank/Modules/Features/Cards/Sources/Cards.swift:31:56: warning: Opening Brace Spacing Violation: Opening braces should be preceded by a single space and on the same line as the declaration (opening_brace)
Linting 'TransferViewModel.swift' (29/132)
Linting 'TransactionsViewModel.swift' (30/132)
/Users/darisadam/Documents/Projects/iOS Apps/madabank-ios/Madabank/Modules/Features/Cards/Sources/ViewModels/CardDetailViewModel.swift:1:1: warning: File Header Violation: Header comments should be consistent with project patterns (file_header)
Linting 'BeneficiariesListViewModel.swift' (31/132)
/Users/darisadam/Documents/Projects/iOS Apps/madabank-ios/Madabank/Modules/Features/Transactions/Project.swift:1:1: warning: File Header Violation: Header comments should be consistent with project patterns (file_header)
Linting 'QRPaymentViewModel.swift' (32/132)
/Users/darisadam/Documents/Projects/iOS Apps/madabank-ios/Madabank/Modules/Features/Cards/Sources/Views/CardDetailViewController.swift:29:38: warning: Fatal Error Message Violation: A fatalError call should have a message (fatal_error_message)
/Users/darisadam/Documents/Projects/iOS Apps/madabank-ios/Madabank/Modules/Features/Cards/Sources/Views/CardDetailViewController.swift:1:1: warning: File Header Violation: Header comments should be consistent with project patterns (file_header)
Linting 'ManageFundsViewModel.swift' (33/132)
/Users/darisadam/Documents/Projects/iOS Apps/madabank-ios/Madabank/Modules/Features/Cards/Sources/Views/CardsViewController.swift:42:38: warning: Fatal Error Message Violation: A fatalError call should have a message (fatal_error_message)
/Users/darisadam/Documents/Projects/iOS Apps/madabank-ios/Madabank/Modules/Features/Cards/Sources/Views/CardsViewController.swift:1:1: warning: File Header Violation: Header comments should be consistent with project patterns (file_header)
Linting 'TransactionDetailViewModel.swift' (34/132)
/Users/darisadam/Documents/Projects/iOS Apps/madabank-ios/Madabank/Modules/Features/Cards/Sources/Views/CardCell.swift:85:38: warning: Fatal Error Message Violation: A fatalError call should have a message (fatal_error_message)
/Users/darisadam/Documents/Projects/iOS Apps/madabank-ios/Madabank/Modules/Features/Cards/Sources/Views/CardCell.swift:1:1: warning: File Header Violation: Header comments should be consistent with project patterns (file_header)
/Users/darisadam/Documents/Projects/iOS Apps/madabank-ios/Madabank/Modules/Features/Cards/Sources/Views/CardCell.swift:10:13: warning: Identifier Name Violation: Variable name 'v' should be between 2 and 60 characters long (identifier_name)
/Users/darisadam/Documents/Projects/iOS Apps/madabank-ios/Madabank/Modules/Features/Cards/Sources/Views/CardCell.swift:17:13: warning: Identifier Name Violation: Variable name 'l' should be between 2 and 60 characters long (identifier_name)
/Users/darisadam/Documents/Projects/iOS Apps/madabank-ios/Madabank/Modules/Features/Cards/Sources/Views/CardCell.swift:24:13: warning: Identifier Name Violation: Variable name 'l' should be between 2 and 60 characters long (identifier_name)
/Users/darisadam/Documents/Projects/iOS Apps/madabank-ios/Madabank/Modules/Features/Cards/Sources/Views/CardCell.swift:39:13: warning: Identifier Name Violation: Variable name 'l' should be between 2 and 60 characters long (identifier_name)
/Users/darisadam/Documents/Projects/iOS Apps/madabank-ios/Madabank/Modules/Features/Cards/Sources/Views/CardCell.swift:47:13: warning: Identifier Name Violation: Variable name 'l' should be between 2 and 60 characters long (identifier_name)
/Users/darisadam/Documents/Projects/iOS Apps/madabank-ios/Madabank/Modules/Features/Cards/Sources/Views/CardCell.swift:54:13: warning: Identifier Name Violation: Variable name 'l' should be between 2 and 60 characters long (identifier_name)
/Users/darisadam/Documents/Projects/iOS Apps/madabank-ios/Madabank/Modules/Features/Cards/Sources/Views/CardCell.swift:61:13: warning: Identifier Name Violation: Variable name 'l' should be between 2 and 60 characters long (identifier_name)
/Users/darisadam/Documents/Projects/iOS Apps/madabank-ios/Madabank/Modules/Features/Cards/Sources/Views/CardCell.swift:69:13: warning: Identifier Name Violation: Variable name 'l' should be between 2 and 60 characters long (identifier_name)
Linting 'TransferViewController.swift' (35/132)
/Users/darisadam/Documents/Projects/iOS Apps/madabank-ios/Madabank/Modules/Features/Transactions/Sources/Transactions.swift:1:1: warning: File Header Violation: Header comments should be consistent with project patterns (file_header)
/Users/darisadam/Documents/Projects/iOS Apps/madabank-ios/Madabank/Modules/Features/Transactions/Sources/Transactions.swift:127:1: warning: Vertical Whitespace Violation: Limit vertical whitespace to a single empty line; currently 2 (vertical_whitespace)
Linting 'TransactionDetailViewController.swift' (36/132)
/Users/darisadam/Documents/Projects/iOS Apps/madabank-ios/Madabank/Modules/Features/Transactions/Sources/ViewModels/QRPaymentViewModel.swift:1:1: warning: File Header Violation: Header comments should be consistent with project patterns (file_header)
/Users/darisadam/Documents/Projects/iOS Apps/madabank-ios/Madabank/Modules/Features/Transactions/Sources/ViewModels/QRPaymentViewModel.swift:38:32: warning: Trailing Closure Violation: Trailing closure syntax should be used whenever possible (trailing_closure)
Linting 'ManageFundsViewController.swift' (37/132)
/Users/darisadam/Documents/Projects/iOS Apps/madabank-ios/Madabank/Modules/Features/Transactions/Sources/ViewModels/BeneficiariesListViewModel.swift:1:1: warning: File Header Violation: Header comments should be consistent with project patterns (file_header)
/Users/darisadam/Documents/Projects/iOS Apps/madabank-ios/Madabank/Modules/Features/Transactions/Sources/ViewModels/BeneficiariesListViewModel.swift:56:32: warning: Trailing Closure Violation: Trailing closure syntax should be used whenever possible (trailing_closure)
/Users/darisadam/Documents/Projects/iOS Apps/madabank-ios/Madabank/Modules/Features/Transactions/Sources/ViewModels/BeneficiariesListViewModel.swift:62:32: warning: Trailing Closure Violation: Trailing closure syntax should be used whenever possible (trailing_closure)
/Users/darisadam/Documents/Projects/iOS Apps/madabank-ios/Madabank/Modules/Features/Transactions/Sources/ViewModels/BeneficiariesListViewModel.swift:68:32: warning: Trailing Closure Violation: Trailing closure syntax should be used whenever possible (trailing_closure)
Linting 'BeneficiariesListViewController.swift' (38/132)
/Users/darisadam/Documents/Projects/iOS Apps/madabank-ios/Madabank/Modules/Features/Transactions/Sources/ViewModels/ManageFundsViewModel.swift:1:1: warning: File Header Violation: Header comments should be consistent with project patterns (file_header)
/Users/darisadam/Documents/Projects/iOS Apps/madabank-ios/Madabank/Modules/Features/Transactions/Sources/ViewModels/ManageFundsViewModel.swift:64:32: warning: Trailing Closure Violation: Trailing closure syntax should be used whenever possible (trailing_closure)
/Users/darisadam/Documents/Projects/iOS Apps/madabank-ios/Madabank/Modules/Features/Transactions/Sources/ViewModels/ManageFundsViewModel.swift:69:32: warning: Trailing Closure Violation: Trailing closure syntax should be used whenever possible (trailing_closure)
Linting 'TransactionsViewController.swift' (39/132)
/Users/darisadam/Documents/Projects/iOS Apps/madabank-ios/Madabank/Modules/Features/Transactions/Sources/ViewModels/TransactionsViewModel.swift:1:1: warning: File Header Violation: Header comments should be consistent with project patterns (file_header)
Linting 'QRScannerViewController.swift' (40/132)
/Users/darisadam/Documents/Projects/iOS Apps/madabank-ios/Madabank/Modules/Features/Transactions/Sources/ViewModels/TransactionDetailViewModel.swift:1:1: warning: File Header Violation: Header comments should be consistent with project patterns (file_header)
/Users/darisadam/Documents/Projects/iOS Apps/madabank-ios/Madabank/Modules/Features/Transactions/Sources/ViewModels/TransactionDetailViewModel.swift:38:32: warning: Trailing Closure Violation: Trailing closure syntax should be used whenever possible (trailing_closure)
Linting 'QRPaymentViewController.swift' (41/132)
/Users/darisadam/Documents/Projects/iOS Apps/madabank-ios/Madabank/Modules/Features/Transactions/Sources/Views/TransferViewController.swift:1:1: warning: File Header Violation: Header comments should be consistent with project patterns (file_header)
/Users/darisadam/Documents/Projects/iOS Apps/madabank-ios/Madabank/Modules/Features/Transactions/Sources/Views/TransferViewController.swift:105:17: warning: Implicit Return Violation: Prefer implicit returns in closures, functions and getters (implicit_return)
/Users/darisadam/Documents/Projects/iOS Apps/madabank-ios/Madabank/Modules/Features/Transactions/Sources/Views/TransferViewController.swift:37:21: warning: Modifier Order Violation: override modifier should come before public (modifier_order)
/Users/darisadam/Documents/Projects/iOS Apps/madabank-ios/Madabank/Modules/Features/Transactions/Sources/Views/TransferViewController.swift:117:32: warning: Trailing Closure Violation: Trailing closure syntax should be used whenever possible (trailing_closure)
/Users/darisadam/Documents/Projects/iOS Apps/madabank-ios/Madabank/Modules/Features/Transactions/Sources/Views/TransferViewController.swift:153:32: warning: Trailing Closure Violation: Trailing closure syntax should be used whenever possible (trailing_closure)
/Users/darisadam/Documents/Projects/iOS Apps/madabank-ios/Madabank/Modules/Features/Transactions/Sources/Views/TransferViewController.swift:159:32: warning: Trailing Closure Violation: Trailing closure syntax should be used whenever possible (trailing_closure)
Linting 'Modules/Features/Profile/Project.swift' (42/132)
/Users/darisadam/Documents/Projects/iOS Apps/madabank-ios/Madabank/Modules/Features/Transactions/Sources/ViewModels/TransferViewModel.swift:131:17: warning: Closure End Indentation Violation: expected 17, got 16 (closure_end_indentation)
/Users/darisadam/Documents/Projects/iOS Apps/madabank-ios/Madabank/Modules/Features/Transactions/Sources/ViewModels/TransferViewModel.swift:1:1: warning: File Header Violation: Header comments should be consistent with project patterns (file_header)
/Users/darisadam/Documents/Projects/iOS Apps/madabank-ios/Madabank/Modules/Features/Transactions/Sources/ViewModels/TransferViewModel.swift:51:32: warning: Trailing Closure Violation: Trailing closure syntax should be used whenever possible (trailing_closure)
/Users/darisadam/Documents/Projects/iOS Apps/madabank-ios/Madabank/Modules/Features/Transactions/Sources/ViewModels/TransferViewModel.swift:56:32: warning: Trailing Closure Violation: Trailing closure syntax should be used whenever possible (trailing_closure)
/Users/darisadam/Documents/Projects/iOS Apps/madabank-ios/Madabank/Modules/Features/Transactions/Sources/ViewModels/TransferViewModel.swift:62:32: warning: Trailing Closure Violation: Trailing closure syntax should be used whenever possible (trailing_closure)
Linting 'Profile.swift' (43/132)
/Users/darisadam/Documents/Projects/iOS Apps/madabank-ios/Madabank/Modules/Features/Transactions/Sources/Views/TransactionDetailViewController.swift:26:38: warning: Fatal Error Message Violation: A fatalError call should have a message (fatal_error_message)
/Users/darisadam/Documents/Projects/iOS Apps/madabank-ios/Madabank/Modules/Features/Transactions/Sources/Views/TransactionDetailViewController.swift:1:1: warning: File Header Violation: Header comments should be consistent with project patterns (file_header)
/Users/darisadam/Documents/Projects/iOS Apps/madabank-ios/Madabank/Modules/Features/Transactions/Sources/Views/TransactionDetailViewController.swift:104:28: warning: Trailing Closure Violation: Trailing closure syntax should be used whenever possible (trailing_closure)
Linting 'SettingsViewModel.swift' (44/132)
/Users/darisadam/Documents/Projects/iOS Apps/madabank-ios/Madabank/Modules/Features/Profile/Project.swift:1:1: warning: File Header Violation: Header comments should be consistent with project patterns (file_header)
/Users/darisadam/Documents/Projects/iOS Apps/madabank-ios/Madabank/Modules/Features/Transactions/Sources/Views/BeneficiariesListViewController.swift:1:1: warning: File Header Violation: Header comments should be consistent with project patterns (file_header)
/Users/darisadam/Documents/Projects/iOS Apps/madabank-ios/Madabank/Modules/Features/Transactions/Sources/Views/BeneficiariesListViewController.swift:34:21: warning: Modifier Order Violation: override modifier should come before public (modifier_order)
/Users/darisadam/Documents/Projects/iOS Apps/madabank-ios/Madabank/Modules/Features/Transactions/Sources/Views/BeneficiariesListViewController.swift:41:21: warning: Modifier Order Violation: override modifier should come before public (modifier_order)
/Users/darisadam/Documents/Projects/iOS Apps/madabank-ios/Madabank/Modules/Features/Transactions/Sources/Views/BeneficiariesListViewController.swift:91:32: warning: Trailing Closure Violation: Trailing closure syntax should be used whenever possible (trailing_closure)
/Users/darisadam/Documents/Projects/iOS Apps/madabank-ios/Madabank/Modules/Features/Transactions/Sources/Views/BeneficiariesListViewController.swift:101:28: warning: Trailing Closure Violation: Trailing closure syntax should be used whenever possible (trailing_closure)
/Users/darisadam/Documents/Projects/iOS Apps/madabank-ios/Madabank/Modules/Features/Transactions/Sources/Views/BeneficiariesListViewController.swift:113:80: warning: Trailing Closure Violation: Trailing closure syntax should be used whenever possible (trailing_closure)
/Users/darisadam/Documents/Projects/iOS Apps/madabank-ios/Madabank/Modules/Features/Transactions/Sources/Views/BeneficiariesListViewController.swift:75:98: warning: Unused Closure Parameter Violation: Unused parameter in a closure should be replaced with _ (unused_closure_parameter)
Linting 'ChangePasswordViewModel.swift' (45/132)
Linting 'EditProfileViewModel.swift' (46/132)
/Users/darisadam/Documents/Projects/iOS Apps/madabank-ios/Madabank/Modules/Features/Transactions/Sources/Views/ManageFundsViewController.swift:1:1: warning: File Header Violation: Header comments should be consistent with project patterns (file_header)
/Users/darisadam/Documents/Projects/iOS Apps/madabank-ios/Madabank/Modules/Features/Transactions/Sources/Views/ManageFundsViewController.swift:82:65: warning: Implicit Return Violation: Prefer implicit returns in closures, functions and getters (implicit_return)
/Users/darisadam/Documents/Projects/iOS Apps/madabank-ios/Madabank/Modules/Features/Transactions/Sources/Views/ManageFundsViewController.swift:30:21: warning: Modifier Order Violation: override modifier should come before public (modifier_order)
/Users/darisadam/Documents/Projects/iOS Apps/madabank-ios/Madabank/Modules/Features/Transactions/Sources/Views/ManageFundsViewController.swift:106:11: warning: Multiline Function Chains Violation: Chained function calls should be either on the same line, or one per line (multiline_function_chains)
/Users/darisadam/Documents/Projects/iOS Apps/madabank-ios/Madabank/Modules/Features/Transactions/Sources/Views/ManageFundsViewController.swift:88:32: warning: Trailing Closure Violation: Trailing closure syntax should be used whenever possible (trailing_closure)
/Users/darisadam/Documents/Projects/iOS Apps/madabank-ios/Madabank/Modules/Features/Transactions/Sources/Views/ManageFundsViewController.swift:104:43: warning: Trailing Closure Violation: Trailing closure syntax should be used whenever possible (trailing_closure)
Linting 'ProfileViewModel.swift' (47/132)
/Users/darisadam/Documents/Projects/iOS Apps/madabank-ios/Madabank/Modules/Features/Transactions/Sources/Views/TransactionsViewController.swift:34:38: warning: Fatal Error Message Violation: A fatalError call should have a message (fatal_error_message)
/Users/darisadam/Documents/Projects/iOS Apps/madabank-ios/Madabank/Modules/Features/Transactions/Sources/Views/TransactionsViewController.swift:1:1: warning: File Header Violation: Header comments should be consistent with project patterns (file_header)
/Users/darisadam/Documents/Projects/iOS Apps/madabank-ios/Madabank/Modules/Features/Transactions/Sources/Views/TransactionsViewController.swift:84:32: warning: Trailing Closure Violation: Trailing closure syntax should be used whenever possible (trailing_closure)
Linting 'ChangePasswordViewController.swift' (48/132)
/Users/darisadam/Documents/Projects/iOS Apps/madabank-ios/Madabank/Modules/Features/Profile/Sources/Profile.swift:1:1: warning: File Header Violation: Header comments should be consistent with project patterns (file_header)
Linting 'EditProfileViewController.swift' (49/132)
/Users/darisadam/Documents/Projects/iOS Apps/madabank-ios/Madabank/Modules/Features/Transactions/Sources/Views/QRPaymentViewController.swift:1:1: warning: File Header Violation: Header comments should be consistent with project patterns (file_header)
/Users/darisadam/Documents/Projects/iOS Apps/madabank-ios/Madabank/Modules/Features/Transactions/Sources/Views/QRPaymentViewController.swift:28:21: warning: Modifier Order Violation: override modifier should come before public (modifier_order)
/Users/darisadam/Documents/Projects/iOS Apps/madabank-ios/Madabank/Modules/Features/Transactions/Sources/Views/QRPaymentViewController.swift:79:11: warning: Multiline Function Chains Violation: Chained function calls should be either on the same line, or one per line (multiline_function_chains)
/Users/darisadam/Documents/Projects/iOS Apps/madabank-ios/Madabank/Modules/Features/Transactions/Sources/Views/QRPaymentViewController.swift:83:11: warning: Multiline Function Chains Violation: Chained function calls should be either on the same line, or one per line (multiline_function_chains)
/Users/darisadam/Documents/Projects/iOS Apps/madabank-ios/Madabank/Modules/Features/Transactions/Sources/Views/QRPaymentViewController.swift:77:43: warning: Trailing Closure Violation: Trailing closure syntax should be used whenever possible (trailing_closure)
/Users/darisadam/Documents/Projects/iOS Apps/madabank-ios/Madabank/Modules/Features/Transactions/Sources/Views/QRPaymentViewController.swift:81:45: warning: Trailing Closure Violation: Trailing closure syntax should be used whenever possible (trailing_closure)
/Users/darisadam/Documents/Projects/iOS Apps/madabank-ios/Madabank/Modules/Features/Transactions/Sources/Views/QRPaymentViewController.swift:96:80: warning: Trailing Closure Violation: Trailing closure syntax should be used whenever possible (trailing_closure)
Linting 'ProfileViewController.swift' (50/132)
/Users/darisadam/Documents/Projects/iOS Apps/madabank-ios/Madabank/Modules/Features/Transactions/Sources/Views/QRScannerViewController.swift:24:9: warning: Control Statement Violation: `if`, `for`, `guard`, `switch`, `while`, and `catch` statements shouldn't unnecessarily wrap their conditionals or arguments in parentheses (control_statement)
/Users/darisadam/Documents/Projects/iOS Apps/madabank-ios/Madabank/Modules/Features/Transactions/Sources/Views/QRScannerViewController.swift:33:9: warning: Control Statement Violation: `if`, `for`, `guard`, `switch`, `while`, and `catch` statements shouldn't unnecessarily wrap their conditionals or arguments in parentheses (control_statement)
/Users/darisadam/Documents/Projects/iOS Apps/madabank-ios/Madabank/Modules/Features/Transactions/Sources/Views/QRScannerViewController.swift:50:9: warning: Control Statement Violation: `if`, `for`, `guard`, `switch`, `while`, and `catch` statements shouldn't unnecessarily wrap their conditionals or arguments in parentheses (control_statement)
/Users/darisadam/Documents/Projects/iOS Apps/madabank-ios/Madabank/Modules/Features/Transactions/Sources/Views/QRScannerViewController.swift:59:9: warning: Control Statement Violation: `if`, `for`, `guard`, `switch`, `while`, and `catch` statements shouldn't unnecessarily wrap their conditionals or arguments in parentheses (control_statement)
/Users/darisadam/Documents/Projects/iOS Apps/madabank-ios/Madabank/Modules/Features/Transactions/Sources/Views/QRScannerViewController.swift:1:1: warning: File Header Violation: Header comments should be consistent with project patterns (file_header)
/Users/darisadam/Documents/Projects/iOS Apps/madabank-ios/Madabank/Modules/Features/Transactions/Sources/Views/QRScannerViewController.swift:116:9: warning: Implicit Return Violation: Prefer implicit returns in closures, functions and getters (implicit_return)
/Users/darisadam/Documents/Projects/iOS Apps/madabank-ios/Madabank/Modules/Features/Transactions/Sources/Views/QRScannerViewController.swift:120:9: warning: Implicit Return Violation: Prefer implicit returns in closures, functions and getters (implicit_return)
/Users/darisadam/Documents/Projects/iOS Apps/madabank-ios/Madabank/Modules/Features/Transactions/Sources/Views/QRScannerViewController.swift:15:21: warning: Modifier Order Violation: override modifier should come before public (modifier_order)
/Users/darisadam/Documents/Projects/iOS Apps/madabank-ios/Madabank/Modules/Features/Transactions/Sources/Views/QRScannerViewController.swift:22:21: warning: Modifier Order Violation: override modifier should come before public (modifier_order)
/Users/darisadam/Documents/Projects/iOS Apps/madabank-ios/Madabank/Modules/Features/Transactions/Sources/Views/QRScannerViewController.swift:31:21: warning: Modifier Order Violation: override modifier should come before public (modifier_order)
/Users/darisadam/Documents/Projects/iOS Apps/madabank-ios/Madabank/Modules/Features/Transactions/Sources/Views/QRScannerViewController.swift:115:21: warning: Modifier Order Violation: override modifier should come before public (modifier_order)
/Users/darisadam/Documents/Projects/iOS Apps/madabank-ios/Madabank/Modules/Features/Transactions/Sources/Views/QRScannerViewController.swift:119:21: warning: Modifier Order Violation: override modifier should come before public (modifier_order)
Linting 'SettingsViewController.swift' (51/132)
/Users/darisadam/Documents/Projects/iOS Apps/madabank-ios/Madabank/Modules/Features/Profile/Sources/ViewModels/SettingsViewModel.swift:1:1: warning: File Header Violation: Header comments should be consistent with project patterns (file_header)
Linting 'Modules/Features/Accounts/Project.swift' (52/132)
/Users/darisadam/Documents/Projects/iOS Apps/madabank-ios/Madabank/Modules/Features/Profile/Sources/ViewModels/ChangePasswordViewModel.swift:1:1: warning: File Header Violation: Header comments should be consistent with project patterns (file_header)
Linting 'Accounts.swift' (53/132)
/Users/darisadam/Documents/Projects/iOS Apps/madabank-ios/Madabank/Modules/Features/Profile/Sources/Views/ProfileViewController.swift:22:38: warning: Fatal Error Message Violation: A fatalError call should have a message (fatal_error_message)
/Users/darisadam/Documents/Projects/iOS Apps/madabank-ios/Madabank/Modules/Features/Profile/Sources/Views/ProfileViewController.swift:1:1: warning: File Header Violation: Header comments should be consistent with project patterns (file_header)
/Users/darisadam/Documents/Projects/iOS Apps/madabank-ios/Madabank/Modules/Features/Profile/Sources/Views/ProfileViewController.swift:12:13: warning: Identifier Name Violation: Variable name 'b' should be between 2 and 60 characters long (identifier_name)
Linting 'CreateAccountViewModel.swift' (54/132)
/Users/darisadam/Documents/Projects/iOS Apps/madabank-ios/Madabank/Modules/Features/Profile/Sources/Views/ChangePasswordViewController.swift:1:1: warning: File Header Violation: Header comments should be consistent with project patterns (file_header)
Linting 'AccountsViewModel.swift' (55/132)
/Users/darisadam/Documents/Projects/iOS Apps/madabank-ios/Madabank/Modules/Features/Profile/Sources/ViewModels/ProfileViewModel.swift:1:1: warning: File Header Violation: Header comments should be consistent with project patterns (file_header)
Linting 'AccountDetailViewModel.swift' (56/132)
/Users/darisadam/Documents/Projects/iOS Apps/madabank-ios/Madabank/Modules/Features/Profile/Sources/ViewModels/EditProfileViewModel.swift:1:1: warning: File Header Violation: Header comments should be consistent with project patterns (file_header)
Linting 'AccountDetailViewController.swift' (57/132)
/Users/darisadam/Documents/Projects/iOS Apps/madabank-ios/Madabank/Modules/Features/Accounts/Sources/ViewModels/AccountDetailViewModel.swift:1:1: warning: File Header Violation: Header comments should be consistent with project patterns (file_header)
Linting 'AccountsViewController.swift' (58/132)
/Users/darisadam/Documents/Projects/iOS Apps/madabank-ios/Madabank/Modules/Features/Profile/Sources/Views/EditProfileViewController.swift:1:1: warning: File Header Violation: Header comments should be consistent with project patterns (file_header)
Linting 'CreateAccountViewController.swift' (59/132)
/Users/darisadam/Documents/Projects/iOS Apps/madabank-ios/Madabank/Modules/Features/Accounts/Project.swift:1:1: warning: File Header Violation: Header comments should be consistent with project patterns (file_header)
Linting 'Modules/Shared/Core/Project.swift' (60/132)
/Users/darisadam/Documents/Projects/iOS Apps/madabank-ios/Madabank/Modules/Features/Accounts/Sources/ViewModels/AccountsViewModel.swift:1:1: warning: File Header Violation: Header comments should be consistent with project patterns (file_header)
Linting 'LanguageManager.swift' (61/132)
/Users/darisadam/Documents/Projects/iOS Apps/madabank-ios/Madabank/Modules/Features/Accounts/Sources/ViewModels/CreateAccountViewModel.swift:1:1: warning: File Header Violation: Header comments should be consistent with project patterns (file_header)
/Users/darisadam/Documents/Projects/iOS Apps/madabank-ios/Madabank/Modules/Features/Accounts/Sources/Views/AccountDetailViewController.swift:1:1: warning: File Header Violation: Header comments should be consistent with project patterns (file_header)
Linting 'KeychainManager.swift' (62/132)
Linting 'ThemeManager.swift' (63/132)
/Users/darisadam/Documents/Projects/iOS Apps/madabank-ios/Madabank/Modules/Features/Profile/Sources/Views/SettingsViewController.swift:1:1: warning: File Header Violation: Header comments should be consistent with project patterns (file_header)
/Users/darisadam/Documents/Projects/iOS Apps/madabank-ios/Madabank/Modules/Features/Profile/Sources/Views/SettingsViewController.swift:179:86: warning: Trailing Closure Violation: Trailing closure syntax should be used whenever possible (trailing_closure)
Linting 'TokenManager.swift' (64/132)
/Users/darisadam/Documents/Projects/iOS Apps/madabank-ios/Madabank/Modules/Features/Accounts/Sources/Accounts.swift:1:1: warning: File Header Violation: Header comments should be consistent with project patterns (file_header)
Linting 'Core.swift' (65/132)
/Users/darisadam/Documents/Projects/iOS Apps/madabank-ios/Madabank/Modules/Shared/Core/Project.swift:1:1: warning: File Header Violation: Header comments should be consistent with project patterns (file_header)
Linting 'Modules/Shared/Networking/Project.swift' (66/132)
/Users/darisadam/Documents/Projects/iOS Apps/madabank-ios/Madabank/Modules/Features/Accounts/Sources/Views/CreateAccountViewController.swift:1:1: warning: File Header Violation: Header comments should be consistent with project patterns (file_header)
Linting 'Networking.swift' (67/132)
/Users/darisadam/Documents/Projects/iOS Apps/madabank-ios/Madabank/Modules/Shared/Core/Sources/LanguageManager.swift:1:1: warning: File Header Violation: Header comments should be consistent with project patterns (file_header)
Linting 'TokenRefreshInterceptor.swift' (68/132)
/Users/darisadam/Documents/Projects/iOS Apps/madabank-ios/Madabank/Modules/Shared/Core/Sources/TokenManager.swift:1:1: warning: File Header Violation: Header comments should be consistent with project patterns (file_header)
Linting 'APIEndpoint.swift' (69/132)
/Users/darisadam/Documents/Projects/iOS Apps/madabank-ios/Madabank/Modules/Features/Accounts/Sources/Views/AccountsViewController.swift:1:1: warning: File Header Violation: Header comments should be consistent with project patterns (file_header)
Linting 'UserModels.swift' (70/132)
/Users/darisadam/Documents/Projects/iOS Apps/madabank-ios/Madabank/Modules/Shared/Core/Sources/Core.swift:1:1: warning: File Header Violation: Header comments should be consistent with project patterns (file_header)
/Users/darisadam/Documents/Projects/iOS Apps/madabank-ios/Madabank/Modules/Shared/Core/Sources/KeychainManager.swift:1:1: warning: File Header Violation: Header comments should be consistent with project patterns (file_header)
Linting 'AccountModels.swift' (71/132)
Linting 'CardModels.swift' (72/132)
/Users/darisadam/Documents/Projects/iOS Apps/madabank-ios/Madabank/Modules/Shared/Networking/Project.swift:1:1: warning: File Header Violation: Header comments should be consistent with project patterns (file_header)
Linting 'AuthModels.swift' (73/132)
/Users/darisadam/Documents/Projects/iOS Apps/madabank-ios/Madabank/Modules/Shared/Core/Sources/ThemeManager.swift:1:1: warning: File Header Violation: Header comments should be consistent with project patterns (file_header)
Linting 'TransactionModels.swift' (74/132)
/Users/darisadam/Documents/Projects/iOS Apps/madabank-ios/Madabank/Modules/Shared/Networking/Sources/Networking.swift:1:1: warning: File Header Violation: Header comments should be consistent with project patterns (file_header)
Linting 'Environment.swift' (75/132)
/Users/darisadam/Documents/Projects/iOS Apps/madabank-ios/Madabank/Modules/Shared/Networking/Sources/TokenRefreshInterceptor.swift:1:1: warning: File Header Violation: Header comments should be consistent with project patterns (file_header)
/Users/darisadam/Documents/Projects/iOS Apps/madabank-ios/Madabank/Modules/Shared/Networking/Sources/TokenRefreshInterceptor.swift:16:79: warning: Force Unwrapping Violation: Force unwrapping should be avoided (force_unwrapping)
Linting 'NetworkManager.swift' (76/132)
/Users/darisadam/Documents/Projects/iOS Apps/madabank-ios/Madabank/Modules/Shared/Networking/Sources/Models/AccountModels.swift:1:1: warning: File Header Violation: Header comments should be consistent with project patterns (file_header)
Linting 'MockResponseProvider.swift' (77/132)
/Users/darisadam/Documents/Projects/iOS Apps/madabank-ios/Madabank/Modules/Shared/Networking/Sources/Models/CardModels.swift:1:1: warning: File Header Violation: Header comments should be consistent with project patterns (file_header)
Linting 'AuthInterceptor.swift' (78/132)
/Users/darisadam/Documents/Projects/iOS Apps/madabank-ios/Madabank/Modules/Shared/Networking/Sources/Models/UserModels.swift:1:1: warning: File Header Violation: Header comments should be consistent with project patterns (file_header)
Linting 'Modules/Shared/CommonUI/Project.swift' (79/132)
/Users/darisadam/Documents/Projects/iOS Apps/madabank-ios/Madabank/Modules/Shared/Networking/Sources/Service/Environment.swift:1:1: warning: File Header Violation: Header comments should be consistent with project patterns (file_header)
/Users/darisadam/Documents/Projects/iOS Apps/madabank-ios/Madabank/Modules/Shared/Networking/Sources/Service/Environment.swift:28:9: warning: Implicit Return Violation: Prefer implicit returns in closures, functions and getters (implicit_return)
Linting 'MBTextField.swift' (80/132)
/Users/darisadam/Documents/Projects/iOS Apps/madabank-ios/Madabank/Modules/Shared/Networking/Sources/Models/TransactionModels.swift:1:1: warning: File Header Violation: Header comments should be consistent with project patterns (file_header)
Linting 'Typography.swift' (81/132)
/Users/darisadam/Documents/Projects/iOS Apps/madabank-ios/Madabank/Modules/Shared/Networking/Sources/Models/AuthModels.swift:1:1: warning: File Header Violation: Header comments should be consistent with project patterns (file_header)
Linting 'CommonUI.swift' (82/132)
/Users/darisadam/Documents/Projects/iOS Apps/madabank-ios/Madabank/Modules/Shared/Networking/Sources/Endpoints/APIEndpoint.swift:1:1: warning: File Header Violation: Header comments should be consistent with project patterns (file_header)
/Users/darisadam/Documents/Projects/iOS Apps/madabank-ios/Madabank/Modules/Shared/Networking/Sources/Endpoints/APIEndpoint.swift:33:5: warning: Vertical Whitespace Violation: Limit vertical whitespace to a single empty line; currently 2 (vertical_whitespace)
/Users/darisadam/Documents/Projects/iOS Apps/madabank-ios/Madabank/Modules/Shared/Networking/Sources/Endpoints/APIEndpoint.swift:125:5: warning: Vertical Whitespace Violation: Limit vertical whitespace to a single empty line; currently 2 (vertical_whitespace)
Linting 'ColorSystem.swift' (83/132)
/Users/darisadam/Documents/Projects/iOS Apps/madabank-ios/Madabank/Modules/Shared/CommonUI/Project.swift:1:1: warning: File Header Violation: Header comments should be consistent with project patterns (file_header)
Linting 'MBButton.swift' (84/132)
/Users/darisadam/Documents/Projects/iOS Apps/madabank-ios/Madabank/Modules/Shared/Networking/Sources/Service/AuthInterceptor.swift:1:1: warning: File Header Violation: Header comments should be consistent with project patterns (file_header)
/Users/darisadam/Documents/Projects/iOS Apps/madabank-ios/Madabank/Modules/Shared/Networking/Sources/Service/NetworkManager.swift:47:18: warning: No print statements Violation: Use proper logging instead of print() (no_print)
/Users/darisadam/Documents/Projects/iOS Apps/madabank-ios/Madabank/Modules/Shared/Networking/Sources/Service/NetworkManager.swift:1:1: warning: File Header Violation: Header comments should be consistent with project patterns (file_header)
Linting 'PasswordStrengthView.swift' (85/132)
Linting 'MBLabel.swift' (86/132)
/Users/darisadam/Documents/Projects/iOS Apps/madabank-ios/Madabank/Modules/Shared/Networking/Sources/Service/MockResponseProvider.swift:40:13: warning: No print statements Violation: Use proper logging instead of print() (no_print)
/Users/darisadam/Documents/Projects/iOS Apps/madabank-ios/Madabank/Modules/Shared/Networking/Sources/Service/MockResponseProvider.swift:47:13: warning: No print statements Violation: Use proper logging instead of print() (no_print)
/Users/darisadam/Documents/Projects/iOS Apps/madabank-ios/Madabank/Modules/Shared/Networking/Sources/Service/MockResponseProvider.swift:1:1: warning: File Header Violation: Header comments should be consistent with project patterns (file_header)
Linting 'Modules/Shared/Data/Project.swift' (87/132)
/Users/darisadam/Documents/Projects/iOS Apps/madabank-ios/Madabank/Modules/Shared/CommonUI/Sources/Typography.swift:1:1: warning: File Header Violation: Header comments should be consistent with project patterns (file_header)
Linting 'Data.swift' (88/132)
/Users/darisadam/Documents/Projects/iOS Apps/madabank-ios/Madabank/Modules/Shared/CommonUI/Sources/CommonUI.swift:1:1: warning: File Header Violation: Header comments should be consistent with project patterns (file_header)
Linting 'UserRepository.swift' (89/132)
/Users/darisadam/Documents/Projects/iOS Apps/madabank-ios/Madabank/Modules/Shared/CommonUI/Sources/MBTextField.swift:1:1: warning: File Header Violation: Header comments should be consistent with project patterns (file_header)
Linting 'AuthRepository.swift' (90/132)
/Users/darisadam/Documents/Projects/iOS Apps/madabank-ios/Madabank/Modules/Shared/CommonUI/Sources/ColorSystem.swift:1:1: warning: File Header Violation: Header comments should be consistent with project patterns (file_header)
Linting 'BeneficiaryRepository.swift' (91/132)
/Users/darisadam/Documents/Projects/iOS Apps/madabank-ios/Madabank/Modules/Shared/CommonUI/Sources/Components/MBLabel.swift:1:1: warning: File Header Violation: Header comments should be consistent with project patterns (file_header)
Linting 'TransactionRepository.swift' (92/132)
/Users/darisadam/Documents/Projects/iOS Apps/madabank-ios/Madabank/Modules/Shared/CommonUI/Sources/MBButton.swift:1:1: warning: File Header Violation: Header comments should be consistent with project patterns (file_header)
Linting 'CardRepository.swift' (93/132)
/Users/darisadam/Documents/Projects/iOS Apps/madabank-ios/Madabank/Modules/Shared/CommonUI/Sources/Components/PasswordStrengthView.swift:1:1: warning: File Header Violation: Header comments should be consistent with project patterns (file_header)
Linting 'AccountRepository.swift' (94/132)
/Users/darisadam/Documents/Projects/iOS Apps/madabank-ios/Madabank/Modules/Shared/Data/Project.swift:1:1: warning: File Header Violation: Header comments should be consistent with project patterns (file_header)
Linting 'AccountMapper.swift' (95/132)
/Users/darisadam/Documents/Projects/iOS Apps/madabank-ios/Madabank/Modules/Shared/Data/Sources/Repositories/UserRepository.swift:1:1: warning: File Header Violation: Header comments should be consistent with project patterns (file_header)
Linting 'TransactionMapper.swift' (96/132)
/Users/darisadam/Documents/Projects/iOS Apps/madabank-ios/Madabank/Modules/Shared/Data/Sources/Data.swift:1:1: warning: File Header Violation: Header comments should be consistent with project patterns (file_header)
Linting 'Modules/Shared/Domain/Project.swift' (97/132)
/Users/darisadam/Documents/Projects/iOS Apps/madabank-ios/Madabank/Modules/Shared/Data/Sources/Repositories/BeneficiaryRepository.swift:1:1: warning: File Header Violation: Header comments should be consistent with project patterns (file_header)
Linting 'Domain.swift' (98/132)
/Users/darisadam/Documents/Projects/iOS Apps/madabank-ios/Madabank/Modules/Shared/Data/Sources/Repositories/CardRepository.swift:1:1: warning: File Header Violation: Header comments should be consistent with project patterns (file_header)
Linting 'DepositUseCase.swift' (99/132)
/Users/darisadam/Documents/Projects/iOS Apps/madabank-ios/Madabank/Modules/Shared/Data/Sources/Repositories/AuthRepository.swift:1:1: warning: File Header Violation: Header comments should be consistent with project patterns (file_header)
/Users/darisadam/Documents/Projects/iOS Apps/madabank-ios/Madabank/Modules/Shared/Data/Sources/Repositories/TransactionRepository.swift:1:1: warning: File Header Violation: Header comments should be consistent with project patterns (file_header)
Linting 'GetProfileUseCase.swift' (100/132)
Linting 'TransferMoneyUseCase.swift' (101/132)
/Users/darisadam/Documents/Projects/iOS Apps/madabank-ios/Madabank/Modules/Shared/Domain/Project.swift:1:1: warning: File Header Violation: Header comments should be consistent with project patterns (file_header)
Linting 'GetAccountDetailsUseCase.swift' (102/132)
/Users/darisadam/Documents/Projects/iOS Apps/madabank-ios/Madabank/Modules/Shared/Data/Sources/Mappers/AccountMapper.swift:1:1: warning: File Header Violation: Header comments should be consistent with project patterns (file_header)
Linting 'UpdateProfileUseCase.swift' (103/132)
/Users/darisadam/Documents/Projects/iOS Apps/madabank-ios/Madabank/Modules/Shared/Data/Sources/Repositories/AccountRepository.swift:1:1: warning: File Header Violation: Header comments should be consistent with project patterns (file_header)
Linting 'RegisterUseCase.swift' (104/132)
/Users/darisadam/Documents/Projects/iOS Apps/madabank-ios/Madabank/Modules/Shared/Data/Sources/Mappers/TransactionMapper.swift:1:1: warning: File Header Violation: Header comments should be consistent with project patterns (file_header)
Linting 'GetTransactionsUseCase.swift' (105/132)
/Users/darisadam/Documents/Projects/iOS Apps/madabank-ios/Madabank/Modules/Shared/Domain/Sources/UseCases/GetProfileUseCase.swift:1:1: warning: File Header Violation: Header comments should be consistent with project patterns (file_header)
Linting 'GetAccountsUseCase.swift' (106/132)
/Users/darisadam/Documents/Projects/iOS Apps/madabank-ios/Madabank/Modules/Shared/Domain/Sources/Domain.swift:1:1: warning: File Header Violation: Header comments should be consistent with project patterns (file_header)
/Users/darisadam/Documents/Projects/iOS Apps/madabank-ios/Madabank/Modules/Shared/Domain/Sources/Domain.swift:3:1: warning: Orphaned Doc Comment Violation: A doc comment should be attached to a declaration (orphaned_doc_comment)
Linting 'LoginUseCase.swift' (107/132)
/Users/darisadam/Documents/Projects/iOS Apps/madabank-ios/Madabank/Modules/Shared/Domain/Sources/UseCases/DepositUseCase.swift:1:1: warning: File Header Violation: Header comments should be consistent with project patterns (file_header)
Linting 'GetCardsUseCase.swift' (108/132)
/Users/darisadam/Documents/Projects/iOS Apps/madabank-ios/Madabank/Modules/Shared/Domain/Sources/UseCases/GetAccountDetailsUseCase.swift:1:1: warning: File Header Violation: Header comments should be consistent with project patterns (file_header)
/Users/darisadam/Documents/Projects/iOS Apps/madabank-ios/Madabank/Modules/Shared/Domain/Sources/UseCases/TransferMoneyUseCase.swift:1:1: warning: File Header Violation: Header comments should be consistent with project patterns (file_header)
Linting 'DeleteProfileUseCase.swift' (109/132)
Linting 'CheckSystemStatusUseCase.swift' (110/132)
/Users/darisadam/Documents/Projects/iOS Apps/madabank-ios/Madabank/Modules/Shared/Domain/Sources/UseCases/UpdateProfileUseCase.swift:1:1: warning: File Header Violation: Header comments should be consistent with project patterns (file_header)
Linting 'WithdrawUseCase.swift' (111/132)
/Users/darisadam/Documents/Projects/iOS Apps/madabank-ios/Madabank/Modules/Shared/Domain/Sources/UseCases/RegisterUseCase.swift:1:1: warning: File Header Violation: Header comments should be consistent with project patterns (file_header)
/Users/darisadam/Documents/Projects/iOS Apps/madabank-ios/Madabank/Modules/Shared/Domain/Sources/UseCases/GetAccountsUseCase.swift:1:1: warning: File Header Violation: Header comments should be consistent with project patterns (file_header)
Linting 'GetUserProfileUseCase.swift' (112/132)
Linting 'CreateAccountUseCase.swift' (113/132)
/Users/darisadam/Documents/Projects/iOS Apps/madabank-ios/Madabank/Modules/Shared/Domain/Sources/UseCases/LoginUseCase.swift:1:1: warning: File Header Violation: Header comments should be consistent with project patterns (file_header)
Linting 'GetAccountBalanceUseCase.swift' (114/132)
/Users/darisadam/Documents/Projects/iOS Apps/madabank-ios/Madabank/Modules/Shared/Domain/Sources/UseCases/GetTransactionsUseCase.swift:1:1: warning: File Header Violation: Header comments should be consistent with project patterns (file_header)
Linting 'GetRecentTransactionsUseCase.swift' (115/132)
/Users/darisadam/Documents/Projects/iOS Apps/madabank-ios/Madabank/Modules/Shared/Domain/Sources/UseCases/GetCardsUseCase.swift:1:1: warning: File Header Violation: Header comments should be consistent with project patterns (file_header)
Linting 'AddBeneficiaryUseCase.swift' (116/132)
/Users/darisadam/Documents/Projects/iOS Apps/madabank-ios/Madabank/Modules/Shared/Domain/Sources/UseCases/DeleteProfileUseCase.swift:1:1: warning: File Header Violation: Header comments should be consistent with project patterns (file_header)
Linting 'GetBeneficiariesUseCase.swift' (117/132)
/Users/darisadam/Documents/Projects/iOS Apps/madabank-ios/Madabank/Modules/Shared/Domain/Sources/UseCases/GetUserProfileUseCase.swift:1:1: warning: File Header Violation: Header comments should be consistent with project patterns (file_header)
/Users/darisadam/Documents/Projects/iOS Apps/madabank-ios/Madabank/Modules/Shared/Domain/Sources/UseCases/WithdrawUseCase.swift:1:1: warning: File Header Violation: Header comments should be consistent with project patterns (file_header)
Linting 'GetTransactionDetailsUseCase.swift' (118/132)
Linting 'ChangePasswordUseCase.swift' (119/132)
/Users/darisadam/Documents/Projects/iOS Apps/madabank-ios/Madabank/Modules/Shared/Domain/Sources/UseCases/CreateAccountUseCase.swift:1:1: warning: File Header Violation: Header comments should be consistent with project patterns (file_header)
Linting 'ManageCardUseCase.swift' (120/132)
/Users/darisadam/Documents/Projects/iOS Apps/madabank-ios/Madabank/Modules/Shared/Domain/Sources/UseCases/CheckSystemStatusUseCase.swift:1:1: warning: File Header Violation: Header comments should be consistent with project patterns (file_header)
Linting 'ForgotPasswordUseCase.swift' (121/132)
/Users/darisadam/Documents/Projects/iOS Apps/madabank-ios/Madabank/Modules/Shared/Domain/Sources/UseCases/GetAccountBalanceUseCase.swift:1:1: warning: File Header Violation: Header comments should be consistent with project patterns (file_header)
Linting 'Card.swift' (122/132)
/Users/darisadam/Documents/Projects/iOS Apps/madabank-ios/Madabank/Modules/Shared/Domain/Sources/UseCases/GetRecentTransactionsUseCase.swift:1:1: warning: File Header Violation: Header comments should be consistent with project patterns (file_header)
Linting 'User.swift' (123/132)
/Users/darisadam/Documents/Projects/iOS Apps/madabank-ios/Madabank/Modules/Shared/Domain/Sources/UseCases/AddBeneficiaryUseCase.swift:1:1: warning: File Header Violation: Header comments should be consistent with project patterns (file_header)
/Users/darisadam/Documents/Projects/iOS Apps/madabank-ios/Madabank/Modules/Shared/Domain/Sources/UseCases/AddBeneficiaryUseCase.swift:15:9: warning: Implicit Return Violation: Prefer implicit returns in closures, functions and getters (implicit_return)
Linting 'Beneficiary.swift' (124/132)
/Users/darisadam/Documents/Projects/iOS Apps/madabank-ios/Madabank/Modules/Shared/Domain/Sources/UseCases/ForgotPasswordUseCase.swift:1:1: warning: File Header Violation: Header comments should be consistent with project patterns (file_header)
Linting 'Transaction.swift' (125/132)
/Users/darisadam/Documents/Projects/iOS Apps/madabank-ios/Madabank/Modules/Shared/Domain/Sources/UseCases/ChangePasswordUseCase.swift:1:1: warning: File Header Violation: Header comments should be consistent with project patterns (file_header)
Linting 'Account.swift' (126/132)
/Users/darisadam/Documents/Projects/iOS Apps/madabank-ios/Madabank/Modules/Shared/Domain/Sources/UseCases/ManageCardUseCase.swift:1:1: warning: File Header Violation: Header comments should be consistent with project patterns (file_header)
Linting 'BeneficiaryRepositoryProtocol.swift' (127/132)
/Users/darisadam/Documents/Projects/iOS Apps/madabank-ios/Madabank/Modules/Shared/Domain/Sources/UseCases/GetTransactionDetailsUseCase.swift:1:1: warning: File Header Violation: Header comments should be consistent with project patterns (file_header)
Linting 'UserRepositoryProtocol.swift' (128/132)
/Users/darisadam/Documents/Projects/iOS Apps/madabank-ios/Madabank/Modules/Shared/Domain/Sources/UseCases/GetBeneficiariesUseCase.swift:1:1: warning: File Header Violation: Header comments should be consistent with project patterns (file_header)
/Users/darisadam/Documents/Projects/iOS Apps/madabank-ios/Madabank/Modules/Shared/Domain/Sources/UseCases/GetBeneficiariesUseCase.swift:15:9: warning: Implicit Return Violation: Prefer implicit returns in closures, functions and getters (implicit_return)
Linting 'AuthRepositoryProtocol.swift' (129/132)
/Users/darisadam/Documents/Projects/iOS Apps/madabank-ios/Madabank/Modules/Shared/Domain/Sources/Entities/Beneficiary.swift:1:1: warning: File Header Violation: Header comments should be consistent with project patterns (file_header)
Linting 'TransactionRepositoryProtocol.swift' (130/132)
/Users/darisadam/Documents/Projects/iOS Apps/madabank-ios/Madabank/Modules/Shared/Domain/Sources/Entities/Card.swift:1:1: warning: File Header Violation: Header comments should be consistent with project patterns (file_header)
Linting 'CardRepositoryProtocol.swift' (131/132)
/Users/darisadam/Documents/Projects/iOS Apps/madabank-ios/Madabank/Modules/Shared/Domain/Sources/Entities/User.swift:1:1: warning: File Header Violation: Header comments should be consistent with project patterns (file_header)
Linting 'AccountRepositoryProtocol.swift' (132/132)
/Users/darisadam/Documents/Projects/iOS Apps/madabank-ios/Madabank/Modules/Shared/Domain/Sources/Interfaces/Repositories/UserRepositoryProtocol.swift:1:1: warning: File Header Violation: Header comments should be consistent with project patterns (file_header)
/Users/darisadam/Documents/Projects/iOS Apps/madabank-ios/Madabank/Modules/Shared/Domain/Sources/Entities/Account.swift:1:1: warning: File Header Violation: Header comments should be consistent with project patterns (file_header)
/Users/darisadam/Documents/Projects/iOS Apps/madabank-ios/Madabank/Modules/Shared/Domain/Sources/Interfaces/Repositories/AuthRepositoryProtocol.swift:1:1: warning: File Header Violation: Header comments should be consistent with project patterns (file_header)
/Users/darisadam/Documents/Projects/iOS Apps/madabank-ios/Madabank/Modules/Shared/Domain/Sources/Interfaces/Repositories/BeneficiaryRepositoryProtocol.swift:1:1: warning: File Header Violation: Header comments should be consistent with project patterns (file_header)
/Users/darisadam/Documents/Projects/iOS Apps/madabank-ios/Madabank/Modules/Shared/Domain/Sources/Interfaces/Repositories/TransactionRepositoryProtocol.swift:1:1: warning: File Header Violation: Header comments should be consistent with project patterns (file_header)
/Users/darisadam/Documents/Projects/iOS Apps/madabank-ios/Madabank/Modules/Shared/Domain/Sources/Entities/Transaction.swift:1:1: warning: File Header Violation: Header comments should be consistent with project patterns (file_header)
/Users/darisadam/Documents/Projects/iOS Apps/madabank-ios/Madabank/Modules/Shared/Domain/Sources/Interfaces/Repositories/CardRepositoryProtocol.swift:1:1: warning: File Header Violation: Header comments should be consistent with project patterns (file_header)
/Users/darisadam/Documents/Projects/iOS Apps/madabank-ios/Madabank/Modules/Shared/Domain/Sources/Interfaces/Repositories/AccountRepositoryProtocol.swift:1:1: warning: File Header Violation: Header comments should be consistent with project patterns (file_header)
Done linting! Found 213 violations, 0 serious in 132 files.

Ld /Users/darisadam/Library/Developer/Xcode/DerivedData/Madabank-hkohthnbjtgnoechirsoymtykttx/Build/Products/Debug-iphonesimulator/Madabank.app/__preview.dylib normal (in target 'Madabank' from project 'Madabank')
    cd /Users/darisadam/Documents/Projects/iOS\ Apps/madabank-ios/Madabank
    /Applications/Xcode.app/Contents/Developer/Toolchains/XcodeDefault.xctoolchain/usr/bin/clang -Xlinker -reproducible -target arm64-apple-ios15.0-simulator -dynamiclib -isysroot /Applications/Xcode.app/Contents/Developer/Platforms/iPhoneSimulator.platform/Developer/SDKs/iPhoneSimulator26.1.sdk -O0 -L/Users/darisadam/Library/Developer/Xcode/DerivedData/Madabank-hkohthnbjtgnoechirsoymtykttx/Build/Products/Debug-iphonesimulator -F/Users/darisadam/Library/Developer/Xcode/DerivedData/Madabank-hkohthnbjtgnoechirsoymtykttx/Build/Products/Debug-iphonesimulator -install_name @rpath/Madabank.debug.dylib -dead_strip -rdynamic -Xlinker -no_deduplicate -Xlinker -objc_abi_version -Xlinker 2 -Xlinker -dependency_info -Xlinker /Users/darisadam/Library/Developer/Xcode/DerivedData/Madabank-hkohthnbjtgnoechirsoymtykttx/Build/Intermediates.noindex/Madabank.build/Debug-iphonesimulator/Madabank.build/Objects-normal/arm64/Madabank_dependency_info.dat -Xlinker -sectcreate -Xlinker __TEXT -Xlinker __entitlements -Xlinker /Users/darisadam/Library/Developer/Xcode/DerivedData/Madabank-hkohthnbjtgnoechirsoymtykttx/Build/Intermediates.noindex/Madabank.build/Debug-iphonesimulator/Madabank.build/Madabank.app-Simulated.xcent -Xlinker -sectcreate -Xlinker __TEXT -Xlinker __ents_der -Xlinker /Users/darisadam/Library/Developer/Xcode/DerivedData/Madabank-hkohthnbjtgnoechirsoymtykttx/Build/Intermediates.noindex/Madabank.build/Debug-iphonesimulator/Madabank.build/Madabank.app-Simulated.xcent.der -Xlinker -no_adhoc_codesign -o /Users/darisadam/Library/Developer/Xcode/DerivedData/Madabank-hkohthnbjtgnoechirsoymtykttx/Build/Products/Debug-iphonesimulator/Madabank.app/__preview.dylib

MkDir /Users/darisadam/Library/Developer/Xcode/DerivedData/Madabank-hkohthnbjtgnoechirsoymtykttx/Build/Intermediates.noindex/Madabank.build/Debug-iphonesimulator/Madabank.build/assetcatalog_output/thinned (in target 'Madabank' from project 'Madabank')
    cd /Users/darisadam/Documents/Projects/iOS\ Apps/madabank-ios/Madabank
    /bin/mkdir -p /Users/darisadam/Library/Developer/Xcode/DerivedData/Madabank-hkohthnbjtgnoechirsoymtykttx/Build/Intermediates.noindex/Madabank.build/Debug-iphonesimulator/Madabank.build/assetcatalog_output/thinned

MkDir /Users/darisadam/Library/Developer/Xcode/DerivedData/Madabank-hkohthnbjtgnoechirsoymtykttx/Build/Intermediates.noindex/Madabank.build/Debug-iphonesimulator/Madabank.build/assetcatalog_output/unthinned (in target 'Madabank' from project 'Madabank')
    cd /Users/darisadam/Documents/Projects/iOS\ Apps/madabank-ios/Madabank
    /bin/mkdir -p /Users/darisadam/Library/Developer/Xcode/DerivedData/Madabank-hkohthnbjtgnoechirsoymtykttx/Build/Intermediates.noindex/Madabank.build/Debug-iphonesimulator/Madabank.build/assetcatalog_output/unthinned

GenerateAssetSymbols /Users/darisadam/Documents/Projects/iOS\ Apps/madabank-ios/Madabank/Madabank/Resources/Assets.xcassets /Users/darisadam/Documents/Projects/iOS\ Apps/madabank-ios/Madabank/Madabank/Resources/Preview\ Content/Preview\ Assets.xcassets (in target 'Madabank' from project 'Madabank')
    cd /Users/darisadam/Documents/Projects/iOS\ Apps/madabank-ios/Madabank
    /Applications/Xcode.app/Contents/Developer/usr/bin/actool /Users/darisadam/Documents/Projects/iOS\ Apps/madabank-ios/Madabank/Madabank/Resources/Assets.xcassets /Users/darisadam/Documents/Projects/iOS\ Apps/madabank-ios/Madabank/Madabank/Resources/Preview\ Content/Preview\ Assets.xcassets --compile /Users/darisadam/Library/Developer/Xcode/DerivedData/Madabank-hkohthnbjtgnoechirsoymtykttx/Build/Products/Debug-iphonesimulator/Madabank.app --output-format human-readable-text --notices --warnings --export-dependency-info /Users/darisadam/Library/Developer/Xcode/DerivedData/Madabank-hkohthnbjtgnoechirsoymtykttx/Build/Intermediates.noindex/Madabank.build/Debug-iphonesimulator/Madabank.build/assetcatalog_dependencies --output-partial-info-plist /Users/darisadam/Library/Developer/Xcode/DerivedData/Madabank-hkohthnbjtgnoechirsoymtykttx/Build/Intermediates.noindex/Madabank.build/Debug-iphonesimulator/Madabank.build/assetcatalog_generated_info.plist --app-icon AppIcon --accent-color AccentColor --compress-pngs --enable-on-demand-resources YES --development-region en --target-device iphone --minimum-deployment-target 15.0 --platform iphonesimulator --bundle-identifier online.darisadam.madabank --generate-swift-asset-symbol-extensions NO --generate-swift-asset-symbols /Users/darisadam/Library/Developer/Xcode/DerivedData/Madabank-hkohthnbjtgnoechirsoymtykttx/Build/Intermediates.noindex/Madabank.build/Debug-iphonesimulator/Madabank.build/DerivedSources/GeneratedAssetSymbols.swift --generate-objc-asset-symbols /Users/darisadam/Library/Developer/Xcode/DerivedData/Madabank-hkohthnbjtgnoechirsoymtykttx/Build/Intermediates.noindex/Madabank.build/Debug-iphonesimulator/Madabank.build/DerivedSources/GeneratedAssetSymbols.h --generate-asset-symbol-index /Users/darisadam/Library/Developer/Xcode/DerivedData/Madabank-hkohthnbjtgnoechirsoymtykttx/Build/Intermediates.noindex/Madabank.build/Debug-iphonesimulator/Madabank.build/DerivedSources/GeneratedAssetSymbols-Index.plist
/* com.apple.actool.compilation-results */
/Users/darisadam/Library/Developer/Xcode/DerivedData/Madabank-hkohthnbjtgnoechirsoymtykttx/Build/Intermediates.noindex/Madabank.build/Debug-iphonesimulator/Madabank.build/DerivedSources/GeneratedAssetSymbols-Index.plist
/Users/darisadam/Library/Developer/Xcode/DerivedData/Madabank-hkohthnbjtgnoechirsoymtykttx/Build/Intermediates.noindex/Madabank.build/Debug-iphonesimulator/Madabank.build/DerivedSources/GeneratedAssetSymbols.h
/Users/darisadam/Library/Developer/Xcode/DerivedData/Madabank-hkohthnbjtgnoechirsoymtykttx/Build/Intermediates.noindex/Madabank.build/Debug-iphonesimulator/Madabank.build/DerivedSources/GeneratedAssetSymbols.swift


CompileAssetCatalogVariant thinned /Users/darisadam/Library/Developer/Xcode/DerivedData/Madabank-hkohthnbjtgnoechirsoymtykttx/Build/Products/Debug-iphonesimulator/Madabank.app /Users/darisadam/Documents/Projects/iOS\ Apps/madabank-ios/Madabank/Madabank/Resources/Assets.xcassets /Users/darisadam/Documents/Projects/iOS\ Apps/madabank-ios/Madabank/Madabank/Resources/Preview\ Content/Preview\ Assets.xcassets (in target 'Madabank' from project 'Madabank')
    cd /Users/darisadam/Documents/Projects/iOS\ Apps/madabank-ios/Madabank
    /Applications/Xcode.app/Contents/Developer/usr/bin/actool /Users/darisadam/Documents/Projects/iOS\ Apps/madabank-ios/Madabank/Madabank/Resources/Assets.xcassets /Users/darisadam/Documents/Projects/iOS\ Apps/madabank-ios/Madabank/Madabank/Resources/Preview\ Content/Preview\ Assets.xcassets --compile /Users/darisadam/Library/Developer/Xcode/DerivedData/Madabank-hkohthnbjtgnoechirsoymtykttx/Build/Intermediates.noindex/Madabank.build/Debug-iphonesimulator/Madabank.build/assetcatalog_output/thinned --output-format human-readable-text --notices --warnings --export-dependency-info /Users/darisadam/Library/Developer/Xcode/DerivedData/Madabank-hkohthnbjtgnoechirsoymtykttx/Build/Intermediates.noindex/Madabank.build/Debug-iphonesimulator/Madabank.build/assetcatalog_dependencies_thinned --output-partial-info-plist /Users/darisadam/Library/Developer/Xcode/DerivedData/Madabank-hkohthnbjtgnoechirsoymtykttx/Build/Intermediates.noindex/Madabank.build/Debug-iphonesimulator/Madabank.build/assetcatalog_generated_info.plist_thinned --app-icon AppIcon --accent-color AccentColor --compress-pngs --enable-on-demand-resources YES --filter-for-thinning-device-configuration iPhone18,1 --filter-for-device-os-version 26.1 --development-region en --target-device iphone --minimum-deployment-target 15.0 --platform iphonesimulator

SwiftDriver Madabank normal arm64 com.apple.xcode.tools.swift.compiler (in target 'Madabank' from project 'Madabank')
    cd /Users/darisadam/Documents/Projects/iOS\ Apps/madabank-ios/Madabank
    builtin-SwiftDriver -- /Applications/Xcode.app/Contents/Developer/Toolchains/XcodeDefault.xctoolchain/usr/bin/swiftc -module-name Madabank -Onone -enforce-exclusivity\=checked @/Users/darisadam/Library/Developer/Xcode/DerivedData/Madabank-hkohthnbjtgnoechirsoymtykttx/Build/Intermediates.noindex/Madabank.build/Debug-iphonesimulator/Madabank.build/Objects-normal/arm64/Madabank.SwiftFileList -DDEBUG -Xcc -fmodule-map-file\=/Users/darisadam/Documents/Projects/iOS\ Apps/madabank-ios/Madabank/Tuist/.build/tuist-derived/RxCocoaRuntime/RxCocoaRuntime.modulemap -enable-bare-slash-regex -enable-experimental-feature DebugDescriptionMacro -sdk /Applications/Xcode.app/Contents/Developer/Platforms/iPhoneSimulator.platform/Developer/SDKs/iPhoneSimulator26.1.sdk -target arm64-apple-ios15.0-simulator -g -module-cache-path /Users/darisadam/Library/Developer/Xcode/DerivedData/ModuleCache.noindex -Xfrontend -serialize-debugging-options -enable-testing -index-store-path /Users/darisadam/Library/Developer/Xcode/DerivedData/Madabank-hkohthnbjtgnoechirsoymtykttx/Index.noindex/DataStore -Xcc -D_LIBCPP_HARDENING_MODE\=_LIBCPP_HARDENING_MODE_DEBUG -swift-version 5 -I /Users/darisadam/Library/Developer/Xcode/DerivedData/Madabank-hkohthnbjtgnoechirsoymtykttx/Build/Products/Debug-iphonesimulator -F /Users/darisadam/Library/Developer/Xcode/DerivedData/Madabank-hkohthnbjtgnoechirsoymtykttx/Build/Products/Debug-iphonesimulator -c -j8 -enable-batch-mode -incremental -Xcc -ivfsstatcache -Xcc /Users/darisadam/Library/Developer/Xcode/DerivedData/SDKStatCaches.noindex/iphonesimulator26.1-23B77-3885c01c3e6b6a337905948deab2002e90cf18a4295e390e64c810bc6bd7acbc.sdkstatcache -output-file-map /Users/darisadam/Library/Developer/Xcode/DerivedData/Madabank-hkohthnbjtgnoechirsoymtykttx/Build/Intermediates.noindex/Madabank.build/Debug-iphonesimulator/Madabank.build/Objects-normal/arm64/Madabank-OutputFileMap.json -use-frontend-parseable-output -save-temps -no-color-diagnostics -explicit-module-build -module-cache-path /Users/darisadam/Library/Developer/Xcode/DerivedData/Madabank-hkohthnbjtgnoechirsoymtykttx/Build/Intermediates.noindex/SwiftExplicitPrecompiledModules -clang-scanner-module-cache-path /Users/darisadam/Library/Developer/Xcode/DerivedData/ModuleCache.noindex -sdk-module-cache-path /Users/darisadam/Library/Developer/Xcode/DerivedData/ModuleCache.noindex -serialize-diagnostics -emit-dependencies -emit-module -emit-module-path /Users/darisadam/Library/Developer/Xcode/DerivedData/Madabank-hkohthnbjtgnoechirsoymtykttx/Build/Intermediates.noindex/Madabank.build/Debug-iphonesimulator/Madabank.build/Objects-normal/arm64/Madabank.swiftmodule -validate-clang-modules-once -clang-build-session-file /Users/darisadam/Library/Developer/Xcode/DerivedData/ModuleCache.noindex/Session.modulevalidation -Xcc -I/Users/darisadam/Library/Developer/Xcode/DerivedData/Madabank-hkohthnbjtgnoechirsoymtykttx/Build/Intermediates.noindex/Madabank.build/Debug-iphonesimulator/Madabank.build/swift-overrides.hmap -emit-const-values -Xfrontend -const-gather-protocols-file -Xfrontend /Users/darisadam/Library/Developer/Xcode/DerivedData/Madabank-hkohthnbjtgnoechirsoymtykttx/Build/Intermediates.noindex/Madabank.build/Debug-iphonesimulator/Madabank.build/Objects-normal/arm64/Madabank_const_extract_protocols.json -Xcc -iquote -Xcc /Users/darisadam/Library/Developer/Xcode/DerivedData/Madabank-hkohthnbjtgnoechirsoymtykttx/Build/Intermediates.noindex/Madabank.build/Debug-iphonesimulator/Madabank.build/Madabank-generated-files.hmap -Xcc -I/Users/darisadam/Library/Developer/Xcode/DerivedData/Madabank-hkohthnbjtgnoechirsoymtykttx/Build/Intermediates.noindex/Madabank.build/Debug-iphonesimulator/Madabank.build/Madabank-own-target-headers.hmap -Xcc -I/Users/darisadam/Library/Developer/Xcode/DerivedData/Madabank-hkohthnbjtgnoechirsoymtykttx/Build/Intermediates.noindex/Madabank.build/Debug-iphonesimulator/Madabank.build/Madabank-all-non-framework-target-headers.hmap -Xcc -ivfsoverlay -Xcc /Users/darisadam/Library/Developer/Xcode/DerivedData/Madabank-hkohthnbjtgnoechirsoymtykttx/Build/Intermediates.noindex/Madabank.build/Debug-iphonesimulator/Madabank-6b8f23b26fb50a69bf27348274a22005-VFS-iphonesimulator/all-product-headers.yaml -Xcc -iquote -Xcc /Users/darisadam/Library/Developer/Xcode/DerivedData/Madabank-hkohthnbjtgnoechirsoymtykttx/Build/Intermediates.noindex/Madabank.build/Debug-iphonesimulator/Madabank.build/Madabank-project-headers.hmap -Xcc -I/Users/darisadam/Library/Developer/Xcode/DerivedData/Madabank-hkohthnbjtgnoechirsoymtykttx/Build/Products/Debug-iphonesimulator/include -Xcc -I/Users/darisadam/Documents/Projects/iOS\ Apps/madabank-ios/Madabank/Tuist/.build/checkouts/RxSwift/Sources/RxCocoaRuntime/include -Xcc -I/Users/darisadam/Library/Developer/Xcode/DerivedData/Madabank-hkohthnbjtgnoechirsoymtykttx/Build/Intermediates.noindex/Madabank.build/Debug-iphonesimulator/Madabank.build/DerivedSources-normal/arm64 -Xcc -I/Users/darisadam/Library/Developer/Xcode/DerivedData/Madabank-hkohthnbjtgnoechirsoymtykttx/Build/Intermediates.noindex/Madabank.build/Debug-iphonesimulator/Madabank.build/DerivedSources/arm64 -Xcc -I/Users/darisadam/Library/Developer/Xcode/DerivedData/Madabank-hkohthnbjtgnoechirsoymtykttx/Build/Intermediates.noindex/Madabank.build/Debug-iphonesimulator/Madabank.build/DerivedSources -Xcc -DDEBUG\=1 -emit-objc-header -emit-objc-header-path /Users/darisadam/Library/Developer/Xcode/DerivedData/Madabank-hkohthnbjtgnoechirsoymtykttx/Build/Intermediates.noindex/Madabank.build/Debug-iphonesimulator/Madabank.build/Objects-normal/arm64/Madabank-Swift.h -working-directory /Users/darisadam/Documents/Projects/iOS\ Apps/madabank-ios/Madabank -experimental-emit-module-separately -disable-cmo

SwiftEmitModule normal arm64 Emitting\ module\ for\ Madabank (in target 'Madabank' from project 'Madabank')
EmitSwiftModule normal arm64 (in target 'Madabank' from project 'Madabank')
    cd /Users/darisadam/Documents/Projects/iOS\ Apps/madabank-ios/Madabank
    

SwiftCompile normal arm64 Compiling\ SplashViewController.swift /Users/darisadam/Documents/Projects/iOS\ Apps/madabank-ios/Madabank/Madabank/Sources/App/SplashViewController.swift (in target 'Madabank' from project 'Madabank')

SwiftCompile normal arm64 /Users/darisadam/Documents/Projects/iOS\ Apps/madabank-ios/Madabank/Madabank/Sources/App/SplashViewController.swift (in target 'Madabank' from project 'Madabank')
    cd /Users/darisadam/Documents/Projects/iOS\ Apps/madabank-ios/Madabank
    

SwiftCompile normal arm64 Compiling\ AppCoordinator.swift /Users/darisadam/Documents/Projects/iOS\ Apps/madabank-ios/Madabank/Madabank/Sources/App/AppCoordinator.swift (in target 'Madabank' from project 'Madabank')

SwiftCompile normal arm64 /Users/darisadam/Documents/Projects/iOS\ Apps/madabank-ios/Madabank/Madabank/Sources/App/AppCoordinator.swift (in target 'Madabank' from project 'Madabank')
    cd /Users/darisadam/Documents/Projects/iOS\ Apps/madabank-ios/Madabank
    

SwiftCompile normal arm64 Compiling\ AppDIContainer.swift /Users/darisadam/Documents/Projects/iOS\ Apps/madabank-ios/Madabank/Madabank/Sources/DI/AppDIContainer.swift (in target 'Madabank' from project 'Madabank')
Failed frontend command:
/Applications/Xcode.app/Contents/Developer/Toolchains/XcodeDefault.xctoolchain/usr/bin/swift-frontend -frontend -c /Users/darisadam/Documents/Projects/iOS\ Apps/madabank-ios/Madabank/Derived/Sources/TuistAssets+Madabank.swift /Users/darisadam/Documents/Projects/iOS\ Apps/madabank-ios/Madabank/Derived/Sources/TuistBundle+Madabank.swift /Users/darisadam/Documents/Projects/iOS\ Apps/madabank-ios/Madabank/Madabank/Sources/App/AppCoordinator.swift /Users/darisadam/Documents/Projects/iOS\ Apps/madabank-ios/Madabank/Madabank/Sources/App/AppDelegate.swift /Users/darisadam/Documents/Projects/iOS\ Apps/madabank-ios/Madabank/Madabank/Sources/App/BlockingFailureViewController.swift /Users/darisadam/Documents/Projects/iOS\ Apps/madabank-ios/Madabank/Madabank/Sources/App/SceneDelegate.swift /Users/darisadam/Documents/Projects/iOS\ Apps/madabank-ios/Madabank/Madabank/Sources/App/SplashViewController.swift -primary-file /Users/darisadam/Documents/Projects/iOS\ Apps/madabank-ios/Madabank/Madabank/Sources/DI/AppDIContainer.swift /Users/darisadam/Library/Developer/Xcode/DerivedData/Madabank-hkohthnbjtgnoechirsoymtykttx/Build/Intermediates.noindex/Madabank.build/Debug-iphonesimulator/Madabank.build/DerivedSources/GeneratedAssetSymbols.swift -emit-dependencies-path /Users/darisadam/Library/Developer/Xcode/DerivedData/Madabank-hkohthnbjtgnoechirsoymtykttx/Build/Intermediates.noindex/Madabank.build/Debug-iphonesimulator/Madabank.build/Objects-normal/arm64/AppDIContainer.d -emit-const-values-path /Users/darisadam/Library/Developer/Xcode/DerivedData/Madabank-hkohthnbjtgnoechirsoymtykttx/Build/Intermediates.noindex/Madabank.build/Debug-iphonesimulator/Madabank.build/Objects-normal/arm64/AppDIContainer.swiftconstvalues -emit-reference-dependencies-path /Users/darisadam/Library/Developer/Xcode/DerivedData/Madabank-hkohthnbjtgnoechirsoymtykttx/Build/Intermediates.noindex/Madabank.build/Debug-iphonesimulator/Madabank.build/Objects-normal/arm64/AppDIContainer.swiftdeps -serialize-diagnostics-path /Users/darisadam/Library/Developer/Xcode/DerivedData/Madabank-hkohthnbjtgnoechirsoymtykttx/Build/Intermediates.noindex/Madabank.build/Debug-iphonesimulator/Madabank.build/Objects-normal/arm64/AppDIContainer.dia -target arm64-apple-ios15.0-simulator -module-can-import-version DeveloperToolsSupport 23.0.4 23.0.4 -module-can-import-version SwiftUI 7.1.13.1 7.1.13 -module-can-import-version UIKit 9126.1.12.1 9126.1.12 -load-resolved-plugin /Applications/Xcode.app/Contents/Developer/Platforms/iPhoneOS.platform/Developer/usr/lib/swift/host/plugins/libFoundationMacros.dylib\#/Applications/Xcode.app/Contents/Developer/Platforms/iPhoneOS.platform/Developer/usr/bin/swift-plugin-server\#FoundationMacros -load-resolved-plugin /Applications/Xcode.app/Contents/Developer/Platforms/iPhoneOS.platform/Developer/usr/lib/swift/host/plugins/libObservationMacros.dylib\#/Applications/Xcode.app/Contents/Developer/Platforms/iPhoneOS.platform/Developer/usr/bin/swift-plugin-server\#ObservationMacros -load-resolved-plugin /Applications/Xcode.app/Contents/Developer/Platforms/iPhoneOS.platform/Developer/usr/lib/swift/host/plugins/libPreviewsMacros.dylib\#/Applications/Xcode.app/Contents/Developer/Platforms/iPhoneOS.platform/Developer/usr/bin/swift-plugin-server\#PreviewsMacros -load-resolved-plugin /Applications/Xcode.app/Contents/Developer/Platforms/iPhoneOS.platform/Developer/usr/lib/swift/host/plugins/libSwiftMacros.dylib\#/Applications/Xcode.app/Contents/Developer/Platforms/iPhoneOS.platform/Developer/usr/bin/swift-plugin-server\#SwiftMacros -load-resolved-plugin /Applications/Xcode.app/Contents/Developer/Platforms/iPhoneOS.platform/Developer/usr/lib/swift/host/plugins/libSwiftUIMacros.dylib\#/Applications/Xcode.app/Contents/Developer/Platforms/iPhoneOS.platform/Developer/usr/bin/swift-plugin-server\#SwiftUIMacros -disable-implicit-swift-modules -Xcc -fno-implicit-modules -Xcc -fno-implicit-module-maps -explicit-swift-module-map-file /Users/darisadam/Library/Developer/Xcode/DerivedData/Madabank-hkohthnbjtgnoechirsoymtykttx/Build/Intermediates.noindex/Madabank.build/Debug-iphonesimulator/Madabank.build/Objects-normal/arm64/Madabank-dependencies-1.json -Xllvm -aarch64-use-tbi -enable-objc-interop -sdk /Applications/Xcode.app/Contents/Developer/Platforms/iPhoneSimulator.platform/Developer/SDKs/iPhoneSimulator26.1.sdk -I /Users/darisadam/Library/Developer/Xcode/DerivedData/Madabank-hkohthnbjtgnoechirsoymtykttx/Build/Products/Debug-iphonesimulator -F /Users/darisadam/Library/Developer/Xcode/DerivedData/Madabank-hkohthnbjtgnoechirsoymtykttx/Build/Products/Debug-iphonesimulator -no-color-diagnostics -Xcc -fno-color-diagnostics -enable-testing -g -debug-info-format\=dwarf -dwarf-version\=4 -module-cache-path /Users/darisadam/Library/Developer/Xcode/DerivedData/Madabank-hkohthnbjtgnoechirsoymtykttx/Build/Intermediates.noindex/SwiftExplicitPrecompiledModules -swift-version 5 -enforce-exclusivity\=checked -Onone -D DEBUG -serialize-debugging-options -const-gather-protocols-file /Users/darisadam/Library/Developer/Xcode/DerivedData/Madabank-hkohthnbjtgnoechirsoymtykttx/Build/Intermediates.noindex/Madabank.build/Debug-iphonesimulator/Madabank.build/Objects-normal/arm64/Madabank_const_extract_protocols.json -enable-experimental-feature DebugDescriptionMacro -enable-bare-slash-regex -empty-abi-descriptor -validate-clang-modules-once -clang-build-session-file /Users/darisadam/Library/Developer/Xcode/DerivedData/ModuleCache.noindex/Session.modulevalidation -Xcc -working-directory -Xcc /Users/darisadam/Documents/Projects/iOS\ Apps/madabank-ios/Madabank -enable-anonymous-context-mangled-names -file-compilation-dir /Users/darisadam/Documents/Projects/iOS\ Apps/madabank-ios/Madabank -Xcc -fmodule-map-file\=/Users/darisadam/Documents/Projects/iOS\ Apps/madabank-ios/Madabank/Tuist/.build/tuist-derived/RxCocoaRuntime/RxCocoaRuntime.modulemap -Xcc -D_LIBCPP_HARDENING_MODE\=_LIBCPP_HARDENING_MODE_DEBUG -Xcc -ivfsstatcache -Xcc /Users/darisadam/Library/Developer/Xcode/DerivedData/SDKStatCaches.noindex/iphonesimulator26.1-23B77-3885c01c3e6b6a337905948deab2002e90cf18a4295e390e64c810bc6bd7acbc.sdkstatcache -Xcc -I/Users/darisadam/Library/Developer/Xcode/DerivedData/Madabank-hkohthnbjtgnoechirsoymtykttx/Build/Intermediates.noindex/Madabank.build/Debug-iphonesimulator/Madabank.build/swift-overrides.hmap -Xcc -iquote -Xcc /Users/darisadam/Library/Developer/Xcode/DerivedData/Madabank-hkohthnbjtgnoechirsoymtykttx/Build/Intermediates.noindex/Madabank.build/Debug-iphonesimulator/Madabank.build/Madabank-generated-files.hmap -Xcc -I/Users/darisadam/Library/Developer/Xcode/DerivedData/Madabank-hkohthnbjtgnoechirsoymtykttx/Build/Intermediates.noindex/Madabank.build/Debug-iphonesimulator/Madabank.build/Madabank-own-target-headers.hmap -Xcc -I/Users/darisadam/Library/Developer/Xcode/DerivedData/Madabank-hkohthnbjtgnoechirsoymtykttx/Build/Intermediates.noindex/Madabank.build/Debug-iphonesimulator/Madabank.build/Madabank-all-non-framework-target-headers.hmap -Xcc -ivfsoverlay -Xcc /Users/darisadam/Library/Developer/Xcode/DerivedData/Madabank-hkohthnbjtgnoechirsoymtykttx/Build/Intermediates.noindex/Madabank.build/Debug-iphonesimulator/Madabank-6b8f23b26fb50a69bf27348274a22005-VFS-iphonesimulator/all-product-headers.yaml -Xcc -iquote -Xcc /Users/darisadam/Library/Developer/Xcode/DerivedData/Madabank-hkohthnbjtgnoechirsoymtykttx/Build/Intermediates.noindex/Madabank.build/Debug-iphonesimulator/Madabank.build/Madabank-project-headers.hmap -Xcc -I/Users/darisadam/Library/Developer/Xcode/DerivedData/Madabank-hkohthnbjtgnoechirsoymtykttx/Build/Products/Debug-iphonesimulator/include -Xcc -I/Users/darisadam/Documents/Projects/iOS\ Apps/madabank-ios/Madabank/Tuist/.build/checkouts/RxSwift/Sources/RxCocoaRuntime/include -Xcc -I/Users/darisadam/Library/Developer/Xcode/DerivedData/Madabank-hkohthnbjtgnoechirsoymtykttx/Build/Intermediates.noindex/Madabank.build/Debug-iphonesimulator/Madabank.build/DerivedSources-normal/arm64 -Xcc -I/Users/darisadam/Library/Developer/Xcode/DerivedData/Madabank-hkohthnbjtgnoechirsoymtykttx/Build/Intermediates.noindex/Madabank.build/Debug-iphonesimulator/Madabank.build/DerivedSources/arm64 -Xcc -I/Users/darisadam/Library/Developer/Xcode/DerivedData/Madabank-hkohthnbjtgnoechirsoymtykttx/Build/Intermediates.noindex/Madabank.build/Debug-iphonesimulator/Madabank.build/DerivedSources -Xcc -DDEBUG\=1 -no-auto-bridging-header-chaining -module-name Madabank -frontend-parseable-output -disable-clang-spi -target-sdk-version 26.1 -target-sdk-name iphonesimulator26.1 -clang-target arm64-apple-ios26.1-simulator -in-process-plugin-server-path /Applications/Xcode.app/Contents/Developer/Toolchains/XcodeDefault.xctoolchain/usr/lib/swift/host/libSwiftInProcPluginServer.dylib -o /Users/darisadam/Library/Developer/Xcode/DerivedData/Madabank-hkohthnbjtgnoechirsoymtykttx/Build/Intermediates.noindex/Madabank.build/Debug-iphonesimulator/Madabank.build/Objects-normal/arm64/AppDIContainer.o -index-unit-output-path /Madabank.build/Debug-iphonesimulator/Madabank.build/Objects-normal/arm64/AppDIContainer.o -index-store-path /Users/darisadam/Library/Developer/Xcode/DerivedData/Madabank-hkohthnbjtgnoechirsoymtykttx/Index.noindex/DataStore -index-system-modules

SwiftCompile normal arm64 /Users/darisadam/Documents/Projects/iOS\ Apps/madabank-ios/Madabank/Madabank/Sources/DI/AppDIContainer.swift (in target 'Madabank' from project 'Madabank')
    cd /Users/darisadam/Documents/Projects/iOS\ Apps/madabank-ios/Madabank
    
/Users/darisadam/Documents/Projects/iOS Apps/madabank-ios/Madabank/Madabank/Sources/DI/AppDIContainer.swift:160:36: error: extra arguments at positions #2, #3 in call
        let vm = QRPaymentViewModel(recipientName: recipientName, transferUseCase: makeTransferMoneyUseCase(), getAccountsUseCase: makeGetAccountsUseCase(), actions: actions)
                                   ^
Transactions.QRPaymentViewModel.init:2:8: note: 'init(recipientName:actions:)' declared here
public init(recipientName: String, actions: Transactions.QRPaymentViewModelActions)}
       ^
/Users/darisadam/Documents/Projects/iOS Apps/madabank-ios/Madabank/Madabank/Sources/DI/AppDIContainer.swift:189:17: error: switch must be exhaustive
                switch destination {
                ^
/Users/darisadam/Documents/Projects/iOS Apps/madabank-ios/Madabank/Madabank/Sources/DI/AppDIContainer.swift:189:17: note: add missing case: '.loggedOut'
                switch destination {
                ^

SwiftCompile normal arm64 Compiling\ GeneratedAssetSymbols.swift /Users/darisadam/Library/Developer/Xcode/DerivedData/Madabank-hkohthnbjtgnoechirsoymtykttx/Build/Intermediates.noindex/Madabank.build/Debug-iphonesimulator/Madabank.build/DerivedSources/GeneratedAssetSymbols.swift (in target 'Madabank' from project 'Madabank')

SwiftCompile normal arm64 /Users/darisadam/Library/Developer/Xcode/DerivedData/Madabank-hkohthnbjtgnoechirsoymtykttx/Build/Intermediates.noindex/Madabank.build/Debug-iphonesimulator/Madabank.build/DerivedSources/GeneratedAssetSymbols.swift (in target 'Madabank' from project 'Madabank')
    cd /Users/darisadam/Documents/Projects/iOS\ Apps/madabank-ios/Madabank
    

SwiftCompile normal arm64 Compiling\ TuistAssets+Madabank.swift,\ TuistBundle+Madabank.swift /Users/darisadam/Documents/Projects/iOS\ Apps/madabank-ios/Madabank/Derived/Sources/TuistAssets+Madabank.swift /Users/darisadam/Documents/Projects/iOS\ Apps/madabank-ios/Madabank/Derived/Sources/TuistBundle+Madabank.swift (in target 'Madabank' from project 'Madabank')

SwiftCompile normal arm64 /Users/darisadam/Documents/Projects/iOS\ Apps/madabank-ios/Madabank/Derived/Sources/TuistAssets+Madabank.swift (in target 'Madabank' from project 'Madabank')
    cd /Users/darisadam/Documents/Projects/iOS\ Apps/madabank-ios/Madabank
    

SwiftCompile normal arm64 /Users/darisadam/Documents/Projects/iOS\ Apps/madabank-ios/Madabank/Derived/Sources/TuistBundle+Madabank.swift (in target 'Madabank' from project 'Madabank')
    cd /Users/darisadam/Documents/Projects/iOS\ Apps/madabank-ios/Madabank
    

SwiftCompile normal arm64 Compiling\ BlockingFailureViewController.swift /Users/darisadam/Documents/Projects/iOS\ Apps/madabank-ios/Madabank/Madabank/Sources/App/BlockingFailureViewController.swift (in target 'Madabank' from project 'Madabank')

SwiftCompile normal arm64 /Users/darisadam/Documents/Projects/iOS\ Apps/madabank-ios/Madabank/Madabank/Sources/App/BlockingFailureViewController.swift (in target 'Madabank' from project 'Madabank')
    cd /Users/darisadam/Documents/Projects/iOS\ Apps/madabank-ios/Madabank
    

SwiftCompile normal arm64 Compiling\ AppDelegate.swift /Users/darisadam/Documents/Projects/iOS\ Apps/madabank-ios/Madabank/Madabank/Sources/App/AppDelegate.swift (in target 'Madabank' from project 'Madabank')

note: Run script build phase 'SwiftLint' will be run during every build because the option to run the script phase "Based on dependency analysis" is unchecked. (in target 'Madabank' from project 'Madabank')
** BUILD FAILED **


The following build commands failed:
	SwiftCompile normal arm64 Compiling\ AppDIContainer.swift /Users/darisadam/Documents/Projects/iOS\ Apps/madabank-ios/Madabank/Madabank/Sources/DI/AppDIContainer.swift (in target 'Madabank' from project 'Madabank')
	SwiftCompile normal arm64 /Users/darisadam/Documents/Projects/iOS\ Apps/madabank-ios/Madabank/Madabank/Sources/DI/AppDIContainer.swift (in target 'Madabank' from project 'Madabank')
	Building workspace Madabank with scheme Madabank
(3 failures)
