Command line invocation:
    /Applications/Xcode.app/Contents/Developer/usr/bin/xcodebuild build -workspace Madabank.xcworkspace -scheme Transactions -destination "platform=iOS Simulator,name=iPhone 17 Pro"

Build Preparation
Build task concurrency set to 8 via user default IDEBuildOperationMaxNumberOfConcurrentCompileTasks

ComputePackagePrebuildTargetDependencyGraph

Prepare packages

CreateBuildRequest

SendProjectDescription

CreateBuildOperation

ComputeTargetDependencyGraph
note: Building targets in dependency order
note: Target dependency graph (12 targets)
    Target 'Transactions' in project 'Transactions'
        ➜ Implicit dependency on target 'CommonUI' in project 'CommonUI' via file 'CommonUI.framework' in build phase 'Link Binary'
        ➜ Implicit dependency on target 'Data' in project 'Data' via file 'Data.framework' in build phase 'Link Binary'
        ➜ Implicit dependency on target 'Domain' in project 'Domain' via file 'Domain.framework' in build phase 'Link Binary'
        ➜ Implicit dependency on target 'RxCocoa' in project 'RxSwift' via file 'RxCocoa.framework' in build phase 'Link Binary'
        ➜ Implicit dependency on target 'RxSwift' in project 'RxSwift' via file 'RxSwift.framework' in build phase 'Link Binary'
    Target 'Data' in project 'Data'
        ➜ Implicit dependency on target 'Domain' in project 'Domain' via file 'Domain.framework' in build phase 'Link Binary'
        ➜ Implicit dependency on target 'Networking' in project 'Networking' via file 'Networking.framework' in build phase 'Link Binary'
        ➜ Implicit dependency on target 'RxSwift' in project 'RxSwift' via file 'RxSwift.framework' in build phase 'Link Binary'
    Target 'Domain' in project 'Domain'
        ➜ Implicit dependency on target 'Core' in project 'Core' via file 'Core.framework' in build phase 'Link Binary'
        ➜ Implicit dependency on target 'Networking' in project 'Networking' via file 'Networking.framework' in build phase 'Link Binary'
        ➜ Implicit dependency on target 'RxSwift' in project 'RxSwift' via file 'RxSwift.framework' in build phase 'Link Binary'
    Target 'Networking' in project 'Networking'
        ➜ Implicit dependency on target 'Alamofire' in project 'Alamofire' via file 'Alamofire.framework' in build phase 'Link Binary'
        ➜ Implicit dependency on target 'Core' in project 'Core' via file 'Core.framework' in build phase 'Link Binary'
    Target 'Alamofire' in project 'Alamofire' (no dependencies)
    Target 'CommonUI' in project 'CommonUI'
        ➜ Implicit dependency on target 'Core' in project 'Core' via file 'Core.framework' in build phase 'Link Binary'
        ➜ Implicit dependency on target 'RxCocoa' in project 'RxSwift' via file 'RxCocoa.framework' in build phase 'Link Binary'
        ➜ Implicit dependency on target 'RxSwift' in project 'RxSwift' via file 'RxSwift.framework' in build phase 'Link Binary'
        ➜ Implicit dependency on target 'SnapKit' in project 'SnapKit' via file 'SnapKit.framework' in build phase 'Link Binary'
    Target 'SnapKit' in project 'SnapKit' (no dependencies)
    Target 'RxCocoa' in project 'RxSwift'
        ➜ Explicit dependency on target 'RxCocoaRuntime' in project 'RxSwift'
        ➜ Explicit dependency on target 'RxRelay' in project 'RxSwift'
        ➜ Explicit dependency on target 'RxSwift' in project 'RxSwift'
    Target 'RxRelay' in project 'RxSwift'
        ➜ Explicit dependency on target 'RxSwift' in project 'RxSwift'
    Target 'RxCocoaRuntime' in project 'RxSwift'
        ➜ Explicit dependency on target 'RxSwift' in project 'RxSwift'
    Target 'RxSwift' in project 'RxSwift' (no dependencies)
    Target 'Core' in project 'Core' (no dependencies)

GatherProvisioningInputs

CreateBuildDescription

ClangStatCache /Applications/Xcode.app/Contents/Developer/Toolchains/XcodeDefault.xctoolchain/usr/bin/clang-stat-cache /Applications/Xcode.app/Contents/Developer/Platforms/iPhoneSimulator.platform/Developer/SDKs/iPhoneSimulator26.1.sdk /Users/darisadam/Library/Developer/Xcode/DerivedData/SDKStatCaches.noindex/iphonesimulator26.1-23B77-3885c01c3e6b6a337905948deab2002e90cf18a4295e390e64c810bc6bd7acbc.sdkstatcache
    cd /Users/darisadam/Documents/Projects/iOS\ Apps/madabank-ios/Madabank
    /Applications/Xcode.app/Contents/Developer/Toolchains/XcodeDefault.xctoolchain/usr/bin/clang-stat-cache /Applications/Xcode.app/Contents/Developer/Platforms/iPhoneSimulator.platform/Developer/SDKs/iPhoneSimulator26.1.sdk -o /Users/darisadam/Library/Developer/Xcode/DerivedData/SDKStatCaches.noindex/iphonesimulator26.1-23B77-3885c01c3e6b6a337905948deab2002e90cf18a4295e390e64c810bc6bd7acbc.sdkstatcache

SwiftDriver RxCocoa normal arm64 com.apple.xcode.tools.swift.compiler (in target 'RxCocoa' from project 'RxSwift')
    cd /Users/darisadam/Documents/Projects/iOS\ Apps/madabank-ios/Madabank/Tuist/.build/tuist-derived/RxSwift
    builtin-SwiftDriver -- /Applications/Xcode.app/Contents/Developer/Toolchains/XcodeDefault.xctoolchain/usr/bin/swiftc -module-name RxCocoa -Onone -enforce-exclusivity\=checked @/Users/darisadam/Library/Developer/Xcode/DerivedData/Madabank-hkohthnbjtgnoechirsoymtykttx/Build/Intermediates.noindex/RxSwift.build/Debug-iphonesimulator/RxCocoa.build/Objects-normal/arm64/RxCocoa.SwiftFileList -DSWIFT_PACKAGE -DDEBUG -package-name RxSwift -Xcc -fmodule-map-file\=/Users/darisadam/Documents/Projects/iOS\ Apps/madabank-ios/Madabank/Tuist/.build/checkouts/RxSwift/../../tuist-derived/RxCocoaRuntime/RxCocoaRuntime.modulemap -enable-bare-slash-regex -enable-experimental-feature DebugDescriptionMacro -sdk /Applications/Xcode.app/Contents/Developer/Platforms/iPhoneSimulator.platform/Developer/SDKs/iPhoneSimulator26.1.sdk -target arm64-apple-ios12.0-simulator -g -module-cache-path /Users/darisadam/Library/Developer/Xcode/DerivedData/ModuleCache.noindex -Xfrontend -serialize-debugging-options -enable-testing -suppress-warnings -index-store-path /Users/darisadam/Library/Developer/Xcode/DerivedData/Madabank-hkohthnbjtgnoechirsoymtykttx/Index.noindex/DataStore -Xcc -D_LIBCPP_HARDENING_MODE\=_LIBCPP_HARDENING_MODE_DEBUG -swift-version 5 -I /Users/darisadam/Library/Developer/Xcode/DerivedData/Madabank-hkohthnbjtgnoechirsoymtykttx/Build/Products/Debug-iphonesimulator -F /Users/darisadam/Library/Developer/Xcode/DerivedData/Madabank-hkohthnbjtgnoechirsoymtykttx/Build/Products/Debug-iphonesimulator -F /Applications/Xcode.app/Contents/Developer/Platforms/iPhoneSimulator.platform/Developer/Library/Frameworks -c -j8 -enable-batch-mode -incremental -Xcc -ivfsstatcache -Xcc /Users/darisadam/Library/Developer/Xcode/DerivedData/SDKStatCaches.noindex/iphonesimulator26.1-23B77-3885c01c3e6b6a337905948deab2002e90cf18a4295e390e64c810bc6bd7acbc.sdkstatcache -output-file-map /Users/darisadam/Library/Developer/Xcode/DerivedData/Madabank-hkohthnbjtgnoechirsoymtykttx/Build/Intermediates.noindex/RxSwift.build/Debug-iphonesimulator/RxCocoa.build/Objects-normal/arm64/RxCocoa-OutputFileMap.json -use-frontend-parseable-output -save-temps -no-color-diagnostics -explicit-module-build -module-cache-path /Users/darisadam/Library/Developer/Xcode/DerivedData/Madabank-hkohthnbjtgnoechirsoymtykttx/Build/Intermediates.noindex/SwiftExplicitPrecompiledModules -clang-scanner-module-cache-path /Users/darisadam/Library/Developer/Xcode/DerivedData/ModuleCache.noindex -sdk-module-cache-path /Users/darisadam/Library/Developer/Xcode/DerivedData/ModuleCache.noindex -serialize-diagnostics -emit-dependencies -emit-module -emit-module-path /Users/darisadam/Library/Developer/Xcode/DerivedData/Madabank-hkohthnbjtgnoechirsoymtykttx/Build/Intermediates.noindex/RxSwift.build/Debug-iphonesimulator/RxCocoa.build/Objects-normal/arm64/RxCocoa.swiftmodule -validate-clang-modules-once -clang-build-session-file /Users/darisadam/Library/Developer/Xcode/DerivedData/ModuleCache.noindex/Session.modulevalidation -Xcc -I/Users/darisadam/Library/Developer/Xcode/DerivedData/Madabank-hkohthnbjtgnoechirsoymtykttx/Build/Intermediates.noindex/RxSwift.build/Debug-iphonesimulator/RxCocoa.build/swift-overrides.hmap -emit-const-values -Xfrontend -const-gather-protocols-file -Xfrontend /Users/darisadam/Library/Developer/Xcode/DerivedData/Madabank-hkohthnbjtgnoechirsoymtykttx/Build/Intermediates.noindex/RxSwift.build/Debug-iphonesimulator/RxCocoa.build/Objects-normal/arm64/RxCocoa_const_extract_protocols.json -Xcc -I/Users/darisadam/Library/Developer/Xcode/DerivedData/Madabank-hkohthnbjtgnoechirsoymtykttx/Build/Products/Debug-iphonesimulator/include -Xcc -I/Users/darisadam/Documents/Projects/iOS\ Apps/madabank-ios/Madabank/Tuist/.build/checkouts/RxSwift/Sources/RxCocoaRuntime/include -Xcc -I/Users/darisadam/Library/Developer/Xcode/DerivedData/Madabank-hkohthnbjtgnoechirsoymtykttx/Build/Intermediates.noindex/RxSwift.build/Debug-iphonesimulator/RxCocoa.build/DerivedSources-normal/arm64 -Xcc -I/Users/darisadam/Library/Developer/Xcode/DerivedData/Madabank-hkohthnbjtgnoechirsoymtykttx/Build/Intermediates.noindex/RxSwift.build/Debug-iphonesimulator/RxCocoa.build/DerivedSources/arm64 -Xcc -I/Users/darisadam/Library/Developer/Xcode/DerivedData/Madabank-hkohthnbjtgnoechirsoymtykttx/Build/Intermediates.noindex/RxSwift.build/Debug-iphonesimulator/RxCocoa.build/DerivedSources -Xcc -DDEBUG\=1 -Xcc -DSWIFT_PACKAGE\=1 -emit-objc-header -emit-objc-header-path /Users/darisadam/Library/Developer/Xcode/DerivedData/Madabank-hkohthnbjtgnoechirsoymtykttx/Build/Intermediates.noindex/RxSwift.build/Debug-iphonesimulator/RxCocoa.build/Objects-normal/arm64/RxCocoa-Swift.h -working-directory /Users/darisadam/Documents/Projects/iOS\ Apps/madabank-ios/Madabank/Tuist/.build/tuist-derived/RxSwift -experimental-emit-module-separately -disable-cmo

SwiftDriver Networking normal arm64 com.apple.xcode.tools.swift.compiler (in target 'Networking' from project 'Networking')
    cd /Users/darisadam/Documents/Projects/iOS\ Apps/madabank-ios/Madabank/Modules/Shared/Networking
    builtin-SwiftDriver -- /Applications/Xcode.app/Contents/Developer/Toolchains/XcodeDefault.xctoolchain/usr/bin/swiftc -module-name Networking -Onone -enforce-exclusivity\=checked @/Users/darisadam/Library/Developer/Xcode/DerivedData/Madabank-hkohthnbjtgnoechirsoymtykttx/Build/Intermediates.noindex/Networking.build/Debug-iphonesimulator/Networking.build/Objects-normal/arm64/Networking.SwiftFileList -DDEBUG -enable-bare-slash-regex -enable-experimental-feature DebugDescriptionMacro -sdk /Applications/Xcode.app/Contents/Developer/Platforms/iPhoneSimulator.platform/Developer/SDKs/iPhoneSimulator26.1.sdk -target arm64-apple-ios15.0-simulator -g -module-cache-path /Users/darisadam/Library/Developer/Xcode/DerivedData/ModuleCache.noindex -Xfrontend -serialize-debugging-options -enable-testing -index-store-path /Users/darisadam/Library/Developer/Xcode/DerivedData/Madabank-hkohthnbjtgnoechirsoymtykttx/Index.noindex/DataStore -Xcc -D_LIBCPP_HARDENING_MODE\=_LIBCPP_HARDENING_MODE_DEBUG -swift-version 5 -I /Users/darisadam/Library/Developer/Xcode/DerivedData/Madabank-hkohthnbjtgnoechirsoymtykttx/Build/Products/Debug-iphonesimulator -F /Users/darisadam/Library/Developer/Xcode/DerivedData/Madabank-hkohthnbjtgnoechirsoymtykttx/Build/Products/Debug-iphonesimulator -c -j8 -enable-batch-mode -incremental -Xcc -ivfsstatcache -Xcc /Users/darisadam/Library/Developer/Xcode/DerivedData/SDKStatCaches.noindex/iphonesimulator26.1-23B77-3885c01c3e6b6a337905948deab2002e90cf18a4295e390e64c810bc6bd7acbc.sdkstatcache -output-file-map /Users/darisadam/Library/Developer/Xcode/DerivedData/Madabank-hkohthnbjtgnoechirsoymtykttx/Build/Intermediates.noindex/Networking.build/Debug-iphonesimulator/Networking.build/Objects-normal/arm64/Networking-OutputFileMap.json -use-frontend-parseable-output -save-temps -no-color-diagnostics -explicit-module-build -module-cache-path /Users/darisadam/Library/Developer/Xcode/DerivedData/Madabank-hkohthnbjtgnoechirsoymtykttx/Build/Intermediates.noindex/SwiftExplicitPrecompiledModules -clang-scanner-module-cache-path /Users/darisadam/Library/Developer/Xcode/DerivedData/ModuleCache.noindex -sdk-module-cache-path /Users/darisadam/Library/Developer/Xcode/DerivedData/ModuleCache.noindex -serialize-diagnostics -emit-dependencies -emit-module -emit-module-path /Users/darisadam/Library/Developer/Xcode/DerivedData/Madabank-hkohthnbjtgnoechirsoymtykttx/Build/Intermediates.noindex/Networking.build/Debug-iphonesimulator/Networking.build/Objects-normal/arm64/Networking.swiftmodule -validate-clang-modules-once -clang-build-session-file /Users/darisadam/Library/Developer/Xcode/DerivedData/ModuleCache.noindex/Session.modulevalidation -Xcc -I/Users/darisadam/Library/Developer/Xcode/DerivedData/Madabank-hkohthnbjtgnoechirsoymtykttx/Build/Intermediates.noindex/Networking.build/Debug-iphonesimulator/Networking.build/swift-overrides.hmap -emit-const-values -Xfrontend -const-gather-protocols-file -Xfrontend /Users/darisadam/Library/Developer/Xcode/DerivedData/Madabank-hkohthnbjtgnoechirsoymtykttx/Build/Intermediates.noindex/Networking.build/Debug-iphonesimulator/Networking.build/Objects-normal/arm64/Networking_const_extract_protocols.json -Xcc -iquote -Xcc /Users/darisadam/Library/Developer/Xcode/DerivedData/Madabank-hkohthnbjtgnoechirsoymtykttx/Build/Intermediates.noindex/Networking.build/Debug-iphonesimulator/Networking.build/Networking-generated-files.hmap -Xcc -I/Users/darisadam/Library/Developer/Xcode/DerivedData/Madabank-hkohthnbjtgnoechirsoymtykttx/Build/Intermediates.noindex/Networking.build/Debug-iphonesimulator/Networking.build/Networking-own-target-headers.hmap -Xcc -I/Users/darisadam/Library/Developer/Xcode/DerivedData/Madabank-hkohthnbjtgnoechirsoymtykttx/Build/Intermediates.noindex/Networking.build/Debug-iphonesimulator/Networking.build/Networking-all-non-framework-target-headers.hmap -Xcc -ivfsoverlay -Xcc /Users/darisadam/Library/Developer/Xcode/DerivedData/Madabank-hkohthnbjtgnoechirsoymtykttx/Build/Intermediates.noindex/Networking.build/Debug-iphonesimulator/Networking-a24779b3f5236e694180f2099028ea2b-VFS-iphonesimulator/all-product-headers.yaml -Xcc -iquote -Xcc /Users/darisadam/Library/Developer/Xcode/DerivedData/Madabank-hkohthnbjtgnoechirsoymtykttx/Build/Intermediates.noindex/Networking.build/Debug-iphonesimulator/Networking.build/Networking-project-headers.hmap -Xcc -I/Users/darisadam/Library/Developer/Xcode/DerivedData/Madabank-hkohthnbjtgnoechirsoymtykttx/Build/Products/Debug-iphonesimulator/include -Xcc -I/Users/darisadam/Library/Developer/Xcode/DerivedData/Madabank-hkohthnbjtgnoechirsoymtykttx/Build/Intermediates.noindex/Networking.build/Debug-iphonesimulator/Networking.build/DerivedSources-normal/arm64 -Xcc -I/Users/darisadam/Library/Developer/Xcode/DerivedData/Madabank-hkohthnbjtgnoechirsoymtykttx/Build/Intermediates.noindex/Networking.build/Debug-iphonesimulator/Networking.build/DerivedSources/arm64 -Xcc -I/Users/darisadam/Library/Developer/Xcode/DerivedData/Madabank-hkohthnbjtgnoechirsoymtykttx/Build/Intermediates.noindex/Networking.build/Debug-iphonesimulator/Networking.build/DerivedSources -Xcc -DDEBUG\=1 -emit-objc-header -emit-objc-header-path /Users/darisadam/Library/Developer/Xcode/DerivedData/Madabank-hkohthnbjtgnoechirsoymtykttx/Build/Intermediates.noindex/Networking.build/Debug-iphonesimulator/Networking.build/Objects-normal/arm64/Networking-Swift.h -working-directory /Users/darisadam/Documents/Projects/iOS\ Apps/madabank-ios/Madabank/Modules/Shared/Networking -experimental-emit-module-separately -disable-cmo

SwiftCompile normal arm64 Compiling\ MockResponseProvider.swift /Users/darisadam/Documents/Projects/iOS\ Apps/madabank-ios/Madabank/Modules/Shared/Networking/Sources/Service/MockResponseProvider.swift (in target 'Networking' from project 'Networking')
SwiftCompile normal arm64 /Users/darisadam/Documents/Projects/iOS\ Apps/madabank-ios/Madabank/Modules/Shared/Networking/Sources/Service/MockResponseProvider.swift (in target 'Networking' from project 'Networking')
    cd /Users/darisadam/Documents/Projects/iOS\ Apps/madabank-ios/Madabank/Modules/Shared/Networking
    

SwiftEmitModule normal arm64 Emitting\ module\ for\ Networking (in target 'Networking' from project 'Networking')
EmitSwiftModule normal arm64 (in target 'Networking' from project 'Networking')
    cd /Users/darisadam/Documents/Projects/iOS\ Apps/madabank-ios/Madabank/Modules/Shared/Networking
    
/Users/darisadam/Documents/Projects/iOS Apps/madabank-ios/Madabank/Modules/Shared/Networking/Sources/Endpoints/APIEndpoint.swift:8:10: warning: associated value 'login' of 'Sendable'-conforming enum 'APIEndpoint' has non-Sendable type 'LoginRequest'; this is an error in the Swift 6 language mode
    case login(LoginRequest)
         ^
/Users/darisadam/Documents/Projects/iOS Apps/madabank-ios/Madabank/Modules/Shared/Networking/Sources/Models/AuthModels.swift:5:15: note: consider making struct 'LoginRequest' conform to the 'Sendable' protocol
public struct LoginRequest: Encodable {
              ^
                                     , Sendable
/Users/darisadam/Documents/Projects/iOS Apps/madabank-ios/Madabank/Modules/Shared/Networking/Sources/Endpoints/APIEndpoint.swift:9:10: warning: associated value 'register' of 'Sendable'-conforming enum 'APIEndpoint' has non-Sendable type 'RegisterRequest'; this is an error in the Swift 6 language mode
    case register(RegisterRequest)
         ^
/Users/darisadam/Documents/Projects/iOS Apps/madabank-ios/Madabank/Modules/Shared/Networking/Sources/Models/AuthModels.swift:15:15: note: consider making struct 'RegisterRequest' conform to the 'Sendable' protocol
public struct RegisterRequest: Encodable {
              ^
                                        , Sendable
/Users/darisadam/Documents/Projects/iOS Apps/madabank-ios/Madabank/Modules/Shared/Networking/Sources/Endpoints/APIEndpoint.swift:10:10: warning: associated value 'refreshToken' of 'Sendable'-conforming enum 'APIEndpoint' has non-Sendable type 'RefreshTokenRequest'; this is an error in the Swift 6 language mode
    case refreshToken(RefreshTokenRequest)
         ^
/Users/darisadam/Documents/Projects/iOS Apps/madabank-ios/Madabank/Modules/Shared/Networking/Sources/Models/AuthModels.swift:73:15: note: consider making struct 'RefreshTokenRequest' conform to the 'Sendable' protocol
public struct RefreshTokenRequest: Encodable {
              ^
                                            , Sendable
/Users/darisadam/Documents/Projects/iOS Apps/madabank-ios/Madabank/Modules/Shared/Networking/Sources/Endpoints/APIEndpoint.swift:11:10: warning: associated value 'forgotPassword' of 'Sendable'-conforming enum 'APIEndpoint' has non-Sendable type 'ForgotPasswordRequest'; this is an error in the Swift 6 language mode
    case forgotPassword(ForgotPasswordRequest)
         ^
/Users/darisadam/Documents/Projects/iOS Apps/madabank-ios/Madabank/Modules/Shared/Networking/Sources/Models/AuthModels.swift:85:15: note: consider making struct 'ForgotPasswordRequest' conform to the 'Sendable' protocol
public struct ForgotPasswordRequest: Encodable {
              ^
                                              , Sendable
/Users/darisadam/Documents/Projects/iOS Apps/madabank-ios/Madabank/Modules/Shared/Networking/Sources/Endpoints/APIEndpoint.swift:12:10: warning: associated value 'resetPassword' of 'Sendable'-conforming enum 'APIEndpoint' has non-Sendable type 'ResetPasswordRequest'; this is an error in the Swift 6 language mode
    case resetPassword(ResetPasswordRequest)
         ^
/Users/darisadam/Documents/Projects/iOS Apps/madabank-ios/Madabank/Modules/Shared/Networking/Sources/Models/AuthModels.swift:94:15: note: consider making struct 'ResetPasswordRequest' conform to the 'Sendable' protocol
public struct ResetPasswordRequest: Encodable {
              ^
                                             , Sendable
/Users/darisadam/Documents/Projects/iOS Apps/madabank-ios/Madabank/Modules/Shared/Networking/Sources/Endpoints/APIEndpoint.swift:13:10: warning: associated value 'changePassword' of 'Sendable'-conforming enum 'APIEndpoint' has non-Sendable type 'ChangePasswordRequest'; this is an error in the Swift 6 language mode
    case changePassword(ChangePasswordRequest)
         ^
/Users/darisadam/Documents/Projects/iOS Apps/madabank-ios/Madabank/Modules/Shared/Networking/Sources/Models/AuthModels.swift:115:15: note: consider making struct 'ChangePasswordRequest' conform to the 'Sendable' protocol
public struct ChangePasswordRequest: Encodable {
              ^
                                              , Sendable
/Users/darisadam/Documents/Projects/iOS Apps/madabank-ios/Madabank/Modules/Shared/Networking/Sources/Endpoints/APIEndpoint.swift:17:10: warning: associated value 'updateProfile' of 'Sendable'-conforming enum 'APIEndpoint' has non-Sendable type 'UpdateProfileRequest'; this is an error in the Swift 6 language mode
    case updateProfile(UpdateProfileRequest)
         ^
/Users/darisadam/Documents/Projects/iOS Apps/madabank-ios/Madabank/Modules/Shared/Networking/Sources/Models/UserModels.swift:38:15: note: consider making struct 'UpdateProfileRequest' conform to the 'Sendable' protocol
public struct UpdateProfileRequest: Encodable {
              ^
                                             , Sendable
/Users/darisadam/Documents/Projects/iOS Apps/madabank-ios/Madabank/Modules/Shared/Networking/Sources/Endpoints/APIEndpoint.swift:22:10: warning: associated value 'createAccount' of 'Sendable'-conforming enum 'APIEndpoint' has non-Sendable type 'CreateAccountRequest'; this is an error in the Swift 6 language mode
    case createAccount(CreateAccountRequest)
         ^
/Users/darisadam/Documents/Projects/iOS Apps/madabank-ios/Madabank/Modules/Shared/Networking/Sources/Models/AccountModels.swift:49:15: note: consider making struct 'CreateAccountRequest' conform to the 'Sendable' protocol
public struct CreateAccountRequest: Encodable {
              ^
                                             , Sendable
/Users/darisadam/Documents/Projects/iOS Apps/madabank-ios/Madabank/Modules/Shared/Networking/Sources/Endpoints/APIEndpoint.swift:29:10: warning: associated value 'getTransactions' of 'Sendable'-conforming enum 'APIEndpoint' has non-Sendable type 'GetTransactionsRequest'; this is an error in the Swift 6 language mode
    case getTransactions(GetTransactionsRequest)
         ^
/Users/darisadam/Documents/Projects/iOS Apps/madabank-ios/Madabank/Modules/Shared/Networking/Sources/Models/TransactionModels.swift:61:15: note: consider making struct 'GetTransactionsRequest' conform to the 'Sendable' protocol
public struct GetTransactionsRequest: Encodable {
              ^
                                               , Sendable
/Users/darisadam/Documents/Projects/iOS Apps/madabank-ios/Madabank/Modules/Shared/Networking/Sources/Endpoints/APIEndpoint.swift:31:10: warning: associated value 'transfer' of 'Sendable'-conforming enum 'APIEndpoint' has non-Sendable type 'TransferRequest'; this is an error in the Swift 6 language mode
    case transfer(TransferRequest)
         ^
/Users/darisadam/Documents/Projects/iOS Apps/madabank-ios/Madabank/Modules/Shared/Networking/Sources/Models/TransactionModels.swift:86:15: note: consider making struct 'TransferRequest' conform to the 'Sendable' protocol
public struct TransferRequest: Encodable {
              ^
                                        , Sendable
/Users/darisadam/Documents/Projects/iOS Apps/madabank-ios/Madabank/Modules/Shared/Networking/Sources/Endpoints/APIEndpoint.swift:89:10: warning: associated value 'deposit' of 'Sendable'-conforming enum 'APIEndpoint' has non-Sendable type 'DepositRequest'; this is an error in the Swift 6 language mode
    case deposit(DepositRequest)
         ^
/Users/darisadam/Documents/Projects/iOS Apps/madabank-ios/Madabank/Modules/Shared/Networking/Sources/Models/TransactionModels.swift:109:15: note: consider making struct 'DepositRequest' conform to the 'Sendable' protocol
public struct DepositRequest: Encodable {
              ^
                                       , Sendable
/Users/darisadam/Documents/Projects/iOS Apps/madabank-ios/Madabank/Modules/Shared/Networking/Sources/Endpoints/APIEndpoint.swift:90:10: warning: associated value 'withdraw' of 'Sendable'-conforming enum 'APIEndpoint' has non-Sendable type 'WithdrawRequest'; this is an error in the Swift 6 language mode
    case withdraw(WithdrawRequest)
         ^
/Users/darisadam/Documents/Projects/iOS Apps/madabank-ios/Madabank/Modules/Shared/Networking/Sources/Models/TransactionModels.swift:127:15: note: consider making struct 'WithdrawRequest' conform to the 'Sendable' protocol
public struct WithdrawRequest: Encodable {
              ^
                                        , Sendable
/Users/darisadam/Documents/Projects/iOS Apps/madabank-ios/Madabank/Modules/Shared/Networking/Sources/Endpoints/APIEndpoint.swift:91:10: warning: associated value 'resolveQR' of 'Sendable'-conforming enum 'APIEndpoint' has non-Sendable type 'ResolveQRRequest'; this is an error in the Swift 6 language mode
    case resolveQR(ResolveQRRequest)
         ^
/Users/darisadam/Documents/Projects/iOS Apps/madabank-ios/Madabank/Modules/Shared/Networking/Sources/Models/TransactionModels.swift:145:15: note: consider making struct 'ResolveQRRequest' conform to the 'Sendable' protocol
public struct ResolveQRRequest: Encodable {
              ^
                                         , Sendable
/Users/darisadam/Documents/Projects/iOS Apps/madabank-ios/Madabank/Modules/Shared/Networking/Sources/Endpoints/APIEndpoint.swift:95:10: warning: associated value 'issueCard' of 'Sendable'-conforming enum 'APIEndpoint' has non-Sendable type 'IssueCardRequest'; this is an error in the Swift 6 language mode
    case issueCard(IssueCardRequest)
         ^
/Users/darisadam/Documents/Projects/iOS Apps/madabank-ios/Madabank/Modules/Shared/Networking/Sources/Models/CardModels.swift:54:15: note: consider making struct 'IssueCardRequest' conform to the 'Sendable' protocol
public struct IssueCardRequest: Encodable {
              ^
                                         , Sendable
/Users/darisadam/Documents/Projects/iOS Apps/madabank-ios/Madabank/Modules/Shared/Networking/Sources/Endpoints/APIEndpoint.swift:96:10: warning: associated value 'getCardDetails' of 'Sendable'-conforming enum 'APIEndpoint' has non-Sendable type 'CardDetailsRequest'; this is an error in the Swift 6 language mode
    case getCardDetails(CardDetailsRequest)
         ^
/Users/darisadam/Documents/Projects/iOS Apps/madabank-ios/Madabank/Modules/Shared/Networking/Sources/Models/CardModels.swift:90:15: note: consider making struct 'CardDetailsRequest' conform to the 'Sendable' protocol
public struct CardDetailsRequest: Encodable {
              ^
                                           , Sendable
/Users/darisadam/Documents/Projects/iOS Apps/madabank-ios/Madabank/Modules/Shared/Networking/Sources/Endpoints/APIEndpoint.swift:97:10: warning: associated value 'updateCard(id:request:)' of 'Sendable'-conforming enum 'APIEndpoint' contains non-Sendable type 'UpdateCardRequest'; this is an error in the Swift 6 language mode
    case updateCard(id: String, request: UpdateCardRequest)
         ^
/Users/darisadam/Documents/Projects/iOS Apps/madabank-ios/Madabank/Modules/Shared/Networking/Sources/Models/CardModels.swift:75:15: note: consider making struct 'UpdateCardRequest' conform to the 'Sendable' protocol
public struct UpdateCardRequest: Encodable {
              ^
                                          , Sendable
/Users/darisadam/Documents/Projects/iOS Apps/madabank-ios/Madabank/Modules/Shared/Networking/Sources/Service/AuthInterceptor.swift:6:17: warning: stored property 'tokenProvider' of 'Sendable'-conforming class 'AuthInterceptor' has non-Sendable type '() -> String?'; this is an error in the Swift 6 language mode
    private let tokenProvider: () -> String?
                ^
/Users/darisadam/Documents/Projects/iOS Apps/madabank-ios/Madabank/Modules/Shared/Networking/Sources/Service/AuthInterceptor.swift:6:17: note: a function type must be marked '@Sendable' to conform to 'Sendable'
    private let tokenProvider: () -> String?
                ^
/Users/darisadam/Documents/Projects/iOS Apps/madabank-ios/Madabank/Modules/Shared/Networking/Sources/TokenRefreshInterceptor.swift:6:14: warning: non-final class 'TokenRefreshInterceptor' cannot conform to 'Sendable'; use '@unchecked Sendable'; this is an error in the Swift 6 language mode
public class TokenRefreshInterceptor: RequestInterceptor {
             ^
/Users/darisadam/Documents/Projects/iOS Apps/madabank-ios/Madabank/Modules/Shared/Networking/Sources/TokenRefreshInterceptor.swift:8:17: warning: stored property 'tokenManager' of 'Sendable'-conforming class 'TokenRefreshInterceptor' has non-Sendable type 'TokenManager'; this is an error in the Swift 6 language mode
    private let tokenManager: TokenManager
                ^
Core.TokenManager:1:20: note: class 'TokenManager' does not conform to the 'Sendable' protocol
final public class TokenManager {
                   ^
/Users/darisadam/Documents/Projects/iOS Apps/madabank-ios/Madabank/Modules/Shared/Networking/Sources/TokenRefreshInterceptor.swift:3:1: warning: add '@preconcurrency' to suppress 'Sendable'-related warnings from module 'Core'
import Core
^
@preconcurrency 
/Users/darisadam/Documents/Projects/iOS Apps/madabank-ios/Madabank/Modules/Shared/Networking/Sources/TokenRefreshInterceptor.swift:11:17: warning: stored property 'isRefreshing' of 'Sendable'-conforming class 'TokenRefreshInterceptor' is mutable; this is an error in the Swift 6 language mode
    private var isRefreshing = false
                ^

SwiftEmitModule normal arm64 Emitting\ module\ for\ RxCocoa (in target 'RxCocoa' from project 'RxSwift')
EmitSwiftModule normal arm64 (in target 'RxCocoa' from project 'RxSwift')
    cd /Users/darisadam/Documents/Projects/iOS\ Apps/madabank-ios/Madabank/Tuist/.build/tuist-derived/RxSwift
    

SwiftCompile normal arm64 Compiling\ TuistBundle+RxCocoa.swift /Users/darisadam/Documents/Projects/iOS\ Apps/madabank-ios/Madabank/Tuist/.build/tuist-derived/RxCocoa/Sources/TuistBundle+RxCocoa.swift (in target 'RxCocoa' from project 'RxSwift')

SwiftCompile normal arm64 /Users/darisadam/Documents/Projects/iOS\ Apps/madabank-ios/Madabank/Tuist/.build/tuist-derived/RxCocoa/Sources/TuistBundle+RxCocoa.swift (in target 'RxCocoa' from project 'RxSwift')
    cd /Users/darisadam/Documents/Projects/iOS\ Apps/madabank-ios/Madabank/Tuist/.build/tuist-derived/RxSwift
    

SwiftDriverJobDiscovery normal arm64 Compiling MockResponseProvider.swift (in target 'Networking' from project 'Networking')

SwiftDriverJobDiscovery normal arm64 Compiling TuistBundle+RxCocoa.swift (in target 'RxCocoa' from project 'RxSwift')

SwiftDriverJobDiscovery normal arm64 Emitting module for Networking (in target 'Networking' from project 'Networking')

SwiftDriver\ Compilation\ Requirements Networking normal arm64 com.apple.xcode.tools.swift.compiler (in target 'Networking' from project 'Networking')
    cd /Users/darisadam/Documents/Projects/iOS\ Apps/madabank-ios/Madabank/Modules/Shared/Networking
    builtin-Swift-Compilation-Requirements -- /Applications/Xcode.app/Contents/Developer/Toolchains/XcodeDefault.xctoolchain/usr/bin/swiftc -module-name Networking -Onone -enforce-exclusivity\=checked @/Users/darisadam/Library/Developer/Xcode/DerivedData/Madabank-hkohthnbjtgnoechirsoymtykttx/Build/Intermediates.noindex/Networking.build/Debug-iphonesimulator/Networking.build/Objects-normal/arm64/Networking.SwiftFileList -DDEBUG -enable-bare-slash-regex -enable-experimental-feature DebugDescriptionMacro -sdk /Applications/Xcode.app/Contents/Developer/Platforms/iPhoneSimulator.platform/Developer/SDKs/iPhoneSimulator26.1.sdk -target arm64-apple-ios15.0-simulator -g -module-cache-path /Users/darisadam/Library/Developer/Xcode/DerivedData/ModuleCache.noindex -Xfrontend -serialize-debugging-options -enable-testing -index-store-path /Users/darisadam/Library/Developer/Xcode/DerivedData/Madabank-hkohthnbjtgnoechirsoymtykttx/Index.noindex/DataStore -Xcc -D_LIBCPP_HARDENING_MODE\=_LIBCPP_HARDENING_MODE_DEBUG -swift-version 5 -I /Users/darisadam/Library/Developer/Xcode/DerivedData/Madabank-hkohthnbjtgnoechirsoymtykttx/Build/Products/Debug-iphonesimulator -F /Users/darisadam/Library/Developer/Xcode/DerivedData/Madabank-hkohthnbjtgnoechirsoymtykttx/Build/Products/Debug-iphonesimulator -c -j8 -enable-batch-mode -incremental -Xcc -ivfsstatcache -Xcc /Users/darisadam/Library/Developer/Xcode/DerivedData/SDKStatCaches.noindex/iphonesimulator26.1-23B77-3885c01c3e6b6a337905948deab2002e90cf18a4295e390e64c810bc6bd7acbc.sdkstatcache -output-file-map /Users/darisadam/Library/Developer/Xcode/DerivedData/Madabank-hkohthnbjtgnoechirsoymtykttx/Build/Intermediates.noindex/Networking.build/Debug-iphonesimulator/Networking.build/Objects-normal/arm64/Networking-OutputFileMap.json -use-frontend-parseable-output -save-temps -no-color-diagnostics -explicit-module-build -module-cache-path /Users/darisadam/Library/Developer/Xcode/DerivedData/Madabank-hkohthnbjtgnoechirsoymtykttx/Build/Intermediates.noindex/SwiftExplicitPrecompiledModules -clang-scanner-module-cache-path /Users/darisadam/Library/Developer/Xcode/DerivedData/ModuleCache.noindex -sdk-module-cache-path /Users/darisadam/Library/Developer/Xcode/DerivedData/ModuleCache.noindex -serialize-diagnostics -emit-dependencies -emit-module -emit-module-path /Users/darisadam/Library/Developer/Xcode/DerivedData/Madabank-hkohthnbjtgnoechirsoymtykttx/Build/Intermediates.noindex/Networking.build/Debug-iphonesimulator/Networking.build/Objects-normal/arm64/Networking.swiftmodule -validate-clang-modules-once -clang-build-session-file /Users/darisadam/Library/Developer/Xcode/DerivedData/ModuleCache.noindex/Session.modulevalidation -Xcc -I/Users/darisadam/Library/Developer/Xcode/DerivedData/Madabank-hkohthnbjtgnoechirsoymtykttx/Build/Intermediates.noindex/Networking.build/Debug-iphonesimulator/Networking.build/swift-overrides.hmap -emit-const-values -Xfrontend -const-gather-protocols-file -Xfrontend /Users/darisadam/Library/Developer/Xcode/DerivedData/Madabank-hkohthnbjtgnoechirsoymtykttx/Build/Intermediates.noindex/Networking.build/Debug-iphonesimulator/Networking.build/Objects-normal/arm64/Networking_const_extract_protocols.json -Xcc -iquote -Xcc /Users/darisadam/Library/Developer/Xcode/DerivedData/Madabank-hkohthnbjtgnoechirsoymtykttx/Build/Intermediates.noindex/Networking.build/Debug-iphonesimulator/Networking.build/Networking-generated-files.hmap -Xcc -I/Users/darisadam/Library/Developer/Xcode/DerivedData/Madabank-hkohthnbjtgnoechirsoymtykttx/Build/Intermediates.noindex/Networking.build/Debug-iphonesimulator/Networking.build/Networking-own-target-headers.hmap -Xcc -I/Users/darisadam/Library/Developer/Xcode/DerivedData/Madabank-hkohthnbjtgnoechirsoymtykttx/Build/Intermediates.noindex/Networking.build/Debug-iphonesimulator/Networking.build/Networking-all-non-framework-target-headers.hmap -Xcc -ivfsoverlay -Xcc /Users/darisadam/Library/Developer/Xcode/DerivedData/Madabank-hkohthnbjtgnoechirsoymtykttx/Build/Intermediates.noindex/Networking.build/Debug-iphonesimulator/Networking-a24779b3f5236e694180f2099028ea2b-VFS-iphonesimulator/all-product-headers.yaml -Xcc -iquote -Xcc /Users/darisadam/Library/Developer/Xcode/DerivedData/Madabank-hkohthnbjtgnoechirsoymtykttx/Build/Intermediates.noindex/Networking.build/Debug-iphonesimulator/Networking.build/Networking-project-headers.hmap -Xcc -I/Users/darisadam/Library/Developer/Xcode/DerivedData/Madabank-hkohthnbjtgnoechirsoymtykttx/Build/Products/Debug-iphonesimulator/include -Xcc -I/Users/darisadam/Library/Developer/Xcode/DerivedData/Madabank-hkohthnbjtgnoechirsoymtykttx/Build/Intermediates.noindex/Networking.build/Debug-iphonesimulator/Networking.build/DerivedSources-normal/arm64 -Xcc -I/Users/darisadam/Library/Developer/Xcode/DerivedData/Madabank-hkohthnbjtgnoechirsoymtykttx/Build/Intermediates.noindex/Networking.build/Debug-iphonesimulator/Networking.build/DerivedSources/arm64 -Xcc -I/Users/darisadam/Library/Developer/Xcode/DerivedData/Madabank-hkohthnbjtgnoechirsoymtykttx/Build/Intermediates.noindex/Networking.build/Debug-iphonesimulator/Networking.build/DerivedSources -Xcc -DDEBUG\=1 -emit-objc-header -emit-objc-header-path /Users/darisadam/Library/Developer/Xcode/DerivedData/Madabank-hkohthnbjtgnoechirsoymtykttx/Build/Intermediates.noindex/Networking.build/Debug-iphonesimulator/Networking.build/Objects-normal/arm64/Networking-Swift.h -working-directory /Users/darisadam/Documents/Projects/iOS\ Apps/madabank-ios/Madabank/Modules/Shared/Networking -experimental-emit-module-separately -disable-cmo

SwiftDriver\ Compilation Networking normal arm64 com.apple.xcode.tools.swift.compiler (in target 'Networking' from project 'Networking')
    cd /Users/darisadam/Documents/Projects/iOS\ Apps/madabank-ios/Madabank/Modules/Shared/Networking
    builtin-Swift-Compilation -- /Applications/Xcode.app/Contents/Developer/Toolchains/XcodeDefault.xctoolchain/usr/bin/swiftc -module-name Networking -Onone -enforce-exclusivity\=checked @/Users/darisadam/Library/Developer/Xcode/DerivedData/Madabank-hkohthnbjtgnoechirsoymtykttx/Build/Intermediates.noindex/Networking.build/Debug-iphonesimulator/Networking.build/Objects-normal/arm64/Networking.SwiftFileList -DDEBUG -enable-bare-slash-regex -enable-experimental-feature DebugDescriptionMacro -sdk /Applications/Xcode.app/Contents/Developer/Platforms/iPhoneSimulator.platform/Developer/SDKs/iPhoneSimulator26.1.sdk -target arm64-apple-ios15.0-simulator -g -module-cache-path /Users/darisadam/Library/Developer/Xcode/DerivedData/ModuleCache.noindex -Xfrontend -serialize-debugging-options -enable-testing -index-store-path /Users/darisadam/Library/Developer/Xcode/DerivedData/Madabank-hkohthnbjtgnoechirsoymtykttx/Index.noindex/DataStore -Xcc -D_LIBCPP_HARDENING_MODE\=_LIBCPP_HARDENING_MODE_DEBUG -swift-version 5 -I /Users/darisadam/Library/Developer/Xcode/DerivedData/Madabank-hkohthnbjtgnoechirsoymtykttx/Build/Products/Debug-iphonesimulator -F /Users/darisadam/Library/Developer/Xcode/DerivedData/Madabank-hkohthnbjtgnoechirsoymtykttx/Build/Products/Debug-iphonesimulator -c -j8 -enable-batch-mode -incremental -Xcc -ivfsstatcache -Xcc /Users/darisadam/Library/Developer/Xcode/DerivedData/SDKStatCaches.noindex/iphonesimulator26.1-23B77-3885c01c3e6b6a337905948deab2002e90cf18a4295e390e64c810bc6bd7acbc.sdkstatcache -output-file-map /Users/darisadam/Library/Developer/Xcode/DerivedData/Madabank-hkohthnbjtgnoechirsoymtykttx/Build/Intermediates.noindex/Networking.build/Debug-iphonesimulator/Networking.build/Objects-normal/arm64/Networking-OutputFileMap.json -use-frontend-parseable-output -save-temps -no-color-diagnostics -explicit-module-build -module-cache-path /Users/darisadam/Library/Developer/Xcode/DerivedData/Madabank-hkohthnbjtgnoechirsoymtykttx/Build/Intermediates.noindex/SwiftExplicitPrecompiledModules -clang-scanner-module-cache-path /Users/darisadam/Library/Developer/Xcode/DerivedData/ModuleCache.noindex -sdk-module-cache-path /Users/darisadam/Library/Developer/Xcode/DerivedData/ModuleCache.noindex -serialize-diagnostics -emit-dependencies -emit-module -emit-module-path /Users/darisadam/Library/Developer/Xcode/DerivedData/Madabank-hkohthnbjtgnoechirsoymtykttx/Build/Intermediates.noindex/Networking.build/Debug-iphonesimulator/Networking.build/Objects-normal/arm64/Networking.swiftmodule -validate-clang-modules-once -clang-build-session-file /Users/darisadam/Library/Developer/Xcode/DerivedData/ModuleCache.noindex/Session.modulevalidation -Xcc -I/Users/darisadam/Library/Developer/Xcode/DerivedData/Madabank-hkohthnbjtgnoechirsoymtykttx/Build/Intermediates.noindex/Networking.build/Debug-iphonesimulator/Networking.build/swift-overrides.hmap -emit-const-values -Xfrontend -const-gather-protocols-file -Xfrontend /Users/darisadam/Library/Developer/Xcode/DerivedData/Madabank-hkohthnbjtgnoechirsoymtykttx/Build/Intermediates.noindex/Networking.build/Debug-iphonesimulator/Networking.build/Objects-normal/arm64/Networking_const_extract_protocols.json -Xcc -iquote -Xcc /Users/darisadam/Library/Developer/Xcode/DerivedData/Madabank-hkohthnbjtgnoechirsoymtykttx/Build/Intermediates.noindex/Networking.build/Debug-iphonesimulator/Networking.build/Networking-generated-files.hmap -Xcc -I/Users/darisadam/Library/Developer/Xcode/DerivedData/Madabank-hkohthnbjtgnoechirsoymtykttx/Build/Intermediates.noindex/Networking.build/Debug-iphonesimulator/Networking.build/Networking-own-target-headers.hmap -Xcc -I/Users/darisadam/Library/Developer/Xcode/DerivedData/Madabank-hkohthnbjtgnoechirsoymtykttx/Build/Intermediates.noindex/Networking.build/Debug-iphonesimulator/Networking.build/Networking-all-non-framework-target-headers.hmap -Xcc -ivfsoverlay -Xcc /Users/darisadam/Library/Developer/Xcode/DerivedData/Madabank-hkohthnbjtgnoechirsoymtykttx/Build/Intermediates.noindex/Networking.build/Debug-iphonesimulator/Networking-a24779b3f5236e694180f2099028ea2b-VFS-iphonesimulator/all-product-headers.yaml -Xcc -iquote -Xcc /Users/darisadam/Library/Developer/Xcode/DerivedData/Madabank-hkohthnbjtgnoechirsoymtykttx/Build/Intermediates.noindex/Networking.build/Debug-iphonesimulator/Networking.build/Networking-project-headers.hmap -Xcc -I/Users/darisadam/Library/Developer/Xcode/DerivedData/Madabank-hkohthnbjtgnoechirsoymtykttx/Build/Products/Debug-iphonesimulator/include -Xcc -I/Users/darisadam/Library/Developer/Xcode/DerivedData/Madabank-hkohthnbjtgnoechirsoymtykttx/Build/Intermediates.noindex/Networking.build/Debug-iphonesimulator/Networking.build/DerivedSources-normal/arm64 -Xcc -I/Users/darisadam/Library/Developer/Xcode/DerivedData/Madabank-hkohthnbjtgnoechirsoymtykttx/Build/Intermediates.noindex/Networking.build/Debug-iphonesimulator/Networking.build/DerivedSources/arm64 -Xcc -I/Users/darisadam/Library/Developer/Xcode/DerivedData/Madabank-hkohthnbjtgnoechirsoymtykttx/Build/Intermediates.noindex/Networking.build/Debug-iphonesimulator/Networking.build/DerivedSources -Xcc -DDEBUG\=1 -emit-objc-header -emit-objc-header-path /Users/darisadam/Library/Developer/Xcode/DerivedData/Madabank-hkohthnbjtgnoechirsoymtykttx/Build/Intermediates.noindex/Networking.build/Debug-iphonesimulator/Networking.build/Objects-normal/arm64/Networking-Swift.h -working-directory /Users/darisadam/Documents/Projects/iOS\ Apps/madabank-ios/Madabank/Modules/Shared/Networking -experimental-emit-module-separately -disable-cmo

Copy /Users/darisadam/Library/Developer/Xcode/DerivedData/Madabank-hkohthnbjtgnoechirsoymtykttx/Build/Products/Debug-iphonesimulator/Networking.framework/Modules/Networking.swiftmodule/Project/arm64-apple-ios-simulator.swiftsourceinfo /Users/darisadam/Library/Developer/Xcode/DerivedData/Madabank-hkohthnbjtgnoechirsoymtykttx/Build/Intermediates.noindex/Networking.build/Debug-iphonesimulator/Networking.build/Objects-normal/arm64/Networking.swiftsourceinfo (in target 'Networking' from project 'Networking')
    cd /Users/darisadam/Documents/Projects/iOS\ Apps/madabank-ios/Madabank/Modules/Shared/Networking
    builtin-copy -exclude .DS_Store -exclude CVS -exclude .svn -exclude .git -exclude .hg -resolve-src-symlinks -rename /Users/darisadam/Library/Developer/Xcode/DerivedData/Madabank-hkohthnbjtgnoechirsoymtykttx/Build/Intermediates.noindex/Networking.build/Debug-iphonesimulator/Networking.build/Objects-normal/arm64/Networking.swiftsourceinfo /Users/darisadam/Library/Developer/Xcode/DerivedData/Madabank-hkohthnbjtgnoechirsoymtykttx/Build/Products/Debug-iphonesimulator/Networking.framework/Modules/Networking.swiftmodule/Project/arm64-apple-ios-simulator.swiftsourceinfo

Copy /Users/darisadam/Library/Developer/Xcode/DerivedData/Madabank-hkohthnbjtgnoechirsoymtykttx/Build/Products/Debug-iphonesimulator/Networking.framework/Modules/Networking.swiftmodule/arm64-apple-ios-simulator.abi.json /Users/darisadam/Library/Developer/Xcode/DerivedData/Madabank-hkohthnbjtgnoechirsoymtykttx/Build/Intermediates.noindex/Networking.build/Debug-iphonesimulator/Networking.build/Objects-normal/arm64/Networking.abi.json (in target 'Networking' from project 'Networking')
    cd /Users/darisadam/Documents/Projects/iOS\ Apps/madabank-ios/Madabank/Modules/Shared/Networking
    builtin-copy -exclude .DS_Store -exclude CVS -exclude .svn -exclude .git -exclude .hg -resolve-src-symlinks -rename /Users/darisadam/Library/Developer/Xcode/DerivedData/Madabank-hkohthnbjtgnoechirsoymtykttx/Build/Intermediates.noindex/Networking.build/Debug-iphonesimulator/Networking.build/Objects-normal/arm64/Networking.abi.json /Users/darisadam/Library/Developer/Xcode/DerivedData/Madabank-hkohthnbjtgnoechirsoymtykttx/Build/Products/Debug-iphonesimulator/Networking.framework/Modules/Networking.swiftmodule/arm64-apple-ios-simulator.abi.json

ExtractAppIntentsMetadata (in target 'Networking' from project 'Networking')
    cd /Users/darisadam/Documents/Projects/iOS\ Apps/madabank-ios/Madabank/Modules/Shared/Networking
    /Applications/Xcode.app/Contents/Developer/Toolchains/XcodeDefault.xctoolchain/usr/bin/appintentsmetadataprocessor --toolchain-dir /var/run/com.apple.security.cryptexd/mnt/com.apple.MobileAsset.MetalToolchain-v17.2.54.0.wH8bUi/Metal.xctoolchain --module-name Networking --sdk-root /Applications/Xcode.app/Contents/Developer/Platforms/iPhoneSimulator.platform/Developer/SDKs/iPhoneSimulator26.1.sdk --xcode-version 17B100 --platform-family iOS --deployment-target 15.0 --bundle-identifier online.darisadam.networking --output /Users/darisadam/Library/Developer/Xcode/DerivedData/Madabank-hkohthnbjtgnoechirsoymtykttx/Build/Products/Debug-iphonesimulator/Networking.framework --target-triple arm64-apple-ios15.0-simulator --binary-file /Users/darisadam/Library/Developer/Xcode/DerivedData/Madabank-hkohthnbjtgnoechirsoymtykttx/Build/Products/Debug-iphonesimulator/Networking.framework/Networking --dependency-file /Users/darisadam/Library/Developer/Xcode/DerivedData/Madabank-hkohthnbjtgnoechirsoymtykttx/Build/Intermediates.noindex/Networking.build/Debug-iphonesimulator/Networking.build/Objects-normal/arm64/Networking_dependency_info.dat --stringsdata-file /Users/darisadam/Library/Developer/Xcode/DerivedData/Madabank-hkohthnbjtgnoechirsoymtykttx/Build/Intermediates.noindex/Networking.build/Debug-iphonesimulator/Networking.build/Objects-normal/arm64/ExtractedAppShortcutsMetadata.stringsdata --source-file-list /Users/darisadam/Library/Developer/Xcode/DerivedData/Madabank-hkohthnbjtgnoechirsoymtykttx/Build/Intermediates.noindex/Networking.build/Debug-iphonesimulator/Networking.build/Objects-normal/arm64/Networking.SwiftFileList --metadata-file-list /Users/darisadam/Library/Developer/Xcode/DerivedData/Madabank-hkohthnbjtgnoechirsoymtykttx/Build/Intermediates.noindex/Networking.build/Debug-iphonesimulator/Networking.build/Networking.DependencyMetadataFileList --static-metadata-file-list /Users/darisadam/Library/Developer/Xcode/DerivedData/Madabank-hkohthnbjtgnoechirsoymtykttx/Build/Intermediates.noindex/Networking.build/Debug-iphonesimulator/Networking.build/Networking.DependencyStaticMetadataFileList --swift-const-vals-list /Users/darisadam/Library/Developer/Xcode/DerivedData/Madabank-hkohthnbjtgnoechirsoymtykttx/Build/Intermediates.noindex/Networking.build/Debug-iphonesimulator/Networking.build/Objects-normal/arm64/Networking.SwiftConstValuesFileList --compile-time-extraction --deployment-aware-processing --validate-assistant-intents --no-app-shortcuts-localization
2026-02-04 19:55:39.499 appintentsmetadataprocessor[8019:2525349] Starting appintentsmetadataprocessor export
2026-02-04 19:55:39.501 appintentsmetadataprocessor[8019:2525349] warning: Metadata extraction skipped. No AppIntents.framework dependency found.

SwiftDriver Domain normal arm64 com.apple.xcode.tools.swift.compiler (in target 'Domain' from project 'Domain')
    cd /Users/darisadam/Documents/Projects/iOS\ Apps/madabank-ios/Madabank/Modules/Shared/Domain
    builtin-SwiftDriver -- /Applications/Xcode.app/Contents/Developer/Toolchains/XcodeDefault.xctoolchain/usr/bin/swiftc -module-name Domain -Onone -enforce-exclusivity\=checked @/Users/darisadam/Library/Developer/Xcode/DerivedData/Madabank-hkohthnbjtgnoechirsoymtykttx/Build/Intermediates.noindex/Domain.build/Debug-iphonesimulator/Domain.build/Objects-normal/arm64/Domain.SwiftFileList -DDEBUG -enable-bare-slash-regex -enable-experimental-feature DebugDescriptionMacro -sdk /Applications/Xcode.app/Contents/Developer/Platforms/iPhoneSimulator.platform/Developer/SDKs/iPhoneSimulator26.1.sdk -target arm64-apple-ios15.0-simulator -g -module-cache-path /Users/darisadam/Library/Developer/Xcode/DerivedData/ModuleCache.noindex -Xfrontend -serialize-debugging-options -enable-testing -index-store-path /Users/darisadam/Library/Developer/Xcode/DerivedData/Madabank-hkohthnbjtgnoechirsoymtykttx/Index.noindex/DataStore -Xcc -D_LIBCPP_HARDENING_MODE\=_LIBCPP_HARDENING_MODE_DEBUG -swift-version 5 -I /Users/darisadam/Library/Developer/Xcode/DerivedData/Madabank-hkohthnbjtgnoechirsoymtykttx/Build/Products/Debug-iphonesimulator -F /Users/darisadam/Library/Developer/Xcode/DerivedData/Madabank-hkohthnbjtgnoechirsoymtykttx/Build/Products/Debug-iphonesimulator -c -j8 -enable-batch-mode -incremental -Xcc -ivfsstatcache -Xcc /Users/darisadam/Library/Developer/Xcode/DerivedData/SDKStatCaches.noindex/iphonesimulator26.1-23B77-3885c01c3e6b6a337905948deab2002e90cf18a4295e390e64c810bc6bd7acbc.sdkstatcache -output-file-map /Users/darisadam/Library/Developer/Xcode/DerivedData/Madabank-hkohthnbjtgnoechirsoymtykttx/Build/Intermediates.noindex/Domain.build/Debug-iphonesimulator/Domain.build/Objects-normal/arm64/Domain-OutputFileMap.json -use-frontend-parseable-output -save-temps -no-color-diagnostics -explicit-module-build -module-cache-path /Users/darisadam/Library/Developer/Xcode/DerivedData/Madabank-hkohthnbjtgnoechirsoymtykttx/Build/Intermediates.noindex/SwiftExplicitPrecompiledModules -clang-scanner-module-cache-path /Users/darisadam/Library/Developer/Xcode/DerivedData/ModuleCache.noindex -sdk-module-cache-path /Users/darisadam/Library/Developer/Xcode/DerivedData/ModuleCache.noindex -serialize-diagnostics -emit-dependencies -emit-module -emit-module-path /Users/darisadam/Library/Developer/Xcode/DerivedData/Madabank-hkohthnbjtgnoechirsoymtykttx/Build/Intermediates.noindex/Domain.build/Debug-iphonesimulator/Domain.build/Objects-normal/arm64/Domain.swiftmodule -validate-clang-modules-once -clang-build-session-file /Users/darisadam/Library/Developer/Xcode/DerivedData/ModuleCache.noindex/Session.modulevalidation -Xcc -I/Users/darisadam/Library/Developer/Xcode/DerivedData/Madabank-hkohthnbjtgnoechirsoymtykttx/Build/Intermediates.noindex/Domain.build/Debug-iphonesimulator/Domain.build/swift-overrides.hmap -emit-const-values -Xfrontend -const-gather-protocols-file -Xfrontend /Users/darisadam/Library/Developer/Xcode/DerivedData/Madabank-hkohthnbjtgnoechirsoymtykttx/Build/Intermediates.noindex/Domain.build/Debug-iphonesimulator/Domain.build/Objects-normal/arm64/Domain_const_extract_protocols.json -Xcc -iquote -Xcc /Users/darisadam/Library/Developer/Xcode/DerivedData/Madabank-hkohthnbjtgnoechirsoymtykttx/Build/Intermediates.noindex/Domain.build/Debug-iphonesimulator/Domain.build/Domain-generated-files.hmap -Xcc -I/Users/darisadam/Library/Developer/Xcode/DerivedData/Madabank-hkohthnbjtgnoechirsoymtykttx/Build/Intermediates.noindex/Domain.build/Debug-iphonesimulator/Domain.build/Domain-own-target-headers.hmap -Xcc -I/Users/darisadam/Library/Developer/Xcode/DerivedData/Madabank-hkohthnbjtgnoechirsoymtykttx/Build/Intermediates.noindex/Domain.build/Debug-iphonesimulator/Domain.build/Domain-all-non-framework-target-headers.hmap -Xcc -ivfsoverlay -Xcc /Users/darisadam/Library/Developer/Xcode/DerivedData/Madabank-hkohthnbjtgnoechirsoymtykttx/Build/Intermediates.noindex/Domain.build/Debug-iphonesimulator/Domain-38b95e0e74f454eb1697545f0c9d82bd-VFS-iphonesimulator/all-product-headers.yaml -Xcc -iquote -Xcc /Users/darisadam/Library/Developer/Xcode/DerivedData/Madabank-hkohthnbjtgnoechirsoymtykttx/Build/Intermediates.noindex/Domain.build/Debug-iphonesimulator/Domain.build/Domain-project-headers.hmap -Xcc -I/Users/darisadam/Library/Developer/Xcode/DerivedData/Madabank-hkohthnbjtgnoechirsoymtykttx/Build/Products/Debug-iphonesimulator/include -Xcc -I/Users/darisadam/Library/Developer/Xcode/DerivedData/Madabank-hkohthnbjtgnoechirsoymtykttx/Build/Intermediates.noindex/Domain.build/Debug-iphonesimulator/Domain.build/DerivedSources-normal/arm64 -Xcc -I/Users/darisadam/Library/Developer/Xcode/DerivedData/Madabank-hkohthnbjtgnoechirsoymtykttx/Build/Intermediates.noindex/Domain.build/Debug-iphonesimulator/Domain.build/DerivedSources/arm64 -Xcc -I/Users/darisadam/Library/Developer/Xcode/DerivedData/Madabank-hkohthnbjtgnoechirsoymtykttx/Build/Intermediates.noindex/Domain.build/Debug-iphonesimulator/Domain.build/DerivedSources -Xcc -DDEBUG\=1 -emit-objc-header -emit-objc-header-path /Users/darisadam/Library/Developer/Xcode/DerivedData/Madabank-hkohthnbjtgnoechirsoymtykttx/Build/Intermediates.noindex/Domain.build/Debug-iphonesimulator/Domain.build/Objects-normal/arm64/Domain-Swift.h -working-directory /Users/darisadam/Documents/Projects/iOS\ Apps/madabank-ios/Madabank/Modules/Shared/Domain -experimental-emit-module-separately -disable-cmo

CodeSign /Users/darisadam/Library/Developer/Xcode/DerivedData/Madabank-hkohthnbjtgnoechirsoymtykttx/Build/Products/Debug-iphonesimulator/Networking.framework (in target 'Networking' from project 'Networking')
    cd /Users/darisadam/Documents/Projects/iOS\ Apps/madabank-ios/Madabank/Modules/Shared/Networking
    
    Signing Identity:     "Sign to Run Locally"
    
    /usr/bin/codesign --force --sign - --timestamp\=none --generate-entitlement-der /Users/darisadam/Library/Developer/Xcode/DerivedData/Madabank-hkohthnbjtgnoechirsoymtykttx/Build/Products/Debug-iphonesimulator/Networking.framework
/Users/darisadam/Library/Developer/Xcode/DerivedData/Madabank-hkohthnbjtgnoechirsoymtykttx/Build/Products/Debug-iphonesimulator/Networking.framework: replacing existing signature

ProcessInfoPlistFile /Users/darisadam/Library/Developer/Xcode/DerivedData/Madabank-hkohthnbjtgnoechirsoymtykttx/Build/Products/Debug-iphonesimulator/Domain.framework/Info.plist /Users/darisadam/Documents/Projects/iOS\ Apps/madabank-ios/Madabank/Modules/Shared/Domain/Derived/InfoPlists/Domain-Info.plist (in target 'Domain' from project 'Domain')
    cd /Users/darisadam/Documents/Projects/iOS\ Apps/madabank-ios/Madabank/Modules/Shared/Domain
    builtin-infoPlistUtility /Users/darisadam/Documents/Projects/iOS\ Apps/madabank-ios/Madabank/Modules/Shared/Domain/Derived/InfoPlists/Domain-Info.plist -producttype com.apple.product-type.framework -expandbuildsettings -format binary -platform iphonesimulator -o /Users/darisadam/Library/Developer/Xcode/DerivedData/Madabank-hkohthnbjtgnoechirsoymtykttx/Build/Products/Debug-iphonesimulator/Domain.framework/Info.plist

SwiftCompile normal arm64 Compiling\ ManageCardUseCase.swift /Users/darisadam/Documents/Projects/iOS\ Apps/madabank-ios/Madabank/Modules/Shared/Domain/Sources/UseCases/ManageCardUseCase.swift (in target 'Domain' from project 'Domain')
SwiftCompile normal arm64 /Users/darisadam/Documents/Projects/iOS\ Apps/madabank-ios/Madabank/Modules/Shared/Domain/Sources/UseCases/ManageCardUseCase.swift (in target 'Domain' from project 'Domain')
    cd /Users/darisadam/Documents/Projects/iOS\ Apps/madabank-ios/Madabank/Modules/Shared/Domain
    

SwiftEmitModule normal arm64 Emitting\ module\ for\ Domain (in target 'Domain' from project 'Domain')
EmitSwiftModule normal arm64 (in target 'Domain' from project 'Domain')
    cd /Users/darisadam/Documents/Projects/iOS\ Apps/madabank-ios/Madabank/Modules/Shared/Domain
    

SwiftDriverJobDiscovery normal arm64 Emitting module for RxCocoa (in target 'RxCocoa' from project 'RxSwift')

SwiftDriver\ Compilation\ Requirements RxCocoa normal arm64 com.apple.xcode.tools.swift.compiler (in target 'RxCocoa' from project 'RxSwift')
    cd /Users/darisadam/Documents/Projects/iOS\ Apps/madabank-ios/Madabank/Tuist/.build/tuist-derived/RxSwift
    builtin-Swift-Compilation-Requirements -- /Applications/Xcode.app/Contents/Developer/Toolchains/XcodeDefault.xctoolchain/usr/bin/swiftc -module-name RxCocoa -Onone -enforce-exclusivity\=checked @/Users/darisadam/Library/Developer/Xcode/DerivedData/Madabank-hkohthnbjtgnoechirsoymtykttx/Build/Intermediates.noindex/RxSwift.build/Debug-iphonesimulator/RxCocoa.build/Objects-normal/arm64/RxCocoa.SwiftFileList -DSWIFT_PACKAGE -DDEBUG -package-name RxSwift -Xcc -fmodule-map-file\=/Users/darisadam/Documents/Projects/iOS\ Apps/madabank-ios/Madabank/Tuist/.build/checkouts/RxSwift/../../tuist-derived/RxCocoaRuntime/RxCocoaRuntime.modulemap -enable-bare-slash-regex -enable-experimental-feature DebugDescriptionMacro -sdk /Applications/Xcode.app/Contents/Developer/Platforms/iPhoneSimulator.platform/Developer/SDKs/iPhoneSimulator26.1.sdk -target arm64-apple-ios12.0-simulator -g -module-cache-path /Users/darisadam/Library/Developer/Xcode/DerivedData/ModuleCache.noindex -Xfrontend -serialize-debugging-options -enable-testing -suppress-warnings -index-store-path /Users/darisadam/Library/Developer/Xcode/DerivedData/Madabank-hkohthnbjtgnoechirsoymtykttx/Index.noindex/DataStore -Xcc -D_LIBCPP_HARDENING_MODE\=_LIBCPP_HARDENING_MODE_DEBUG -swift-version 5 -I /Users/darisadam/Library/Developer/Xcode/DerivedData/Madabank-hkohthnbjtgnoechirsoymtykttx/Build/Products/Debug-iphonesimulator -F /Users/darisadam/Library/Developer/Xcode/DerivedData/Madabank-hkohthnbjtgnoechirsoymtykttx/Build/Products/Debug-iphonesimulator -F /Applications/Xcode.app/Contents/Developer/Platforms/iPhoneSimulator.platform/Developer/Library/Frameworks -c -j8 -enable-batch-mode -incremental -Xcc -ivfsstatcache -Xcc /Users/darisadam/Library/Developer/Xcode/DerivedData/SDKStatCaches.noindex/iphonesimulator26.1-23B77-3885c01c3e6b6a337905948deab2002e90cf18a4295e390e64c810bc6bd7acbc.sdkstatcache -output-file-map /Users/darisadam/Library/Developer/Xcode/DerivedData/Madabank-hkohthnbjtgnoechirsoymtykttx/Build/Intermediates.noindex/RxSwift.build/Debug-iphonesimulator/RxCocoa.build/Objects-normal/arm64/RxCocoa-OutputFileMap.json -use-frontend-parseable-output -save-temps -no-color-diagnostics -explicit-module-build -module-cache-path /Users/darisadam/Library/Developer/Xcode/DerivedData/Madabank-hkohthnbjtgnoechirsoymtykttx/Build/Intermediates.noindex/SwiftExplicitPrecompiledModules -clang-scanner-module-cache-path /Users/darisadam/Library/Developer/Xcode/DerivedData/ModuleCache.noindex -sdk-module-cache-path /Users/darisadam/Library/Developer/Xcode/DerivedData/ModuleCache.noindex -serialize-diagnostics -emit-dependencies -emit-module -emit-module-path /Users/darisadam/Library/Developer/Xcode/DerivedData/Madabank-hkohthnbjtgnoechirsoymtykttx/Build/Intermediates.noindex/RxSwift.build/Debug-iphonesimulator/RxCocoa.build/Objects-normal/arm64/RxCocoa.swiftmodule -validate-clang-modules-once -clang-build-session-file /Users/darisadam/Library/Developer/Xcode/DerivedData/ModuleCache.noindex/Session.modulevalidation -Xcc -I/Users/darisadam/Library/Developer/Xcode/DerivedData/Madabank-hkohthnbjtgnoechirsoymtykttx/Build/Intermediates.noindex/RxSwift.build/Debug-iphonesimulator/RxCocoa.build/swift-overrides.hmap -emit-const-values -Xfrontend -const-gather-protocols-file -Xfrontend /Users/darisadam/Library/Developer/Xcode/DerivedData/Madabank-hkohthnbjtgnoechirsoymtykttx/Build/Intermediates.noindex/RxSwift.build/Debug-iphonesimulator/RxCocoa.build/Objects-normal/arm64/RxCocoa_const_extract_protocols.json -Xcc -I/Users/darisadam/Library/Developer/Xcode/DerivedData/Madabank-hkohthnbjtgnoechirsoymtykttx/Build/Products/Debug-iphonesimulator/include -Xcc -I/Users/darisadam/Documents/Projects/iOS\ Apps/madabank-ios/Madabank/Tuist/.build/checkouts/RxSwift/Sources/RxCocoaRuntime/include -Xcc -I/Users/darisadam/Library/Developer/Xcode/DerivedData/Madabank-hkohthnbjtgnoechirsoymtykttx/Build/Intermediates.noindex/RxSwift.build/Debug-iphonesimulator/RxCocoa.build/DerivedSources-normal/arm64 -Xcc -I/Users/darisadam/Library/Developer/Xcode/DerivedData/Madabank-hkohthnbjtgnoechirsoymtykttx/Build/Intermediates.noindex/RxSwift.build/Debug-iphonesimulator/RxCocoa.build/DerivedSources/arm64 -Xcc -I/Users/darisadam/Library/Developer/Xcode/DerivedData/Madabank-hkohthnbjtgnoechirsoymtykttx/Build/Intermediates.noindex/RxSwift.build/Debug-iphonesimulator/RxCocoa.build/DerivedSources -Xcc -DDEBUG\=1 -Xcc -DSWIFT_PACKAGE\=1 -emit-objc-header -emit-objc-header-path /Users/darisadam/Library/Developer/Xcode/DerivedData/Madabank-hkohthnbjtgnoechirsoymtykttx/Build/Intermediates.noindex/RxSwift.build/Debug-iphonesimulator/RxCocoa.build/Objects-normal/arm64/RxCocoa-Swift.h -working-directory /Users/darisadam/Documents/Projects/iOS\ Apps/madabank-ios/Madabank/Tuist/.build/tuist-derived/RxSwift -experimental-emit-module-separately -disable-cmo

SwiftDriver\ Compilation RxCocoa normal arm64 com.apple.xcode.tools.swift.compiler (in target 'RxCocoa' from project 'RxSwift')
    cd /Users/darisadam/Documents/Projects/iOS\ Apps/madabank-ios/Madabank/Tuist/.build/tuist-derived/RxSwift
    builtin-Swift-Compilation -- /Applications/Xcode.app/Contents/Developer/Toolchains/XcodeDefault.xctoolchain/usr/bin/swiftc -module-name RxCocoa -Onone -enforce-exclusivity\=checked @/Users/darisadam/Library/Developer/Xcode/DerivedData/Madabank-hkohthnbjtgnoechirsoymtykttx/Build/Intermediates.noindex/RxSwift.build/Debug-iphonesimulator/RxCocoa.build/Objects-normal/arm64/RxCocoa.SwiftFileList -DSWIFT_PACKAGE -DDEBUG -package-name RxSwift -Xcc -fmodule-map-file\=/Users/darisadam/Documents/Projects/iOS\ Apps/madabank-ios/Madabank/Tuist/.build/checkouts/RxSwift/../../tuist-derived/RxCocoaRuntime/RxCocoaRuntime.modulemap -enable-bare-slash-regex -enable-experimental-feature DebugDescriptionMacro -sdk /Applications/Xcode.app/Contents/Developer/Platforms/iPhoneSimulator.platform/Developer/SDKs/iPhoneSimulator26.1.sdk -target arm64-apple-ios12.0-simulator -g -module-cache-path /Users/darisadam/Library/Developer/Xcode/DerivedData/ModuleCache.noindex -Xfrontend -serialize-debugging-options -enable-testing -suppress-warnings -index-store-path /Users/darisadam/Library/Developer/Xcode/DerivedData/Madabank-hkohthnbjtgnoechirsoymtykttx/Index.noindex/DataStore -Xcc -D_LIBCPP_HARDENING_MODE\=_LIBCPP_HARDENING_MODE_DEBUG -swift-version 5 -I /Users/darisadam/Library/Developer/Xcode/DerivedData/Madabank-hkohthnbjtgnoechirsoymtykttx/Build/Products/Debug-iphonesimulator -F /Users/darisadam/Library/Developer/Xcode/DerivedData/Madabank-hkohthnbjtgnoechirsoymtykttx/Build/Products/Debug-iphonesimulator -F /Applications/Xcode.app/Contents/Developer/Platforms/iPhoneSimulator.platform/Developer/Library/Frameworks -c -j8 -enable-batch-mode -incremental -Xcc -ivfsstatcache -Xcc /Users/darisadam/Library/Developer/Xcode/DerivedData/SDKStatCaches.noindex/iphonesimulator26.1-23B77-3885c01c3e6b6a337905948deab2002e90cf18a4295e390e64c810bc6bd7acbc.sdkstatcache -output-file-map /Users/darisadam/Library/Developer/Xcode/DerivedData/Madabank-hkohthnbjtgnoechirsoymtykttx/Build/Intermediates.noindex/RxSwift.build/Debug-iphonesimulator/RxCocoa.build/Objects-normal/arm64/RxCocoa-OutputFileMap.json -use-frontend-parseable-output -save-temps -no-color-diagnostics -explicit-module-build -module-cache-path /Users/darisadam/Library/Developer/Xcode/DerivedData/Madabank-hkohthnbjtgnoechirsoymtykttx/Build/Intermediates.noindex/SwiftExplicitPrecompiledModules -clang-scanner-module-cache-path /Users/darisadam/Library/Developer/Xcode/DerivedData/ModuleCache.noindex -sdk-module-cache-path /Users/darisadam/Library/Developer/Xcode/DerivedData/ModuleCache.noindex -serialize-diagnostics -emit-dependencies -emit-module -emit-module-path /Users/darisadam/Library/Developer/Xcode/DerivedData/Madabank-hkohthnbjtgnoechirsoymtykttx/Build/Intermediates.noindex/RxSwift.build/Debug-iphonesimulator/RxCocoa.build/Objects-normal/arm64/RxCocoa.swiftmodule -validate-clang-modules-once -clang-build-session-file /Users/darisadam/Library/Developer/Xcode/DerivedData/ModuleCache.noindex/Session.modulevalidation -Xcc -I/Users/darisadam/Library/Developer/Xcode/DerivedData/Madabank-hkohthnbjtgnoechirsoymtykttx/Build/Intermediates.noindex/RxSwift.build/Debug-iphonesimulator/RxCocoa.build/swift-overrides.hmap -emit-const-values -Xfrontend -const-gather-protocols-file -Xfrontend /Users/darisadam/Library/Developer/Xcode/DerivedData/Madabank-hkohthnbjtgnoechirsoymtykttx/Build/Intermediates.noindex/RxSwift.build/Debug-iphonesimulator/RxCocoa.build/Objects-normal/arm64/RxCocoa_const_extract_protocols.json -Xcc -I/Users/darisadam/Library/Developer/Xcode/DerivedData/Madabank-hkohthnbjtgnoechirsoymtykttx/Build/Products/Debug-iphonesimulator/include -Xcc -I/Users/darisadam/Documents/Projects/iOS\ Apps/madabank-ios/Madabank/Tuist/.build/checkouts/RxSwift/Sources/RxCocoaRuntime/include -Xcc -I/Users/darisadam/Library/Developer/Xcode/DerivedData/Madabank-hkohthnbjtgnoechirsoymtykttx/Build/Intermediates.noindex/RxSwift.build/Debug-iphonesimulator/RxCocoa.build/DerivedSources-normal/arm64 -Xcc -I/Users/darisadam/Library/Developer/Xcode/DerivedData/Madabank-hkohthnbjtgnoechirsoymtykttx/Build/Intermediates.noindex/RxSwift.build/Debug-iphonesimulator/RxCocoa.build/DerivedSources/arm64 -Xcc -I/Users/darisadam/Library/Developer/Xcode/DerivedData/Madabank-hkohthnbjtgnoechirsoymtykttx/Build/Intermediates.noindex/RxSwift.build/Debug-iphonesimulator/RxCocoa.build/DerivedSources -Xcc -DDEBUG\=1 -Xcc -DSWIFT_PACKAGE\=1 -emit-objc-header -emit-objc-header-path /Users/darisadam/Library/Developer/Xcode/DerivedData/Madabank-hkohthnbjtgnoechirsoymtykttx/Build/Intermediates.noindex/RxSwift.build/Debug-iphonesimulator/RxCocoa.build/Objects-normal/arm64/RxCocoa-Swift.h -working-directory /Users/darisadam/Documents/Projects/iOS\ Apps/madabank-ios/Madabank/Tuist/.build/tuist-derived/RxSwift -experimental-emit-module-separately -disable-cmo

Copy /Users/darisadam/Library/Developer/Xcode/DerivedData/Madabank-hkohthnbjtgnoechirsoymtykttx/Build/Products/Debug-iphonesimulator/RxCocoa.framework/Modules/RxCocoa.swiftmodule/arm64-apple-ios-simulator.abi.json /Users/darisadam/Library/Developer/Xcode/DerivedData/Madabank-hkohthnbjtgnoechirsoymtykttx/Build/Intermediates.noindex/RxSwift.build/Debug-iphonesimulator/RxCocoa.build/Objects-normal/arm64/RxCocoa.abi.json (in target 'RxCocoa' from project 'RxSwift')
    cd /Users/darisadam/Documents/Projects/iOS\ Apps/madabank-ios/Madabank/Tuist/.build/tuist-derived/RxSwift
    builtin-copy -exclude .DS_Store -exclude CVS -exclude .svn -exclude .git -exclude .hg -resolve-src-symlinks -rename /Users/darisadam/Library/Developer/Xcode/DerivedData/Madabank-hkohthnbjtgnoechirsoymtykttx/Build/Intermediates.noindex/RxSwift.build/Debug-iphonesimulator/RxCocoa.build/Objects-normal/arm64/RxCocoa.abi.json /Users/darisadam/Library/Developer/Xcode/DerivedData/Madabank-hkohthnbjtgnoechirsoymtykttx/Build/Products/Debug-iphonesimulator/RxCocoa.framework/Modules/RxCocoa.swiftmodule/arm64-apple-ios-simulator.abi.json

Copy /Users/darisadam/Library/Developer/Xcode/DerivedData/Madabank-hkohthnbjtgnoechirsoymtykttx/Build/Products/Debug-iphonesimulator/RxCocoa.framework/Modules/RxCocoa.swiftmodule/Project/arm64-apple-ios-simulator.swiftsourceinfo /Users/darisadam/Library/Developer/Xcode/DerivedData/Madabank-hkohthnbjtgnoechirsoymtykttx/Build/Intermediates.noindex/RxSwift.build/Debug-iphonesimulator/RxCocoa.build/Objects-normal/arm64/RxCocoa.swiftsourceinfo (in target 'RxCocoa' from project 'RxSwift')
    cd /Users/darisadam/Documents/Projects/iOS\ Apps/madabank-ios/Madabank/Tuist/.build/tuist-derived/RxSwift
    builtin-copy -exclude .DS_Store -exclude CVS -exclude .svn -exclude .git -exclude .hg -resolve-src-symlinks -rename /Users/darisadam/Library/Developer/Xcode/DerivedData/Madabank-hkohthnbjtgnoechirsoymtykttx/Build/Intermediates.noindex/RxSwift.build/Debug-iphonesimulator/RxCocoa.build/Objects-normal/arm64/RxCocoa.swiftsourceinfo /Users/darisadam/Library/Developer/Xcode/DerivedData/Madabank-hkohthnbjtgnoechirsoymtykttx/Build/Products/Debug-iphonesimulator/RxCocoa.framework/Modules/RxCocoa.swiftmodule/Project/arm64-apple-ios-simulator.swiftsourceinfo

SwiftDriverJobDiscovery normal arm64 Compiling ManageCardUseCase.swift (in target 'Domain' from project 'Domain')

Ld /Users/darisadam/Library/Developer/Xcode/DerivedData/Madabank-hkohthnbjtgnoechirsoymtykttx/Build/Products/Debug-iphonesimulator/RxCocoa.framework/RxCocoa normal (in target 'RxCocoa' from project 'RxSwift')
    cd /Users/darisadam/Documents/Projects/iOS\ Apps/madabank-ios/Madabank/Tuist/.build/tuist-derived/RxSwift
    /Applications/Xcode.app/Contents/Developer/Toolchains/XcodeDefault.xctoolchain/usr/bin/clang -Xlinker -reproducible -target arm64-apple-ios12.0-simulator -dynamiclib -isysroot /Applications/Xcode.app/Contents/Developer/Platforms/iPhoneSimulator.platform/Developer/SDKs/iPhoneSimulator26.1.sdk -O0 -L/Users/darisadam/Library/Developer/Xcode/DerivedData/Madabank-hkohthnbjtgnoechirsoymtykttx/Build/Intermediates.noindex/EagerLinkingTBDs/Debug-iphonesimulator -L/Users/darisadam/Library/Developer/Xcode/DerivedData/Madabank-hkohthnbjtgnoechirsoymtykttx/Build/Products/Debug-iphonesimulator -F/Users/darisadam/Library/Developer/Xcode/DerivedData/Madabank-hkohthnbjtgnoechirsoymtykttx/Build/Intermediates.noindex/EagerLinkingTBDs/Debug-iphonesimulator -F/Users/darisadam/Library/Developer/Xcode/DerivedData/Madabank-hkohthnbjtgnoechirsoymtykttx/Build/Products/Debug-iphonesimulator -F/Applications/Xcode.app/Contents/Developer/Platforms/iPhoneSimulator.platform/Developer/Library/Frameworks -filelist /Users/darisadam/Library/Developer/Xcode/DerivedData/Madabank-hkohthnbjtgnoechirsoymtykttx/Build/Intermediates.noindex/RxSwift.build/Debug-iphonesimulator/RxCocoa.build/Objects-normal/arm64/RxCocoa.LinkFileList -install_name @rpath/RxCocoa.framework/RxCocoa -Xlinker -rpath -Xlinker /usr/lib/swift -Xlinker -rpath -Xlinker @executable_path/Frameworks -Xlinker -rpath -Xlinker @loader_path/Frameworks -dead_strip -Xlinker -object_path_lto -Xlinker /Users/darisadam/Library/Developer/Xcode/DerivedData/Madabank-hkohthnbjtgnoechirsoymtykttx/Build/Intermediates.noindex/RxSwift.build/Debug-iphonesimulator/RxCocoa.build/Objects-normal/arm64/RxCocoa_lto.o -rdynamic -Xlinker -no_deduplicate -Xlinker -objc_abi_version -Xlinker 2 -Xlinker -dependency_info -Xlinker /Users/darisadam/Library/Developer/Xcode/DerivedData/Madabank-hkohthnbjtgnoechirsoymtykttx/Build/Intermediates.noindex/RxSwift.build/Debug-iphonesimulator/RxCocoa.build/Objects-normal/arm64/RxCocoa_dependency_info.dat -fobjc-link-runtime -L/Applications/Xcode.app/Contents/Developer/Toolchains/XcodeDefault.xctoolchain/usr/lib/swift/iphonesimulator -L/usr/lib/swift -Xlinker -add_ast_path -Xlinker /Users/darisadam/Library/Developer/Xcode/DerivedData/Madabank-hkohthnbjtgnoechirsoymtykttx/Build/Intermediates.noindex/RxSwift.build/Debug-iphonesimulator/RxCocoa.build/Objects-normal/arm64/RxCocoa.swiftmodule @/Users/darisadam/Library/Developer/Xcode/DerivedData/Madabank-hkohthnbjtgnoechirsoymtykttx/Build/Intermediates.noindex/RxSwift.build/Debug-iphonesimulator/RxCocoa.build/Objects-normal/arm64/RxCocoa-linker-args.resp -framework RxCocoaRuntime -framework RxRelay -framework RxSwift -Xlinker -no_adhoc_codesign -compatibility_version 1 -current_version 1 -o /Users/darisadam/Library/Developer/Xcode/DerivedData/Madabank-hkohthnbjtgnoechirsoymtykttx/Build/Products/Debug-iphonesimulator/RxCocoa.framework/RxCocoa

SwiftDriverJobDiscovery normal arm64 Emitting module for Domain (in target 'Domain' from project 'Domain')

SwiftDriver\ Compilation\ Requirements Domain normal arm64 com.apple.xcode.tools.swift.compiler (in target 'Domain' from project 'Domain')
    cd /Users/darisadam/Documents/Projects/iOS\ Apps/madabank-ios/Madabank/Modules/Shared/Domain
    builtin-Swift-Compilation-Requirements -- /Applications/Xcode.app/Contents/Developer/Toolchains/XcodeDefault.xctoolchain/usr/bin/swiftc -module-name Domain -Onone -enforce-exclusivity\=checked @/Users/darisadam/Library/Developer/Xcode/DerivedData/Madabank-hkohthnbjtgnoechirsoymtykttx/Build/Intermediates.noindex/Domain.build/Debug-iphonesimulator/Domain.build/Objects-normal/arm64/Domain.SwiftFileList -DDEBUG -enable-bare-slash-regex -enable-experimental-feature DebugDescriptionMacro -sdk /Applications/Xcode.app/Contents/Developer/Platforms/iPhoneSimulator.platform/Developer/SDKs/iPhoneSimulator26.1.sdk -target arm64-apple-ios15.0-simulator -g -module-cache-path /Users/darisadam/Library/Developer/Xcode/DerivedData/ModuleCache.noindex -Xfrontend -serialize-debugging-options -enable-testing -index-store-path /Users/darisadam/Library/Developer/Xcode/DerivedData/Madabank-hkohthnbjtgnoechirsoymtykttx/Index.noindex/DataStore -Xcc -D_LIBCPP_HARDENING_MODE\=_LIBCPP_HARDENING_MODE_DEBUG -swift-version 5 -I /Users/darisadam/Library/Developer/Xcode/DerivedData/Madabank-hkohthnbjtgnoechirsoymtykttx/Build/Products/Debug-iphonesimulator -F /Users/darisadam/Library/Developer/Xcode/DerivedData/Madabank-hkohthnbjtgnoechirsoymtykttx/Build/Products/Debug-iphonesimulator -c -j8 -enable-batch-mode -incremental -Xcc -ivfsstatcache -Xcc /Users/darisadam/Library/Developer/Xcode/DerivedData/SDKStatCaches.noindex/iphonesimulator26.1-23B77-3885c01c3e6b6a337905948deab2002e90cf18a4295e390e64c810bc6bd7acbc.sdkstatcache -output-file-map /Users/darisadam/Library/Developer/Xcode/DerivedData/Madabank-hkohthnbjtgnoechirsoymtykttx/Build/Intermediates.noindex/Domain.build/Debug-iphonesimulator/Domain.build/Objects-normal/arm64/Domain-OutputFileMap.json -use-frontend-parseable-output -save-temps -no-color-diagnostics -explicit-module-build -module-cache-path /Users/darisadam/Library/Developer/Xcode/DerivedData/Madabank-hkohthnbjtgnoechirsoymtykttx/Build/Intermediates.noindex/SwiftExplicitPrecompiledModules -clang-scanner-module-cache-path /Users/darisadam/Library/Developer/Xcode/DerivedData/ModuleCache.noindex -sdk-module-cache-path /Users/darisadam/Library/Developer/Xcode/DerivedData/ModuleCache.noindex -serialize-diagnostics -emit-dependencies -emit-module -emit-module-path /Users/darisadam/Library/Developer/Xcode/DerivedData/Madabank-hkohthnbjtgnoechirsoymtykttx/Build/Intermediates.noindex/Domain.build/Debug-iphonesimulator/Domain.build/Objects-normal/arm64/Domain.swiftmodule -validate-clang-modules-once -clang-build-session-file /Users/darisadam/Library/Developer/Xcode/DerivedData/ModuleCache.noindex/Session.modulevalidation -Xcc -I/Users/darisadam/Library/Developer/Xcode/DerivedData/Madabank-hkohthnbjtgnoechirsoymtykttx/Build/Intermediates.noindex/Domain.build/Debug-iphonesimulator/Domain.build/swift-overrides.hmap -emit-const-values -Xfrontend -const-gather-protocols-file -Xfrontend /Users/darisadam/Library/Developer/Xcode/DerivedData/Madabank-hkohthnbjtgnoechirsoymtykttx/Build/Intermediates.noindex/Domain.build/Debug-iphonesimulator/Domain.build/Objects-normal/arm64/Domain_const_extract_protocols.json -Xcc -iquote -Xcc /Users/darisadam/Library/Developer/Xcode/DerivedData/Madabank-hkohthnbjtgnoechirsoymtykttx/Build/Intermediates.noindex/Domain.build/Debug-iphonesimulator/Domain.build/Domain-generated-files.hmap -Xcc -I/Users/darisadam/Library/Developer/Xcode/DerivedData/Madabank-hkohthnbjtgnoechirsoymtykttx/Build/Intermediates.noindex/Domain.build/Debug-iphonesimulator/Domain.build/Domain-own-target-headers.hmap -Xcc -I/Users/darisadam/Library/Developer/Xcode/DerivedData/Madabank-hkohthnbjtgnoechirsoymtykttx/Build/Intermediates.noindex/Domain.build/Debug-iphonesimulator/Domain.build/Domain-all-non-framework-target-headers.hmap -Xcc -ivfsoverlay -Xcc /Users/darisadam/Library/Developer/Xcode/DerivedData/Madabank-hkohthnbjtgnoechirsoymtykttx/Build/Intermediates.noindex/Domain.build/Debug-iphonesimulator/Domain-38b95e0e74f454eb1697545f0c9d82bd-VFS-iphonesimulator/all-product-headers.yaml -Xcc -iquote -Xcc /Users/darisadam/Library/Developer/Xcode/DerivedData/Madabank-hkohthnbjtgnoechirsoymtykttx/Build/Intermediates.noindex/Domain.build/Debug-iphonesimulator/Domain.build/Domain-project-headers.hmap -Xcc -I/Users/darisadam/Library/Developer/Xcode/DerivedData/Madabank-hkohthnbjtgnoechirsoymtykttx/Build/Products/Debug-iphonesimulator/include -Xcc -I/Users/darisadam/Library/Developer/Xcode/DerivedData/Madabank-hkohthnbjtgnoechirsoymtykttx/Build/Intermediates.noindex/Domain.build/Debug-iphonesimulator/Domain.build/DerivedSources-normal/arm64 -Xcc -I/Users/darisadam/Library/Developer/Xcode/DerivedData/Madabank-hkohthnbjtgnoechirsoymtykttx/Build/Intermediates.noindex/Domain.build/Debug-iphonesimulator/Domain.build/DerivedSources/arm64 -Xcc -I/Users/darisadam/Library/Developer/Xcode/DerivedData/Madabank-hkohthnbjtgnoechirsoymtykttx/Build/Intermediates.noindex/Domain.build/Debug-iphonesimulator/Domain.build/DerivedSources -Xcc -DDEBUG\=1 -emit-objc-header -emit-objc-header-path /Users/darisadam/Library/Developer/Xcode/DerivedData/Madabank-hkohthnbjtgnoechirsoymtykttx/Build/Intermediates.noindex/Domain.build/Debug-iphonesimulator/Domain.build/Objects-normal/arm64/Domain-Swift.h -working-directory /Users/darisadam/Documents/Projects/iOS\ Apps/madabank-ios/Madabank/Modules/Shared/Domain -experimental-emit-module-separately -disable-cmo

SwiftDriver\ Compilation Domain normal arm64 com.apple.xcode.tools.swift.compiler (in target 'Domain' from project 'Domain')
    cd /Users/darisadam/Documents/Projects/iOS\ Apps/madabank-ios/Madabank/Modules/Shared/Domain
    builtin-Swift-Compilation -- /Applications/Xcode.app/Contents/Developer/Toolchains/XcodeDefault.xctoolchain/usr/bin/swiftc -module-name Domain -Onone -enforce-exclusivity\=checked @/Users/darisadam/Library/Developer/Xcode/DerivedData/Madabank-hkohthnbjtgnoechirsoymtykttx/Build/Intermediates.noindex/Domain.build/Debug-iphonesimulator/Domain.build/Objects-normal/arm64/Domain.SwiftFileList -DDEBUG -enable-bare-slash-regex -enable-experimental-feature DebugDescriptionMacro -sdk /Applications/Xcode.app/Contents/Developer/Platforms/iPhoneSimulator.platform/Developer/SDKs/iPhoneSimulator26.1.sdk -target arm64-apple-ios15.0-simulator -g -module-cache-path /Users/darisadam/Library/Developer/Xcode/DerivedData/ModuleCache.noindex -Xfrontend -serialize-debugging-options -enable-testing -index-store-path /Users/darisadam/Library/Developer/Xcode/DerivedData/Madabank-hkohthnbjtgnoechirsoymtykttx/Index.noindex/DataStore -Xcc -D_LIBCPP_HARDENING_MODE\=_LIBCPP_HARDENING_MODE_DEBUG -swift-version 5 -I /Users/darisadam/Library/Developer/Xcode/DerivedData/Madabank-hkohthnbjtgnoechirsoymtykttx/Build/Products/Debug-iphonesimulator -F /Users/darisadam/Library/Developer/Xcode/DerivedData/Madabank-hkohthnbjtgnoechirsoymtykttx/Build/Products/Debug-iphonesimulator -c -j8 -enable-batch-mode -incremental -Xcc -ivfsstatcache -Xcc /Users/darisadam/Library/Developer/Xcode/DerivedData/SDKStatCaches.noindex/iphonesimulator26.1-23B77-3885c01c3e6b6a337905948deab2002e90cf18a4295e390e64c810bc6bd7acbc.sdkstatcache -output-file-map /Users/darisadam/Library/Developer/Xcode/DerivedData/Madabank-hkohthnbjtgnoechirsoymtykttx/Build/Intermediates.noindex/Domain.build/Debug-iphonesimulator/Domain.build/Objects-normal/arm64/Domain-OutputFileMap.json -use-frontend-parseable-output -save-temps -no-color-diagnostics -explicit-module-build -module-cache-path /Users/darisadam/Library/Developer/Xcode/DerivedData/Madabank-hkohthnbjtgnoechirsoymtykttx/Build/Intermediates.noindex/SwiftExplicitPrecompiledModules -clang-scanner-module-cache-path /Users/darisadam/Library/Developer/Xcode/DerivedData/ModuleCache.noindex -sdk-module-cache-path /Users/darisadam/Library/Developer/Xcode/DerivedData/ModuleCache.noindex -serialize-diagnostics -emit-dependencies -emit-module -emit-module-path /Users/darisadam/Library/Developer/Xcode/DerivedData/Madabank-hkohthnbjtgnoechirsoymtykttx/Build/Intermediates.noindex/Domain.build/Debug-iphonesimulator/Domain.build/Objects-normal/arm64/Domain.swiftmodule -validate-clang-modules-once -clang-build-session-file /Users/darisadam/Library/Developer/Xcode/DerivedData/ModuleCache.noindex/Session.modulevalidation -Xcc -I/Users/darisadam/Library/Developer/Xcode/DerivedData/Madabank-hkohthnbjtgnoechirsoymtykttx/Build/Intermediates.noindex/Domain.build/Debug-iphonesimulator/Domain.build/swift-overrides.hmap -emit-const-values -Xfrontend -const-gather-protocols-file -Xfrontend /Users/darisadam/Library/Developer/Xcode/DerivedData/Madabank-hkohthnbjtgnoechirsoymtykttx/Build/Intermediates.noindex/Domain.build/Debug-iphonesimulator/Domain.build/Objects-normal/arm64/Domain_const_extract_protocols.json -Xcc -iquote -Xcc /Users/darisadam/Library/Developer/Xcode/DerivedData/Madabank-hkohthnbjtgnoechirsoymtykttx/Build/Intermediates.noindex/Domain.build/Debug-iphonesimulator/Domain.build/Domain-generated-files.hmap -Xcc -I/Users/darisadam/Library/Developer/Xcode/DerivedData/Madabank-hkohthnbjtgnoechirsoymtykttx/Build/Intermediates.noindex/Domain.build/Debug-iphonesimulator/Domain.build/Domain-own-target-headers.hmap -Xcc -I/Users/darisadam/Library/Developer/Xcode/DerivedData/Madabank-hkohthnbjtgnoechirsoymtykttx/Build/Intermediates.noindex/Domain.build/Debug-iphonesimulator/Domain.build/Domain-all-non-framework-target-headers.hmap -Xcc -ivfsoverlay -Xcc /Users/darisadam/Library/Developer/Xcode/DerivedData/Madabank-hkohthnbjtgnoechirsoymtykttx/Build/Intermediates.noindex/Domain.build/Debug-iphonesimulator/Domain-38b95e0e74f454eb1697545f0c9d82bd-VFS-iphonesimulator/all-product-headers.yaml -Xcc -iquote -Xcc /Users/darisadam/Library/Developer/Xcode/DerivedData/Madabank-hkohthnbjtgnoechirsoymtykttx/Build/Intermediates.noindex/Domain.build/Debug-iphonesimulator/Domain.build/Domain-project-headers.hmap -Xcc -I/Users/darisadam/Library/Developer/Xcode/DerivedData/Madabank-hkohthnbjtgnoechirsoymtykttx/Build/Products/Debug-iphonesimulator/include -Xcc -I/Users/darisadam/Library/Developer/Xcode/DerivedData/Madabank-hkohthnbjtgnoechirsoymtykttx/Build/Intermediates.noindex/Domain.build/Debug-iphonesimulator/Domain.build/DerivedSources-normal/arm64 -Xcc -I/Users/darisadam/Library/Developer/Xcode/DerivedData/Madabank-hkohthnbjtgnoechirsoymtykttx/Build/Intermediates.noindex/Domain.build/Debug-iphonesimulator/Domain.build/DerivedSources/arm64 -Xcc -I/Users/darisadam/Library/Developer/Xcode/DerivedData/Madabank-hkohthnbjtgnoechirsoymtykttx/Build/Intermediates.noindex/Domain.build/Debug-iphonesimulator/Domain.build/DerivedSources -Xcc -DDEBUG\=1 -emit-objc-header -emit-objc-header-path /Users/darisadam/Library/Developer/Xcode/DerivedData/Madabank-hkohthnbjtgnoechirsoymtykttx/Build/Intermediates.noindex/Domain.build/Debug-iphonesimulator/Domain.build/Objects-normal/arm64/Domain-Swift.h -working-directory /Users/darisadam/Documents/Projects/iOS\ Apps/madabank-ios/Madabank/Modules/Shared/Domain -experimental-emit-module-separately -disable-cmo

Copy /Users/darisadam/Library/Developer/Xcode/DerivedData/Madabank-hkohthnbjtgnoechirsoymtykttx/Build/Products/Debug-iphonesimulator/Domain.framework/Modules/Domain.swiftmodule/arm64-apple-ios-simulator.abi.json /Users/darisadam/Library/Developer/Xcode/DerivedData/Madabank-hkohthnbjtgnoechirsoymtykttx/Build/Intermediates.noindex/Domain.build/Debug-iphonesimulator/Domain.build/Objects-normal/arm64/Domain.abi.json (in target 'Domain' from project 'Domain')
    cd /Users/darisadam/Documents/Projects/iOS\ Apps/madabank-ios/Madabank/Modules/Shared/Domain
    builtin-copy -exclude .DS_Store -exclude CVS -exclude .svn -exclude .git -exclude .hg -resolve-src-symlinks -rename /Users/darisadam/Library/Developer/Xcode/DerivedData/Madabank-hkohthnbjtgnoechirsoymtykttx/Build/Intermediates.noindex/Domain.build/Debug-iphonesimulator/Domain.build/Objects-normal/arm64/Domain.abi.json /Users/darisadam/Library/Developer/Xcode/DerivedData/Madabank-hkohthnbjtgnoechirsoymtykttx/Build/Products/Debug-iphonesimulator/Domain.framework/Modules/Domain.swiftmodule/arm64-apple-ios-simulator.abi.json

Copy /Users/darisadam/Library/Developer/Xcode/DerivedData/Madabank-hkohthnbjtgnoechirsoymtykttx/Build/Products/Debug-iphonesimulator/Domain.framework/Modules/Domain.swiftmodule/Project/arm64-apple-ios-simulator.swiftsourceinfo /Users/darisadam/Library/Developer/Xcode/DerivedData/Madabank-hkohthnbjtgnoechirsoymtykttx/Build/Intermediates.noindex/Domain.build/Debug-iphonesimulator/Domain.build/Objects-normal/arm64/Domain.swiftsourceinfo (in target 'Domain' from project 'Domain')
    cd /Users/darisadam/Documents/Projects/iOS\ Apps/madabank-ios/Madabank/Modules/Shared/Domain
    builtin-copy -exclude .DS_Store -exclude CVS -exclude .svn -exclude .git -exclude .hg -resolve-src-symlinks -rename /Users/darisadam/Library/Developer/Xcode/DerivedData/Madabank-hkohthnbjtgnoechirsoymtykttx/Build/Intermediates.noindex/Domain.build/Debug-iphonesimulator/Domain.build/Objects-normal/arm64/Domain.swiftsourceinfo /Users/darisadam/Library/Developer/Xcode/DerivedData/Madabank-hkohthnbjtgnoechirsoymtykttx/Build/Products/Debug-iphonesimulator/Domain.framework/Modules/Domain.swiftmodule/Project/arm64-apple-ios-simulator.swiftsourceinfo

SwiftDriver Transactions normal arm64 com.apple.xcode.tools.swift.compiler (in target 'Transactions' from project 'Transactions')
    cd /Users/darisadam/Documents/Projects/iOS\ Apps/madabank-ios/Madabank/Modules/Features/Transactions
    builtin-SwiftDriver -- /Applications/Xcode.app/Contents/Developer/Toolchains/XcodeDefault.xctoolchain/usr/bin/swiftc -module-name Transactions -Onone -enforce-exclusivity\=checked @/Users/darisadam/Library/Developer/Xcode/DerivedData/Madabank-hkohthnbjtgnoechirsoymtykttx/Build/Intermediates.noindex/Transactions.build/Debug-iphonesimulator/Transactions.build/Objects-normal/arm64/Transactions.SwiftFileList -DDEBUG -Xcc -fmodule-map-file\=/Users/darisadam/Documents/Projects/iOS\ Apps/madabank-ios/Madabank/Modules/Features/Transactions/../../../Tuist/.build/tuist-derived/RxCocoaRuntime/RxCocoaRuntime.modulemap -enable-bare-slash-regex -enable-experimental-feature DebugDescriptionMacro -sdk /Applications/Xcode.app/Contents/Developer/Platforms/iPhoneSimulator.platform/Developer/SDKs/iPhoneSimulator26.1.sdk -target arm64-apple-ios15.0-simulator -g -module-cache-path /Users/darisadam/Library/Developer/Xcode/DerivedData/ModuleCache.noindex -Xfrontend -serialize-debugging-options -enable-testing -index-store-path /Users/darisadam/Library/Developer/Xcode/DerivedData/Madabank-hkohthnbjtgnoechirsoymtykttx/Index.noindex/DataStore -Xcc -D_LIBCPP_HARDENING_MODE\=_LIBCPP_HARDENING_MODE_DEBUG -swift-version 5 -I /Users/darisadam/Library/Developer/Xcode/DerivedData/Madabank-hkohthnbjtgnoechirsoymtykttx/Build/Products/Debug-iphonesimulator -F /Users/darisadam/Library/Developer/Xcode/DerivedData/Madabank-hkohthnbjtgnoechirsoymtykttx/Build/Products/Debug-iphonesimulator -c -j8 -enable-batch-mode -incremental -Xcc -ivfsstatcache -Xcc /Users/darisadam/Library/Developer/Xcode/DerivedData/SDKStatCaches.noindex/iphonesimulator26.1-23B77-3885c01c3e6b6a337905948deab2002e90cf18a4295e390e64c810bc6bd7acbc.sdkstatcache -output-file-map /Users/darisadam/Library/Developer/Xcode/DerivedData/Madabank-hkohthnbjtgnoechirsoymtykttx/Build/Intermediates.noindex/Transactions.build/Debug-iphonesimulator/Transactions.build/Objects-normal/arm64/Transactions-OutputFileMap.json -use-frontend-parseable-output -save-temps -no-color-diagnostics -explicit-module-build -module-cache-path /Users/darisadam/Library/Developer/Xcode/DerivedData/Madabank-hkohthnbjtgnoechirsoymtykttx/Build/Intermediates.noindex/SwiftExplicitPrecompiledModules -clang-scanner-module-cache-path /Users/darisadam/Library/Developer/Xcode/DerivedData/ModuleCache.noindex -sdk-module-cache-path /Users/darisadam/Library/Developer/Xcode/DerivedData/ModuleCache.noindex -serialize-diagnostics -emit-dependencies -emit-module -emit-module-path /Users/darisadam/Library/Developer/Xcode/DerivedData/Madabank-hkohthnbjtgnoechirsoymtykttx/Build/Intermediates.noindex/Transactions.build/Debug-iphonesimulator/Transactions.build/Objects-normal/arm64/Transactions.swiftmodule -validate-clang-modules-once -clang-build-session-file /Users/darisadam/Library/Developer/Xcode/DerivedData/ModuleCache.noindex/Session.modulevalidation -Xcc -I/Users/darisadam/Library/Developer/Xcode/DerivedData/Madabank-hkohthnbjtgnoechirsoymtykttx/Build/Intermediates.noindex/Transactions.build/Debug-iphonesimulator/Transactions.build/swift-overrides.hmap -emit-const-values -Xfrontend -const-gather-protocols-file -Xfrontend /Users/darisadam/Library/Developer/Xcode/DerivedData/Madabank-hkohthnbjtgnoechirsoymtykttx/Build/Intermediates.noindex/Transactions.build/Debug-iphonesimulator/Transactions.build/Objects-normal/arm64/Transactions_const_extract_protocols.json -Xcc -iquote -Xcc /Users/darisadam/Library/Developer/Xcode/DerivedData/Madabank-hkohthnbjtgnoechirsoymtykttx/Build/Intermediates.noindex/Transactions.build/Debug-iphonesimulator/Transactions.build/Transactions-generated-files.hmap -Xcc -I/Users/darisadam/Library/Developer/Xcode/DerivedData/Madabank-hkohthnbjtgnoechirsoymtykttx/Build/Intermediates.noindex/Transactions.build/Debug-iphonesimulator/Transactions.build/Transactions-own-target-headers.hmap -Xcc -I/Users/darisadam/Library/Developer/Xcode/DerivedData/Madabank-hkohthnbjtgnoechirsoymtykttx/Build/Intermediates.noindex/Transactions.build/Debug-iphonesimulator/Transactions.build/Transactions-all-non-framework-target-headers.hmap -Xcc -ivfsoverlay -Xcc /Users/darisadam/Library/Developer/Xcode/DerivedData/Madabank-hkohthnbjtgnoechirsoymtykttx/Build/Intermediates.noindex/Transactions.build/Debug-iphonesimulator/Transactions-5088c79df1e1ae7b914a571ab0fbf32c-VFS-iphonesimulator/all-product-headers.yaml -Xcc -iquote -Xcc /Users/darisadam/Library/Developer/Xcode/DerivedData/Madabank-hkohthnbjtgnoechirsoymtykttx/Build/Intermediates.noindex/Transactions.build/Debug-iphonesimulator/Transactions.build/Transactions-project-headers.hmap -Xcc -I/Users/darisadam/Library/Developer/Xcode/DerivedData/Madabank-hkohthnbjtgnoechirsoymtykttx/Build/Products/Debug-iphonesimulator/include -Xcc -I/Users/darisadam/Documents/Projects/iOS\ Apps/madabank-ios/Madabank/Tuist/.build/checkouts/RxSwift/Sources/RxCocoaRuntime/include -Xcc -I/Users/darisadam/Library/Developer/Xcode/DerivedData/Madabank-hkohthnbjtgnoechirsoymtykttx/Build/Intermediates.noindex/Transactions.build/Debug-iphonesimulator/Transactions.build/DerivedSources-normal/arm64 -Xcc -I/Users/darisadam/Library/Developer/Xcode/DerivedData/Madabank-hkohthnbjtgnoechirsoymtykttx/Build/Intermediates.noindex/Transactions.build/Debug-iphonesimulator/Transactions.build/DerivedSources/arm64 -Xcc -I/Users/darisadam/Library/Developer/Xcode/DerivedData/Madabank-hkohthnbjtgnoechirsoymtykttx/Build/Intermediates.noindex/Transactions.build/Debug-iphonesimulator/Transactions.build/DerivedSources -Xcc -DDEBUG\=1 -emit-objc-header -emit-objc-header-path /Users/darisadam/Library/Developer/Xcode/DerivedData/Madabank-hkohthnbjtgnoechirsoymtykttx/Build/Intermediates.noindex/Transactions.build/Debug-iphonesimulator/Transactions.build/Objects-normal/arm64/Transactions-Swift.h -working-directory /Users/darisadam/Documents/Projects/iOS\ Apps/madabank-ios/Madabank/Modules/Features/Transactions -experimental-emit-module-separately -disable-cmo

Ld /Users/darisadam/Library/Developer/Xcode/DerivedData/Madabank-hkohthnbjtgnoechirsoymtykttx/Build/Products/Debug-iphonesimulator/Domain.framework/Domain normal (in target 'Domain' from project 'Domain')
    cd /Users/darisadam/Documents/Projects/iOS\ Apps/madabank-ios/Madabank/Modules/Shared/Domain
    /Applications/Xcode.app/Contents/Developer/Toolchains/XcodeDefault.xctoolchain/usr/bin/clang -Xlinker -reproducible -target arm64-apple-ios15.0-simulator -dynamiclib -isysroot /Applications/Xcode.app/Contents/Developer/Platforms/iPhoneSimulator.platform/Developer/SDKs/iPhoneSimulator26.1.sdk -O0 -L/Users/darisadam/Library/Developer/Xcode/DerivedData/Madabank-hkohthnbjtgnoechirsoymtykttx/Build/Intermediates.noindex/EagerLinkingTBDs/Debug-iphonesimulator -L/Users/darisadam/Library/Developer/Xcode/DerivedData/Madabank-hkohthnbjtgnoechirsoymtykttx/Build/Products/Debug-iphonesimulator -F/Users/darisadam/Library/Developer/Xcode/DerivedData/Madabank-hkohthnbjtgnoechirsoymtykttx/Build/Intermediates.noindex/EagerLinkingTBDs/Debug-iphonesimulator -F/Users/darisadam/Library/Developer/Xcode/DerivedData/Madabank-hkohthnbjtgnoechirsoymtykttx/Build/Products/Debug-iphonesimulator -filelist /Users/darisadam/Library/Developer/Xcode/DerivedData/Madabank-hkohthnbjtgnoechirsoymtykttx/Build/Intermediates.noindex/Domain.build/Debug-iphonesimulator/Domain.build/Objects-normal/arm64/Domain.LinkFileList -install_name @rpath/Domain.framework/Domain -Xlinker -rpath -Xlinker /usr/lib/swift -Xlinker -rpath -Xlinker @executable_path/Frameworks -Xlinker -rpath -Xlinker @loader_path/Frameworks -dead_strip -Xlinker -object_path_lto -Xlinker /Users/darisadam/Library/Developer/Xcode/DerivedData/Madabank-hkohthnbjtgnoechirsoymtykttx/Build/Intermediates.noindex/Domain.build/Debug-iphonesimulator/Domain.build/Objects-normal/arm64/Domain_lto.o -rdynamic -Xlinker -no_deduplicate -Xlinker -objc_abi_version -Xlinker 2 -Xlinker -dependency_info -Xlinker /Users/darisadam/Library/Developer/Xcode/DerivedData/Madabank-hkohthnbjtgnoechirsoymtykttx/Build/Intermediates.noindex/Domain.build/Debug-iphonesimulator/Domain.build/Objects-normal/arm64/Domain_dependency_info.dat -fobjc-link-runtime -L/Applications/Xcode.app/Contents/Developer/Toolchains/XcodeDefault.xctoolchain/usr/lib/swift/iphonesimulator -L/usr/lib/swift -Xlinker -add_ast_path -Xlinker /Users/darisadam/Library/Developer/Xcode/DerivedData/Madabank-hkohthnbjtgnoechirsoymtykttx/Build/Intermediates.noindex/Domain.build/Debug-iphonesimulator/Domain.build/Objects-normal/arm64/Domain.swiftmodule @/Users/darisadam/Library/Developer/Xcode/DerivedData/Madabank-hkohthnbjtgnoechirsoymtykttx/Build/Intermediates.noindex/Domain.build/Debug-iphonesimulator/Domain.build/Objects-normal/arm64/Domain-linker-args.resp -framework Core -framework Networking -framework RxSwift -Xlinker -no_adhoc_codesign -compatibility_version 1 -current_version 1 -o /Users/darisadam/Library/Developer/Xcode/DerivedData/Madabank-hkohthnbjtgnoechirsoymtykttx/Build/Products/Debug-iphonesimulator/Domain.framework/Domain

SwiftEmitModule normal arm64 Emitting\ module\ for\ Transactions (in target 'Transactions' from project 'Transactions')

EmitSwiftModule normal arm64 (in target 'Transactions' from project 'Transactions')
    cd /Users/darisadam/Documents/Projects/iOS\ Apps/madabank-ios/Madabank/Modules/Features/Transactions
    

SwiftCompile normal arm64 Compiling\ Transactions.swift,\ BeneficiariesListViewModel.swift /Users/darisadam/Documents/Projects/iOS\ Apps/madabank-ios/Madabank/Modules/Features/Transactions/Sources/Transactions.swift /Users/darisadam/Documents/Projects/iOS\ Apps/madabank-ios/Madabank/Modules/Features/Transactions/Sources/ViewModels/BeneficiariesListViewModel.swift (in target 'Transactions' from project 'Transactions')
Failed frontend command:
/Applications/Xcode.app/Contents/Developer/Toolchains/XcodeDefault.xctoolchain/usr/bin/swift-frontend -frontend -c -primary-file /Users/darisadam/Documents/Projects/iOS\ Apps/madabank-ios/Madabank/Modules/Features/Transactions/Sources/Transactions.swift -primary-file /Users/darisadam/Documents/Projects/iOS\ Apps/madabank-ios/Madabank/Modules/Features/Transactions/Sources/ViewModels/BeneficiariesListViewModel.swift /Users/darisadam/Documents/Projects/iOS\ Apps/madabank-ios/Madabank/Modules/Features/Transactions/Sources/ViewModels/ManageFundsViewModel.swift /Users/darisadam/Documents/Projects/iOS\ Apps/madabank-ios/Madabank/Modules/Features/Transactions/Sources/ViewModels/QRPaymentViewModel.swift /Users/darisadam/Documents/Projects/iOS\ Apps/madabank-ios/Madabank/Modules/Features/Transactions/Sources/ViewModels/TransactionDetailViewModel.swift /Users/darisadam/Documents/Projects/iOS\ Apps/madabank-ios/Madabank/Modules/Features/Transactions/Sources/ViewModels/TransactionsViewModel.swift /Users/darisadam/Documents/Projects/iOS\ Apps/madabank-ios/Madabank/Modules/Features/Transactions/Sources/ViewModels/TransferViewModel.swift /Users/darisadam/Documents/Projects/iOS\ Apps/madabank-ios/Madabank/Modules/Features/Transactions/Sources/Views/BeneficiariesListViewController.swift /Users/darisadam/Documents/Projects/iOS\ Apps/madabank-ios/Madabank/Modules/Features/Transactions/Sources/Views/ManageFundsViewController.swift /Users/darisadam/Documents/Projects/iOS\ Apps/madabank-ios/Madabank/Modules/Features/Transactions/Sources/Views/QRPaymentViewController.swift /Users/darisadam/Documents/Projects/iOS\ Apps/madabank-ios/Madabank/Modules/Features/Transactions/Sources/Views/QRScannerViewController.swift /Users/darisadam/Documents/Projects/iOS\ Apps/madabank-ios/Madabank/Modules/Features/Transactions/Sources/Views/TransactionDetailViewController.swift /Users/darisadam/Documents/Projects/iOS\ Apps/madabank-ios/Madabank/Modules/Features/Transactions/Sources/Views/TransactionsViewController.swift /Users/darisadam/Documents/Projects/iOS\ Apps/madabank-ios/Madabank/Modules/Features/Transactions/Sources/Views/TransferViewController.swift -emit-dependencies-path /Users/darisadam/Library/Developer/Xcode/DerivedData/Madabank-hkohthnbjtgnoechirsoymtykttx/Build/Intermediates.noindex/Transactions.build/Debug-iphonesimulator/Transactions.build/Objects-normal/arm64/Transactions.d -emit-const-values-path /Users/darisadam/Library/Developer/Xcode/DerivedData/Madabank-hkohthnbjtgnoechirsoymtykttx/Build/Intermediates.noindex/Transactions.build/Debug-iphonesimulator/Transactions.build/Objects-normal/arm64/Transactions.swiftconstvalues -emit-reference-dependencies-path /Users/darisadam/Library/Developer/Xcode/DerivedData/Madabank-hkohthnbjtgnoechirsoymtykttx/Build/Intermediates.noindex/Transactions.build/Debug-iphonesimulator/Transactions.build/Objects-normal/arm64/Transactions.swiftdeps -serialize-diagnostics-path /Users/darisadam/Library/Developer/Xcode/DerivedData/Madabank-hkohthnbjtgnoechirsoymtykttx/Build/Intermediates.noindex/Transactions.build/Debug-iphonesimulator/Transactions.build/Objects-normal/arm64/Transactions.dia -emit-dependencies-path /Users/darisadam/Library/Developer/Xcode/DerivedData/Madabank-hkohthnbjtgnoechirsoymtykttx/Build/Intermediates.noindex/Transactions.build/Debug-iphonesimulator/Transactions.build/Objects-normal/arm64/BeneficiariesListViewModel.d -emit-const-values-path /Users/darisadam/Library/Developer/Xcode/DerivedData/Madabank-hkohthnbjtgnoechirsoymtykttx/Build/Intermediates.noindex/Transactions.build/Debug-iphonesimulator/Transactions.build/Objects-normal/arm64/BeneficiariesListViewModel.swiftconstvalues -emit-reference-dependencies-path /Users/darisadam/Library/Developer/Xcode/DerivedData/Madabank-hkohthnbjtgnoechirsoymtykttx/Build/Intermediates.noindex/Transactions.build/Debug-iphonesimulator/Transactions.build/Objects-normal/arm64/BeneficiariesListViewModel.swiftdeps -serialize-diagnostics-path /Users/darisadam/Library/Developer/Xcode/DerivedData/Madabank-hkohthnbjtgnoechirsoymtykttx/Build/Intermediates.noindex/Transactions.build/Debug-iphonesimulator/Transactions.build/Objects-normal/arm64/BeneficiariesListViewModel.dia -target arm64-apple-ios15.0-simulator -load-resolved-plugin /Applications/Xcode.app/Contents/Developer/Platforms/iPhoneOS.platform/Developer/usr/lib/swift/host/plugins/libFoundationMacros.dylib\#/Applications/Xcode.app/Contents/Developer/Platforms/iPhoneOS.platform/Developer/usr/bin/swift-plugin-server\#FoundationMacros -load-resolved-plugin /Applications/Xcode.app/Contents/Developer/Platforms/iPhoneOS.platform/Developer/usr/lib/swift/host/plugins/libObservationMacros.dylib\#/Applications/Xcode.app/Contents/Developer/Platforms/iPhoneOS.platform/Developer/usr/bin/swift-plugin-server\#ObservationMacros -load-resolved-plugin /Applications/Xcode.app/Contents/Developer/Platforms/iPhoneOS.platform/Developer/usr/lib/swift/host/plugins/libPreviewsMacros.dylib\#/Applications/Xcode.app/Contents/Developer/Platforms/iPhoneOS.platform/Developer/usr/bin/swift-plugin-server\#PreviewsMacros -load-resolved-plugin /Applications/Xcode.app/Contents/Developer/Platforms/iPhoneOS.platform/Developer/usr/lib/swift/host/plugins/libSwiftMacros.dylib\#/Applications/Xcode.app/Contents/Developer/Platforms/iPhoneOS.platform/Developer/usr/bin/swift-plugin-server\#SwiftMacros -load-resolved-plugin /Applications/Xcode.app/Contents/Developer/Platforms/iPhoneOS.platform/Developer/usr/lib/swift/host/plugins/libSwiftUIMacros.dylib\#/Applications/Xcode.app/Contents/Developer/Platforms/iPhoneOS.platform/Developer/usr/bin/swift-plugin-server\#SwiftUIMacros -disable-implicit-swift-modules -Xcc -fno-implicit-modules -Xcc -fno-implicit-module-maps -explicit-swift-module-map-file /Users/darisadam/Library/Developer/Xcode/DerivedData/Madabank-hkohthnbjtgnoechirsoymtykttx/Build/Intermediates.noindex/Transactions.build/Debug-iphonesimulator/Transactions.build/Objects-normal/arm64/Transactions-dependencies-1.json -Xllvm -aarch64-use-tbi -enable-objc-interop -sdk /Applications/Xcode.app/Contents/Developer/Platforms/iPhoneSimulator.platform/Developer/SDKs/iPhoneSimulator26.1.sdk -I /Users/darisadam/Library/Developer/Xcode/DerivedData/Madabank-hkohthnbjtgnoechirsoymtykttx/Build/Products/Debug-iphonesimulator -F /Users/darisadam/Library/Developer/Xcode/DerivedData/Madabank-hkohthnbjtgnoechirsoymtykttx/Build/Products/Debug-iphonesimulator -no-color-diagnostics -Xcc -fno-color-diagnostics -enable-testing -g -debug-info-format\=dwarf -dwarf-version\=4 -module-cache-path /Users/darisadam/Library/Developer/Xcode/DerivedData/Madabank-hkohthnbjtgnoechirsoymtykttx/Build/Intermediates.noindex/SwiftExplicitPrecompiledModules -swift-version 5 -enforce-exclusivity\=checked -Onone -D DEBUG -serialize-debugging-options -const-gather-protocols-file /Users/darisadam/Library/Developer/Xcode/DerivedData/Madabank-hkohthnbjtgnoechirsoymtykttx/Build/Intermediates.noindex/Transactions.build/Debug-iphonesimulator/Transactions.build/Objects-normal/arm64/Transactions_const_extract_protocols.json -enable-experimental-feature DebugDescriptionMacro -enable-bare-slash-regex -empty-abi-descriptor -validate-clang-modules-once -clang-build-session-file /Users/darisadam/Library/Developer/Xcode/DerivedData/ModuleCache.noindex/Session.modulevalidation -Xcc -working-directory -Xcc /Users/darisadam/Documents/Projects/iOS\ Apps/madabank-ios/Madabank/Modules/Features/Transactions -enable-anonymous-context-mangled-names -file-compilation-dir /Users/darisadam/Documents/Projects/iOS\ Apps/madabank-ios/Madabank/Modules/Features/Transactions -Xcc -fmodule-map-file\=/Users/darisadam/Documents/Projects/iOS\ Apps/madabank-ios/Madabank/Modules/Features/Transactions/../../../Tuist/.build/tuist-derived/RxCocoaRuntime/RxCocoaRuntime.modulemap -Xcc -D_LIBCPP_HARDENING_MODE\=_LIBCPP_HARDENING_MODE_DEBUG -Xcc -ivfsstatcache -Xcc /Users/darisadam/Library/Developer/Xcode/DerivedData/SDKStatCaches.noindex/iphonesimulator26.1-23B77-3885c01c3e6b6a337905948deab2002e90cf18a4295e390e64c810bc6bd7acbc.sdkstatcache -Xcc -I/Users/darisadam/Library/Developer/Xcode/DerivedData/Madabank-hkohthnbjtgnoechirsoymtykttx/Build/Intermediates.noindex/Transactions.build/Debug-iphonesimulator/Transactions.build/swift-overrides.hmap -Xcc -iquote -Xcc /Users/darisadam/Library/Developer/Xcode/DerivedData/Madabank-hkohthnbjtgnoechirsoymtykttx/Build/Intermediates.noindex/Transactions.build/Debug-iphonesimulator/Transactions.build/Transactions-generated-files.hmap -Xcc -I/Users/darisadam/Library/Developer/Xcode/DerivedData/Madabank-hkohthnbjtgnoechirsoymtykttx/Build/Intermediates.noindex/Transactions.build/Debug-iphonesimulator/Transactions.build/Transactions-own-target-headers.hmap -Xcc -I/Users/darisadam/Library/Developer/Xcode/DerivedData/Madabank-hkohthnbjtgnoechirsoymtykttx/Build/Intermediates.noindex/Transactions.build/Debug-iphonesimulator/Transactions.build/Transactions-all-non-framework-target-headers.hmap -Xcc -ivfsoverlay -Xcc /Users/darisadam/Library/Developer/Xcode/DerivedData/Madabank-hkohthnbjtgnoechirsoymtykttx/Build/Intermediates.noindex/Transactions.build/Debug-iphonesimulator/Transactions-5088c79df1e1ae7b914a571ab0fbf32c-VFS-iphonesimulator/all-product-headers.yaml -Xcc -iquote -Xcc /Users/darisadam/Library/Developer/Xcode/DerivedData/Madabank-hkohthnbjtgnoechirsoymtykttx/Build/Intermediates.noindex/Transactions.build/Debug-iphonesimulator/Transactions.build/Transactions-project-headers.hmap -Xcc -I/Users/darisadam/Library/Developer/Xcode/DerivedData/Madabank-hkohthnbjtgnoechirsoymtykttx/Build/Products/Debug-iphonesimulator/include -Xcc -I/Users/darisadam/Documents/Projects/iOS\ Apps/madabank-ios/Madabank/Tuist/.build/checkouts/RxSwift/Sources/RxCocoaRuntime/include -Xcc -I/Users/darisadam/Library/Developer/Xcode/DerivedData/Madabank-hkohthnbjtgnoechirsoymtykttx/Build/Intermediates.noindex/Transactions.build/Debug-iphonesimulator/Transactions.build/DerivedSources-normal/arm64 -Xcc -I/Users/darisadam/Library/Developer/Xcode/DerivedData/Madabank-hkohthnbjtgnoechirsoymtykttx/Build/Intermediates.noindex/Transactions.build/Debug-iphonesimulator/Transactions.build/DerivedSources/arm64 -Xcc -I/Users/darisadam/Library/Developer/Xcode/DerivedData/Madabank-hkohthnbjtgnoechirsoymtykttx/Build/Intermediates.noindex/Transactions.build/Debug-iphonesimulator/Transactions.build/DerivedSources -Xcc -DDEBUG\=1 -no-auto-bridging-header-chaining -module-name Transactions -frontend-parseable-output -disable-clang-spi -target-sdk-version 26.1 -target-sdk-name iphonesimulator26.1 -clang-target arm64-apple-ios26.1-simulator -in-process-plugin-server-path /Applications/Xcode.app/Contents/Developer/Toolchains/XcodeDefault.xctoolchain/usr/lib/swift/host/libSwiftInProcPluginServer.dylib -o /Users/darisadam/Library/Developer/Xcode/DerivedData/Madabank-hkohthnbjtgnoechirsoymtykttx/Build/Intermediates.noindex/Transactions.build/Debug-iphonesimulator/Transactions.build/Objects-normal/arm64/Transactions.o -o /Users/darisadam/Library/Developer/Xcode/DerivedData/Madabank-hkohthnbjtgnoechirsoymtykttx/Build/Intermediates.noindex/Transactions.build/Debug-iphonesimulator/Transactions.build/Objects-normal/arm64/BeneficiariesListViewModel.o -index-unit-output-path /Transactions.build/Debug-iphonesimulator/Transactions.build/Objects-normal/arm64/Transactions.o -index-unit-output-path /Transactions.build/Debug-iphonesimulator/Transactions.build/Objects-normal/arm64/BeneficiariesListViewModel.o -index-store-path /Users/darisadam/Library/Developer/Xcode/DerivedData/Madabank-hkohthnbjtgnoechirsoymtykttx/Index.noindex/DataStore -index-system-modules

SwiftCompile normal arm64 /Users/darisadam/Documents/Projects/iOS\ Apps/madabank-ios/Madabank/Modules/Features/Transactions/Sources/Transactions.swift (in target 'Transactions' from project 'Transactions')
    cd /Users/darisadam/Documents/Projects/iOS\ Apps/madabank-ios/Madabank/Modules/Features/Transactions
    
/Users/darisadam/Documents/Projects/iOS Apps/madabank-ios/Madabank/Modules/Features/Transactions/Sources/Transactions.swift:114:67: error: no type named 'Beneficiary' in module 'Domain'
    public func showBeneficiariesList(onSelect: @escaping (Domain.Beneficiary) -> Void) {
                                                                  ^
/Users/darisadam/Documents/Projects/iOS Apps/madabank-ios/Madabank/Modules/Features/Transactions/Sources/ViewModels/TransferViewModel.swift:10:99: error: cannot find type 'Beneficiary' in scope
    public init(didFinishTransfer: @escaping () -> Void, showBeneficiaries: @escaping (@escaping (Beneficiary) -> Void) -> Void) {
                                                                                                  ^~~~~~~~~~~
/Users/darisadam/Documents/Projects/iOS Apps/madabank-ios/Madabank/Modules/Features/Transactions/Sources/Transactions.swift:63:46: error: cannot infer type of closure parameter 'onSelect' without a type annotation
            showBeneficiaries: { [weak self] onSelect in
                                             ^
/Users/darisadam/Documents/Projects/iOS Apps/madabank-ios/Madabank/Modules/Features/Transactions/Sources/Transactions.swift:116:49: error: cannot infer type of closure parameter 'beneficiary' without a type annotation
            didSelectBeneficiary: { [weak self] beneficiary in
                                                ^

SwiftCompile normal arm64 /Users/darisadam/Documents/Projects/iOS\ Apps/madabank-ios/Madabank/Modules/Features/Transactions/Sources/ViewModels/BeneficiariesListViewModel.swift (in target 'Transactions' from project 'Transactions')
    cd /Users/darisadam/Documents/Projects/iOS\ Apps/madabank-ios/Madabank/Modules/Features/Transactions
    
/Users/darisadam/Documents/Projects/iOS Apps/madabank-ios/Madabank/Modules/Features/Transactions/Sources/ViewModels/BeneficiariesListViewModel.swift:10:50: error: cannot find type 'Beneficiary' in scope
    public init(didSelectBeneficiary: @escaping (Beneficiary) -> Void, didTapAddBeneficiary: @escaping () -> Void) {
                                                 ^~~~~~~~~~~
/Users/darisadam/Documents/Projects/iOS Apps/madabank-ios/Madabank/Modules/Features/Transactions/Sources/ViewModels/BeneficiariesListViewModel.swift:7:39: error: cannot find type 'Beneficiary' in scope
    public let didSelectBeneficiary: (Beneficiary) -> Void
                                      ^~~~~~~~~~~
/Users/darisadam/Documents/Projects/iOS Apps/madabank-ios/Madabank/Modules/Features/Transactions/Sources/ViewModels/BeneficiariesListViewModel.swift:20:54: error: cannot find type 'Beneficiary' in scope
    public let didSelectBeneficiary = PublishSubject<Beneficiary>()
                                                     ^~~~~~~~~~~
/Users/darisadam/Documents/Projects/iOS Apps/madabank-ios/Madabank/Modules/Features/Transactions/Sources/ViewModels/BeneficiariesListViewModel.swift:22:54: error: cannot find type 'Beneficiary' in scope
    public let didDeleteBeneficiary = PublishSubject<Beneficiary>()
                                                     ^~~~~~~~~~~
/Users/darisadam/Documents/Projects/iOS Apps/madabank-ios/Madabank/Modules/Features/Transactions/Sources/ViewModels/BeneficiariesListViewModel.swift:25:39: error: cannot find type 'Beneficiary' in scope
    public let beneficiaries: Driver<[Beneficiary]>
                                      ^~~~~~~~~~~
/Users/darisadam/Documents/Projects/iOS Apps/madabank-ios/Madabank/Modules/Features/Transactions/Sources/ViewModels/BeneficiariesListViewModel.swift:30:42: error: cannot find type 'GetBeneficiariesUseCaseProtocol' in scope
    private let getBeneficiariesUseCase: GetBeneficiariesUseCaseProtocol
                                         ^~~~~~~~~~~~~~~~~~~~~~~~~~~~~~~
/Users/darisadam/Documents/Projects/iOS Apps/madabank-ios/Madabank/Modules/Features/Transactions/Sources/ViewModels/BeneficiariesListViewModel.swift:31:40: error: cannot find type 'AddBeneficiaryUseCaseProtocol' in scope
    private let addBeneficiaryUseCase: AddBeneficiaryUseCaseProtocol
                                       ^~~~~~~~~~~~~~~~~~~~~~~~~~~~~
/Users/darisadam/Documents/Projects/iOS Apps/madabank-ios/Madabank/Modules/Features/Transactions/Sources/ViewModels/BeneficiariesListViewModel.swift:36:53: error: cannot find type 'Beneficiary' in scope
    private let beneficiariesRelay = BehaviorRelay<[Beneficiary]>(value: [])
                                                    ^~~~~~~~~~~
/Users/darisadam/Documents/Projects/iOS Apps/madabank-ios/Madabank/Modules/Features/Transactions/Sources/ViewModels/BeneficiariesListViewModel.swift:40:42: error: cannot find type 'GetBeneficiariesUseCaseProtocol' in scope
    public init(getBeneficiariesUseCase: GetBeneficiariesUseCaseProtocol,
                                         ^~~~~~~~~~~~~~~~~~~~~~~~~~~~~~~
/Users/darisadam/Documents/Projects/iOS Apps/madabank-ios/Madabank/Modules/Features/Transactions/Sources/ViewModels/BeneficiariesListViewModel.swift:41:40: error: cannot find type 'AddBeneficiaryUseCaseProtocol' in scope
                addBeneficiaryUseCase: AddBeneficiaryUseCaseProtocol,
                                       ^~~~~~~~~~~~~~~~~~~~~~~~~~~~~
/Users/darisadam/Documents/Projects/iOS Apps/madabank-ios/Madabank/Modules/Features/Transactions/Sources/ViewModels/BeneficiariesListViewModel.swift:62:46: error: cannot infer type of closure parameter 'beneficiary' without a type annotation
            .subscribe(onNext: { [weak self] beneficiary in
                                             ^

SwiftCompile normal arm64 Compiling\ ManageFundsViewController.swift,\ QRPaymentViewController.swift /Users/darisadam/Documents/Projects/iOS\ Apps/madabank-ios/Madabank/Modules/Features/Transactions/Sources/Views/ManageFundsViewController.swift /Users/darisadam/Documents/Projects/iOS\ Apps/madabank-ios/Madabank/Modules/Features/Transactions/Sources/Views/QRPaymentViewController.swift (in target 'Transactions' from project 'Transactions')

SwiftCompile normal arm64 /Users/darisadam/Documents/Projects/iOS\ Apps/madabank-ios/Madabank/Modules/Features/Transactions/Sources/Views/ManageFundsViewController.swift (in target 'Transactions' from project 'Transactions')
    cd /Users/darisadam/Documents/Projects/iOS\ Apps/madabank-ios/Madabank/Modules/Features/Transactions
    

SwiftCompile normal arm64 /Users/darisadam/Documents/Projects/iOS\ Apps/madabank-ios/Madabank/Modules/Features/Transactions/Sources/Views/QRPaymentViewController.swift (in target 'Transactions' from project 'Transactions')
    cd /Users/darisadam/Documents/Projects/iOS\ Apps/madabank-ios/Madabank/Modules/Features/Transactions
    

SwiftCompile normal arm64 Compiling\ TransactionDetailViewModel.swift,\ TransactionsViewModel.swift /Users/darisadam/Documents/Projects/iOS\ Apps/madabank-ios/Madabank/Modules/Features/Transactions/Sources/ViewModels/TransactionDetailViewModel.swift /Users/darisadam/Documents/Projects/iOS\ Apps/madabank-ios/Madabank/Modules/Features/Transactions/Sources/ViewModels/TransactionsViewModel.swift (in target 'Transactions' from project 'Transactions')

SwiftCompile normal arm64 /Users/darisadam/Documents/Projects/iOS\ Apps/madabank-ios/Madabank/Modules/Features/Transactions/Sources/ViewModels/TransactionDetailViewModel.swift (in target 'Transactions' from project 'Transactions')
    cd /Users/darisadam/Documents/Projects/iOS\ Apps/madabank-ios/Madabank/Modules/Features/Transactions
    

SwiftCompile normal arm64 /Users/darisadam/Documents/Projects/iOS\ Apps/madabank-ios/Madabank/Modules/Features/Transactions/Sources/ViewModels/TransactionsViewModel.swift (in target 'Transactions' from project 'Transactions')
    cd /Users/darisadam/Documents/Projects/iOS\ Apps/madabank-ios/Madabank/Modules/Features/Transactions
    

SwiftCompile normal arm64 Compiling\ TransferViewModel.swift,\ BeneficiariesListViewController.swift /Users/darisadam/Documents/Projects/iOS\ Apps/madabank-ios/Madabank/Modules/Features/Transactions/Sources/ViewModels/TransferViewModel.swift /Users/darisadam/Documents/Projects/iOS\ Apps/madabank-ios/Madabank/Modules/Features/Transactions/Sources/Views/BeneficiariesListViewController.swift (in target 'Transactions' from project 'Transactions')

SwiftCompile normal arm64 /Users/darisadam/Documents/Projects/iOS\ Apps/madabank-ios/Madabank/Modules/Features/Transactions/Sources/ViewModels/TransferViewModel.swift (in target 'Transactions' from project 'Transactions')
    cd /Users/darisadam/Documents/Projects/iOS\ Apps/madabank-ios/Madabank/Modules/Features/Transactions
    

SwiftCompile normal arm64 /Users/darisadam/Documents/Projects/iOS\ Apps/madabank-ios/Madabank/Modules/Features/Transactions/Sources/Views/BeneficiariesListViewController.swift (in target 'Transactions' from project 'Transactions')
    cd /Users/darisadam/Documents/Projects/iOS\ Apps/madabank-ios/Madabank/Modules/Features/Transactions
    

SwiftCompile normal arm64 Compiling\ ManageFundsViewModel.swift,\ QRPaymentViewModel.swift /Users/darisadam/Documents/Projects/iOS\ Apps/madabank-ios/Madabank/Modules/Features/Transactions/Sources/ViewModels/ManageFundsViewModel.swift /Users/darisadam/Documents/Projects/iOS\ Apps/madabank-ios/Madabank/Modules/Features/Transactions/Sources/ViewModels/QRPaymentViewModel.swift (in target 'Transactions' from project 'Transactions')
Failed frontend command:
/Applications/Xcode.app/Contents/Developer/Toolchains/XcodeDefault.xctoolchain/usr/bin/swift-frontend -frontend -c /Users/darisadam/Documents/Projects/iOS\ Apps/madabank-ios/Madabank/Modules/Features/Transactions/Sources/Transactions.swift /Users/darisadam/Documents/Projects/iOS\ Apps/madabank-ios/Madabank/Modules/Features/Transactions/Sources/ViewModels/BeneficiariesListViewModel.swift -primary-file /Users/darisadam/Documents/Projects/iOS\ Apps/madabank-ios/Madabank/Modules/Features/Transactions/Sources/ViewModels/ManageFundsViewModel.swift -primary-file /Users/darisadam/Documents/Projects/iOS\ Apps/madabank-ios/Madabank/Modules/Features/Transactions/Sources/ViewModels/QRPaymentViewModel.swift /Users/darisadam/Documents/Projects/iOS\ Apps/madabank-ios/Madabank/Modules/Features/Transactions/Sources/ViewModels/TransactionDetailViewModel.swift /Users/darisadam/Documents/Projects/iOS\ Apps/madabank-ios/Madabank/Modules/Features/Transactions/Sources/ViewModels/TransactionsViewModel.swift /Users/darisadam/Documents/Projects/iOS\ Apps/madabank-ios/Madabank/Modules/Features/Transactions/Sources/ViewModels/TransferViewModel.swift /Users/darisadam/Documents/Projects/iOS\ Apps/madabank-ios/Madabank/Modules/Features/Transactions/Sources/Views/BeneficiariesListViewController.swift /Users/darisadam/Documents/Projects/iOS\ Apps/madabank-ios/Madabank/Modules/Features/Transactions/Sources/Views/ManageFundsViewController.swift /Users/darisadam/Documents/Projects/iOS\ Apps/madabank-ios/Madabank/Modules/Features/Transactions/Sources/Views/QRPaymentViewController.swift /Users/darisadam/Documents/Projects/iOS\ Apps/madabank-ios/Madabank/Modules/Features/Transactions/Sources/Views/QRScannerViewController.swift /Users/darisadam/Documents/Projects/iOS\ Apps/madabank-ios/Madabank/Modules/Features/Transactions/Sources/Views/TransactionDetailViewController.swift /Users/darisadam/Documents/Projects/iOS\ Apps/madabank-ios/Madabank/Modules/Features/Transactions/Sources/Views/TransactionsViewController.swift /Users/darisadam/Documents/Projects/iOS\ Apps/madabank-ios/Madabank/Modules/Features/Transactions/Sources/Views/TransferViewController.swift -emit-dependencies-path /Users/darisadam/Library/Developer/Xcode/DerivedData/Madabank-hkohthnbjtgnoechirsoymtykttx/Build/Intermediates.noindex/Transactions.build/Debug-iphonesimulator/Transactions.build/Objects-normal/arm64/ManageFundsViewModel.d -emit-const-values-path /Users/darisadam/Library/Developer/Xcode/DerivedData/Madabank-hkohthnbjtgnoechirsoymtykttx/Build/Intermediates.noindex/Transactions.build/Debug-iphonesimulator/Transactions.build/Objects-normal/arm64/ManageFundsViewModel.swiftconstvalues -emit-reference-dependencies-path /Users/darisadam/Library/Developer/Xcode/DerivedData/Madabank-hkohthnbjtgnoechirsoymtykttx/Build/Intermediates.noindex/Transactions.build/Debug-iphonesimulator/Transactions.build/Objects-normal/arm64/ManageFundsViewModel.swiftdeps -serialize-diagnostics-path /Users/darisadam/Library/Developer/Xcode/DerivedData/Madabank-hkohthnbjtgnoechirsoymtykttx/Build/Intermediates.noindex/Transactions.build/Debug-iphonesimulator/Transactions.build/Objects-normal/arm64/ManageFundsViewModel.dia -emit-dependencies-path /Users/darisadam/Library/Developer/Xcode/DerivedData/Madabank-hkohthnbjtgnoechirsoymtykttx/Build/Intermediates.noindex/Transactions.build/Debug-iphonesimulator/Transactions.build/Objects-normal/arm64/QRPaymentViewModel.d -emit-const-values-path /Users/darisadam/Library/Developer/Xcode/DerivedData/Madabank-hkohthnbjtgnoechirsoymtykttx/Build/Intermediates.noindex/Transactions.build/Debug-iphonesimulator/Transactions.build/Objects-normal/arm64/QRPaymentViewModel.swiftconstvalues -emit-reference-dependencies-path /Users/darisadam/Library/Developer/Xcode/DerivedData/Madabank-hkohthnbjtgnoechirsoymtykttx/Build/Intermediates.noindex/Transactions.build/Debug-iphonesimulator/Transactions.build/Objects-normal/arm64/QRPaymentViewModel.swiftdeps -serialize-diagnostics-path /Users/darisadam/Library/Developer/Xcode/DerivedData/Madabank-hkohthnbjtgnoechirsoymtykttx/Build/Intermediates.noindex/Transactions.build/Debug-iphonesimulator/Transactions.build/Objects-normal/arm64/QRPaymentViewModel.dia -target arm64-apple-ios15.0-simulator -load-resolved-plugin /Applications/Xcode.app/Contents/Developer/Platforms/iPhoneOS.platform/Developer/usr/lib/swift/host/plugins/libFoundationMacros.dylib\#/Applications/Xcode.app/Contents/Developer/Platforms/iPhoneOS.platform/Developer/usr/bin/swift-plugin-server\#FoundationMacros -load-resolved-plugin /Applications/Xcode.app/Contents/Developer/Platforms/iPhoneOS.platform/Developer/usr/lib/swift/host/plugins/libObservationMacros.dylib\#/Applications/Xcode.app/Contents/Developer/Platforms/iPhoneOS.platform/Developer/usr/bin/swift-plugin-server\#ObservationMacros -load-resolved-plugin /Applications/Xcode.app/Contents/Developer/Platforms/iPhoneOS.platform/Developer/usr/lib/swift/host/plugins/libPreviewsMacros.dylib\#/Applications/Xcode.app/Contents/Developer/Platforms/iPhoneOS.platform/Developer/usr/bin/swift-plugin-server\#PreviewsMacros -load-resolved-plugin /Applications/Xcode.app/Contents/Developer/Platforms/iPhoneOS.platform/Developer/usr/lib/swift/host/plugins/libSwiftMacros.dylib\#/Applications/Xcode.app/Contents/Developer/Platforms/iPhoneOS.platform/Developer/usr/bin/swift-plugin-server\#SwiftMacros -load-resolved-plugin /Applications/Xcode.app/Contents/Developer/Platforms/iPhoneOS.platform/Developer/usr/lib/swift/host/plugins/libSwiftUIMacros.dylib\#/Applications/Xcode.app/Contents/Developer/Platforms/iPhoneOS.platform/Developer/usr/bin/swift-plugin-server\#SwiftUIMacros -disable-implicit-swift-modules -Xcc -fno-implicit-modules -Xcc -fno-implicit-module-maps -explicit-swift-module-map-file /Users/darisadam/Library/Developer/Xcode/DerivedData/Madabank-hkohthnbjtgnoechirsoymtykttx/Build/Intermediates.noindex/Transactions.build/Debug-iphonesimulator/Transactions.build/Objects-normal/arm64/Transactions-dependencies-1.json -Xllvm -aarch64-use-tbi -enable-objc-interop -sdk /Applications/Xcode.app/Contents/Developer/Platforms/iPhoneSimulator.platform/Developer/SDKs/iPhoneSimulator26.1.sdk -I /Users/darisadam/Library/Developer/Xcode/DerivedData/Madabank-hkohthnbjtgnoechirsoymtykttx/Build/Products/Debug-iphonesimulator -F /Users/darisadam/Library/Developer/Xcode/DerivedData/Madabank-hkohthnbjtgnoechirsoymtykttx/Build/Products/Debug-iphonesimulator -no-color-diagnostics -Xcc -fno-color-diagnostics -enable-testing -g -debug-info-format\=dwarf -dwarf-version\=4 -module-cache-path /Users/darisadam/Library/Developer/Xcode/DerivedData/Madabank-hkohthnbjtgnoechirsoymtykttx/Build/Intermediates.noindex/SwiftExplicitPrecompiledModules -swift-version 5 -enforce-exclusivity\=checked -Onone -D DEBUG -serialize-debugging-options -const-gather-protocols-file /Users/darisadam/Library/Developer/Xcode/DerivedData/Madabank-hkohthnbjtgnoechirsoymtykttx/Build/Intermediates.noindex/Transactions.build/Debug-iphonesimulator/Transactions.build/Objects-normal/arm64/Transactions_const_extract_protocols.json -enable-experimental-feature DebugDescriptionMacro -enable-bare-slash-regex -empty-abi-descriptor -validate-clang-modules-once -clang-build-session-file /Users/darisadam/Library/Developer/Xcode/DerivedData/ModuleCache.noindex/Session.modulevalidation -Xcc -working-directory -Xcc /Users/darisadam/Documents/Projects/iOS\ Apps/madabank-ios/Madabank/Modules/Features/Transactions -enable-anonymous-context-mangled-names -file-compilation-dir /Users/darisadam/Documents/Projects/iOS\ Apps/madabank-ios/Madabank/Modules/Features/Transactions -Xcc -fmodule-map-file\=/Users/darisadam/Documents/Projects/iOS\ Apps/madabank-ios/Madabank/Modules/Features/Transactions/../../../Tuist/.build/tuist-derived/RxCocoaRuntime/RxCocoaRuntime.modulemap -Xcc -D_LIBCPP_HARDENING_MODE\=_LIBCPP_HARDENING_MODE_DEBUG -Xcc -ivfsstatcache -Xcc /Users/darisadam/Library/Developer/Xcode/DerivedData/SDKStatCaches.noindex/iphonesimulator26.1-23B77-3885c01c3e6b6a337905948deab2002e90cf18a4295e390e64c810bc6bd7acbc.sdkstatcache -Xcc -I/Users/darisadam/Library/Developer/Xcode/DerivedData/Madabank-hkohthnbjtgnoechirsoymtykttx/Build/Intermediates.noindex/Transactions.build/Debug-iphonesimulator/Transactions.build/swift-overrides.hmap -Xcc -iquote -Xcc /Users/darisadam/Library/Developer/Xcode/DerivedData/Madabank-hkohthnbjtgnoechirsoymtykttx/Build/Intermediates.noindex/Transactions.build/Debug-iphonesimulator/Transactions.build/Transactions-generated-files.hmap -Xcc -I/Users/darisadam/Library/Developer/Xcode/DerivedData/Madabank-hkohthnbjtgnoechirsoymtykttx/Build/Intermediates.noindex/Transactions.build/Debug-iphonesimulator/Transactions.build/Transactions-own-target-headers.hmap -Xcc -I/Users/darisadam/Library/Developer/Xcode/DerivedData/Madabank-hkohthnbjtgnoechirsoymtykttx/Build/Intermediates.noindex/Transactions.build/Debug-iphonesimulator/Transactions.build/Transactions-all-non-framework-target-headers.hmap -Xcc -ivfsoverlay -Xcc /Users/darisadam/Library/Developer/Xcode/DerivedData/Madabank-hkohthnbjtgnoechirsoymtykttx/Build/Intermediates.noindex/Transactions.build/Debug-iphonesimulator/Transactions-5088c79df1e1ae7b914a571ab0fbf32c-VFS-iphonesimulator/all-product-headers.yaml -Xcc -iquote -Xcc /Users/darisadam/Library/Developer/Xcode/DerivedData/Madabank-hkohthnbjtgnoechirsoymtykttx/Build/Intermediates.noindex/Transactions.build/Debug-iphonesimulator/Transactions.build/Transactions-project-headers.hmap -Xcc -I/Users/darisadam/Library/Developer/Xcode/DerivedData/Madabank-hkohthnbjtgnoechirsoymtykttx/Build/Products/Debug-iphonesimulator/include -Xcc -I/Users/darisadam/Documents/Projects/iOS\ Apps/madabank-ios/Madabank/Tuist/.build/checkouts/RxSwift/Sources/RxCocoaRuntime/include -Xcc -I/Users/darisadam/Library/Developer/Xcode/DerivedData/Madabank-hkohthnbjtgnoechirsoymtykttx/Build/Intermediates.noindex/Transactions.build/Debug-iphonesimulator/Transactions.build/DerivedSources-normal/arm64 -Xcc -I/Users/darisadam/Library/Developer/Xcode/DerivedData/Madabank-hkohthnbjtgnoechirsoymtykttx/Build/Intermediates.noindex/Transactions.build/Debug-iphonesimulator/Transactions.build/DerivedSources/arm64 -Xcc -I/Users/darisadam/Library/Developer/Xcode/DerivedData/Madabank-hkohthnbjtgnoechirsoymtykttx/Build/Intermediates.noindex/Transactions.build/Debug-iphonesimulator/Transactions.build/DerivedSources -Xcc -DDEBUG\=1 -no-auto-bridging-header-chaining -module-name Transactions -frontend-parseable-output -disable-clang-spi -target-sdk-version 26.1 -target-sdk-name iphonesimulator26.1 -clang-target arm64-apple-ios26.1-simulator -in-process-plugin-server-path /Applications/Xcode.app/Contents/Developer/Toolchains/XcodeDefault.xctoolchain/usr/lib/swift/host/libSwiftInProcPluginServer.dylib -o /Users/darisadam/Library/Developer/Xcode/DerivedData/Madabank-hkohthnbjtgnoechirsoymtykttx/Build/Intermediates.noindex/Transactions.build/Debug-iphonesimulator/Transactions.build/Objects-normal/arm64/ManageFundsViewModel.o -o /Users/darisadam/Library/Developer/Xcode/DerivedData/Madabank-hkohthnbjtgnoechirsoymtykttx/Build/Intermediates.noindex/Transactions.build/Debug-iphonesimulator/Transactions.build/Objects-normal/arm64/QRPaymentViewModel.o -index-unit-output-path /Transactions.build/Debug-iphonesimulator/Transactions.build/Objects-normal/arm64/ManageFundsViewModel.o -index-unit-output-path /Transactions.build/Debug-iphonesimulator/Transactions.build/Objects-normal/arm64/QRPaymentViewModel.o -index-store-path /Users/darisadam/Library/Developer/Xcode/DerivedData/Madabank-hkohthnbjtgnoechirsoymtykttx/Index.noindex/DataStore -index-system-modules

SwiftCompile normal arm64 /Users/darisadam/Documents/Projects/iOS\ Apps/madabank-ios/Madabank/Modules/Features/Transactions/Sources/ViewModels/ManageFundsViewModel.swift (in target 'Transactions' from project 'Transactions')
    cd /Users/darisadam/Documents/Projects/iOS\ Apps/madabank-ios/Madabank/Modules/Features/Transactions
    
/Users/darisadam/Documents/Projects/iOS Apps/madabank-ios/Madabank/Modules/Features/Transactions/Sources/ViewModels/ManageFundsViewModel.swift:43:33: error: cannot find type 'DepositUseCaseProtocol' in scope
    private let depositUseCase: DepositUseCaseProtocol
                                ^~~~~~~~~~~~~~~~~~~~~~
/Users/darisadam/Documents/Projects/iOS Apps/madabank-ios/Madabank/Modules/Features/Transactions/Sources/ViewModels/ManageFundsViewModel.swift:44:34: error: cannot find type 'WithdrawUseCaseProtocol' in scope
    private let withdrawUseCase: WithdrawUseCaseProtocol
                                 ^~~~~~~~~~~~~~~~~~~~~~~
/Users/darisadam/Documents/Projects/iOS Apps/madabank-ios/Madabank/Modules/Features/Transactions/Sources/ViewModels/ManageFundsViewModel.swift:50:33: error: cannot find type 'DepositUseCaseProtocol' in scope
                depositUseCase: DepositUseCaseProtocol,
                                ^~~~~~~~~~~~~~~~~~~~~~
/Users/darisadam/Documents/Projects/iOS Apps/madabank-ios/Madabank/Modules/Features/Transactions/Sources/ViewModels/ManageFundsViewModel.swift:51:34: error: cannot find type 'WithdrawUseCaseProtocol' in scope
                withdrawUseCase: WithdrawUseCaseProtocol,
                                 ^~~~~~~~~~~~~~~~~~~~~~~

SwiftCompile normal arm64 /Users/darisadam/Documents/Projects/iOS\ Apps/madabank-ios/Madabank/Modules/Features/Transactions/Sources/ViewModels/QRPaymentViewModel.swift (in target 'Transactions' from project 'Transactions')
    cd /Users/darisadam/Documents/Projects/iOS\ Apps/madabank-ios/Madabank/Modules/Features/Transactions
    

SwiftCompile normal arm64 Compiling\ TransactionsViewController.swift /Users/darisadam/Documents/Projects/iOS\ Apps/madabank-ios/Madabank/Modules/Features/Transactions/Sources/Views/TransactionsViewController.swift (in target 'Transactions' from project 'Transactions')

SwiftCompile normal arm64 Compiling\ TransferViewController.swift /Users/darisadam/Documents/Projects/iOS\ Apps/madabank-ios/Madabank/Modules/Features/Transactions/Sources/Views/TransferViewController.swift (in target 'Transactions' from project 'Transactions')

** BUILD FAILED **


The following build commands failed:
	SwiftCompile normal arm64 Compiling\ Transactions.swift,\ BeneficiariesListViewModel.swift /Users/darisadam/Documents/Projects/iOS\ Apps/madabank-ios/Madabank/Modules/Features/Transactions/Sources/Transactions.swift /Users/darisadam/Documents/Projects/iOS\ Apps/madabank-ios/Madabank/Modules/Features/Transactions/Sources/ViewModels/BeneficiariesListViewModel.swift (in target 'Transactions' from project 'Transactions')
	SwiftCompile normal arm64 /Users/darisadam/Documents/Projects/iOS\ Apps/madabank-ios/Madabank/Modules/Features/Transactions/Sources/Transactions.swift (in target 'Transactions' from project 'Transactions')
	SwiftCompile normal arm64 /Users/darisadam/Documents/Projects/iOS\ Apps/madabank-ios/Madabank/Modules/Features/Transactions/Sources/ViewModels/BeneficiariesListViewModel.swift (in target 'Transactions' from project 'Transactions')
	SwiftCompile normal arm64 Compiling\ ManageFundsViewModel.swift,\ QRPaymentViewModel.swift /Users/darisadam/Documents/Projects/iOS\ Apps/madabank-ios/Madabank/Modules/Features/Transactions/Sources/ViewModels/ManageFundsViewModel.swift /Users/darisadam/Documents/Projects/iOS\ Apps/madabank-ios/Madabank/Modules/Features/Transactions/Sources/ViewModels/QRPaymentViewModel.swift (in target 'Transactions' from project 'Transactions')
	SwiftCompile normal arm64 /Users/darisadam/Documents/Projects/iOS\ Apps/madabank-ios/Madabank/Modules/Features/Transactions/Sources/ViewModels/ManageFundsViewModel.swift (in target 'Transactions' from project 'Transactions')
	Building workspace Madabank with scheme Transactions
(6 failures)
