Command line invocation:
    /Applications/Xcode.app/Contents/Developer/usr/bin/xcodebuild build -workspace Madabank.xcworkspace -scheme Madabank -destination "platform=iOS Simulator,name=iPhone 17 Pro"

Build Preparation
Build task concurrency set to 8 via user default IDEBuildOperationMaxNumberOfConcurrentCompileTasks

ComputePackagePrebuildTargetDependencyGraph

Prepare packages

CreateBuildRequest

SendProjectDescription

CreateBuildOperation

ComputeTargetDependencyGraph
note: Building targets in dependency order
note: Target dependency graph (20 targets)
    Target 'Madabank' in project 'Madabank'
        ➜ Implicit dependency on target 'Accounts' in project 'Accounts' via file 'Accounts.framework' in build phase 'Link Binary'
        ➜ Implicit dependency on target 'Auth' in project 'Auth' via file 'Auth.framework' in build phase 'Link Binary'
        ➜ Implicit dependency on target 'Cards' in project 'Cards' via file 'Cards.framework' in build phase 'Link Binary'
        ➜ Implicit dependency on target 'Home' in project 'Home' via file 'Home.framework' in build phase 'Link Binary'
        ➜ Implicit dependency on target 'IQKeyboardManagerSwift' in project 'IQKeyboardManagerSwift' via file 'IQKeyboardManagerSwift.framework' in build phase 'Link Binary'
        ➜ Implicit dependency on target 'Profile' in project 'Profile' via file 'Profile.framework' in build phase 'Link Binary'
        ➜ Implicit dependency on target 'RxCocoa' in project 'RxSwift' via file 'RxCocoa.framework' in build phase 'Link Binary'
        ➜ Implicit dependency on target 'RxSwift' in project 'RxSwift' via file 'RxSwift.framework' in build phase 'Link Binary'
        ➜ Implicit dependency on target 'Transactions' in project 'Transactions' via file 'Transactions.framework' in build phase 'Link Binary'
        ➜ Implicit dependency on target 'netfox' in project 'netfox' via file 'netfox.framework' in build phase 'Link Binary'
        ➜ Implicit dependency on target 'Alamofire' in project 'Alamofire' via file 'Alamofire.framework' in build phase 'Copy Files'
        ➜ Implicit dependency on target 'CommonUI' in project 'CommonUI' via file 'CommonUI.framework' in build phase 'Copy Files'
        ➜ Implicit dependency on target 'Core' in project 'Core' via file 'Core.framework' in build phase 'Copy Files'
        ➜ Implicit dependency on target 'Data' in project 'Data' via file 'Data.framework' in build phase 'Copy Files'
        ➜ Implicit dependency on target 'Domain' in project 'Domain' via file 'Domain.framework' in build phase 'Copy Files'
        ➜ Implicit dependency on target 'Networking' in project 'Networking' via file 'Networking.framework' in build phase 'Copy Files'
        ➜ Implicit dependency on target 'RxCocoaRuntime' in project 'RxSwift' via file 'RxCocoaRuntime.framework' in build phase 'Copy Files'
        ➜ Implicit dependency on target 'RxRelay' in project 'RxSwift' via file 'RxRelay.framework' in build phase 'Copy Files'
        ➜ Implicit dependency on target 'SnapKit' in project 'SnapKit' via file 'SnapKit.framework' in build phase 'Copy Files'
    Target 'netfox' in project 'netfox' (no dependencies)
    Target 'Transactions' in project 'Transactions'
        ➜ Implicit dependency on target 'CommonUI' in project 'CommonUI' via file 'CommonUI.framework' in build phase 'Link Binary'
        ➜ Implicit dependency on target 'Data' in project 'Data' via file 'Data.framework' in build phase 'Link Binary'
        ➜ Implicit dependency on target 'Domain' in project 'Domain' via file 'Domain.framework' in build phase 'Link Binary'
        ➜ Implicit dependency on target 'RxCocoa' in project 'RxSwift' via file 'RxCocoa.framework' in build phase 'Link Binary'
        ➜ Implicit dependency on target 'RxSwift' in project 'RxSwift' via file 'RxSwift.framework' in build phase 'Link Binary'
    Target 'Profile' in project 'Profile'
        ➜ Implicit dependency on target 'CommonUI' in project 'CommonUI' via file 'CommonUI.framework' in build phase 'Link Binary'
        ➜ Implicit dependency on target 'Data' in project 'Data' via file 'Data.framework' in build phase 'Link Binary'
        ➜ Implicit dependency on target 'Domain' in project 'Domain' via file 'Domain.framework' in build phase 'Link Binary'
        ➜ Implicit dependency on target 'RxCocoa' in project 'RxSwift' via file 'RxCocoa.framework' in build phase 'Link Binary'
        ➜ Implicit dependency on target 'RxSwift' in project 'RxSwift' via file 'RxSwift.framework' in build phase 'Link Binary'
    Target 'IQKeyboardManagerSwift' in project 'IQKeyboardManagerSwift' (no dependencies)
    Target 'Home' in project 'Home'
        ➜ Implicit dependency on target 'CommonUI' in project 'CommonUI' via file 'CommonUI.framework' in build phase 'Link Binary'
        ➜ Implicit dependency on target 'Data' in project 'Data' via file 'Data.framework' in build phase 'Link Binary'
        ➜ Implicit dependency on target 'Domain' in project 'Domain' via file 'Domain.framework' in build phase 'Link Binary'
        ➜ Implicit dependency on target 'RxCocoa' in project 'RxSwift' via file 'RxCocoa.framework' in build phase 'Link Binary'
        ➜ Implicit dependency on target 'RxSwift' in project 'RxSwift' via file 'RxSwift.framework' in build phase 'Link Binary'
    Target 'Cards' in project 'Cards'
        ➜ Implicit dependency on target 'CommonUI' in project 'CommonUI' via file 'CommonUI.framework' in build phase 'Link Binary'
        ➜ Implicit dependency on target 'Data' in project 'Data' via file 'Data.framework' in build phase 'Link Binary'
        ➜ Implicit dependency on target 'Domain' in project 'Domain' via file 'Domain.framework' in build phase 'Link Binary'
        ➜ Implicit dependency on target 'RxCocoa' in project 'RxSwift' via file 'RxCocoa.framework' in build phase 'Link Binary'
        ➜ Implicit dependency on target 'RxSwift' in project 'RxSwift' via file 'RxSwift.framework' in build phase 'Link Binary'
    Target 'Auth' in project 'Auth'
        ➜ Implicit dependency on target 'CommonUI' in project 'CommonUI' via file 'CommonUI.framework' in build phase 'Link Binary'
        ➜ Implicit dependency on target 'Data' in project 'Data' via file 'Data.framework' in build phase 'Link Binary'
        ➜ Implicit dependency on target 'Domain' in project 'Domain' via file 'Domain.framework' in build phase 'Link Binary'
        ➜ Implicit dependency on target 'RxCocoa' in project 'RxSwift' via file 'RxCocoa.framework' in build phase 'Link Binary'
        ➜ Implicit dependency on target 'RxSwift' in project 'RxSwift' via file 'RxSwift.framework' in build phase 'Link Binary'
    Target 'Accounts' in project 'Accounts'
        ➜ Implicit dependency on target 'CommonUI' in project 'CommonUI' via file 'CommonUI.framework' in build phase 'Link Binary'
        ➜ Implicit dependency on target 'Data' in project 'Data' via file 'Data.framework' in build phase 'Link Binary'
        ➜ Implicit dependency on target 'Domain' in project 'Domain' via file 'Domain.framework' in build phase 'Link Binary'
        ➜ Implicit dependency on target 'RxCocoa' in project 'RxSwift' via file 'RxCocoa.framework' in build phase 'Link Binary'
        ➜ Implicit dependency on target 'RxSwift' in project 'RxSwift' via file 'RxSwift.framework' in build phase 'Link Binary'
    Target 'Data' in project 'Data'
        ➜ Implicit dependency on target 'Domain' in project 'Domain' via file 'Domain.framework' in build phase 'Link Binary'
        ➜ Implicit dependency on target 'Networking' in project 'Networking' via file 'Networking.framework' in build phase 'Link Binary'
        ➜ Implicit dependency on target 'RxSwift' in project 'RxSwift' via file 'RxSwift.framework' in build phase 'Link Binary'
    Target 'Domain' in project 'Domain'
        ➜ Implicit dependency on target 'Core' in project 'Core' via file 'Core.framework' in build phase 'Link Binary'
        ➜ Implicit dependency on target 'Networking' in project 'Networking' via file 'Networking.framework' in build phase 'Link Binary'
        ➜ Implicit dependency on target 'RxSwift' in project 'RxSwift' via file 'RxSwift.framework' in build phase 'Link Binary'
    Target 'Networking' in project 'Networking'
        ➜ Implicit dependency on target 'Alamofire' in project 'Alamofire' via file 'Alamofire.framework' in build phase 'Link Binary'
        ➜ Implicit dependency on target 'Core' in project 'Core' via file 'Core.framework' in build phase 'Link Binary'
    Target 'Alamofire' in project 'Alamofire' (no dependencies)
    Target 'CommonUI' in project 'CommonUI'
        ➜ Implicit dependency on target 'Core' in project 'Core' via file 'Core.framework' in build phase 'Link Binary'
        ➜ Implicit dependency on target 'RxCocoa' in project 'RxSwift' via file 'RxCocoa.framework' in build phase 'Link Binary'
        ➜ Implicit dependency on target 'RxSwift' in project 'RxSwift' via file 'RxSwift.framework' in build phase 'Link Binary'
        ➜ Implicit dependency on target 'SnapKit' in project 'SnapKit' via file 'SnapKit.framework' in build phase 'Link Binary'
    Target 'SnapKit' in project 'SnapKit' (no dependencies)
    Target 'RxCocoa' in project 'RxSwift'
        ➜ Explicit dependency on target 'RxCocoaRuntime' in project 'RxSwift'
        ➜ Explicit dependency on target 'RxRelay' in project 'RxSwift'
        ➜ Explicit dependency on target 'RxSwift' in project 'RxSwift'
    Target 'RxRelay' in project 'RxSwift'
        ➜ Explicit dependency on target 'RxSwift' in project 'RxSwift'
    Target 'RxCocoaRuntime' in project 'RxSwift'
        ➜ Explicit dependency on target 'RxSwift' in project 'RxSwift'
    Target 'RxSwift' in project 'RxSwift' (no dependencies)
    Target 'Core' in project 'Core' (no dependencies)

GatherProvisioningInputs

CreateBuildDescription

ExecuteExternalTool /Applications/Xcode.app/Contents/Developer/Toolchains/XcodeDefault.xctoolchain/usr/bin/clang -v -E -dM -arch arm64 -isysroot /Applications/Xcode.app/Contents/Developer/Platforms/iPhoneSimulator.platform/Developer/SDKs/iPhoneSimulator26.1.sdk -x c -c /dev/null

ExecuteExternalTool /Applications/Xcode.app/Contents/Developer/Toolchains/XcodeDefault.xctoolchain/usr/bin/clang -v -E -dM -isysroot /Applications/Xcode.app/Contents/Developer/Platforms/iPhoneSimulator.platform/Developer/SDKs/iPhoneSimulator26.1.sdk -x c -c /dev/null

ExecuteExternalTool /Applications/Xcode.app/Contents/Developer/usr/bin/actool --print-asset-tag-combinations --output-format xml1 /Users/darisadam/Documents/Projects/iOS Apps/madabank-ios/Madabank/Madabank/Resources/Assets.xcassets /Users/darisadam/Documents/Projects/iOS Apps/madabank-ios/Madabank/Madabank/Resources/Preview Content/Preview Assets.xcassets

ExecuteExternalTool /Applications/Xcode.app/Contents/Developer/Toolchains/XcodeDefault.xctoolchain/usr/bin/swiftc --version

ExecuteExternalTool /Applications/Xcode.app/Contents/Developer/Toolchains/XcodeDefault.xctoolchain/usr/bin/clang -v -E -dM -arch arm64 -isysroot /Applications/Xcode.app/Contents/Developer/Platforms/iPhoneSimulator.platform/Developer/SDKs/iPhoneSimulator26.1.sdk -x objective-c -c /dev/null

ExecuteExternalTool /Applications/Xcode.app/Contents/Developer/Toolchains/XcodeDefault.xctoolchain/usr/bin/ld -version_details

ExecuteExternalTool /Applications/Xcode.app/Contents/Developer/usr/bin/actool --version --output-format xml1

Build description signature: 0642165fed6f6c9e9db8b9f48f34cae2
Build description path: /Users/darisadam/Library/Developer/Xcode/DerivedData/Madabank-hkohthnbjtgnoechirsoymtykttx/Build/Intermediates.noindex/XCBuildData/0642165fed6f6c9e9db8b9f48f34cae2.xcbuilddata
ClangStatCache /Applications/Xcode.app/Contents/Developer/Toolchains/XcodeDefault.xctoolchain/usr/bin/clang-stat-cache /Applications/Xcode.app/Contents/Developer/Platforms/iPhoneSimulator.platform/Developer/SDKs/iPhoneSimulator26.1.sdk /Users/darisadam/Library/Developer/Xcode/DerivedData/SDKStatCaches.noindex/iphonesimulator26.1-23B77-3885c01c3e6b6a337905948deab2002e90cf18a4295e390e64c810bc6bd7acbc.sdkstatcache
    cd /Users/darisadam/Documents/Projects/iOS\ Apps/madabank-ios/Madabank
    /Applications/Xcode.app/Contents/Developer/Toolchains/XcodeDefault.xctoolchain/usr/bin/clang-stat-cache /Applications/Xcode.app/Contents/Developer/Platforms/iPhoneSimulator.platform/Developer/SDKs/iPhoneSimulator26.1.sdk -o /Users/darisadam/Library/Developer/Xcode/DerivedData/SDKStatCaches.noindex/iphonesimulator26.1-23B77-3885c01c3e6b6a337905948deab2002e90cf18a4295e390e64c810bc6bd7acbc.sdkstatcache

WriteAuxiliaryFile /Users/darisadam/Library/Developer/Xcode/DerivedData/Madabank-hkohthnbjtgnoechirsoymtykttx/Build/Intermediates.noindex/Profile.build/Debug-iphonesimulator/Profile-2467ca3073161e8f17e14bc6987dea85-VFS-iphonesimulator/all-product-headers.yaml
    cd /Users/darisadam/Documents/Projects/iOS\ Apps/madabank-ios/Madabank
    write-file /Users/darisadam/Library/Developer/Xcode/DerivedData/Madabank-hkohthnbjtgnoechirsoymtykttx/Build/Intermediates.noindex/Profile.build/Debug-iphonesimulator/Profile-2467ca3073161e8f17e14bc6987dea85-VFS-iphonesimulator/all-product-headers.yaml

WriteAuxiliaryFile /Users/darisadam/Library/Developer/Xcode/DerivedData/Madabank-hkohthnbjtgnoechirsoymtykttx/Build/Intermediates.noindex/Madabank.build/Debug-iphonesimulator/Madabank-6b8f23b26fb50a69bf27348274a22005-VFS-iphonesimulator/all-product-headers.yaml
    cd /Users/darisadam/Documents/Projects/iOS\ Apps/madabank-ios/Madabank
    write-file /Users/darisadam/Library/Developer/Xcode/DerivedData/Madabank-hkohthnbjtgnoechirsoymtykttx/Build/Intermediates.noindex/Madabank.build/Debug-iphonesimulator/Madabank-6b8f23b26fb50a69bf27348274a22005-VFS-iphonesimulator/all-product-headers.yaml

WriteAuxiliaryFile /Users/darisadam/Library/Developer/Xcode/DerivedData/Madabank-hkohthnbjtgnoechirsoymtykttx/Build/Intermediates.noindex/Home.build/Debug-iphonesimulator/Home-2627cd9d3d4e544f9b62539dd5cc639b-VFS-iphonesimulator/all-product-headers.yaml
    cd /Users/darisadam/Documents/Projects/iOS\ Apps/madabank-ios/Madabank
    write-file /Users/darisadam/Library/Developer/Xcode/DerivedData/Madabank-hkohthnbjtgnoechirsoymtykttx/Build/Intermediates.noindex/Home.build/Debug-iphonesimulator/Home-2627cd9d3d4e544f9b62539dd5cc639b-VFS-iphonesimulator/all-product-headers.yaml

WriteAuxiliaryFile /Users/darisadam/Library/Developer/Xcode/DerivedData/Madabank-hkohthnbjtgnoechirsoymtykttx/Build/Intermediates.noindex/Auth.build/Debug-iphonesimulator/Auth-efebe515434371d957c6500bccba7404-VFS-iphonesimulator/all-product-headers.yaml
    cd /Users/darisadam/Documents/Projects/iOS\ Apps/madabank-ios/Madabank
    write-file /Users/darisadam/Library/Developer/Xcode/DerivedData/Madabank-hkohthnbjtgnoechirsoymtykttx/Build/Intermediates.noindex/Auth.build/Debug-iphonesimulator/Auth-efebe515434371d957c6500bccba7404-VFS-iphonesimulator/all-product-headers.yaml

WriteAuxiliaryFile /Users/darisadam/Library/Developer/Xcode/DerivedData/Madabank-hkohthnbjtgnoechirsoymtykttx/Build/Intermediates.noindex/Cards.build/Debug-iphonesimulator/Cards-7a265648a3503f26f0252f763a468131-VFS-iphonesimulator/all-product-headers.yaml
    cd /Users/darisadam/Documents/Projects/iOS\ Apps/madabank-ios/Madabank
    write-file /Users/darisadam/Library/Developer/Xcode/DerivedData/Madabank-hkohthnbjtgnoechirsoymtykttx/Build/Intermediates.noindex/Cards.build/Debug-iphonesimulator/Cards-7a265648a3503f26f0252f763a468131-VFS-iphonesimulator/all-product-headers.yaml

WriteAuxiliaryFile /Users/darisadam/Library/Developer/Xcode/DerivedData/Madabank-hkohthnbjtgnoechirsoymtykttx/Build/Intermediates.noindex/Accounts.build/Debug-iphonesimulator/Accounts-afd03eb4e8a16b20ea40c2cd0b146ac0-VFS-iphonesimulator/all-product-headers.yaml
    cd /Users/darisadam/Documents/Projects/iOS\ Apps/madabank-ios/Madabank
    write-file /Users/darisadam/Library/Developer/Xcode/DerivedData/Madabank-hkohthnbjtgnoechirsoymtykttx/Build/Intermediates.noindex/Accounts.build/Debug-iphonesimulator/Accounts-afd03eb4e8a16b20ea40c2cd0b146ac0-VFS-iphonesimulator/all-product-headers.yaml

ProcessInfoPlistFile /Users/darisadam/Library/Developer/Xcode/DerivedData/Madabank-hkohthnbjtgnoechirsoymtykttx/Build/Products/Debug-iphonesimulator/RxSwift.framework/Info.plist /Users/darisadam/Documents/Projects/iOS\ Apps/madabank-ios/Madabank/Tuist/.build/tuist-derived/RxSwift/InfoPlists/RxSwift-Info.plist (in target 'RxSwift' from project 'RxSwift')
    cd /Users/darisadam/Documents/Projects/iOS\ Apps/madabank-ios/Madabank/Tuist/.build/tuist-derived/RxSwift
    builtin-infoPlistUtility /Users/darisadam/Documents/Projects/iOS\ Apps/madabank-ios/Madabank/Tuist/.build/tuist-derived/RxSwift/InfoPlists/RxSwift-Info.plist -producttype com.apple.product-type.framework -expandbuildsettings -format binary -platform iphonesimulator -o /Users/darisadam/Library/Developer/Xcode/DerivedData/Madabank-hkohthnbjtgnoechirsoymtykttx/Build/Products/Debug-iphonesimulator/RxSwift.framework/Info.plist

ProcessInfoPlistFile /Users/darisadam/Library/Developer/Xcode/DerivedData/Madabank-hkohthnbjtgnoechirsoymtykttx/Build/Products/Debug-iphonesimulator/Alamofire.framework/Info.plist /Users/darisadam/Documents/Projects/iOS\ Apps/madabank-ios/Madabank/Tuist/.build/tuist-derived/Alamofire/InfoPlists/Alamofire-Info.plist (in target 'Alamofire' from project 'Alamofire')
    cd /Users/darisadam/Documents/Projects/iOS\ Apps/madabank-ios/Madabank/Tuist/.build/tuist-derived/Alamofire
    builtin-infoPlistUtility /Users/darisadam/Documents/Projects/iOS\ Apps/madabank-ios/Madabank/Tuist/.build/tuist-derived/Alamofire/InfoPlists/Alamofire-Info.plist -producttype com.apple.product-type.framework -expandbuildsettings -format binary -platform iphonesimulator -o /Users/darisadam/Library/Developer/Xcode/DerivedData/Madabank-hkohthnbjtgnoechirsoymtykttx/Build/Products/Debug-iphonesimulator/Alamofire.framework/Info.plist

ProcessInfoPlistFile /Users/darisadam/Library/Developer/Xcode/DerivedData/Madabank-hkohthnbjtgnoechirsoymtykttx/Build/Products/Debug-iphonesimulator/Core.framework/Info.plist /Users/darisadam/Documents/Projects/iOS\ Apps/madabank-ios/Madabank/Modules/Shared/Core/Derived/InfoPlists/Core-Info.plist (in target 'Core' from project 'Core')
    cd /Users/darisadam/Documents/Projects/iOS\ Apps/madabank-ios/Madabank/Modules/Shared/Core
    builtin-infoPlistUtility /Users/darisadam/Documents/Projects/iOS\ Apps/madabank-ios/Madabank/Modules/Shared/Core/Derived/InfoPlists/Core-Info.plist -producttype com.apple.product-type.framework -expandbuildsettings -format binary -platform iphonesimulator -o /Users/darisadam/Library/Developer/Xcode/DerivedData/Madabank-hkohthnbjtgnoechirsoymtykttx/Build/Products/Debug-iphonesimulator/Core.framework/Info.plist

ProcessInfoPlistFile /Users/darisadam/Library/Developer/Xcode/DerivedData/Madabank-hkohthnbjtgnoechirsoymtykttx/Build/Products/Debug-iphonesimulator/SnapKit.framework/Info.plist /Users/darisadam/Documents/Projects/iOS\ Apps/madabank-ios/Madabank/Tuist/.build/tuist-derived/SnapKit/InfoPlists/SnapKit-Info.plist (in target 'SnapKit' from project 'SnapKit')
    cd /Users/darisadam/Documents/Projects/iOS\ Apps/madabank-ios/Madabank/Tuist/.build/tuist-derived/SnapKit
    builtin-infoPlistUtility /Users/darisadam/Documents/Projects/iOS\ Apps/madabank-ios/Madabank/Tuist/.build/tuist-derived/SnapKit/InfoPlists/SnapKit-Info.plist -producttype com.apple.product-type.framework -expandbuildsettings -format binary -platform iphonesimulator -o /Users/darisadam/Library/Developer/Xcode/DerivedData/Madabank-hkohthnbjtgnoechirsoymtykttx/Build/Products/Debug-iphonesimulator/SnapKit.framework/Info.plist

WriteAuxiliaryFile /Users/darisadam/Library/Developer/Xcode/DerivedData/Madabank-hkohthnbjtgnoechirsoymtykttx/Build/Intermediates.noindex/Madabank.build/Debug-iphonesimulator/Madabank.build/Script-03A767AAD39A0BBFC87CBFF0.sh (in target 'Madabank' from project 'Madabank')
    cd /Users/darisadam/Documents/Projects/iOS\ Apps/madabank-ios/Madabank
    write-file /Users/darisadam/Library/Developer/Xcode/DerivedData/Madabank-hkohthnbjtgnoechirsoymtykttx/Build/Intermediates.noindex/Madabank.build/Debug-iphonesimulator/Madabank.build/Script-03A767AAD39A0BBFC87CBFF0.sh

WriteAuxiliaryFile /Users/darisadam/Library/Developer/Xcode/DerivedData/Madabank-hkohthnbjtgnoechirsoymtykttx/Build/Intermediates.noindex/netfox.build/Debug-iphonesimulator/netfox.build/netfox.DependencyStaticMetadataFileList (in target 'netfox' from project 'netfox')
    cd /Users/darisadam/Documents/Projects/iOS\ Apps/madabank-ios/Madabank/Tuist/.build/tuist-derived/netfox
    write-file /Users/darisadam/Library/Developer/Xcode/DerivedData/Madabank-hkohthnbjtgnoechirsoymtykttx/Build/Intermediates.noindex/netfox.build/Debug-iphonesimulator/netfox.build/netfox.DependencyStaticMetadataFileList

WriteAuxiliaryFile /Users/darisadam/Library/Developer/Xcode/DerivedData/Madabank-hkohthnbjtgnoechirsoymtykttx/Build/Intermediates.noindex/netfox.build/Debug-iphonesimulator/netfox.build/netfox.DependencyMetadataFileList (in target 'netfox' from project 'netfox')
    cd /Users/darisadam/Documents/Projects/iOS\ Apps/madabank-ios/Madabank/Tuist/.build/tuist-derived/netfox
    write-file /Users/darisadam/Library/Developer/Xcode/DerivedData/Madabank-hkohthnbjtgnoechirsoymtykttx/Build/Intermediates.noindex/netfox.build/Debug-iphonesimulator/netfox.build/netfox.DependencyMetadataFileList

WriteAuxiliaryFile /Users/darisadam/Library/Developer/Xcode/DerivedData/Madabank-hkohthnbjtgnoechirsoymtykttx/Build/Intermediates.noindex/netfox.build/Debug-iphonesimulator/netfox.build/module.modulemap (in target 'netfox' from project 'netfox')
    cd /Users/darisadam/Documents/Projects/iOS\ Apps/madabank-ios/Madabank/Tuist/.build/tuist-derived/netfox
    write-file /Users/darisadam/Library/Developer/Xcode/DerivedData/Madabank-hkohthnbjtgnoechirsoymtykttx/Build/Intermediates.noindex/netfox.build/Debug-iphonesimulator/netfox.build/module.modulemap

WriteAuxiliaryFile /Users/darisadam/Library/Developer/Xcode/DerivedData/Madabank-hkohthnbjtgnoechirsoymtykttx/Build/Intermediates.noindex/netfox.build/Debug-iphonesimulator/netfox.build/Objects-normal/arm64/netfox_const_extract_protocols.json (in target 'netfox' from project 'netfox')
    cd /Users/darisadam/Documents/Projects/iOS\ Apps/madabank-ios/Madabank/Tuist/.build/tuist-derived/netfox
    write-file /Users/darisadam/Library/Developer/Xcode/DerivedData/Madabank-hkohthnbjtgnoechirsoymtykttx/Build/Intermediates.noindex/netfox.build/Debug-iphonesimulator/netfox.build/Objects-normal/arm64/netfox_const_extract_protocols.json

WriteAuxiliaryFile /Users/darisadam/Library/Developer/Xcode/DerivedData/Madabank-hkohthnbjtgnoechirsoymtykttx/Build/Intermediates.noindex/netfox.build/Debug-iphonesimulator/netfox.build/Objects-normal/arm64/netfox.SwiftFileList (in target 'netfox' from project 'netfox')
    cd /Users/darisadam/Documents/Projects/iOS\ Apps/madabank-ios/Madabank/Tuist/.build/tuist-derived/netfox
    write-file /Users/darisadam/Library/Developer/Xcode/DerivedData/Madabank-hkohthnbjtgnoechirsoymtykttx/Build/Intermediates.noindex/netfox.build/Debug-iphonesimulator/netfox.build/Objects-normal/arm64/netfox.SwiftFileList

WriteAuxiliaryFile /Users/darisadam/Library/Developer/Xcode/DerivedData/Madabank-hkohthnbjtgnoechirsoymtykttx/Build/Intermediates.noindex/netfox.build/Debug-iphonesimulator/netfox.build/Objects-normal/arm64/netfox.SwiftConstValuesFileList (in target 'netfox' from project 'netfox')
    cd /Users/darisadam/Documents/Projects/iOS\ Apps/madabank-ios/Madabank/Tuist/.build/tuist-derived/netfox
    write-file /Users/darisadam/Library/Developer/Xcode/DerivedData/Madabank-hkohthnbjtgnoechirsoymtykttx/Build/Intermediates.noindex/netfox.build/Debug-iphonesimulator/netfox.build/Objects-normal/arm64/netfox.SwiftConstValuesFileList

WriteAuxiliaryFile /Users/darisadam/Library/Developer/Xcode/DerivedData/Madabank-hkohthnbjtgnoechirsoymtykttx/Build/Intermediates.noindex/netfox.build/Debug-iphonesimulator/netfox.build/Objects-normal/arm64/netfox.LinkFileList (in target 'netfox' from project 'netfox')
    cd /Users/darisadam/Documents/Projects/iOS\ Apps/madabank-ios/Madabank/Tuist/.build/tuist-derived/netfox
    write-file /Users/darisadam/Library/Developer/Xcode/DerivedData/Madabank-hkohthnbjtgnoechirsoymtykttx/Build/Intermediates.noindex/netfox.build/Debug-iphonesimulator/netfox.build/Objects-normal/arm64/netfox.LinkFileList

WriteAuxiliaryFile /Users/darisadam/Library/Developer/Xcode/DerivedData/Madabank-hkohthnbjtgnoechirsoymtykttx/Build/Intermediates.noindex/netfox.build/Debug-iphonesimulator/netfox.build/Objects-normal/arm64/netfox-OutputFileMap.json (in target 'netfox' from project 'netfox')
    cd /Users/darisadam/Documents/Projects/iOS\ Apps/madabank-ios/Madabank/Tuist/.build/tuist-derived/netfox
    write-file /Users/darisadam/Library/Developer/Xcode/DerivedData/Madabank-hkohthnbjtgnoechirsoymtykttx/Build/Intermediates.noindex/netfox.build/Debug-iphonesimulator/netfox.build/Objects-normal/arm64/netfox-OutputFileMap.json

WriteAuxiliaryFile /Users/darisadam/Library/Developer/Xcode/DerivedData/Madabank-hkohthnbjtgnoechirsoymtykttx/Build/Intermediates.noindex/netfox.build/Debug-iphonesimulator/netfox.build/Objects-normal/arm64/7187679823f38a2a940e0043cdf9d637-common-args.resp (in target 'netfox' from project 'netfox')
    cd /Users/darisadam/Documents/Projects/iOS\ Apps/madabank-ios/Madabank/Tuist/.build/tuist-derived/netfox
    write-file /Users/darisadam/Library/Developer/Xcode/DerivedData/Madabank-hkohthnbjtgnoechirsoymtykttx/Build/Intermediates.noindex/netfox.build/Debug-iphonesimulator/netfox.build/Objects-normal/arm64/7187679823f38a2a940e0043cdf9d637-common-args.resp
-target arm64-apple-ios12.0-simulator '-std=gnu11' -fmodules -gmodules '-fmodules-cache-path=/Users/darisadam/Library/Developer/Xcode/DerivedData/ModuleCache.noindex' '-fmodule-name=netfox' -fpascal-strings -O0 '-DDEBUG=1' '-DSWIFT_PACKAGE=1' -isysroot /Applications/Xcode.app/Contents/Developer/Platforms/iPhoneSimulator.platform/Developer/SDKs/iPhoneSimulator26.1.sdk -g -I/Users/darisadam/Library/Developer/Xcode/DerivedData/Madabank-hkohthnbjtgnoechirsoymtykttx/Build/Products/Debug-iphonesimulator/include -I/Users/darisadam/Library/Developer/Xcode/DerivedData/Madabank-hkohthnbjtgnoechirsoymtykttx/Build/Intermediates.noindex/netfox.build/Debug-iphonesimulator/netfox.build/DerivedSources-normal/arm64 -I/Users/darisadam/Library/Developer/Xcode/DerivedData/Madabank-hkohthnbjtgnoechirsoymtykttx/Build/Intermediates.noindex/netfox.build/Debug-iphonesimulator/netfox.build/DerivedSources/arm64 -I/Users/darisadam/Library/Developer/Xcode/DerivedData/Madabank-hkohthnbjtgnoechirsoymtykttx/Build/Intermediates.noindex/netfox.build/Debug-iphonesimulator/netfox.build/DerivedSources -F/Users/darisadam/Library/Developer/Xcode/DerivedData/Madabank-hkohthnbjtgnoechirsoymtykttx/Build/Products/Debug-iphonesimulator -F/Applications/Xcode.app/Contents/Developer/Platforms/iPhoneSimulator.platform/Developer/Library/Frameworks

WriteAuxiliaryFile /Users/darisadam/Library/Developer/Xcode/DerivedData/Madabank-hkohthnbjtgnoechirsoymtykttx/Build/Intermediates.noindex/netfox.build/Debug-iphonesimulator/netfox.build/DerivedSources/netfox_vers.c (in target 'netfox' from project 'netfox')
    cd /Users/darisadam/Documents/Projects/iOS\ Apps/madabank-ios/Madabank/Tuist/.build/tuist-derived/netfox
    write-file /Users/darisadam/Library/Developer/Xcode/DerivedData/Madabank-hkohthnbjtgnoechirsoymtykttx/Build/Intermediates.noindex/netfox.build/Debug-iphonesimulator/netfox.build/DerivedSources/netfox_vers.c

WriteAuxiliaryFile /Users/darisadam/Library/Developer/Xcode/DerivedData/Madabank-hkohthnbjtgnoechirsoymtykttx/Build/Intermediates.noindex/Profile.build/Debug-iphonesimulator/Profile.build/module.modulemap (in target 'Profile' from project 'Profile')
    cd /Users/darisadam/Documents/Projects/iOS\ Apps/madabank-ios/Madabank/Modules/Features/Profile
    write-file /Users/darisadam/Library/Developer/Xcode/DerivedData/Madabank-hkohthnbjtgnoechirsoymtykttx/Build/Intermediates.noindex/Profile.build/Debug-iphonesimulator/Profile.build/module.modulemap

WriteAuxiliaryFile /Users/darisadam/Library/Developer/Xcode/DerivedData/Madabank-hkohthnbjtgnoechirsoymtykttx/Build/Intermediates.noindex/Profile.build/Debug-iphonesimulator/Profile.build/Profile.hmap (in target 'Profile' from project 'Profile')
    cd /Users/darisadam/Documents/Projects/iOS\ Apps/madabank-ios/Madabank/Modules/Features/Profile
    write-file /Users/darisadam/Library/Developer/Xcode/DerivedData/Madabank-hkohthnbjtgnoechirsoymtykttx/Build/Intermediates.noindex/Profile.build/Debug-iphonesimulator/Profile.build/Profile.hmap

WriteAuxiliaryFile /Users/darisadam/Library/Developer/Xcode/DerivedData/Madabank-hkohthnbjtgnoechirsoymtykttx/Build/Intermediates.noindex/Profile.build/Debug-iphonesimulator/Profile.build/Profile.DependencyStaticMetadataFileList (in target 'Profile' from project 'Profile')
    cd /Users/darisadam/Documents/Projects/iOS\ Apps/madabank-ios/Madabank/Modules/Features/Profile
    write-file /Users/darisadam/Library/Developer/Xcode/DerivedData/Madabank-hkohthnbjtgnoechirsoymtykttx/Build/Intermediates.noindex/Profile.build/Debug-iphonesimulator/Profile.build/Profile.DependencyStaticMetadataFileList

WriteAuxiliaryFile /Users/darisadam/Library/Developer/Xcode/DerivedData/Madabank-hkohthnbjtgnoechirsoymtykttx/Build/Intermediates.noindex/Profile.build/Debug-iphonesimulator/Profile.build/Profile.DependencyMetadataFileList (in target 'Profile' from project 'Profile')
    cd /Users/darisadam/Documents/Projects/iOS\ Apps/madabank-ios/Madabank/Modules/Features/Profile
    write-file /Users/darisadam/Library/Developer/Xcode/DerivedData/Madabank-hkohthnbjtgnoechirsoymtykttx/Build/Intermediates.noindex/Profile.build/Debug-iphonesimulator/Profile.build/Profile.DependencyMetadataFileList

WriteAuxiliaryFile /Users/darisadam/Library/Developer/Xcode/DerivedData/Madabank-hkohthnbjtgnoechirsoymtykttx/Build/Intermediates.noindex/Profile.build/Debug-iphonesimulator/Profile.build/Profile-project-headers.hmap (in target 'Profile' from project 'Profile')
    cd /Users/darisadam/Documents/Projects/iOS\ Apps/madabank-ios/Madabank/Modules/Features/Profile
    write-file /Users/darisadam/Library/Developer/Xcode/DerivedData/Madabank-hkohthnbjtgnoechirsoymtykttx/Build/Intermediates.noindex/Profile.build/Debug-iphonesimulator/Profile.build/Profile-project-headers.hmap

WriteAuxiliaryFile /Users/darisadam/Library/Developer/Xcode/DerivedData/Madabank-hkohthnbjtgnoechirsoymtykttx/Build/Intermediates.noindex/Profile.build/Debug-iphonesimulator/Profile.build/Profile-own-target-headers.hmap (in target 'Profile' from project 'Profile')
    cd /Users/darisadam/Documents/Projects/iOS\ Apps/madabank-ios/Madabank/Modules/Features/Profile
    write-file /Users/darisadam/Library/Developer/Xcode/DerivedData/Madabank-hkohthnbjtgnoechirsoymtykttx/Build/Intermediates.noindex/Profile.build/Debug-iphonesimulator/Profile.build/Profile-own-target-headers.hmap

WriteAuxiliaryFile /Users/darisadam/Library/Developer/Xcode/DerivedData/Madabank-hkohthnbjtgnoechirsoymtykttx/Build/Intermediates.noindex/Profile.build/Debug-iphonesimulator/Profile.build/Profile-generated-files.hmap (in target 'Profile' from project 'Profile')
    cd /Users/darisadam/Documents/Projects/iOS\ Apps/madabank-ios/Madabank/Modules/Features/Profile
    write-file /Users/darisadam/Library/Developer/Xcode/DerivedData/Madabank-hkohthnbjtgnoechirsoymtykttx/Build/Intermediates.noindex/Profile.build/Debug-iphonesimulator/Profile.build/Profile-generated-files.hmap

WriteAuxiliaryFile /Users/darisadam/Library/Developer/Xcode/DerivedData/Madabank-hkohthnbjtgnoechirsoymtykttx/Build/Intermediates.noindex/Profile.build/Debug-iphonesimulator/Profile.build/Profile-all-target-headers.hmap (in target 'Profile' from project 'Profile')
    cd /Users/darisadam/Documents/Projects/iOS\ Apps/madabank-ios/Madabank/Modules/Features/Profile
    write-file /Users/darisadam/Library/Developer/Xcode/DerivedData/Madabank-hkohthnbjtgnoechirsoymtykttx/Build/Intermediates.noindex/Profile.build/Debug-iphonesimulator/Profile.build/Profile-all-target-headers.hmap

WriteAuxiliaryFile /Users/darisadam/Library/Developer/Xcode/DerivedData/Madabank-hkohthnbjtgnoechirsoymtykttx/Build/Intermediates.noindex/Profile.build/Debug-iphonesimulator/Profile.build/Profile-all-non-framework-target-headers.hmap (in target 'Profile' from project 'Profile')
    cd /Users/darisadam/Documents/Projects/iOS\ Apps/madabank-ios/Madabank/Modules/Features/Profile
    write-file /Users/darisadam/Library/Developer/Xcode/DerivedData/Madabank-hkohthnbjtgnoechirsoymtykttx/Build/Intermediates.noindex/Profile.build/Debug-iphonesimulator/Profile.build/Profile-all-non-framework-target-headers.hmap

WriteAuxiliaryFile /Users/darisadam/Library/Developer/Xcode/DerivedData/Madabank-hkohthnbjtgnoechirsoymtykttx/Build/Intermediates.noindex/Profile.build/Debug-iphonesimulator/Profile.build/Objects-normal/arm64/Profile_const_extract_protocols.json (in target 'Profile' from project 'Profile')
    cd /Users/darisadam/Documents/Projects/iOS\ Apps/madabank-ios/Madabank/Modules/Features/Profile
    write-file /Users/darisadam/Library/Developer/Xcode/DerivedData/Madabank-hkohthnbjtgnoechirsoymtykttx/Build/Intermediates.noindex/Profile.build/Debug-iphonesimulator/Profile.build/Objects-normal/arm64/Profile_const_extract_protocols.json

WriteAuxiliaryFile /Users/darisadam/Library/Developer/Xcode/DerivedData/Madabank-hkohthnbjtgnoechirsoymtykttx/Build/Intermediates.noindex/Profile.build/Debug-iphonesimulator/Profile.build/Objects-normal/arm64/Profile.SwiftFileList (in target 'Profile' from project 'Profile')
    cd /Users/darisadam/Documents/Projects/iOS\ Apps/madabank-ios/Madabank/Modules/Features/Profile
    write-file /Users/darisadam/Library/Developer/Xcode/DerivedData/Madabank-hkohthnbjtgnoechirsoymtykttx/Build/Intermediates.noindex/Profile.build/Debug-iphonesimulator/Profile.build/Objects-normal/arm64/Profile.SwiftFileList

WriteAuxiliaryFile /Users/darisadam/Library/Developer/Xcode/DerivedData/Madabank-hkohthnbjtgnoechirsoymtykttx/Build/Intermediates.noindex/Profile.build/Debug-iphonesimulator/Profile.build/Objects-normal/arm64/Profile.SwiftConstValuesFileList (in target 'Profile' from project 'Profile')
    cd /Users/darisadam/Documents/Projects/iOS\ Apps/madabank-ios/Madabank/Modules/Features/Profile
    write-file /Users/darisadam/Library/Developer/Xcode/DerivedData/Madabank-hkohthnbjtgnoechirsoymtykttx/Build/Intermediates.noindex/Profile.build/Debug-iphonesimulator/Profile.build/Objects-normal/arm64/Profile.SwiftConstValuesFileList

WriteAuxiliaryFile /Users/darisadam/Library/Developer/Xcode/DerivedData/Madabank-hkohthnbjtgnoechirsoymtykttx/Build/Intermediates.noindex/Profile.build/Debug-iphonesimulator/Profile.build/Objects-normal/arm64/Profile.LinkFileList (in target 'Profile' from project 'Profile')
    cd /Users/darisadam/Documents/Projects/iOS\ Apps/madabank-ios/Madabank/Modules/Features/Profile
    write-file /Users/darisadam/Library/Developer/Xcode/DerivedData/Madabank-hkohthnbjtgnoechirsoymtykttx/Build/Intermediates.noindex/Profile.build/Debug-iphonesimulator/Profile.build/Objects-normal/arm64/Profile.LinkFileList

WriteAuxiliaryFile /Users/darisadam/Library/Developer/Xcode/DerivedData/Madabank-hkohthnbjtgnoechirsoymtykttx/Build/Intermediates.noindex/Profile.build/Debug-iphonesimulator/Profile.build/Objects-normal/arm64/Profile-OutputFileMap.json (in target 'Profile' from project 'Profile')
    cd /Users/darisadam/Documents/Projects/iOS\ Apps/madabank-ios/Madabank/Modules/Features/Profile
    write-file /Users/darisadam/Library/Developer/Xcode/DerivedData/Madabank-hkohthnbjtgnoechirsoymtykttx/Build/Intermediates.noindex/Profile.build/Debug-iphonesimulator/Profile.build/Objects-normal/arm64/Profile-OutputFileMap.json

WriteAuxiliaryFile /Users/darisadam/Library/Developer/Xcode/DerivedData/Madabank-hkohthnbjtgnoechirsoymtykttx/Build/Intermediates.noindex/Profile.build/Debug-iphonesimulator/Profile.build/Objects-normal/arm64/7187679823f38a2a940e0043cdf9d637-common-args.resp (in target 'Profile' from project 'Profile')
    cd /Users/darisadam/Documents/Projects/iOS\ Apps/madabank-ios/Madabank/Modules/Features/Profile
    write-file /Users/darisadam/Library/Developer/Xcode/DerivedData/Madabank-hkohthnbjtgnoechirsoymtykttx/Build/Intermediates.noindex/Profile.build/Debug-iphonesimulator/Profile.build/Objects-normal/arm64/7187679823f38a2a940e0043cdf9d637-common-args.resp
-target arm64-apple-ios15.0-simulator '-std=gnu11' -fmodules -gmodules '-fmodules-cache-path=/Users/darisadam/Library/Developer/Xcode/DerivedData/ModuleCache.noindex' '-fmodule-name=Profile' -fpascal-strings -O0 -fno-common '-DDEBUG=1' -isysroot /Applications/Xcode.app/Contents/Developer/Platforms/iPhoneSimulator.platform/Developer/SDKs/iPhoneSimulator26.1.sdk -g -iquote /Users/darisadam/Library/Developer/Xcode/DerivedData/Madabank-hkohthnbjtgnoechirsoymtykttx/Build/Intermediates.noindex/Profile.build/Debug-iphonesimulator/Profile.build/Profile-generated-files.hmap -I/Users/darisadam/Library/Developer/Xcode/DerivedData/Madabank-hkohthnbjtgnoechirsoymtykttx/Build/Intermediates.noindex/Profile.build/Debug-iphonesimulator/Profile.build/Profile-own-target-headers.hmap -I/Users/darisadam/Library/Developer/Xcode/DerivedData/Madabank-hkohthnbjtgnoechirsoymtykttx/Build/Intermediates.noindex/Profile.build/Debug-iphonesimulator/Profile.build/Profile-all-non-framework-target-headers.hmap -ivfsoverlay /Users/darisadam/Library/Developer/Xcode/DerivedData/Madabank-hkohthnbjtgnoechirsoymtykttx/Build/Intermediates.noindex/Profile.build/Debug-iphonesimulator/Profile-2467ca3073161e8f17e14bc6987dea85-VFS-iphonesimulator/all-product-headers.yaml -iquote /Users/darisadam/Library/Developer/Xcode/DerivedData/Madabank-hkohthnbjtgnoechirsoymtykttx/Build/Intermediates.noindex/Profile.build/Debug-iphonesimulator/Profile.build/Profile-project-headers.hmap -I/Users/darisadam/Library/Developer/Xcode/DerivedData/Madabank-hkohthnbjtgnoechirsoymtykttx/Build/Products/Debug-iphonesimulator/include '-I/Users/darisadam/Documents/Projects/iOS Apps/madabank-ios/Madabank/Tuist/.build/checkouts/RxSwift/Sources/RxCocoaRuntime/include' -I/Users/darisadam/Library/Developer/Xcode/DerivedData/Madabank-hkohthnbjtgnoechirsoymtykttx/Build/Intermediates.noindex/Profile.build/Debug-iphonesimulator/Profile.build/DerivedSources-normal/arm64 -I/Users/darisadam/Library/Developer/Xcode/DerivedData/Madabank-hkohthnbjtgnoechirsoymtykttx/Build/Intermediates.noindex/Profile.build/Debug-iphonesimulator/Profile.build/DerivedSources/arm64 -I/Users/darisadam/Library/Developer/Xcode/DerivedData/Madabank-hkohthnbjtgnoechirsoymtykttx/Build/Intermediates.noindex/Profile.build/Debug-iphonesimulator/Profile.build/DerivedSources -F/Users/darisadam/Library/Developer/Xcode/DerivedData/Madabank-hkohthnbjtgnoechirsoymtykttx/Build/Products/Debug-iphonesimulator '-fmodule-map-file=/Users/darisadam/Documents/Projects/iOS Apps/madabank-ios/Madabank/Modules/Features/Profile/../../../Tuist/.build/tuist-derived/RxCocoaRuntime/RxCocoaRuntime.modulemap'

WriteAuxiliaryFile /Users/darisadam/Library/Developer/Xcode/DerivedData/Madabank-hkohthnbjtgnoechirsoymtykttx/Build/Intermediates.noindex/Profile.build/Debug-iphonesimulator/Profile.build/DerivedSources/Profile_vers.c (in target 'Profile' from project 'Profile')
    cd /Users/darisadam/Documents/Projects/iOS\ Apps/madabank-ios/Madabank/Modules/Features/Profile
    write-file /Users/darisadam/Library/Developer/Xcode/DerivedData/Madabank-hkohthnbjtgnoechirsoymtykttx/Build/Intermediates.noindex/Profile.build/Debug-iphonesimulator/Profile.build/DerivedSources/Profile_vers.c

WriteAuxiliaryFile /Users/darisadam/Library/Developer/Xcode/DerivedData/Madabank-hkohthnbjtgnoechirsoymtykttx/Build/Intermediates.noindex/Madabank.build/Debug-iphonesimulator/Madabank.build/Objects-normal/arm64/Madabank.SwiftFileList (in target 'Madabank' from project 'Madabank')
    cd /Users/darisadam/Documents/Projects/iOS\ Apps/madabank-ios/Madabank
    write-file /Users/darisadam/Library/Developer/Xcode/DerivedData/Madabank-hkohthnbjtgnoechirsoymtykttx/Build/Intermediates.noindex/Madabank.build/Debug-iphonesimulator/Madabank.build/Objects-normal/arm64/Madabank.SwiftFileList

WriteAuxiliaryFile /Users/darisadam/Library/Developer/Xcode/DerivedData/Madabank-hkohthnbjtgnoechirsoymtykttx/Build/Intermediates.noindex/Madabank.build/Debug-iphonesimulator/Madabank.build/Objects-normal/arm64/Madabank_const_extract_protocols.json (in target 'Madabank' from project 'Madabank')
    cd /Users/darisadam/Documents/Projects/iOS\ Apps/madabank-ios/Madabank
    write-file /Users/darisadam/Library/Developer/Xcode/DerivedData/Madabank-hkohthnbjtgnoechirsoymtykttx/Build/Intermediates.noindex/Madabank.build/Debug-iphonesimulator/Madabank.build/Objects-normal/arm64/Madabank_const_extract_protocols.json

WriteAuxiliaryFile /Users/darisadam/Library/Developer/Xcode/DerivedData/Madabank-hkohthnbjtgnoechirsoymtykttx/Build/Intermediates.noindex/Madabank.build/Debug-iphonesimulator/Madabank.build/Objects-normal/arm64/Madabank.SwiftConstValuesFileList (in target 'Madabank' from project 'Madabank')
    cd /Users/darisadam/Documents/Projects/iOS\ Apps/madabank-ios/Madabank
    write-file /Users/darisadam/Library/Developer/Xcode/DerivedData/Madabank-hkohthnbjtgnoechirsoymtykttx/Build/Intermediates.noindex/Madabank.build/Debug-iphonesimulator/Madabank.build/Objects-normal/arm64/Madabank.SwiftConstValuesFileList

WriteAuxiliaryFile /Users/darisadam/Library/Developer/Xcode/DerivedData/Madabank-hkohthnbjtgnoechirsoymtykttx/Build/Intermediates.noindex/Madabank.build/Debug-iphonesimulator/Madabank.build/Objects-normal/arm64/Madabank.LinkFileList (in target 'Madabank' from project 'Madabank')
    cd /Users/darisadam/Documents/Projects/iOS\ Apps/madabank-ios/Madabank
    write-file /Users/darisadam/Library/Developer/Xcode/DerivedData/Madabank-hkohthnbjtgnoechirsoymtykttx/Build/Intermediates.noindex/Madabank.build/Debug-iphonesimulator/Madabank.build/Objects-normal/arm64/Madabank.LinkFileList

WriteAuxiliaryFile /Users/darisadam/Library/Developer/Xcode/DerivedData/Madabank-hkohthnbjtgnoechirsoymtykttx/Build/Intermediates.noindex/Madabank.build/Debug-iphonesimulator/Madabank.build/Objects-normal/arm64/Madabank-OutputFileMap.json (in target 'Madabank' from project 'Madabank')
    cd /Users/darisadam/Documents/Projects/iOS\ Apps/madabank-ios/Madabank
    write-file /Users/darisadam/Library/Developer/Xcode/DerivedData/Madabank-hkohthnbjtgnoechirsoymtykttx/Build/Intermediates.noindex/Madabank.build/Debug-iphonesimulator/Madabank.build/Objects-normal/arm64/Madabank-OutputFileMap.json

WriteAuxiliaryFile /Users/darisadam/Library/Developer/Xcode/DerivedData/Madabank-hkohthnbjtgnoechirsoymtykttx/Build/Intermediates.noindex/Madabank.build/Debug-iphonesimulator/Madabank.build/Madabank.hmap (in target 'Madabank' from project 'Madabank')
    cd /Users/darisadam/Documents/Projects/iOS\ Apps/madabank-ios/Madabank
    write-file /Users/darisadam/Library/Developer/Xcode/DerivedData/Madabank-hkohthnbjtgnoechirsoymtykttx/Build/Intermediates.noindex/Madabank.build/Debug-iphonesimulator/Madabank.build/Madabank.hmap

WriteAuxiliaryFile /Users/darisadam/Library/Developer/Xcode/DerivedData/Madabank-hkohthnbjtgnoechirsoymtykttx/Build/Intermediates.noindex/Madabank.build/Debug-iphonesimulator/Madabank.build/Madabank.DependencyStaticMetadataFileList (in target 'Madabank' from project 'Madabank')
    cd /Users/darisadam/Documents/Projects/iOS\ Apps/madabank-ios/Madabank
    write-file /Users/darisadam/Library/Developer/Xcode/DerivedData/Madabank-hkohthnbjtgnoechirsoymtykttx/Build/Intermediates.noindex/Madabank.build/Debug-iphonesimulator/Madabank.build/Madabank.DependencyStaticMetadataFileList

WriteAuxiliaryFile /Users/darisadam/Library/Developer/Xcode/DerivedData/Madabank-hkohthnbjtgnoechirsoymtykttx/Build/Intermediates.noindex/Madabank.build/Debug-iphonesimulator/Madabank.build/Madabank.DependencyMetadataFileList (in target 'Madabank' from project 'Madabank')
    cd /Users/darisadam/Documents/Projects/iOS\ Apps/madabank-ios/Madabank
    write-file /Users/darisadam/Library/Developer/Xcode/DerivedData/Madabank-hkohthnbjtgnoechirsoymtykttx/Build/Intermediates.noindex/Madabank.build/Debug-iphonesimulator/Madabank.build/Madabank.DependencyMetadataFileList

WriteAuxiliaryFile /Users/darisadam/Library/Developer/Xcode/DerivedData/Madabank-hkohthnbjtgnoechirsoymtykttx/Build/Intermediates.noindex/Madabank.build/Debug-iphonesimulator/Madabank.build/Madabank-project-headers.hmap (in target 'Madabank' from project 'Madabank')
    cd /Users/darisadam/Documents/Projects/iOS\ Apps/madabank-ios/Madabank
    write-file /Users/darisadam/Library/Developer/Xcode/DerivedData/Madabank-hkohthnbjtgnoechirsoymtykttx/Build/Intermediates.noindex/Madabank.build/Debug-iphonesimulator/Madabank.build/Madabank-project-headers.hmap

WriteAuxiliaryFile /Users/darisadam/Library/Developer/Xcode/DerivedData/Madabank-hkohthnbjtgnoechirsoymtykttx/Build/Intermediates.noindex/Madabank.build/Debug-iphonesimulator/Madabank.build/Madabank-own-target-headers.hmap (in target 'Madabank' from project 'Madabank')
    cd /Users/darisadam/Documents/Projects/iOS\ Apps/madabank-ios/Madabank
    write-file /Users/darisadam/Library/Developer/Xcode/DerivedData/Madabank-hkohthnbjtgnoechirsoymtykttx/Build/Intermediates.noindex/Madabank.build/Debug-iphonesimulator/Madabank.build/Madabank-own-target-headers.hmap

WriteAuxiliaryFile /Users/darisadam/Library/Developer/Xcode/DerivedData/Madabank-hkohthnbjtgnoechirsoymtykttx/Build/Intermediates.noindex/Madabank.build/Debug-iphonesimulator/Madabank.build/Madabank-generated-files.hmap (in target 'Madabank' from project 'Madabank')
    cd /Users/darisadam/Documents/Projects/iOS\ Apps/madabank-ios/Madabank
    write-file /Users/darisadam/Library/Developer/Xcode/DerivedData/Madabank-hkohthnbjtgnoechirsoymtykttx/Build/Intermediates.noindex/Madabank.build/Debug-iphonesimulator/Madabank.build/Madabank-generated-files.hmap

WriteAuxiliaryFile /Users/darisadam/Library/Developer/Xcode/DerivedData/Madabank-hkohthnbjtgnoechirsoymtykttx/Build/Intermediates.noindex/Madabank.build/Debug-iphonesimulator/Madabank.build/Madabank-all-target-headers.hmap (in target 'Madabank' from project 'Madabank')
    cd /Users/darisadam/Documents/Projects/iOS\ Apps/madabank-ios/Madabank
    write-file /Users/darisadam/Library/Developer/Xcode/DerivedData/Madabank-hkohthnbjtgnoechirsoymtykttx/Build/Intermediates.noindex/Madabank.build/Debug-iphonesimulator/Madabank.build/Madabank-all-target-headers.hmap

WriteAuxiliaryFile /Users/darisadam/Library/Developer/Xcode/DerivedData/Madabank-hkohthnbjtgnoechirsoymtykttx/Build/Intermediates.noindex/Madabank.build/Debug-iphonesimulator/Madabank.build/Madabank-all-non-framework-target-headers.hmap (in target 'Madabank' from project 'Madabank')
    cd /Users/darisadam/Documents/Projects/iOS\ Apps/madabank-ios/Madabank
    write-file /Users/darisadam/Library/Developer/Xcode/DerivedData/Madabank-hkohthnbjtgnoechirsoymtykttx/Build/Intermediates.noindex/Madabank.build/Debug-iphonesimulator/Madabank.build/Madabank-all-non-framework-target-headers.hmap

WriteAuxiliaryFile /Users/darisadam/Library/Developer/Xcode/DerivedData/Madabank-hkohthnbjtgnoechirsoymtykttx/Build/Intermediates.noindex/Madabank.build/Debug-iphonesimulator/Madabank.build/Madabank-DebugDylibPath-normal-arm64.txt (in target 'Madabank' from project 'Madabank')
    cd /Users/darisadam/Documents/Projects/iOS\ Apps/madabank-ios/Madabank
    write-file /Users/darisadam/Library/Developer/Xcode/DerivedData/Madabank-hkohthnbjtgnoechirsoymtykttx/Build/Intermediates.noindex/Madabank.build/Debug-iphonesimulator/Madabank.build/Madabank-DebugDylibPath-normal-arm64.txt

Copy /Users/darisadam/Library/Developer/Xcode/DerivedData/Madabank-hkohthnbjtgnoechirsoymtykttx/Build/Products/Debug-iphonesimulator/netfox.framework/Modules/module.modulemap /Users/darisadam/Library/Developer/Xcode/DerivedData/Madabank-hkohthnbjtgnoechirsoymtykttx/Build/Intermediates.noindex/netfox.build/Debug-iphonesimulator/netfox.build/module.modulemap (in target 'netfox' from project 'netfox')
    cd /Users/darisadam/Documents/Projects/iOS\ Apps/madabank-ios/Madabank/Tuist/.build/tuist-derived/netfox
    builtin-copy -exclude .DS_Store -exclude CVS -exclude .svn -exclude .git -exclude .hg -resolve-src-symlinks /Users/darisadam/Library/Developer/Xcode/DerivedData/Madabank-hkohthnbjtgnoechirsoymtykttx/Build/Intermediates.noindex/netfox.build/Debug-iphonesimulator/netfox.build/module.modulemap /Users/darisadam/Library/Developer/Xcode/DerivedData/Madabank-hkohthnbjtgnoechirsoymtykttx/Build/Products/Debug-iphonesimulator/netfox.framework/Modules

WriteAuxiliaryFile /Users/darisadam/Library/Developer/Xcode/DerivedData/Madabank-hkohthnbjtgnoechirsoymtykttx/Build/Intermediates.noindex/Madabank.build/Debug-iphonesimulator/Madabank.build/Madabank-DebugDylibInstallName-normal-arm64.txt (in target 'Madabank' from project 'Madabank')
    cd /Users/darisadam/Documents/Projects/iOS\ Apps/madabank-ios/Madabank
    write-file /Users/darisadam/Library/Developer/Xcode/DerivedData/Madabank-hkohthnbjtgnoechirsoymtykttx/Build/Intermediates.noindex/Madabank.build/Debug-iphonesimulator/Madabank.build/Madabank-DebugDylibInstallName-normal-arm64.txt

WriteAuxiliaryFile /Users/darisadam/Library/Developer/Xcode/DerivedData/Madabank-hkohthnbjtgnoechirsoymtykttx/Build/Intermediates.noindex/Madabank.build/Debug-iphonesimulator/Madabank.build/DerivedSources/Entitlements-Simulated.plist (in target 'Madabank' from project 'Madabank')
    cd /Users/darisadam/Documents/Projects/iOS\ Apps/madabank-ios/Madabank
    write-file /Users/darisadam/Library/Developer/Xcode/DerivedData/Madabank-hkohthnbjtgnoechirsoymtykttx/Build/Intermediates.noindex/Madabank.build/Debug-iphonesimulator/Madabank.build/DerivedSources/Entitlements-Simulated.plist

WriteAuxiliaryFile /Users/darisadam/Library/Developer/Xcode/DerivedData/Madabank-hkohthnbjtgnoechirsoymtykttx/Build/Intermediates.noindex/IQKeyboardManagerSwift.build/Debug-iphonesimulator/IQKeyboardManagerSwift.build/module.modulemap (in target 'IQKeyboardManagerSwift' from project 'IQKeyboardManagerSwift')
    cd /Users/darisadam/Documents/Projects/iOS\ Apps/madabank-ios/Madabank/Tuist/.build/tuist-derived/IQKeyboardManagerSwift
    write-file /Users/darisadam/Library/Developer/Xcode/DerivedData/Madabank-hkohthnbjtgnoechirsoymtykttx/Build/Intermediates.noindex/IQKeyboardManagerSwift.build/Debug-iphonesimulator/IQKeyboardManagerSwift.build/module.modulemap

WriteAuxiliaryFile /Users/darisadam/Library/Developer/Xcode/DerivedData/Madabank-hkohthnbjtgnoechirsoymtykttx/Build/Intermediates.noindex/IQKeyboardManagerSwift.build/Debug-iphonesimulator/IQKeyboardManagerSwift.build/Objects-normal/arm64/IQKeyboardManagerSwift_const_extract_protocols.json (in target 'IQKeyboardManagerSwift' from project 'IQKeyboardManagerSwift')
    cd /Users/darisadam/Documents/Projects/iOS\ Apps/madabank-ios/Madabank/Tuist/.build/tuist-derived/IQKeyboardManagerSwift
    write-file /Users/darisadam/Library/Developer/Xcode/DerivedData/Madabank-hkohthnbjtgnoechirsoymtykttx/Build/Intermediates.noindex/IQKeyboardManagerSwift.build/Debug-iphonesimulator/IQKeyboardManagerSwift.build/Objects-normal/arm64/IQKeyboardManagerSwift_const_extract_protocols.json

WriteAuxiliaryFile /Users/darisadam/Library/Developer/Xcode/DerivedData/Madabank-hkohthnbjtgnoechirsoymtykttx/Build/Intermediates.noindex/IQKeyboardManagerSwift.build/Debug-iphonesimulator/IQKeyboardManagerSwift.build/Objects-normal/arm64/IQKeyboardManagerSwift.SwiftFileList (in target 'IQKeyboardManagerSwift' from project 'IQKeyboardManagerSwift')
    cd /Users/darisadam/Documents/Projects/iOS\ Apps/madabank-ios/Madabank/Tuist/.build/tuist-derived/IQKeyboardManagerSwift
    write-file /Users/darisadam/Library/Developer/Xcode/DerivedData/Madabank-hkohthnbjtgnoechirsoymtykttx/Build/Intermediates.noindex/IQKeyboardManagerSwift.build/Debug-iphonesimulator/IQKeyboardManagerSwift.build/Objects-normal/arm64/IQKeyboardManagerSwift.SwiftFileList

WriteAuxiliaryFile /Users/darisadam/Library/Developer/Xcode/DerivedData/Madabank-hkohthnbjtgnoechirsoymtykttx/Build/Intermediates.noindex/IQKeyboardManagerSwift.build/Debug-iphonesimulator/IQKeyboardManagerSwift.build/Objects-normal/arm64/IQKeyboardManagerSwift.SwiftConstValuesFileList (in target 'IQKeyboardManagerSwift' from project 'IQKeyboardManagerSwift')
    cd /Users/darisadam/Documents/Projects/iOS\ Apps/madabank-ios/Madabank/Tuist/.build/tuist-derived/IQKeyboardManagerSwift
    write-file /Users/darisadam/Library/Developer/Xcode/DerivedData/Madabank-hkohthnbjtgnoechirsoymtykttx/Build/Intermediates.noindex/IQKeyboardManagerSwift.build/Debug-iphonesimulator/IQKeyboardManagerSwift.build/Objects-normal/arm64/IQKeyboardManagerSwift.SwiftConstValuesFileList

WriteAuxiliaryFile /Users/darisadam/Library/Developer/Xcode/DerivedData/Madabank-hkohthnbjtgnoechirsoymtykttx/Build/Intermediates.noindex/IQKeyboardManagerSwift.build/Debug-iphonesimulator/IQKeyboardManagerSwift.build/Objects-normal/arm64/IQKeyboardManagerSwift.LinkFileList (in target 'IQKeyboardManagerSwift' from project 'IQKeyboardManagerSwift')
    cd /Users/darisadam/Documents/Projects/iOS\ Apps/madabank-ios/Madabank/Tuist/.build/tuist-derived/IQKeyboardManagerSwift
    write-file /Users/darisadam/Library/Developer/Xcode/DerivedData/Madabank-hkohthnbjtgnoechirsoymtykttx/Build/Intermediates.noindex/IQKeyboardManagerSwift.build/Debug-iphonesimulator/IQKeyboardManagerSwift.build/Objects-normal/arm64/IQKeyboardManagerSwift.LinkFileList

WriteAuxiliaryFile /Users/darisadam/Library/Developer/Xcode/DerivedData/Madabank-hkohthnbjtgnoechirsoymtykttx/Build/Intermediates.noindex/IQKeyboardManagerSwift.build/Debug-iphonesimulator/IQKeyboardManagerSwift.build/Objects-normal/arm64/IQKeyboardManagerSwift-OutputFileMap.json (in target 'IQKeyboardManagerSwift' from project 'IQKeyboardManagerSwift')
    cd /Users/darisadam/Documents/Projects/iOS\ Apps/madabank-ios/Madabank/Tuist/.build/tuist-derived/IQKeyboardManagerSwift
    write-file /Users/darisadam/Library/Developer/Xcode/DerivedData/Madabank-hkohthnbjtgnoechirsoymtykttx/Build/Intermediates.noindex/IQKeyboardManagerSwift.build/Debug-iphonesimulator/IQKeyboardManagerSwift.build/Objects-normal/arm64/IQKeyboardManagerSwift-OutputFileMap.json

WriteAuxiliaryFile /Users/darisadam/Library/Developer/Xcode/DerivedData/Madabank-hkohthnbjtgnoechirsoymtykttx/Build/Intermediates.noindex/IQKeyboardManagerSwift.build/Debug-iphonesimulator/IQKeyboardManagerSwift.build/IQKeyboardManagerSwift.DependencyStaticMetadataFileList (in target 'IQKeyboardManagerSwift' from project 'IQKeyboardManagerSwift')
    cd /Users/darisadam/Documents/Projects/iOS\ Apps/madabank-ios/Madabank/Tuist/.build/tuist-derived/IQKeyboardManagerSwift
    write-file /Users/darisadam/Library/Developer/Xcode/DerivedData/Madabank-hkohthnbjtgnoechirsoymtykttx/Build/Intermediates.noindex/IQKeyboardManagerSwift.build/Debug-iphonesimulator/IQKeyboardManagerSwift.build/IQKeyboardManagerSwift.DependencyStaticMetadataFileList

WriteAuxiliaryFile /Users/darisadam/Library/Developer/Xcode/DerivedData/Madabank-hkohthnbjtgnoechirsoymtykttx/Build/Intermediates.noindex/IQKeyboardManagerSwift.build/Debug-iphonesimulator/IQKeyboardManagerSwift.build/Objects-normal/arm64/7187679823f38a2a940e0043cdf9d637-common-args.resp (in target 'IQKeyboardManagerSwift' from project 'IQKeyboardManagerSwift')
    cd /Users/darisadam/Documents/Projects/iOS\ Apps/madabank-ios/Madabank/Tuist/.build/tuist-derived/IQKeyboardManagerSwift
    write-file /Users/darisadam/Library/Developer/Xcode/DerivedData/Madabank-hkohthnbjtgnoechirsoymtykttx/Build/Intermediates.noindex/IQKeyboardManagerSwift.build/Debug-iphonesimulator/IQKeyboardManagerSwift.build/Objects-normal/arm64/7187679823f38a2a940e0043cdf9d637-common-args.resp
-target arm64-apple-ios12.0-simulator '-std=gnu11' -fmodules -gmodules '-fmodules-cache-path=/Users/darisadam/Library/Developer/Xcode/DerivedData/ModuleCache.noindex' '-fmodule-name=IQKeyboardManagerSwift' -fpascal-strings -O0 '-DDEBUG=1' '-DSWIFT_PACKAGE=1' -isysroot /Applications/Xcode.app/Contents/Developer/Platforms/iPhoneSimulator.platform/Developer/SDKs/iPhoneSimulator26.1.sdk -g -I/Users/darisadam/Library/Developer/Xcode/DerivedData/Madabank-hkohthnbjtgnoechirsoymtykttx/Build/Products/Debug-iphonesimulator/include -I/Users/darisadam/Library/Developer/Xcode/DerivedData/Madabank-hkohthnbjtgnoechirsoymtykttx/Build/Intermediates.noindex/IQKeyboardManagerSwift.build/Debug-iphonesimulator/IQKeyboardManagerSwift.build/DerivedSources-normal/arm64 -I/Users/darisadam/Library/Developer/Xcode/DerivedData/Madabank-hkohthnbjtgnoechirsoymtykttx/Build/Intermediates.noindex/IQKeyboardManagerSwift.build/Debug-iphonesimulator/IQKeyboardManagerSwift.build/DerivedSources/arm64 -I/Users/darisadam/Library/Developer/Xcode/DerivedData/Madabank-hkohthnbjtgnoechirsoymtykttx/Build/Intermediates.noindex/IQKeyboardManagerSwift.build/Debug-iphonesimulator/IQKeyboardManagerSwift.build/DerivedSources -F/Users/darisadam/Library/Developer/Xcode/DerivedData/Madabank-hkohthnbjtgnoechirsoymtykttx/Build/Products/Debug-iphonesimulator -F/Applications/Xcode.app/Contents/Developer/Platforms/iPhoneSimulator.platform/Developer/Library/Frameworks

WriteAuxiliaryFile /Users/darisadam/Library/Developer/Xcode/DerivedData/Madabank-hkohthnbjtgnoechirsoymtykttx/Build/Intermediates.noindex/IQKeyboardManagerSwift.build/Debug-iphonesimulator/IQKeyboardManagerSwift.build/IQKeyboardManagerSwift.DependencyMetadataFileList (in target 'IQKeyboardManagerSwift' from project 'IQKeyboardManagerSwift')
    cd /Users/darisadam/Documents/Projects/iOS\ Apps/madabank-ios/Madabank/Tuist/.build/tuist-derived/IQKeyboardManagerSwift
    write-file /Users/darisadam/Library/Developer/Xcode/DerivedData/Madabank-hkohthnbjtgnoechirsoymtykttx/Build/Intermediates.noindex/IQKeyboardManagerSwift.build/Debug-iphonesimulator/IQKeyboardManagerSwift.build/IQKeyboardManagerSwift.DependencyMetadataFileList

Copy /Users/darisadam/Library/Developer/Xcode/DerivedData/Madabank-hkohthnbjtgnoechirsoymtykttx/Build/Products/Debug-iphonesimulator/Profile.framework/Modules/module.modulemap /Users/darisadam/Library/Developer/Xcode/DerivedData/Madabank-hkohthnbjtgnoechirsoymtykttx/Build/Intermediates.noindex/Profile.build/Debug-iphonesimulator/Profile.build/module.modulemap (in target 'Profile' from project 'Profile')
    cd /Users/darisadam/Documents/Projects/iOS\ Apps/madabank-ios/Madabank/Modules/Features/Profile
    builtin-copy -exclude .DS_Store -exclude CVS -exclude .svn -exclude .git -exclude .hg -resolve-src-symlinks /Users/darisadam/Library/Developer/Xcode/DerivedData/Madabank-hkohthnbjtgnoechirsoymtykttx/Build/Intermediates.noindex/Profile.build/Debug-iphonesimulator/Profile.build/module.modulemap /Users/darisadam/Library/Developer/Xcode/DerivedData/Madabank-hkohthnbjtgnoechirsoymtykttx/Build/Products/Debug-iphonesimulator/Profile.framework/Modules

WriteAuxiliaryFile /Users/darisadam/Library/Developer/Xcode/DerivedData/Madabank-hkohthnbjtgnoechirsoymtykttx/Build/Intermediates.noindex/IQKeyboardManagerSwift.build/Debug-iphonesimulator/IQKeyboardManagerSwift.build/DerivedSources/IQKeyboardManagerSwift_vers.c (in target 'IQKeyboardManagerSwift' from project 'IQKeyboardManagerSwift')
    cd /Users/darisadam/Documents/Projects/iOS\ Apps/madabank-ios/Madabank/Tuist/.build/tuist-derived/IQKeyboardManagerSwift
    write-file /Users/darisadam/Library/Developer/Xcode/DerivedData/Madabank-hkohthnbjtgnoechirsoymtykttx/Build/Intermediates.noindex/IQKeyboardManagerSwift.build/Debug-iphonesimulator/IQKeyboardManagerSwift.build/DerivedSources/IQKeyboardManagerSwift_vers.c

WriteAuxiliaryFile /Users/darisadam/Library/Developer/Xcode/DerivedData/Madabank-hkohthnbjtgnoechirsoymtykttx/Build/Intermediates.noindex/Home.build/Debug-iphonesimulator/Home.build/module.modulemap (in target 'Home' from project 'Home')
    cd /Users/darisadam/Documents/Projects/iOS\ Apps/madabank-ios/Madabank/Modules/Features/Home
    write-file /Users/darisadam/Library/Developer/Xcode/DerivedData/Madabank-hkohthnbjtgnoechirsoymtykttx/Build/Intermediates.noindex/Home.build/Debug-iphonesimulator/Home.build/module.modulemap

WriteAuxiliaryFile /Users/darisadam/Library/Developer/Xcode/DerivedData/Madabank-hkohthnbjtgnoechirsoymtykttx/Build/Intermediates.noindex/Home.build/Debug-iphonesimulator/Home.build/Objects-normal/arm64/Home_const_extract_protocols.json (in target 'Home' from project 'Home')
    cd /Users/darisadam/Documents/Projects/iOS\ Apps/madabank-ios/Madabank/Modules/Features/Home
    write-file /Users/darisadam/Library/Developer/Xcode/DerivedData/Madabank-hkohthnbjtgnoechirsoymtykttx/Build/Intermediates.noindex/Home.build/Debug-iphonesimulator/Home.build/Objects-normal/arm64/Home_const_extract_protocols.json

WriteAuxiliaryFile /Users/darisadam/Library/Developer/Xcode/DerivedData/Madabank-hkohthnbjtgnoechirsoymtykttx/Build/Intermediates.noindex/Home.build/Debug-iphonesimulator/Home.build/Objects-normal/arm64/Home.SwiftFileList (in target 'Home' from project 'Home')
    cd /Users/darisadam/Documents/Projects/iOS\ Apps/madabank-ios/Madabank/Modules/Features/Home
    write-file /Users/darisadam/Library/Developer/Xcode/DerivedData/Madabank-hkohthnbjtgnoechirsoymtykttx/Build/Intermediates.noindex/Home.build/Debug-iphonesimulator/Home.build/Objects-normal/arm64/Home.SwiftFileList

WriteAuxiliaryFile /Users/darisadam/Library/Developer/Xcode/DerivedData/Madabank-hkohthnbjtgnoechirsoymtykttx/Build/Intermediates.noindex/Home.build/Debug-iphonesimulator/Home.build/Objects-normal/arm64/Home.SwiftConstValuesFileList (in target 'Home' from project 'Home')
    cd /Users/darisadam/Documents/Projects/iOS\ Apps/madabank-ios/Madabank/Modules/Features/Home
    write-file /Users/darisadam/Library/Developer/Xcode/DerivedData/Madabank-hkohthnbjtgnoechirsoymtykttx/Build/Intermediates.noindex/Home.build/Debug-iphonesimulator/Home.build/Objects-normal/arm64/Home.SwiftConstValuesFileList

Copy /Users/darisadam/Library/Developer/Xcode/DerivedData/Madabank-hkohthnbjtgnoechirsoymtykttx/Build/Products/Debug-iphonesimulator/IQKeyboardManagerSwift.framework/Modules/module.modulemap /Users/darisadam/Library/Developer/Xcode/DerivedData/Madabank-hkohthnbjtgnoechirsoymtykttx/Build/Intermediates.noindex/IQKeyboardManagerSwift.build/Debug-iphonesimulator/IQKeyboardManagerSwift.build/module.modulemap (in target 'IQKeyboardManagerSwift' from project 'IQKeyboardManagerSwift')
    cd /Users/darisadam/Documents/Projects/iOS\ Apps/madabank-ios/Madabank/Tuist/.build/tuist-derived/IQKeyboardManagerSwift
    builtin-copy -exclude .DS_Store -exclude CVS -exclude .svn -exclude .git -exclude .hg -resolve-src-symlinks /Users/darisadam/Library/Developer/Xcode/DerivedData/Madabank-hkohthnbjtgnoechirsoymtykttx/Build/Intermediates.noindex/IQKeyboardManagerSwift.build/Debug-iphonesimulator/IQKeyboardManagerSwift.build/module.modulemap /Users/darisadam/Library/Developer/Xcode/DerivedData/Madabank-hkohthnbjtgnoechirsoymtykttx/Build/Products/Debug-iphonesimulator/IQKeyboardManagerSwift.framework/Modules

WriteAuxiliaryFile /Users/darisadam/Library/Developer/Xcode/DerivedData/Madabank-hkohthnbjtgnoechirsoymtykttx/Build/Intermediates.noindex/Home.build/Debug-iphonesimulator/Home.build/Objects-normal/arm64/Home.LinkFileList (in target 'Home' from project 'Home')
    cd /Users/darisadam/Documents/Projects/iOS\ Apps/madabank-ios/Madabank/Modules/Features/Home
    write-file /Users/darisadam/Library/Developer/Xcode/DerivedData/Madabank-hkohthnbjtgnoechirsoymtykttx/Build/Intermediates.noindex/Home.build/Debug-iphonesimulator/Home.build/Objects-normal/arm64/Home.LinkFileList

WriteAuxiliaryFile /Users/darisadam/Library/Developer/Xcode/DerivedData/Madabank-hkohthnbjtgnoechirsoymtykttx/Build/Intermediates.noindex/Home.build/Debug-iphonesimulator/Home.build/Objects-normal/arm64/Home-OutputFileMap.json (in target 'Home' from project 'Home')
    cd /Users/darisadam/Documents/Projects/iOS\ Apps/madabank-ios/Madabank/Modules/Features/Home
    write-file /Users/darisadam/Library/Developer/Xcode/DerivedData/Madabank-hkohthnbjtgnoechirsoymtykttx/Build/Intermediates.noindex/Home.build/Debug-iphonesimulator/Home.build/Objects-normal/arm64/Home-OutputFileMap.json

WriteAuxiliaryFile /Users/darisadam/Library/Developer/Xcode/DerivedData/Madabank-hkohthnbjtgnoechirsoymtykttx/Build/Intermediates.noindex/Home.build/Debug-iphonesimulator/Home.build/Objects-normal/arm64/7187679823f38a2a940e0043cdf9d637-common-args.resp (in target 'Home' from project 'Home')
    cd /Users/darisadam/Documents/Projects/iOS\ Apps/madabank-ios/Madabank/Modules/Features/Home
    write-file /Users/darisadam/Library/Developer/Xcode/DerivedData/Madabank-hkohthnbjtgnoechirsoymtykttx/Build/Intermediates.noindex/Home.build/Debug-iphonesimulator/Home.build/Objects-normal/arm64/7187679823f38a2a940e0043cdf9d637-common-args.resp
-target arm64-apple-ios15.0-simulator '-std=gnu11' -fmodules -gmodules '-fmodules-cache-path=/Users/darisadam/Library/Developer/Xcode/DerivedData/ModuleCache.noindex' '-fmodule-name=Home' -fpascal-strings -O0 -fno-common '-DDEBUG=1' -isysroot /Applications/Xcode.app/Contents/Developer/Platforms/iPhoneSimulator.platform/Developer/SDKs/iPhoneSimulator26.1.sdk -g -iquote /Users/darisadam/Library/Developer/Xcode/DerivedData/Madabank-hkohthnbjtgnoechirsoymtykttx/Build/Intermediates.noindex/Home.build/Debug-iphonesimulator/Home.build/Home-generated-files.hmap -I/Users/darisadam/Library/Developer/Xcode/DerivedData/Madabank-hkohthnbjtgnoechirsoymtykttx/Build/Intermediates.noindex/Home.build/Debug-iphonesimulator/Home.build/Home-own-target-headers.hmap -I/Users/darisadam/Library/Developer/Xcode/DerivedData/Madabank-hkohthnbjtgnoechirsoymtykttx/Build/Intermediates.noindex/Home.build/Debug-iphonesimulator/Home.build/Home-all-non-framework-target-headers.hmap -ivfsoverlay /Users/darisadam/Library/Developer/Xcode/DerivedData/Madabank-hkohthnbjtgnoechirsoymtykttx/Build/Intermediates.noindex/Home.build/Debug-iphonesimulator/Home-2627cd9d3d4e544f9b62539dd5cc639b-VFS-iphonesimulator/all-product-headers.yaml -iquote /Users/darisadam/Library/Developer/Xcode/DerivedData/Madabank-hkohthnbjtgnoechirsoymtykttx/Build/Intermediates.noindex/Home.build/Debug-iphonesimulator/Home.build/Home-project-headers.hmap -I/Users/darisadam/Library/Developer/Xcode/DerivedData/Madabank-hkohthnbjtgnoechirsoymtykttx/Build/Products/Debug-iphonesimulator/include '-I/Users/darisadam/Documents/Projects/iOS Apps/madabank-ios/Madabank/Tuist/.build/checkouts/RxSwift/Sources/RxCocoaRuntime/include' -I/Users/darisadam/Library/Developer/Xcode/DerivedData/Madabank-hkohthnbjtgnoechirsoymtykttx/Build/Intermediates.noindex/Home.build/Debug-iphonesimulator/Home.build/DerivedSources-normal/arm64 -I/Users/darisadam/Library/Developer/Xcode/DerivedData/Madabank-hkohthnbjtgnoechirsoymtykttx/Build/Intermediates.noindex/Home.build/Debug-iphonesimulator/Home.build/DerivedSources/arm64 -I/Users/darisadam/Library/Developer/Xcode/DerivedData/Madabank-hkohthnbjtgnoechirsoymtykttx/Build/Intermediates.noindex/Home.build/Debug-iphonesimulator/Home.build/DerivedSources -F/Users/darisadam/Library/Developer/Xcode/DerivedData/Madabank-hkohthnbjtgnoechirsoymtykttx/Build/Products/Debug-iphonesimulator '-fmodule-map-file=/Users/darisadam/Documents/Projects/iOS Apps/madabank-ios/Madabank/Modules/Features/Home/../../../Tuist/.build/tuist-derived/RxCocoaRuntime/RxCocoaRuntime.modulemap'

WriteAuxiliaryFile /Users/darisadam/Library/Developer/Xcode/DerivedData/Madabank-hkohthnbjtgnoechirsoymtykttx/Build/Intermediates.noindex/Home.build/Debug-iphonesimulator/Home.build/Home.hmap (in target 'Home' from project 'Home')
    cd /Users/darisadam/Documents/Projects/iOS\ Apps/madabank-ios/Madabank/Modules/Features/Home
    write-file /Users/darisadam/Library/Developer/Xcode/DerivedData/Madabank-hkohthnbjtgnoechirsoymtykttx/Build/Intermediates.noindex/Home.build/Debug-iphonesimulator/Home.build/Home.hmap

WriteAuxiliaryFile /Users/darisadam/Library/Developer/Xcode/DerivedData/Madabank-hkohthnbjtgnoechirsoymtykttx/Build/Intermediates.noindex/Home.build/Debug-iphonesimulator/Home.build/Home.DependencyStaticMetadataFileList (in target 'Home' from project 'Home')
    cd /Users/darisadam/Documents/Projects/iOS\ Apps/madabank-ios/Madabank/Modules/Features/Home
    write-file /Users/darisadam/Library/Developer/Xcode/DerivedData/Madabank-hkohthnbjtgnoechirsoymtykttx/Build/Intermediates.noindex/Home.build/Debug-iphonesimulator/Home.build/Home.DependencyStaticMetadataFileList

WriteAuxiliaryFile /Users/darisadam/Library/Developer/Xcode/DerivedData/Madabank-hkohthnbjtgnoechirsoymtykttx/Build/Intermediates.noindex/Home.build/Debug-iphonesimulator/Home.build/Home.DependencyMetadataFileList (in target 'Home' from project 'Home')
    cd /Users/darisadam/Documents/Projects/iOS\ Apps/madabank-ios/Madabank/Modules/Features/Home
    write-file /Users/darisadam/Library/Developer/Xcode/DerivedData/Madabank-hkohthnbjtgnoechirsoymtykttx/Build/Intermediates.noindex/Home.build/Debug-iphonesimulator/Home.build/Home.DependencyMetadataFileList

WriteAuxiliaryFile /Users/darisadam/Library/Developer/Xcode/DerivedData/Madabank-hkohthnbjtgnoechirsoymtykttx/Build/Intermediates.noindex/Home.build/Debug-iphonesimulator/Home.build/Home-project-headers.hmap (in target 'Home' from project 'Home')
    cd /Users/darisadam/Documents/Projects/iOS\ Apps/madabank-ios/Madabank/Modules/Features/Home
    write-file /Users/darisadam/Library/Developer/Xcode/DerivedData/Madabank-hkohthnbjtgnoechirsoymtykttx/Build/Intermediates.noindex/Home.build/Debug-iphonesimulator/Home.build/Home-project-headers.hmap

WriteAuxiliaryFile /Users/darisadam/Library/Developer/Xcode/DerivedData/Madabank-hkohthnbjtgnoechirsoymtykttx/Build/Intermediates.noindex/Home.build/Debug-iphonesimulator/Home.build/Home-own-target-headers.hmap (in target 'Home' from project 'Home')
    cd /Users/darisadam/Documents/Projects/iOS\ Apps/madabank-ios/Madabank/Modules/Features/Home
    write-file /Users/darisadam/Library/Developer/Xcode/DerivedData/Madabank-hkohthnbjtgnoechirsoymtykttx/Build/Intermediates.noindex/Home.build/Debug-iphonesimulator/Home.build/Home-own-target-headers.hmap

WriteAuxiliaryFile /Users/darisadam/Library/Developer/Xcode/DerivedData/Madabank-hkohthnbjtgnoechirsoymtykttx/Build/Intermediates.noindex/Home.build/Debug-iphonesimulator/Home.build/Home-generated-files.hmap (in target 'Home' from project 'Home')
    cd /Users/darisadam/Documents/Projects/iOS\ Apps/madabank-ios/Madabank/Modules/Features/Home
    write-file /Users/darisadam/Library/Developer/Xcode/DerivedData/Madabank-hkohthnbjtgnoechirsoymtykttx/Build/Intermediates.noindex/Home.build/Debug-iphonesimulator/Home.build/Home-generated-files.hmap

WriteAuxiliaryFile /Users/darisadam/Library/Developer/Xcode/DerivedData/Madabank-hkohthnbjtgnoechirsoymtykttx/Build/Intermediates.noindex/Home.build/Debug-iphonesimulator/Home.build/Home-all-target-headers.hmap (in target 'Home' from project 'Home')
    cd /Users/darisadam/Documents/Projects/iOS\ Apps/madabank-ios/Madabank/Modules/Features/Home
    write-file /Users/darisadam/Library/Developer/Xcode/DerivedData/Madabank-hkohthnbjtgnoechirsoymtykttx/Build/Intermediates.noindex/Home.build/Debug-iphonesimulator/Home.build/Home-all-target-headers.hmap

WriteAuxiliaryFile /Users/darisadam/Library/Developer/Xcode/DerivedData/Madabank-hkohthnbjtgnoechirsoymtykttx/Build/Intermediates.noindex/Home.build/Debug-iphonesimulator/Home.build/Home-all-non-framework-target-headers.hmap (in target 'Home' from project 'Home')
    cd /Users/darisadam/Documents/Projects/iOS\ Apps/madabank-ios/Madabank/Modules/Features/Home
    write-file /Users/darisadam/Library/Developer/Xcode/DerivedData/Madabank-hkohthnbjtgnoechirsoymtykttx/Build/Intermediates.noindex/Home.build/Debug-iphonesimulator/Home.build/Home-all-non-framework-target-headers.hmap

WriteAuxiliaryFile /Users/darisadam/Library/Developer/Xcode/DerivedData/Madabank-hkohthnbjtgnoechirsoymtykttx/Build/Intermediates.noindex/Home.build/Debug-iphonesimulator/Home.build/DerivedSources/Home_vers.c (in target 'Home' from project 'Home')
    cd /Users/darisadam/Documents/Projects/iOS\ Apps/madabank-ios/Madabank/Modules/Features/Home
    write-file /Users/darisadam/Library/Developer/Xcode/DerivedData/Madabank-hkohthnbjtgnoechirsoymtykttx/Build/Intermediates.noindex/Home.build/Debug-iphonesimulator/Home.build/DerivedSources/Home_vers.c

WriteAuxiliaryFile /Users/darisadam/Library/Developer/Xcode/DerivedData/Madabank-hkohthnbjtgnoechirsoymtykttx/Build/Intermediates.noindex/Cards.build/Debug-iphonesimulator/Cards.build/module.modulemap (in target 'Cards' from project 'Cards')
    cd /Users/darisadam/Documents/Projects/iOS\ Apps/madabank-ios/Madabank/Modules/Features/Cards
    write-file /Users/darisadam/Library/Developer/Xcode/DerivedData/Madabank-hkohthnbjtgnoechirsoymtykttx/Build/Intermediates.noindex/Cards.build/Debug-iphonesimulator/Cards.build/module.modulemap

Copy /Users/darisadam/Library/Developer/Xcode/DerivedData/Madabank-hkohthnbjtgnoechirsoymtykttx/Build/Products/Debug-iphonesimulator/Home.framework/Modules/module.modulemap /Users/darisadam/Library/Developer/Xcode/DerivedData/Madabank-hkohthnbjtgnoechirsoymtykttx/Build/Intermediates.noindex/Home.build/Debug-iphonesimulator/Home.build/module.modulemap (in target 'Home' from project 'Home')
    cd /Users/darisadam/Documents/Projects/iOS\ Apps/madabank-ios/Madabank/Modules/Features/Home
    builtin-copy -exclude .DS_Store -exclude CVS -exclude .svn -exclude .git -exclude .hg -resolve-src-symlinks /Users/darisadam/Library/Developer/Xcode/DerivedData/Madabank-hkohthnbjtgnoechirsoymtykttx/Build/Intermediates.noindex/Home.build/Debug-iphonesimulator/Home.build/module.modulemap /Users/darisadam/Library/Developer/Xcode/DerivedData/Madabank-hkohthnbjtgnoechirsoymtykttx/Build/Products/Debug-iphonesimulator/Home.framework/Modules

WriteAuxiliaryFile /Users/darisadam/Library/Developer/Xcode/DerivedData/Madabank-hkohthnbjtgnoechirsoymtykttx/Build/Intermediates.noindex/Cards.build/Debug-iphonesimulator/Cards.build/Objects-normal/arm64/Cards_const_extract_protocols.json (in target 'Cards' from project 'Cards')
    cd /Users/darisadam/Documents/Projects/iOS\ Apps/madabank-ios/Madabank/Modules/Features/Cards
    write-file /Users/darisadam/Library/Developer/Xcode/DerivedData/Madabank-hkohthnbjtgnoechirsoymtykttx/Build/Intermediates.noindex/Cards.build/Debug-iphonesimulator/Cards.build/Objects-normal/arm64/Cards_const_extract_protocols.json

WriteAuxiliaryFile /Users/darisadam/Library/Developer/Xcode/DerivedData/Madabank-hkohthnbjtgnoechirsoymtykttx/Build/Intermediates.noindex/Cards.build/Debug-iphonesimulator/Cards.build/Objects-normal/arm64/Cards.SwiftConstValuesFileList (in target 'Cards' from project 'Cards')
    cd /Users/darisadam/Documents/Projects/iOS\ Apps/madabank-ios/Madabank/Modules/Features/Cards
    write-file /Users/darisadam/Library/Developer/Xcode/DerivedData/Madabank-hkohthnbjtgnoechirsoymtykttx/Build/Intermediates.noindex/Cards.build/Debug-iphonesimulator/Cards.build/Objects-normal/arm64/Cards.SwiftConstValuesFileList

WriteAuxiliaryFile /Users/darisadam/Library/Developer/Xcode/DerivedData/Madabank-hkohthnbjtgnoechirsoymtykttx/Build/Intermediates.noindex/Cards.build/Debug-iphonesimulator/Cards.build/Objects-normal/arm64/Cards.SwiftFileList (in target 'Cards' from project 'Cards')
    cd /Users/darisadam/Documents/Projects/iOS\ Apps/madabank-ios/Madabank/Modules/Features/Cards
    write-file /Users/darisadam/Library/Developer/Xcode/DerivedData/Madabank-hkohthnbjtgnoechirsoymtykttx/Build/Intermediates.noindex/Cards.build/Debug-iphonesimulator/Cards.build/Objects-normal/arm64/Cards.SwiftFileList

WriteAuxiliaryFile /Users/darisadam/Library/Developer/Xcode/DerivedData/Madabank-hkohthnbjtgnoechirsoymtykttx/Build/Intermediates.noindex/Cards.build/Debug-iphonesimulator/Cards.build/Objects-normal/arm64/Cards.LinkFileList (in target 'Cards' from project 'Cards')
    cd /Users/darisadam/Documents/Projects/iOS\ Apps/madabank-ios/Madabank/Modules/Features/Cards
    write-file /Users/darisadam/Library/Developer/Xcode/DerivedData/Madabank-hkohthnbjtgnoechirsoymtykttx/Build/Intermediates.noindex/Cards.build/Debug-iphonesimulator/Cards.build/Objects-normal/arm64/Cards.LinkFileList

WriteAuxiliaryFile /Users/darisadam/Library/Developer/Xcode/DerivedData/Madabank-hkohthnbjtgnoechirsoymtykttx/Build/Intermediates.noindex/Cards.build/Debug-iphonesimulator/Cards.build/Objects-normal/arm64/Cards-OutputFileMap.json (in target 'Cards' from project 'Cards')
    cd /Users/darisadam/Documents/Projects/iOS\ Apps/madabank-ios/Madabank/Modules/Features/Cards
    write-file /Users/darisadam/Library/Developer/Xcode/DerivedData/Madabank-hkohthnbjtgnoechirsoymtykttx/Build/Intermediates.noindex/Cards.build/Debug-iphonesimulator/Cards.build/Objects-normal/arm64/Cards-OutputFileMap.json

WriteAuxiliaryFile /Users/darisadam/Library/Developer/Xcode/DerivedData/Madabank-hkohthnbjtgnoechirsoymtykttx/Build/Intermediates.noindex/Cards.build/Debug-iphonesimulator/Cards.build/Objects-normal/arm64/7187679823f38a2a940e0043cdf9d637-common-args.resp (in target 'Cards' from project 'Cards')
    cd /Users/darisadam/Documents/Projects/iOS\ Apps/madabank-ios/Madabank/Modules/Features/Cards
    write-file /Users/darisadam/Library/Developer/Xcode/DerivedData/Madabank-hkohthnbjtgnoechirsoymtykttx/Build/Intermediates.noindex/Cards.build/Debug-iphonesimulator/Cards.build/Objects-normal/arm64/7187679823f38a2a940e0043cdf9d637-common-args.resp
-target arm64-apple-ios15.0-simulator '-std=gnu11' -fmodules -gmodules '-fmodules-cache-path=/Users/darisadam/Library/Developer/Xcode/DerivedData/ModuleCache.noindex' '-fmodule-name=Cards' -fpascal-strings -O0 -fno-common '-DDEBUG=1' -isysroot /Applications/Xcode.app/Contents/Developer/Platforms/iPhoneSimulator.platform/Developer/SDKs/iPhoneSimulator26.1.sdk -g -iquote /Users/darisadam/Library/Developer/Xcode/DerivedData/Madabank-hkohthnbjtgnoechirsoymtykttx/Build/Intermediates.noindex/Cards.build/Debug-iphonesimulator/Cards.build/Cards-generated-files.hmap -I/Users/darisadam/Library/Developer/Xcode/DerivedData/Madabank-hkohthnbjtgnoechirsoymtykttx/Build/Intermediates.noindex/Cards.build/Debug-iphonesimulator/Cards.build/Cards-own-target-headers.hmap -I/Users/darisadam/Library/Developer/Xcode/DerivedData/Madabank-hkohthnbjtgnoechirsoymtykttx/Build/Intermediates.noindex/Cards.build/Debug-iphonesimulator/Cards.build/Cards-all-non-framework-target-headers.hmap -ivfsoverlay /Users/darisadam/Library/Developer/Xcode/DerivedData/Madabank-hkohthnbjtgnoechirsoymtykttx/Build/Intermediates.noindex/Cards.build/Debug-iphonesimulator/Cards-7a265648a3503f26f0252f763a468131-VFS-iphonesimulator/all-product-headers.yaml -iquote /Users/darisadam/Library/Developer/Xcode/DerivedData/Madabank-hkohthnbjtgnoechirsoymtykttx/Build/Intermediates.noindex/Cards.build/Debug-iphonesimulator/Cards.build/Cards-project-headers.hmap -I/Users/darisadam/Library/Developer/Xcode/DerivedData/Madabank-hkohthnbjtgnoechirsoymtykttx/Build/Products/Debug-iphonesimulator/include '-I/Users/darisadam/Documents/Projects/iOS Apps/madabank-ios/Madabank/Tuist/.build/checkouts/RxSwift/Sources/RxCocoaRuntime/include' -I/Users/darisadam/Library/Developer/Xcode/DerivedData/Madabank-hkohthnbjtgnoechirsoymtykttx/Build/Intermediates.noindex/Cards.build/Debug-iphonesimulator/Cards.build/DerivedSources-normal/arm64 -I/Users/darisadam/Library/Developer/Xcode/DerivedData/Madabank-hkohthnbjtgnoechirsoymtykttx/Build/Intermediates.noindex/Cards.build/Debug-iphonesimulator/Cards.build/DerivedSources/arm64 -I/Users/darisadam/Library/Developer/Xcode/DerivedData/Madabank-hkohthnbjtgnoechirsoymtykttx/Build/Intermediates.noindex/Cards.build/Debug-iphonesimulator/Cards.build/DerivedSources -F/Users/darisadam/Library/Developer/Xcode/DerivedData/Madabank-hkohthnbjtgnoechirsoymtykttx/Build/Products/Debug-iphonesimulator '-fmodule-map-file=/Users/darisadam/Documents/Projects/iOS Apps/madabank-ios/Madabank/Modules/Features/Cards/../../../Tuist/.build/tuist-derived/RxCocoaRuntime/RxCocoaRuntime.modulemap'

WriteAuxiliaryFile /Users/darisadam/Library/Developer/Xcode/DerivedData/Madabank-hkohthnbjtgnoechirsoymtykttx/Build/Intermediates.noindex/Cards.build/Debug-iphonesimulator/Cards.build/Cards.hmap (in target 'Cards' from project 'Cards')
    cd /Users/darisadam/Documents/Projects/iOS\ Apps/madabank-ios/Madabank/Modules/Features/Cards
    write-file /Users/darisadam/Library/Developer/Xcode/DerivedData/Madabank-hkohthnbjtgnoechirsoymtykttx/Build/Intermediates.noindex/Cards.build/Debug-iphonesimulator/Cards.build/Cards.hmap

WriteAuxiliaryFile /Users/darisadam/Library/Developer/Xcode/DerivedData/Madabank-hkohthnbjtgnoechirsoymtykttx/Build/Intermediates.noindex/Cards.build/Debug-iphonesimulator/Cards.build/Cards.DependencyStaticMetadataFileList (in target 'Cards' from project 'Cards')
    cd /Users/darisadam/Documents/Projects/iOS\ Apps/madabank-ios/Madabank/Modules/Features/Cards
    write-file /Users/darisadam/Library/Developer/Xcode/DerivedData/Madabank-hkohthnbjtgnoechirsoymtykttx/Build/Intermediates.noindex/Cards.build/Debug-iphonesimulator/Cards.build/Cards.DependencyStaticMetadataFileList

WriteAuxiliaryFile /Users/darisadam/Library/Developer/Xcode/DerivedData/Madabank-hkohthnbjtgnoechirsoymtykttx/Build/Intermediates.noindex/Cards.build/Debug-iphonesimulator/Cards.build/Cards.DependencyMetadataFileList (in target 'Cards' from project 'Cards')
    cd /Users/darisadam/Documents/Projects/iOS\ Apps/madabank-ios/Madabank/Modules/Features/Cards
    write-file /Users/darisadam/Library/Developer/Xcode/DerivedData/Madabank-hkohthnbjtgnoechirsoymtykttx/Build/Intermediates.noindex/Cards.build/Debug-iphonesimulator/Cards.build/Cards.DependencyMetadataFileList

WriteAuxiliaryFile /Users/darisadam/Library/Developer/Xcode/DerivedData/Madabank-hkohthnbjtgnoechirsoymtykttx/Build/Intermediates.noindex/Cards.build/Debug-iphonesimulator/Cards.build/DerivedSources/Cards_vers.c (in target 'Cards' from project 'Cards')
    cd /Users/darisadam/Documents/Projects/iOS\ Apps/madabank-ios/Madabank/Modules/Features/Cards
    write-file /Users/darisadam/Library/Developer/Xcode/DerivedData/Madabank-hkohthnbjtgnoechirsoymtykttx/Build/Intermediates.noindex/Cards.build/Debug-iphonesimulator/Cards.build/DerivedSources/Cards_vers.c

WriteAuxiliaryFile /Users/darisadam/Library/Developer/Xcode/DerivedData/Madabank-hkohthnbjtgnoechirsoymtykttx/Build/Intermediates.noindex/Cards.build/Debug-iphonesimulator/Cards.build/Cards-project-headers.hmap (in target 'Cards' from project 'Cards')
    cd /Users/darisadam/Documents/Projects/iOS\ Apps/madabank-ios/Madabank/Modules/Features/Cards
    write-file /Users/darisadam/Library/Developer/Xcode/DerivedData/Madabank-hkohthnbjtgnoechirsoymtykttx/Build/Intermediates.noindex/Cards.build/Debug-iphonesimulator/Cards.build/Cards-project-headers.hmap

WriteAuxiliaryFile /Users/darisadam/Library/Developer/Xcode/DerivedData/Madabank-hkohthnbjtgnoechirsoymtykttx/Build/Intermediates.noindex/Cards.build/Debug-iphonesimulator/Cards.build/Cards-generated-files.hmap (in target 'Cards' from project 'Cards')
    cd /Users/darisadam/Documents/Projects/iOS\ Apps/madabank-ios/Madabank/Modules/Features/Cards
    write-file /Users/darisadam/Library/Developer/Xcode/DerivedData/Madabank-hkohthnbjtgnoechirsoymtykttx/Build/Intermediates.noindex/Cards.build/Debug-iphonesimulator/Cards.build/Cards-generated-files.hmap

WriteAuxiliaryFile /Users/darisadam/Library/Developer/Xcode/DerivedData/Madabank-hkohthnbjtgnoechirsoymtykttx/Build/Intermediates.noindex/Cards.build/Debug-iphonesimulator/Cards.build/Cards-own-target-headers.hmap (in target 'Cards' from project 'Cards')
    cd /Users/darisadam/Documents/Projects/iOS\ Apps/madabank-ios/Madabank/Modules/Features/Cards
    write-file /Users/darisadam/Library/Developer/Xcode/DerivedData/Madabank-hkohthnbjtgnoechirsoymtykttx/Build/Intermediates.noindex/Cards.build/Debug-iphonesimulator/Cards.build/Cards-own-target-headers.hmap

WriteAuxiliaryFile /Users/darisadam/Library/Developer/Xcode/DerivedData/Madabank-hkohthnbjtgnoechirsoymtykttx/Build/Intermediates.noindex/Cards.build/Debug-iphonesimulator/Cards.build/Cards-all-target-headers.hmap (in target 'Cards' from project 'Cards')
    cd /Users/darisadam/Documents/Projects/iOS\ Apps/madabank-ios/Madabank/Modules/Features/Cards
    write-file /Users/darisadam/Library/Developer/Xcode/DerivedData/Madabank-hkohthnbjtgnoechirsoymtykttx/Build/Intermediates.noindex/Cards.build/Debug-iphonesimulator/Cards.build/Cards-all-target-headers.hmap

WriteAuxiliaryFile /Users/darisadam/Library/Developer/Xcode/DerivedData/Madabank-hkohthnbjtgnoechirsoymtykttx/Build/Intermediates.noindex/Cards.build/Debug-iphonesimulator/Cards.build/Cards-all-non-framework-target-headers.hmap (in target 'Cards' from project 'Cards')
    cd /Users/darisadam/Documents/Projects/iOS\ Apps/madabank-ios/Madabank/Modules/Features/Cards
    write-file /Users/darisadam/Library/Developer/Xcode/DerivedData/Madabank-hkohthnbjtgnoechirsoymtykttx/Build/Intermediates.noindex/Cards.build/Debug-iphonesimulator/Cards.build/Cards-all-non-framework-target-headers.hmap

WriteAuxiliaryFile /Users/darisadam/Library/Developer/Xcode/DerivedData/Madabank-hkohthnbjtgnoechirsoymtykttx/Build/Intermediates.noindex/Auth.build/Debug-iphonesimulator/Auth.build/module.modulemap (in target 'Auth' from project 'Auth')
    cd /Users/darisadam/Documents/Projects/iOS\ Apps/madabank-ios/Madabank/Modules/Features/Auth
    write-file /Users/darisadam/Library/Developer/Xcode/DerivedData/Madabank-hkohthnbjtgnoechirsoymtykttx/Build/Intermediates.noindex/Auth.build/Debug-iphonesimulator/Auth.build/module.modulemap

Copy /Users/darisadam/Library/Developer/Xcode/DerivedData/Madabank-hkohthnbjtgnoechirsoymtykttx/Build/Products/Debug-iphonesimulator/Cards.framework/Modules/module.modulemap /Users/darisadam/Library/Developer/Xcode/DerivedData/Madabank-hkohthnbjtgnoechirsoymtykttx/Build/Intermediates.noindex/Cards.build/Debug-iphonesimulator/Cards.build/module.modulemap (in target 'Cards' from project 'Cards')
    cd /Users/darisadam/Documents/Projects/iOS\ Apps/madabank-ios/Madabank/Modules/Features/Cards
    builtin-copy -exclude .DS_Store -exclude CVS -exclude .svn -exclude .git -exclude .hg -resolve-src-symlinks /Users/darisadam/Library/Developer/Xcode/DerivedData/Madabank-hkohthnbjtgnoechirsoymtykttx/Build/Intermediates.noindex/Cards.build/Debug-iphonesimulator/Cards.build/module.modulemap /Users/darisadam/Library/Developer/Xcode/DerivedData/Madabank-hkohthnbjtgnoechirsoymtykttx/Build/Products/Debug-iphonesimulator/Cards.framework/Modules

WriteAuxiliaryFile /Users/darisadam/Library/Developer/Xcode/DerivedData/Madabank-hkohthnbjtgnoechirsoymtykttx/Build/Intermediates.noindex/Auth.build/Debug-iphonesimulator/Auth.build/Objects-normal/arm64/Auth_const_extract_protocols.json (in target 'Auth' from project 'Auth')
    cd /Users/darisadam/Documents/Projects/iOS\ Apps/madabank-ios/Madabank/Modules/Features/Auth
    write-file /Users/darisadam/Library/Developer/Xcode/DerivedData/Madabank-hkohthnbjtgnoechirsoymtykttx/Build/Intermediates.noindex/Auth.build/Debug-iphonesimulator/Auth.build/Objects-normal/arm64/Auth_const_extract_protocols.json

WriteAuxiliaryFile /Users/darisadam/Library/Developer/Xcode/DerivedData/Madabank-hkohthnbjtgnoechirsoymtykttx/Build/Intermediates.noindex/Auth.build/Debug-iphonesimulator/Auth.build/Objects-normal/arm64/Auth.SwiftFileList (in target 'Auth' from project 'Auth')
    cd /Users/darisadam/Documents/Projects/iOS\ Apps/madabank-ios/Madabank/Modules/Features/Auth
    write-file /Users/darisadam/Library/Developer/Xcode/DerivedData/Madabank-hkohthnbjtgnoechirsoymtykttx/Build/Intermediates.noindex/Auth.build/Debug-iphonesimulator/Auth.build/Objects-normal/arm64/Auth.SwiftFileList

WriteAuxiliaryFile /Users/darisadam/Library/Developer/Xcode/DerivedData/Madabank-hkohthnbjtgnoechirsoymtykttx/Build/Intermediates.noindex/Auth.build/Debug-iphonesimulator/Auth.build/Objects-normal/arm64/Auth.SwiftConstValuesFileList (in target 'Auth' from project 'Auth')
    cd /Users/darisadam/Documents/Projects/iOS\ Apps/madabank-ios/Madabank/Modules/Features/Auth
    write-file /Users/darisadam/Library/Developer/Xcode/DerivedData/Madabank-hkohthnbjtgnoechirsoymtykttx/Build/Intermediates.noindex/Auth.build/Debug-iphonesimulator/Auth.build/Objects-normal/arm64/Auth.SwiftConstValuesFileList

WriteAuxiliaryFile /Users/darisadam/Library/Developer/Xcode/DerivedData/Madabank-hkohthnbjtgnoechirsoymtykttx/Build/Intermediates.noindex/Auth.build/Debug-iphonesimulator/Auth.build/Objects-normal/arm64/Auth.LinkFileList (in target 'Auth' from project 'Auth')
    cd /Users/darisadam/Documents/Projects/iOS\ Apps/madabank-ios/Madabank/Modules/Features/Auth
    write-file /Users/darisadam/Library/Developer/Xcode/DerivedData/Madabank-hkohthnbjtgnoechirsoymtykttx/Build/Intermediates.noindex/Auth.build/Debug-iphonesimulator/Auth.build/Objects-normal/arm64/Auth.LinkFileList

WriteAuxiliaryFile /Users/darisadam/Library/Developer/Xcode/DerivedData/Madabank-hkohthnbjtgnoechirsoymtykttx/Build/Intermediates.noindex/Auth.build/Debug-iphonesimulator/Auth.build/Objects-normal/arm64/Auth-OutputFileMap.json (in target 'Auth' from project 'Auth')
    cd /Users/darisadam/Documents/Projects/iOS\ Apps/madabank-ios/Madabank/Modules/Features/Auth
    write-file /Users/darisadam/Library/Developer/Xcode/DerivedData/Madabank-hkohthnbjtgnoechirsoymtykttx/Build/Intermediates.noindex/Auth.build/Debug-iphonesimulator/Auth.build/Objects-normal/arm64/Auth-OutputFileMap.json

WriteAuxiliaryFile /Users/darisadam/Library/Developer/Xcode/DerivedData/Madabank-hkohthnbjtgnoechirsoymtykttx/Build/Intermediates.noindex/Auth.build/Debug-iphonesimulator/Auth.build/Objects-normal/arm64/7187679823f38a2a940e0043cdf9d637-common-args.resp (in target 'Auth' from project 'Auth')
    cd /Users/darisadam/Documents/Projects/iOS\ Apps/madabank-ios/Madabank/Modules/Features/Auth
    write-file /Users/darisadam/Library/Developer/Xcode/DerivedData/Madabank-hkohthnbjtgnoechirsoymtykttx/Build/Intermediates.noindex/Auth.build/Debug-iphonesimulator/Auth.build/Objects-normal/arm64/7187679823f38a2a940e0043cdf9d637-common-args.resp
-target arm64-apple-ios15.0-simulator '-std=gnu11' -fmodules -gmodules '-fmodules-cache-path=/Users/darisadam/Library/Developer/Xcode/DerivedData/ModuleCache.noindex' '-fmodule-name=Auth' -fpascal-strings -O0 -fno-common '-DDEBUG=1' -isysroot /Applications/Xcode.app/Contents/Developer/Platforms/iPhoneSimulator.platform/Developer/SDKs/iPhoneSimulator26.1.sdk -g -iquote /Users/darisadam/Library/Developer/Xcode/DerivedData/Madabank-hkohthnbjtgnoechirsoymtykttx/Build/Intermediates.noindex/Auth.build/Debug-iphonesimulator/Auth.build/Auth-generated-files.hmap -I/Users/darisadam/Library/Developer/Xcode/DerivedData/Madabank-hkohthnbjtgnoechirsoymtykttx/Build/Intermediates.noindex/Auth.build/Debug-iphonesimulator/Auth.build/Auth-own-target-headers.hmap -I/Users/darisadam/Library/Developer/Xcode/DerivedData/Madabank-hkohthnbjtgnoechirsoymtykttx/Build/Intermediates.noindex/Auth.build/Debug-iphonesimulator/Auth.build/Auth-all-non-framework-target-headers.hmap -ivfsoverlay /Users/darisadam/Library/Developer/Xcode/DerivedData/Madabank-hkohthnbjtgnoechirsoymtykttx/Build/Intermediates.noindex/Auth.build/Debug-iphonesimulator/Auth-efebe515434371d957c6500bccba7404-VFS-iphonesimulator/all-product-headers.yaml -iquote /Users/darisadam/Library/Developer/Xcode/DerivedData/Madabank-hkohthnbjtgnoechirsoymtykttx/Build/Intermediates.noindex/Auth.build/Debug-iphonesimulator/Auth.build/Auth-project-headers.hmap -I/Users/darisadam/Library/Developer/Xcode/DerivedData/Madabank-hkohthnbjtgnoechirsoymtykttx/Build/Products/Debug-iphonesimulator/include '-I/Users/darisadam/Documents/Projects/iOS Apps/madabank-ios/Madabank/Tuist/.build/checkouts/RxSwift/Sources/RxCocoaRuntime/include' -I/Users/darisadam/Library/Developer/Xcode/DerivedData/Madabank-hkohthnbjtgnoechirsoymtykttx/Build/Intermediates.noindex/Auth.build/Debug-iphonesimulator/Auth.build/DerivedSources-normal/arm64 -I/Users/darisadam/Library/Developer/Xcode/DerivedData/Madabank-hkohthnbjtgnoechirsoymtykttx/Build/Intermediates.noindex/Auth.build/Debug-iphonesimulator/Auth.build/DerivedSources/arm64 -I/Users/darisadam/Library/Developer/Xcode/DerivedData/Madabank-hkohthnbjtgnoechirsoymtykttx/Build/Intermediates.noindex/Auth.build/Debug-iphonesimulator/Auth.build/DerivedSources -F/Users/darisadam/Library/Developer/Xcode/DerivedData/Madabank-hkohthnbjtgnoechirsoymtykttx/Build/Products/Debug-iphonesimulator '-fmodule-map-file=/Users/darisadam/Documents/Projects/iOS Apps/madabank-ios/Madabank/Modules/Features/Auth/../../../Tuist/.build/tuist-derived/RxCocoaRuntime/RxCocoaRuntime.modulemap'

WriteAuxiliaryFile /Users/darisadam/Library/Developer/Xcode/DerivedData/Madabank-hkohthnbjtgnoechirsoymtykttx/Build/Intermediates.noindex/Auth.build/Debug-iphonesimulator/Auth.build/Auth.hmap (in target 'Auth' from project 'Auth')
    cd /Users/darisadam/Documents/Projects/iOS\ Apps/madabank-ios/Madabank/Modules/Features/Auth
    write-file /Users/darisadam/Library/Developer/Xcode/DerivedData/Madabank-hkohthnbjtgnoechirsoymtykttx/Build/Intermediates.noindex/Auth.build/Debug-iphonesimulator/Auth.build/Auth.hmap

WriteAuxiliaryFile /Users/darisadam/Library/Developer/Xcode/DerivedData/Madabank-hkohthnbjtgnoechirsoymtykttx/Build/Intermediates.noindex/Auth.build/Debug-iphonesimulator/Auth.build/DerivedSources/Auth_vers.c (in target 'Auth' from project 'Auth')
    cd /Users/darisadam/Documents/Projects/iOS\ Apps/madabank-ios/Madabank/Modules/Features/Auth
    write-file /Users/darisadam/Library/Developer/Xcode/DerivedData/Madabank-hkohthnbjtgnoechirsoymtykttx/Build/Intermediates.noindex/Auth.build/Debug-iphonesimulator/Auth.build/DerivedSources/Auth_vers.c

WriteAuxiliaryFile /Users/darisadam/Library/Developer/Xcode/DerivedData/Madabank-hkohthnbjtgnoechirsoymtykttx/Build/Intermediates.noindex/Auth.build/Debug-iphonesimulator/Auth.build/Auth.DependencyStaticMetadataFileList (in target 'Auth' from project 'Auth')
    cd /Users/darisadam/Documents/Projects/iOS\ Apps/madabank-ios/Madabank/Modules/Features/Auth
    write-file /Users/darisadam/Library/Developer/Xcode/DerivedData/Madabank-hkohthnbjtgnoechirsoymtykttx/Build/Intermediates.noindex/Auth.build/Debug-iphonesimulator/Auth.build/Auth.DependencyStaticMetadataFileList

WriteAuxiliaryFile /Users/darisadam/Library/Developer/Xcode/DerivedData/Madabank-hkohthnbjtgnoechirsoymtykttx/Build/Intermediates.noindex/Auth.build/Debug-iphonesimulator/Auth.build/Auth.DependencyMetadataFileList (in target 'Auth' from project 'Auth')
    cd /Users/darisadam/Documents/Projects/iOS\ Apps/madabank-ios/Madabank/Modules/Features/Auth
    write-file /Users/darisadam/Library/Developer/Xcode/DerivedData/Madabank-hkohthnbjtgnoechirsoymtykttx/Build/Intermediates.noindex/Auth.build/Debug-iphonesimulator/Auth.build/Auth.DependencyMetadataFileList

WriteAuxiliaryFile /Users/darisadam/Library/Developer/Xcode/DerivedData/Madabank-hkohthnbjtgnoechirsoymtykttx/Build/Intermediates.noindex/Auth.build/Debug-iphonesimulator/Auth.build/Auth-project-headers.hmap (in target 'Auth' from project 'Auth')
    cd /Users/darisadam/Documents/Projects/iOS\ Apps/madabank-ios/Madabank/Modules/Features/Auth
    write-file /Users/darisadam/Library/Developer/Xcode/DerivedData/Madabank-hkohthnbjtgnoechirsoymtykttx/Build/Intermediates.noindex/Auth.build/Debug-iphonesimulator/Auth.build/Auth-project-headers.hmap

WriteAuxiliaryFile /Users/darisadam/Library/Developer/Xcode/DerivedData/Madabank-hkohthnbjtgnoechirsoymtykttx/Build/Intermediates.noindex/Auth.build/Debug-iphonesimulator/Auth.build/Auth-own-target-headers.hmap (in target 'Auth' from project 'Auth')
    cd /Users/darisadam/Documents/Projects/iOS\ Apps/madabank-ios/Madabank/Modules/Features/Auth
    write-file /Users/darisadam/Library/Developer/Xcode/DerivedData/Madabank-hkohthnbjtgnoechirsoymtykttx/Build/Intermediates.noindex/Auth.build/Debug-iphonesimulator/Auth.build/Auth-own-target-headers.hmap

WriteAuxiliaryFile /Users/darisadam/Library/Developer/Xcode/DerivedData/Madabank-hkohthnbjtgnoechirsoymtykttx/Build/Intermediates.noindex/Auth.build/Debug-iphonesimulator/Auth.build/Auth-generated-files.hmap (in target 'Auth' from project 'Auth')
    cd /Users/darisadam/Documents/Projects/iOS\ Apps/madabank-ios/Madabank/Modules/Features/Auth
    write-file /Users/darisadam/Library/Developer/Xcode/DerivedData/Madabank-hkohthnbjtgnoechirsoymtykttx/Build/Intermediates.noindex/Auth.build/Debug-iphonesimulator/Auth.build/Auth-generated-files.hmap

WriteAuxiliaryFile /Users/darisadam/Library/Developer/Xcode/DerivedData/Madabank-hkohthnbjtgnoechirsoymtykttx/Build/Intermediates.noindex/Auth.build/Debug-iphonesimulator/Auth.build/Auth-all-target-headers.hmap (in target 'Auth' from project 'Auth')
    cd /Users/darisadam/Documents/Projects/iOS\ Apps/madabank-ios/Madabank/Modules/Features/Auth
    write-file /Users/darisadam/Library/Developer/Xcode/DerivedData/Madabank-hkohthnbjtgnoechirsoymtykttx/Build/Intermediates.noindex/Auth.build/Debug-iphonesimulator/Auth.build/Auth-all-target-headers.hmap

WriteAuxiliaryFile /Users/darisadam/Library/Developer/Xcode/DerivedData/Madabank-hkohthnbjtgnoechirsoymtykttx/Build/Intermediates.noindex/Auth.build/Debug-iphonesimulator/Auth.build/Auth-all-non-framework-target-headers.hmap (in target 'Auth' from project 'Auth')
    cd /Users/darisadam/Documents/Projects/iOS\ Apps/madabank-ios/Madabank/Modules/Features/Auth
    write-file /Users/darisadam/Library/Developer/Xcode/DerivedData/Madabank-hkohthnbjtgnoechirsoymtykttx/Build/Intermediates.noindex/Auth.build/Debug-iphonesimulator/Auth.build/Auth-all-non-framework-target-headers.hmap

Copy /Users/darisadam/Library/Developer/Xcode/DerivedData/Madabank-hkohthnbjtgnoechirsoymtykttx/Build/Products/Debug-iphonesimulator/Auth.framework/Modules/module.modulemap /Users/darisadam/Library/Developer/Xcode/DerivedData/Madabank-hkohthnbjtgnoechirsoymtykttx/Build/Intermediates.noindex/Auth.build/Debug-iphonesimulator/Auth.build/module.modulemap (in target 'Auth' from project 'Auth')
    cd /Users/darisadam/Documents/Projects/iOS\ Apps/madabank-ios/Madabank/Modules/Features/Auth
    builtin-copy -exclude .DS_Store -exclude CVS -exclude .svn -exclude .git -exclude .hg -resolve-src-symlinks /Users/darisadam/Library/Developer/Xcode/DerivedData/Madabank-hkohthnbjtgnoechirsoymtykttx/Build/Intermediates.noindex/Auth.build/Debug-iphonesimulator/Auth.build/module.modulemap /Users/darisadam/Library/Developer/Xcode/DerivedData/Madabank-hkohthnbjtgnoechirsoymtykttx/Build/Products/Debug-iphonesimulator/Auth.framework/Modules

WriteAuxiliaryFile /Users/darisadam/Library/Developer/Xcode/DerivedData/Madabank-hkohthnbjtgnoechirsoymtykttx/Build/Intermediates.noindex/Accounts.build/Debug-iphonesimulator/Accounts.build/module.modulemap (in target 'Accounts' from project 'Accounts')
    cd /Users/darisadam/Documents/Projects/iOS\ Apps/madabank-ios/Madabank/Modules/Features/Accounts
    write-file /Users/darisadam/Library/Developer/Xcode/DerivedData/Madabank-hkohthnbjtgnoechirsoymtykttx/Build/Intermediates.noindex/Accounts.build/Debug-iphonesimulator/Accounts.build/module.modulemap

WriteAuxiliaryFile /Users/darisadam/Library/Developer/Xcode/DerivedData/Madabank-hkohthnbjtgnoechirsoymtykttx/Build/Intermediates.noindex/Accounts.build/Debug-iphonesimulator/Accounts.build/Objects-normal/arm64/Accounts_const_extract_protocols.json (in target 'Accounts' from project 'Accounts')
    cd /Users/darisadam/Documents/Projects/iOS\ Apps/madabank-ios/Madabank/Modules/Features/Accounts
    write-file /Users/darisadam/Library/Developer/Xcode/DerivedData/Madabank-hkohthnbjtgnoechirsoymtykttx/Build/Intermediates.noindex/Accounts.build/Debug-iphonesimulator/Accounts.build/Objects-normal/arm64/Accounts_const_extract_protocols.json

WriteAuxiliaryFile /Users/darisadam/Library/Developer/Xcode/DerivedData/Madabank-hkohthnbjtgnoechirsoymtykttx/Build/Intermediates.noindex/Accounts.build/Debug-iphonesimulator/Accounts.build/Objects-normal/arm64/Accounts.SwiftFileList (in target 'Accounts' from project 'Accounts')
    cd /Users/darisadam/Documents/Projects/iOS\ Apps/madabank-ios/Madabank/Modules/Features/Accounts
    write-file /Users/darisadam/Library/Developer/Xcode/DerivedData/Madabank-hkohthnbjtgnoechirsoymtykttx/Build/Intermediates.noindex/Accounts.build/Debug-iphonesimulator/Accounts.build/Objects-normal/arm64/Accounts.SwiftFileList

WriteAuxiliaryFile /Users/darisadam/Library/Developer/Xcode/DerivedData/Madabank-hkohthnbjtgnoechirsoymtykttx/Build/Intermediates.noindex/Accounts.build/Debug-iphonesimulator/Accounts.build/Objects-normal/arm64/Accounts.SwiftConstValuesFileList (in target 'Accounts' from project 'Accounts')
    cd /Users/darisadam/Documents/Projects/iOS\ Apps/madabank-ios/Madabank/Modules/Features/Accounts
    write-file /Users/darisadam/Library/Developer/Xcode/DerivedData/Madabank-hkohthnbjtgnoechirsoymtykttx/Build/Intermediates.noindex/Accounts.build/Debug-iphonesimulator/Accounts.build/Objects-normal/arm64/Accounts.SwiftConstValuesFileList

WriteAuxiliaryFile /Users/darisadam/Library/Developer/Xcode/DerivedData/Madabank-hkohthnbjtgnoechirsoymtykttx/Build/Intermediates.noindex/Accounts.build/Debug-iphonesimulator/Accounts.build/Objects-normal/arm64/Accounts.LinkFileList (in target 'Accounts' from project 'Accounts')
    cd /Users/darisadam/Documents/Projects/iOS\ Apps/madabank-ios/Madabank/Modules/Features/Accounts
    write-file /Users/darisadam/Library/Developer/Xcode/DerivedData/Madabank-hkohthnbjtgnoechirsoymtykttx/Build/Intermediates.noindex/Accounts.build/Debug-iphonesimulator/Accounts.build/Objects-normal/arm64/Accounts.LinkFileList

WriteAuxiliaryFile /Users/darisadam/Library/Developer/Xcode/DerivedData/Madabank-hkohthnbjtgnoechirsoymtykttx/Build/Intermediates.noindex/Accounts.build/Debug-iphonesimulator/Accounts.build/Objects-normal/arm64/Accounts-OutputFileMap.json (in target 'Accounts' from project 'Accounts')
    cd /Users/darisadam/Documents/Projects/iOS\ Apps/madabank-ios/Madabank/Modules/Features/Accounts
    write-file /Users/darisadam/Library/Developer/Xcode/DerivedData/Madabank-hkohthnbjtgnoechirsoymtykttx/Build/Intermediates.noindex/Accounts.build/Debug-iphonesimulator/Accounts.build/Objects-normal/arm64/Accounts-OutputFileMap.json

WriteAuxiliaryFile /Users/darisadam/Library/Developer/Xcode/DerivedData/Madabank-hkohthnbjtgnoechirsoymtykttx/Build/Intermediates.noindex/Accounts.build/Debug-iphonesimulator/Accounts.build/Objects-normal/arm64/7187679823f38a2a940e0043cdf9d637-common-args.resp (in target 'Accounts' from project 'Accounts')
    cd /Users/darisadam/Documents/Projects/iOS\ Apps/madabank-ios/Madabank/Modules/Features/Accounts
    write-file /Users/darisadam/Library/Developer/Xcode/DerivedData/Madabank-hkohthnbjtgnoechirsoymtykttx/Build/Intermediates.noindex/Accounts.build/Debug-iphonesimulator/Accounts.build/Objects-normal/arm64/7187679823f38a2a940e0043cdf9d637-common-args.resp
-target arm64-apple-ios15.0-simulator '-std=gnu11' -fmodules -gmodules '-fmodules-cache-path=/Users/darisadam/Library/Developer/Xcode/DerivedData/ModuleCache.noindex' '-fmodule-name=Accounts' -fpascal-strings -O0 -fno-common '-DDEBUG=1' -isysroot /Applications/Xcode.app/Contents/Developer/Platforms/iPhoneSimulator.platform/Developer/SDKs/iPhoneSimulator26.1.sdk -g -iquote /Users/darisadam/Library/Developer/Xcode/DerivedData/Madabank-hkohthnbjtgnoechirsoymtykttx/Build/Intermediates.noindex/Accounts.build/Debug-iphonesimulator/Accounts.build/Accounts-generated-files.hmap -I/Users/darisadam/Library/Developer/Xcode/DerivedData/Madabank-hkohthnbjtgnoechirsoymtykttx/Build/Intermediates.noindex/Accounts.build/Debug-iphonesimulator/Accounts.build/Accounts-own-target-headers.hmap -I/Users/darisadam/Library/Developer/Xcode/DerivedData/Madabank-hkohthnbjtgnoechirsoymtykttx/Build/Intermediates.noindex/Accounts.build/Debug-iphonesimulator/Accounts.build/Accounts-all-non-framework-target-headers.hmap -ivfsoverlay /Users/darisadam/Library/Developer/Xcode/DerivedData/Madabank-hkohthnbjtgnoechirsoymtykttx/Build/Intermediates.noindex/Accounts.build/Debug-iphonesimulator/Accounts-afd03eb4e8a16b20ea40c2cd0b146ac0-VFS-iphonesimulator/all-product-headers.yaml -iquote /Users/darisadam/Library/Developer/Xcode/DerivedData/Madabank-hkohthnbjtgnoechirsoymtykttx/Build/Intermediates.noindex/Accounts.build/Debug-iphonesimulator/Accounts.build/Accounts-project-headers.hmap -I/Users/darisadam/Library/Developer/Xcode/DerivedData/Madabank-hkohthnbjtgnoechirsoymtykttx/Build/Products/Debug-iphonesimulator/include '-I/Users/darisadam/Documents/Projects/iOS Apps/madabank-ios/Madabank/Tuist/.build/checkouts/RxSwift/Sources/RxCocoaRuntime/include' -I/Users/darisadam/Library/Developer/Xcode/DerivedData/Madabank-hkohthnbjtgnoechirsoymtykttx/Build/Intermediates.noindex/Accounts.build/Debug-iphonesimulator/Accounts.build/DerivedSources-normal/arm64 -I/Users/darisadam/Library/Developer/Xcode/DerivedData/Madabank-hkohthnbjtgnoechirsoymtykttx/Build/Intermediates.noindex/Accounts.build/Debug-iphonesimulator/Accounts.build/DerivedSources/arm64 -I/Users/darisadam/Library/Developer/Xcode/DerivedData/Madabank-hkohthnbjtgnoechirsoymtykttx/Build/Intermediates.noindex/Accounts.build/Debug-iphonesimulator/Accounts.build/DerivedSources -F/Users/darisadam/Library/Developer/Xcode/DerivedData/Madabank-hkohthnbjtgnoechirsoymtykttx/Build/Products/Debug-iphonesimulator '-fmodule-map-file=/Users/darisadam/Documents/Projects/iOS Apps/madabank-ios/Madabank/Modules/Features/Accounts/../../../Tuist/.build/tuist-derived/RxCocoaRuntime/RxCocoaRuntime.modulemap'

WriteAuxiliaryFile /Users/darisadam/Library/Developer/Xcode/DerivedData/Madabank-hkohthnbjtgnoechirsoymtykttx/Build/Intermediates.noindex/Accounts.build/Debug-iphonesimulator/Accounts.build/DerivedSources/Accounts_vers.c (in target 'Accounts' from project 'Accounts')
    cd /Users/darisadam/Documents/Projects/iOS\ Apps/madabank-ios/Madabank/Modules/Features/Accounts
    write-file /Users/darisadam/Library/Developer/Xcode/DerivedData/Madabank-hkohthnbjtgnoechirsoymtykttx/Build/Intermediates.noindex/Accounts.build/Debug-iphonesimulator/Accounts.build/DerivedSources/Accounts_vers.c

WriteAuxiliaryFile /Users/darisadam/Library/Developer/Xcode/DerivedData/Madabank-hkohthnbjtgnoechirsoymtykttx/Build/Intermediates.noindex/Accounts.build/Debug-iphonesimulator/Accounts.build/Accounts.hmap (in target 'Accounts' from project 'Accounts')
    cd /Users/darisadam/Documents/Projects/iOS\ Apps/madabank-ios/Madabank/Modules/Features/Accounts
    write-file /Users/darisadam/Library/Developer/Xcode/DerivedData/Madabank-hkohthnbjtgnoechirsoymtykttx/Build/Intermediates.noindex/Accounts.build/Debug-iphonesimulator/Accounts.build/Accounts.hmap

WriteAuxiliaryFile /Users/darisadam/Library/Developer/Xcode/DerivedData/Madabank-hkohthnbjtgnoechirsoymtykttx/Build/Intermediates.noindex/Accounts.build/Debug-iphonesimulator/Accounts.build/Accounts.DependencyStaticMetadataFileList (in target 'Accounts' from project 'Accounts')
    cd /Users/darisadam/Documents/Projects/iOS\ Apps/madabank-ios/Madabank/Modules/Features/Accounts
    write-file /Users/darisadam/Library/Developer/Xcode/DerivedData/Madabank-hkohthnbjtgnoechirsoymtykttx/Build/Intermediates.noindex/Accounts.build/Debug-iphonesimulator/Accounts.build/Accounts.DependencyStaticMetadataFileList

WriteAuxiliaryFile /Users/darisadam/Library/Developer/Xcode/DerivedData/Madabank-hkohthnbjtgnoechirsoymtykttx/Build/Intermediates.noindex/Accounts.build/Debug-iphonesimulator/Accounts.build/Accounts.DependencyMetadataFileList (in target 'Accounts' from project 'Accounts')
    cd /Users/darisadam/Documents/Projects/iOS\ Apps/madabank-ios/Madabank/Modules/Features/Accounts
    write-file /Users/darisadam/Library/Developer/Xcode/DerivedData/Madabank-hkohthnbjtgnoechirsoymtykttx/Build/Intermediates.noindex/Accounts.build/Debug-iphonesimulator/Accounts.build/Accounts.DependencyMetadataFileList

WriteAuxiliaryFile /Users/darisadam/Library/Developer/Xcode/DerivedData/Madabank-hkohthnbjtgnoechirsoymtykttx/Build/Intermediates.noindex/Accounts.build/Debug-iphonesimulator/Accounts.build/Accounts-project-headers.hmap (in target 'Accounts' from project 'Accounts')
    cd /Users/darisadam/Documents/Projects/iOS\ Apps/madabank-ios/Madabank/Modules/Features/Accounts
    write-file /Users/darisadam/Library/Developer/Xcode/DerivedData/Madabank-hkohthnbjtgnoechirsoymtykttx/Build/Intermediates.noindex/Accounts.build/Debug-iphonesimulator/Accounts.build/Accounts-project-headers.hmap

WriteAuxiliaryFile /Users/darisadam/Library/Developer/Xcode/DerivedData/Madabank-hkohthnbjtgnoechirsoymtykttx/Build/Intermediates.noindex/Accounts.build/Debug-iphonesimulator/Accounts.build/Accounts-own-target-headers.hmap (in target 'Accounts' from project 'Accounts')
    cd /Users/darisadam/Documents/Projects/iOS\ Apps/madabank-ios/Madabank/Modules/Features/Accounts
    write-file /Users/darisadam/Library/Developer/Xcode/DerivedData/Madabank-hkohthnbjtgnoechirsoymtykttx/Build/Intermediates.noindex/Accounts.build/Debug-iphonesimulator/Accounts.build/Accounts-own-target-headers.hmap

WriteAuxiliaryFile /Users/darisadam/Library/Developer/Xcode/DerivedData/Madabank-hkohthnbjtgnoechirsoymtykttx/Build/Intermediates.noindex/Accounts.build/Debug-iphonesimulator/Accounts.build/Accounts-generated-files.hmap (in target 'Accounts' from project 'Accounts')
    cd /Users/darisadam/Documents/Projects/iOS\ Apps/madabank-ios/Madabank/Modules/Features/Accounts
    write-file /Users/darisadam/Library/Developer/Xcode/DerivedData/Madabank-hkohthnbjtgnoechirsoymtykttx/Build/Intermediates.noindex/Accounts.build/Debug-iphonesimulator/Accounts.build/Accounts-generated-files.hmap

WriteAuxiliaryFile /Users/darisadam/Library/Developer/Xcode/DerivedData/Madabank-hkohthnbjtgnoechirsoymtykttx/Build/Intermediates.noindex/Accounts.build/Debug-iphonesimulator/Accounts.build/Accounts-all-target-headers.hmap (in target 'Accounts' from project 'Accounts')
    cd /Users/darisadam/Documents/Projects/iOS\ Apps/madabank-ios/Madabank/Modules/Features/Accounts
    write-file /Users/darisadam/Library/Developer/Xcode/DerivedData/Madabank-hkohthnbjtgnoechirsoymtykttx/Build/Intermediates.noindex/Accounts.build/Debug-iphonesimulator/Accounts.build/Accounts-all-target-headers.hmap

WriteAuxiliaryFile /Users/darisadam/Library/Developer/Xcode/DerivedData/Madabank-hkohthnbjtgnoechirsoymtykttx/Build/Intermediates.noindex/Accounts.build/Debug-iphonesimulator/Accounts.build/Accounts-all-non-framework-target-headers.hmap (in target 'Accounts' from project 'Accounts')
    cd /Users/darisadam/Documents/Projects/iOS\ Apps/madabank-ios/Madabank/Modules/Features/Accounts
    write-file /Users/darisadam/Library/Developer/Xcode/DerivedData/Madabank-hkohthnbjtgnoechirsoymtykttx/Build/Intermediates.noindex/Accounts.build/Debug-iphonesimulator/Accounts.build/Accounts-all-non-framework-target-headers.hmap

Copy /Users/darisadam/Library/Developer/Xcode/DerivedData/Madabank-hkohthnbjtgnoechirsoymtykttx/Build/Products/Debug-iphonesimulator/Accounts.framework/Modules/module.modulemap /Users/darisadam/Library/Developer/Xcode/DerivedData/Madabank-hkohthnbjtgnoechirsoymtykttx/Build/Intermediates.noindex/Accounts.build/Debug-iphonesimulator/Accounts.build/module.modulemap (in target 'Accounts' from project 'Accounts')
    cd /Users/darisadam/Documents/Projects/iOS\ Apps/madabank-ios/Madabank/Modules/Features/Accounts
    builtin-copy -exclude .DS_Store -exclude CVS -exclude .svn -exclude .git -exclude .hg -resolve-src-symlinks /Users/darisadam/Library/Developer/Xcode/DerivedData/Madabank-hkohthnbjtgnoechirsoymtykttx/Build/Intermediates.noindex/Accounts.build/Debug-iphonesimulator/Accounts.build/module.modulemap /Users/darisadam/Library/Developer/Xcode/DerivedData/Madabank-hkohthnbjtgnoechirsoymtykttx/Build/Products/Debug-iphonesimulator/Accounts.framework/Modules

MkDir /Users/darisadam/Library/Developer/Xcode/DerivedData/Madabank-hkohthnbjtgnoechirsoymtykttx/Build/Products/Debug-iphonesimulator/netfox.framework (in target 'netfox' from project 'netfox')
    cd /Users/darisadam/Documents/Projects/iOS\ Apps/madabank-ios/Madabank/Tuist/.build/tuist-derived/netfox
    /bin/mkdir -p /Users/darisadam/Library/Developer/Xcode/DerivedData/Madabank-hkohthnbjtgnoechirsoymtykttx/Build/Products/Debug-iphonesimulator/netfox.framework

MkDir /Users/darisadam/Library/Developer/Xcode/DerivedData/Madabank-hkohthnbjtgnoechirsoymtykttx/Build/Products/Debug-iphonesimulator/netfox.framework/Headers (in target 'netfox' from project 'netfox')
    cd /Users/darisadam/Documents/Projects/iOS\ Apps/madabank-ios/Madabank/Tuist/.build/tuist-derived/netfox
    /bin/mkdir -p /Users/darisadam/Library/Developer/Xcode/DerivedData/Madabank-hkohthnbjtgnoechirsoymtykttx/Build/Products/Debug-iphonesimulator/netfox.framework/Headers

MkDir /Users/darisadam/Library/Developer/Xcode/DerivedData/Madabank-hkohthnbjtgnoechirsoymtykttx/Build/Products/Debug-iphonesimulator/Profile.framework/Headers (in target 'Profile' from project 'Profile')
    cd /Users/darisadam/Documents/Projects/iOS\ Apps/madabank-ios/Madabank/Modules/Features/Profile
    /bin/mkdir -p /Users/darisadam/Library/Developer/Xcode/DerivedData/Madabank-hkohthnbjtgnoechirsoymtykttx/Build/Products/Debug-iphonesimulator/Profile.framework/Headers

MkDir /Users/darisadam/Library/Developer/Xcode/DerivedData/Madabank-hkohthnbjtgnoechirsoymtykttx/Build/Products/Debug-iphonesimulator/Profile.framework (in target 'Profile' from project 'Profile')
    cd /Users/darisadam/Documents/Projects/iOS\ Apps/madabank-ios/Madabank/Modules/Features/Profile
    /bin/mkdir -p /Users/darisadam/Library/Developer/Xcode/DerivedData/Madabank-hkohthnbjtgnoechirsoymtykttx/Build/Products/Debug-iphonesimulator/Profile.framework

MkDir /Users/darisadam/Library/Developer/Xcode/DerivedData/Madabank-hkohthnbjtgnoechirsoymtykttx/Build/Products/Debug-iphonesimulator/Madabank.app/Frameworks (in target 'Madabank' from project 'Madabank')
    cd /Users/darisadam/Documents/Projects/iOS\ Apps/madabank-ios/Madabank
    /bin/mkdir -p /Users/darisadam/Library/Developer/Xcode/DerivedData/Madabank-hkohthnbjtgnoechirsoymtykttx/Build/Products/Debug-iphonesimulator/Madabank.app/Frameworks

MkDir /Users/darisadam/Library/Developer/Xcode/DerivedData/Madabank-hkohthnbjtgnoechirsoymtykttx/Build/Products/Debug-iphonesimulator/Madabank.app (in target 'Madabank' from project 'Madabank')
    cd /Users/darisadam/Documents/Projects/iOS\ Apps/madabank-ios/Madabank
    /bin/mkdir -p /Users/darisadam/Library/Developer/Xcode/DerivedData/Madabank-hkohthnbjtgnoechirsoymtykttx/Build/Products/Debug-iphonesimulator/Madabank.app

MkDir /Users/darisadam/Library/Developer/Xcode/DerivedData/Madabank-hkohthnbjtgnoechirsoymtykttx/Build/Products/Debug-iphonesimulator/IQKeyboardManagerSwift.framework/Headers (in target 'IQKeyboardManagerSwift' from project 'IQKeyboardManagerSwift')
    cd /Users/darisadam/Documents/Projects/iOS\ Apps/madabank-ios/Madabank/Tuist/.build/tuist-derived/IQKeyboardManagerSwift
    /bin/mkdir -p /Users/darisadam/Library/Developer/Xcode/DerivedData/Madabank-hkohthnbjtgnoechirsoymtykttx/Build/Products/Debug-iphonesimulator/IQKeyboardManagerSwift.framework/Headers

MkDir /Users/darisadam/Library/Developer/Xcode/DerivedData/Madabank-hkohthnbjtgnoechirsoymtykttx/Build/Products/Debug-iphonesimulator/IQKeyboardManagerSwift.framework (in target 'IQKeyboardManagerSwift' from project 'IQKeyboardManagerSwift')
    cd /Users/darisadam/Documents/Projects/iOS\ Apps/madabank-ios/Madabank/Tuist/.build/tuist-derived/IQKeyboardManagerSwift
    /bin/mkdir -p /Users/darisadam/Library/Developer/Xcode/DerivedData/Madabank-hkohthnbjtgnoechirsoymtykttx/Build/Products/Debug-iphonesimulator/IQKeyboardManagerSwift.framework

MkDir /Users/darisadam/Library/Developer/Xcode/DerivedData/Madabank-hkohthnbjtgnoechirsoymtykttx/Build/Products/Debug-iphonesimulator/Home.framework/Headers (in target 'Home' from project 'Home')
    cd /Users/darisadam/Documents/Projects/iOS\ Apps/madabank-ios/Madabank/Modules/Features/Home
    /bin/mkdir -p /Users/darisadam/Library/Developer/Xcode/DerivedData/Madabank-hkohthnbjtgnoechirsoymtykttx/Build/Products/Debug-iphonesimulator/Home.framework/Headers

MkDir /Users/darisadam/Library/Developer/Xcode/DerivedData/Madabank-hkohthnbjtgnoechirsoymtykttx/Build/Products/Debug-iphonesimulator/Home.framework (in target 'Home' from project 'Home')
    cd /Users/darisadam/Documents/Projects/iOS\ Apps/madabank-ios/Madabank/Modules/Features/Home
    /bin/mkdir -p /Users/darisadam/Library/Developer/Xcode/DerivedData/Madabank-hkohthnbjtgnoechirsoymtykttx/Build/Products/Debug-iphonesimulator/Home.framework

MkDir /Users/darisadam/Library/Developer/Xcode/DerivedData/Madabank-hkohthnbjtgnoechirsoymtykttx/Build/Products/Debug-iphonesimulator/Cards.framework (in target 'Cards' from project 'Cards')
    cd /Users/darisadam/Documents/Projects/iOS\ Apps/madabank-ios/Madabank/Modules/Features/Cards
    /bin/mkdir -p /Users/darisadam/Library/Developer/Xcode/DerivedData/Madabank-hkohthnbjtgnoechirsoymtykttx/Build/Products/Debug-iphonesimulator/Cards.framework

MkDir /Users/darisadam/Library/Developer/Xcode/DerivedData/Madabank-hkohthnbjtgnoechirsoymtykttx/Build/Products/Debug-iphonesimulator/Cards.framework/Headers (in target 'Cards' from project 'Cards')
    cd /Users/darisadam/Documents/Projects/iOS\ Apps/madabank-ios/Madabank/Modules/Features/Cards
    /bin/mkdir -p /Users/darisadam/Library/Developer/Xcode/DerivedData/Madabank-hkohthnbjtgnoechirsoymtykttx/Build/Products/Debug-iphonesimulator/Cards.framework/Headers

MkDir /Users/darisadam/Library/Developer/Xcode/DerivedData/Madabank-hkohthnbjtgnoechirsoymtykttx/Build/Products/Debug-iphonesimulator/Auth.framework/Headers (in target 'Auth' from project 'Auth')
    cd /Users/darisadam/Documents/Projects/iOS\ Apps/madabank-ios/Madabank/Modules/Features/Auth
    /bin/mkdir -p /Users/darisadam/Library/Developer/Xcode/DerivedData/Madabank-hkohthnbjtgnoechirsoymtykttx/Build/Products/Debug-iphonesimulator/Auth.framework/Headers

MkDir /Users/darisadam/Library/Developer/Xcode/DerivedData/Madabank-hkohthnbjtgnoechirsoymtykttx/Build/Products/Debug-iphonesimulator/Auth.framework (in target 'Auth' from project 'Auth')
    cd /Users/darisadam/Documents/Projects/iOS\ Apps/madabank-ios/Madabank/Modules/Features/Auth
    /bin/mkdir -p /Users/darisadam/Library/Developer/Xcode/DerivedData/Madabank-hkohthnbjtgnoechirsoymtykttx/Build/Products/Debug-iphonesimulator/Auth.framework

MkDir /Users/darisadam/Library/Developer/Xcode/DerivedData/Madabank-hkohthnbjtgnoechirsoymtykttx/Build/Products/Debug-iphonesimulator/Accounts.framework/Headers (in target 'Accounts' from project 'Accounts')
    cd /Users/darisadam/Documents/Projects/iOS\ Apps/madabank-ios/Madabank/Modules/Features/Accounts
    /bin/mkdir -p /Users/darisadam/Library/Developer/Xcode/DerivedData/Madabank-hkohthnbjtgnoechirsoymtykttx/Build/Products/Debug-iphonesimulator/Accounts.framework/Headers

MkDir /Users/darisadam/Library/Developer/Xcode/DerivedData/Madabank-hkohthnbjtgnoechirsoymtykttx/Build/Products/Debug-iphonesimulator/Accounts.framework (in target 'Accounts' from project 'Accounts')
    cd /Users/darisadam/Documents/Projects/iOS\ Apps/madabank-ios/Madabank/Modules/Features/Accounts
    /bin/mkdir -p /Users/darisadam/Library/Developer/Xcode/DerivedData/Madabank-hkohthnbjtgnoechirsoymtykttx/Build/Products/Debug-iphonesimulator/Accounts.framework

ProcessInfoPlistFile /Users/darisadam/Library/Developer/Xcode/DerivedData/Madabank-hkohthnbjtgnoechirsoymtykttx/Build/Products/Debug-iphonesimulator/netfox.framework/Info.plist /Users/darisadam/Documents/Projects/iOS\ Apps/madabank-ios/Madabank/Tuist/.build/tuist-derived/netfox/InfoPlists/netfox-Info.plist (in target 'netfox' from project 'netfox')
    cd /Users/darisadam/Documents/Projects/iOS\ Apps/madabank-ios/Madabank/Tuist/.build/tuist-derived/netfox
    builtin-infoPlistUtility /Users/darisadam/Documents/Projects/iOS\ Apps/madabank-ios/Madabank/Tuist/.build/tuist-derived/netfox/InfoPlists/netfox-Info.plist -producttype com.apple.product-type.framework -expandbuildsettings -format binary -platform iphonesimulator -o /Users/darisadam/Library/Developer/Xcode/DerivedData/Madabank-hkohthnbjtgnoechirsoymtykttx/Build/Products/Debug-iphonesimulator/netfox.framework/Info.plist

ProcessInfoPlistFile /Users/darisadam/Library/Developer/Xcode/DerivedData/Madabank-hkohthnbjtgnoechirsoymtykttx/Build/Products/Debug-iphonesimulator/IQKeyboardManagerSwift.framework/Info.plist /Users/darisadam/Documents/Projects/iOS\ Apps/madabank-ios/Madabank/Tuist/.build/tuist-derived/IQKeyboardManagerSwift/InfoPlists/IQKeyboardManagerSwift-Info.plist (in target 'IQKeyboardManagerSwift' from project 'IQKeyboardManagerSwift')
    cd /Users/darisadam/Documents/Projects/iOS\ Apps/madabank-ios/Madabank/Tuist/.build/tuist-derived/IQKeyboardManagerSwift
    builtin-infoPlistUtility /Users/darisadam/Documents/Projects/iOS\ Apps/madabank-ios/Madabank/Tuist/.build/tuist-derived/IQKeyboardManagerSwift/InfoPlists/IQKeyboardManagerSwift-Info.plist -producttype com.apple.product-type.framework -expandbuildsettings -format binary -platform iphonesimulator -o /Users/darisadam/Library/Developer/Xcode/DerivedData/Madabank-hkohthnbjtgnoechirsoymtykttx/Build/Products/Debug-iphonesimulator/IQKeyboardManagerSwift.framework/Info.plist

ProcessInfoPlistFile /Users/darisadam/Library/Developer/Xcode/DerivedData/Madabank-hkohthnbjtgnoechirsoymtykttx/Build/Products/Debug-iphonesimulator/Networking.framework/Info.plist /Users/darisadam/Documents/Projects/iOS\ Apps/madabank-ios/Madabank/Modules/Shared/Networking/Derived/InfoPlists/Networking-Info.plist (in target 'Networking' from project 'Networking')
    cd /Users/darisadam/Documents/Projects/iOS\ Apps/madabank-ios/Madabank/Modules/Shared/Networking
    builtin-infoPlistUtility /Users/darisadam/Documents/Projects/iOS\ Apps/madabank-ios/Madabank/Modules/Shared/Networking/Derived/InfoPlists/Networking-Info.plist -producttype com.apple.product-type.framework -expandbuildsettings -format binary -platform iphonesimulator -o /Users/darisadam/Library/Developer/Xcode/DerivedData/Madabank-hkohthnbjtgnoechirsoymtykttx/Build/Products/Debug-iphonesimulator/Networking.framework/Info.plist

ProcessInfoPlistFile /Users/darisadam/Library/Developer/Xcode/DerivedData/Madabank-hkohthnbjtgnoechirsoymtykttx/Build/Products/Debug-iphonesimulator/RxRelay.framework/Info.plist /Users/darisadam/Documents/Projects/iOS\ Apps/madabank-ios/Madabank/Tuist/.build/tuist-derived/RxRelay/InfoPlists/RxRelay-Info.plist (in target 'RxRelay' from project 'RxSwift')
    cd /Users/darisadam/Documents/Projects/iOS\ Apps/madabank-ios/Madabank/Tuist/.build/tuist-derived/RxSwift
    builtin-infoPlistUtility /Users/darisadam/Documents/Projects/iOS\ Apps/madabank-ios/Madabank/Tuist/.build/tuist-derived/RxRelay/InfoPlists/RxRelay-Info.plist -producttype com.apple.product-type.framework -expandbuildsettings -format binary -platform iphonesimulator -o /Users/darisadam/Library/Developer/Xcode/DerivedData/Madabank-hkohthnbjtgnoechirsoymtykttx/Build/Products/Debug-iphonesimulator/RxRelay.framework/Info.plist

ProcessInfoPlistFile /Users/darisadam/Library/Developer/Xcode/DerivedData/Madabank-hkohthnbjtgnoechirsoymtykttx/Build/Products/Debug-iphonesimulator/RxCocoaRuntime.framework/Info.plist /Users/darisadam/Documents/Projects/iOS\ Apps/madabank-ios/Madabank/Tuist/.build/tuist-derived/RxCocoaRuntime/InfoPlists/RxCocoaRuntime-Info.plist (in target 'RxCocoaRuntime' from project 'RxSwift')
    cd /Users/darisadam/Documents/Projects/iOS\ Apps/madabank-ios/Madabank/Tuist/.build/tuist-derived/RxSwift
    builtin-infoPlistUtility /Users/darisadam/Documents/Projects/iOS\ Apps/madabank-ios/Madabank/Tuist/.build/tuist-derived/RxCocoaRuntime/InfoPlists/RxCocoaRuntime-Info.plist -producttype com.apple.product-type.framework -expandbuildsettings -format binary -platform iphonesimulator -o /Users/darisadam/Library/Developer/Xcode/DerivedData/Madabank-hkohthnbjtgnoechirsoymtykttx/Build/Products/Debug-iphonesimulator/RxCocoaRuntime.framework/Info.plist

SwiftDriver netfox normal arm64 com.apple.xcode.tools.swift.compiler (in target 'netfox' from project 'netfox')
    cd /Users/darisadam/Documents/Projects/iOS\ Apps/madabank-ios/Madabank/Tuist/.build/tuist-derived/netfox
    builtin-SwiftDriver -- /Applications/Xcode.app/Contents/Developer/Toolchains/XcodeDefault.xctoolchain/usr/bin/swiftc -module-name netfox -Onone -enforce-exclusivity\=checked @/Users/darisadam/Library/Developer/Xcode/DerivedData/Madabank-hkohthnbjtgnoechirsoymtykttx/Build/Intermediates.noindex/netfox.build/Debug-iphonesimulator/netfox.build/Objects-normal/arm64/netfox.SwiftFileList -DSWIFT_PACKAGE -DDEBUG -enable-bare-slash-regex -enable-experimental-feature DebugDescriptionMacro -sdk /Applications/Xcode.app/Contents/Developer/Platforms/iPhoneSimulator.platform/Developer/SDKs/iPhoneSimulator26.1.sdk -target arm64-apple-ios12.0-simulator -g -module-cache-path /Users/darisadam/Library/Developer/Xcode/DerivedData/ModuleCache.noindex -Xfrontend -serialize-debugging-options -enable-testing -suppress-warnings -index-store-path /Users/darisadam/Library/Developer/Xcode/DerivedData/Madabank-hkohthnbjtgnoechirsoymtykttx/Index.noindex/DataStore -Xcc -D_LIBCPP_HARDENING_MODE\=_LIBCPP_HARDENING_MODE_DEBUG -swift-version 5 -I /Users/darisadam/Library/Developer/Xcode/DerivedData/Madabank-hkohthnbjtgnoechirsoymtykttx/Build/Products/Debug-iphonesimulator -F /Users/darisadam/Library/Developer/Xcode/DerivedData/Madabank-hkohthnbjtgnoechirsoymtykttx/Build/Products/Debug-iphonesimulator -F /Applications/Xcode.app/Contents/Developer/Platforms/iPhoneSimulator.platform/Developer/Library/Frameworks -c -j8 -enable-batch-mode -incremental -Xcc -ivfsstatcache -Xcc /Users/darisadam/Library/Developer/Xcode/DerivedData/SDKStatCaches.noindex/iphonesimulator26.1-23B77-3885c01c3e6b6a337905948deab2002e90cf18a4295e390e64c810bc6bd7acbc.sdkstatcache -output-file-map /Users/darisadam/Library/Developer/Xcode/DerivedData/Madabank-hkohthnbjtgnoechirsoymtykttx/Build/Intermediates.noindex/netfox.build/Debug-iphonesimulator/netfox.build/Objects-normal/arm64/netfox-OutputFileMap.json -use-frontend-parseable-output -save-temps -no-color-diagnostics -explicit-module-build -module-cache-path /Users/darisadam/Library/Developer/Xcode/DerivedData/Madabank-hkohthnbjtgnoechirsoymtykttx/Build/Intermediates.noindex/SwiftExplicitPrecompiledModules -clang-scanner-module-cache-path /Users/darisadam/Library/Developer/Xcode/DerivedData/ModuleCache.noindex -sdk-module-cache-path /Users/darisadam/Library/Developer/Xcode/DerivedData/ModuleCache.noindex -serialize-diagnostics -emit-dependencies -emit-module -emit-module-path /Users/darisadam/Library/Developer/Xcode/DerivedData/Madabank-hkohthnbjtgnoechirsoymtykttx/Build/Intermediates.noindex/netfox.build/Debug-iphonesimulator/netfox.build/Objects-normal/arm64/netfox.swiftmodule -validate-clang-modules-once -clang-build-session-file /Users/darisadam/Library/Developer/Xcode/DerivedData/ModuleCache.noindex/Session.modulevalidation -Xcc -I/Users/darisadam/Library/Developer/Xcode/DerivedData/Madabank-hkohthnbjtgnoechirsoymtykttx/Build/Intermediates.noindex/netfox.build/Debug-iphonesimulator/netfox.build/swift-overrides.hmap -emit-const-values -Xfrontend -const-gather-protocols-file -Xfrontend /Users/darisadam/Library/Developer/Xcode/DerivedData/Madabank-hkohthnbjtgnoechirsoymtykttx/Build/Intermediates.noindex/netfox.build/Debug-iphonesimulator/netfox.build/Objects-normal/arm64/netfox_const_extract_protocols.json -Xcc -I/Users/darisadam/Library/Developer/Xcode/DerivedData/Madabank-hkohthnbjtgnoechirsoymtykttx/Build/Products/Debug-iphonesimulator/include -Xcc -I/Users/darisadam/Library/Developer/Xcode/DerivedData/Madabank-hkohthnbjtgnoechirsoymtykttx/Build/Intermediates.noindex/netfox.build/Debug-iphonesimulator/netfox.build/DerivedSources-normal/arm64 -Xcc -I/Users/darisadam/Library/Developer/Xcode/DerivedData/Madabank-hkohthnbjtgnoechirsoymtykttx/Build/Intermediates.noindex/netfox.build/Debug-iphonesimulator/netfox.build/DerivedSources/arm64 -Xcc -I/Users/darisadam/Library/Developer/Xcode/DerivedData/Madabank-hkohthnbjtgnoechirsoymtykttx/Build/Intermediates.noindex/netfox.build/Debug-iphonesimulator/netfox.build/DerivedSources -Xcc -DDEBUG\=1 -Xcc -DSWIFT_PACKAGE\=1 -emit-objc-header -emit-objc-header-path /Users/darisadam/Library/Developer/Xcode/DerivedData/Madabank-hkohthnbjtgnoechirsoymtykttx/Build/Intermediates.noindex/netfox.build/Debug-iphonesimulator/netfox.build/Objects-normal/arm64/netfox-Swift.h -working-directory /Users/darisadam/Documents/Projects/iOS\ Apps/madabank-ios/Madabank/Tuist/.build/tuist-derived/netfox -experimental-emit-module-separately -disable-cmo

SwiftDriver IQKeyboardManagerSwift normal arm64 com.apple.xcode.tools.swift.compiler (in target 'IQKeyboardManagerSwift' from project 'IQKeyboardManagerSwift')
    cd /Users/darisadam/Documents/Projects/iOS\ Apps/madabank-ios/Madabank/Tuist/.build/tuist-derived/IQKeyboardManagerSwift
    builtin-SwiftDriver -- /Applications/Xcode.app/Contents/Developer/Toolchains/XcodeDefault.xctoolchain/usr/bin/swiftc -module-name IQKeyboardManagerSwift -Onone -enforce-exclusivity\=checked @/Users/darisadam/Library/Developer/Xcode/DerivedData/Madabank-hkohthnbjtgnoechirsoymtykttx/Build/Intermediates.noindex/IQKeyboardManagerSwift.build/Debug-iphonesimulator/IQKeyboardManagerSwift.build/Objects-normal/arm64/IQKeyboardManagerSwift.SwiftFileList -DSWIFT_PACKAGE -DDEBUG -enable-bare-slash-regex -enable-experimental-feature DebugDescriptionMacro -sdk /Applications/Xcode.app/Contents/Developer/Platforms/iPhoneSimulator.platform/Developer/SDKs/iPhoneSimulator26.1.sdk -target arm64-apple-ios12.0-simulator -g -module-cache-path /Users/darisadam/Library/Developer/Xcode/DerivedData/ModuleCache.noindex -Xfrontend -serialize-debugging-options -enable-testing -suppress-warnings -index-store-path /Users/darisadam/Library/Developer/Xcode/DerivedData/Madabank-hkohthnbjtgnoechirsoymtykttx/Index.noindex/DataStore -Xcc -D_LIBCPP_HARDENING_MODE\=_LIBCPP_HARDENING_MODE_DEBUG -swift-version 5 -I /Users/darisadam/Library/Developer/Xcode/DerivedData/Madabank-hkohthnbjtgnoechirsoymtykttx/Build/Products/Debug-iphonesimulator -F /Users/darisadam/Library/Developer/Xcode/DerivedData/Madabank-hkohthnbjtgnoechirsoymtykttx/Build/Products/Debug-iphonesimulator -F /Applications/Xcode.app/Contents/Developer/Platforms/iPhoneSimulator.platform/Developer/Library/Frameworks -c -j8 -enable-batch-mode -incremental -Xcc -ivfsstatcache -Xcc /Users/darisadam/Library/Developer/Xcode/DerivedData/SDKStatCaches.noindex/iphonesimulator26.1-23B77-3885c01c3e6b6a337905948deab2002e90cf18a4295e390e64c810bc6bd7acbc.sdkstatcache -output-file-map /Users/darisadam/Library/Developer/Xcode/DerivedData/Madabank-hkohthnbjtgnoechirsoymtykttx/Build/Intermediates.noindex/IQKeyboardManagerSwift.build/Debug-iphonesimulator/IQKeyboardManagerSwift.build/Objects-normal/arm64/IQKeyboardManagerSwift-OutputFileMap.json -use-frontend-parseable-output -save-temps -no-color-diagnostics -explicit-module-build -module-cache-path /Users/darisadam/Library/Developer/Xcode/DerivedData/Madabank-hkohthnbjtgnoechirsoymtykttx/Build/Intermediates.noindex/SwiftExplicitPrecompiledModules -clang-scanner-module-cache-path /Users/darisadam/Library/Developer/Xcode/DerivedData/ModuleCache.noindex -sdk-module-cache-path /Users/darisadam/Library/Developer/Xcode/DerivedData/ModuleCache.noindex -serialize-diagnostics -emit-dependencies -emit-module -emit-module-path /Users/darisadam/Library/Developer/Xcode/DerivedData/Madabank-hkohthnbjtgnoechirsoymtykttx/Build/Intermediates.noindex/IQKeyboardManagerSwift.build/Debug-iphonesimulator/IQKeyboardManagerSwift.build/Objects-normal/arm64/IQKeyboardManagerSwift.swiftmodule -validate-clang-modules-once -clang-build-session-file /Users/darisadam/Library/Developer/Xcode/DerivedData/ModuleCache.noindex/Session.modulevalidation -Xcc -I/Users/darisadam/Library/Developer/Xcode/DerivedData/Madabank-hkohthnbjtgnoechirsoymtykttx/Build/Intermediates.noindex/IQKeyboardManagerSwift.build/Debug-iphonesimulator/IQKeyboardManagerSwift.build/swift-overrides.hmap -emit-const-values -Xfrontend -const-gather-protocols-file -Xfrontend /Users/darisadam/Library/Developer/Xcode/DerivedData/Madabank-hkohthnbjtgnoechirsoymtykttx/Build/Intermediates.noindex/IQKeyboardManagerSwift.build/Debug-iphonesimulator/IQKeyboardManagerSwift.build/Objects-normal/arm64/IQKeyboardManagerSwift_const_extract_protocols.json -Xcc -I/Users/darisadam/Library/Developer/Xcode/DerivedData/Madabank-hkohthnbjtgnoechirsoymtykttx/Build/Products/Debug-iphonesimulator/include -Xcc -I/Users/darisadam/Library/Developer/Xcode/DerivedData/Madabank-hkohthnbjtgnoechirsoymtykttx/Build/Intermediates.noindex/IQKeyboardManagerSwift.build/Debug-iphonesimulator/IQKeyboardManagerSwift.build/DerivedSources-normal/arm64 -Xcc -I/Users/darisadam/Library/Developer/Xcode/DerivedData/Madabank-hkohthnbjtgnoechirsoymtykttx/Build/Intermediates.noindex/IQKeyboardManagerSwift.build/Debug-iphonesimulator/IQKeyboardManagerSwift.build/DerivedSources/arm64 -Xcc -I/Users/darisadam/Library/Developer/Xcode/DerivedData/Madabank-hkohthnbjtgnoechirsoymtykttx/Build/Intermediates.noindex/IQKeyboardManagerSwift.build/Debug-iphonesimulator/IQKeyboardManagerSwift.build/DerivedSources -Xcc -DDEBUG\=1 -Xcc -DSWIFT_PACKAGE\=1 -emit-objc-header -emit-objc-header-path /Users/darisadam/Library/Developer/Xcode/DerivedData/Madabank-hkohthnbjtgnoechirsoymtykttx/Build/Intermediates.noindex/IQKeyboardManagerSwift.build/Debug-iphonesimulator/IQKeyboardManagerSwift.build/Objects-normal/arm64/IQKeyboardManagerSwift-Swift.h -working-directory /Users/darisadam/Documents/Projects/iOS\ Apps/madabank-ios/Madabank/Tuist/.build/tuist-derived/IQKeyboardManagerSwift -experimental-emit-module-separately -disable-cmo

SwiftDriver Profile normal arm64 com.apple.xcode.tools.swift.compiler (in target 'Profile' from project 'Profile')
    cd /Users/darisadam/Documents/Projects/iOS\ Apps/madabank-ios/Madabank/Modules/Features/Profile
    builtin-SwiftDriver -- /Applications/Xcode.app/Contents/Developer/Toolchains/XcodeDefault.xctoolchain/usr/bin/swiftc -module-name Profile -Onone -enforce-exclusivity\=checked @/Users/darisadam/Library/Developer/Xcode/DerivedData/Madabank-hkohthnbjtgnoechirsoymtykttx/Build/Intermediates.noindex/Profile.build/Debug-iphonesimulator/Profile.build/Objects-normal/arm64/Profile.SwiftFileList -DDEBUG -Xcc -fmodule-map-file\=/Users/darisadam/Documents/Projects/iOS\ Apps/madabank-ios/Madabank/Modules/Features/Profile/../../../Tuist/.build/tuist-derived/RxCocoaRuntime/RxCocoaRuntime.modulemap -enable-bare-slash-regex -enable-experimental-feature DebugDescriptionMacro -sdk /Applications/Xcode.app/Contents/Developer/Platforms/iPhoneSimulator.platform/Developer/SDKs/iPhoneSimulator26.1.sdk -target arm64-apple-ios15.0-simulator -g -module-cache-path /Users/darisadam/Library/Developer/Xcode/DerivedData/ModuleCache.noindex -Xfrontend -serialize-debugging-options -enable-testing -index-store-path /Users/darisadam/Library/Developer/Xcode/DerivedData/Madabank-hkohthnbjtgnoechirsoymtykttx/Index.noindex/DataStore -Xcc -D_LIBCPP_HARDENING_MODE\=_LIBCPP_HARDENING_MODE_DEBUG -swift-version 5 -I /Users/darisadam/Library/Developer/Xcode/DerivedData/Madabank-hkohthnbjtgnoechirsoymtykttx/Build/Products/Debug-iphonesimulator -F /Users/darisadam/Library/Developer/Xcode/DerivedData/Madabank-hkohthnbjtgnoechirsoymtykttx/Build/Products/Debug-iphonesimulator -c -j8 -enable-batch-mode -incremental -Xcc -ivfsstatcache -Xcc /Users/darisadam/Library/Developer/Xcode/DerivedData/SDKStatCaches.noindex/iphonesimulator26.1-23B77-3885c01c3e6b6a337905948deab2002e90cf18a4295e390e64c810bc6bd7acbc.sdkstatcache -output-file-map /Users/darisadam/Library/Developer/Xcode/DerivedData/Madabank-hkohthnbjtgnoechirsoymtykttx/Build/Intermediates.noindex/Profile.build/Debug-iphonesimulator/Profile.build/Objects-normal/arm64/Profile-OutputFileMap.json -use-frontend-parseable-output -save-temps -no-color-diagnostics -explicit-module-build -module-cache-path /Users/darisadam/Library/Developer/Xcode/DerivedData/Madabank-hkohthnbjtgnoechirsoymtykttx/Build/Intermediates.noindex/SwiftExplicitPrecompiledModules -clang-scanner-module-cache-path /Users/darisadam/Library/Developer/Xcode/DerivedData/ModuleCache.noindex -sdk-module-cache-path /Users/darisadam/Library/Developer/Xcode/DerivedData/ModuleCache.noindex -serialize-diagnostics -emit-dependencies -emit-module -emit-module-path /Users/darisadam/Library/Developer/Xcode/DerivedData/Madabank-hkohthnbjtgnoechirsoymtykttx/Build/Intermediates.noindex/Profile.build/Debug-iphonesimulator/Profile.build/Objects-normal/arm64/Profile.swiftmodule -validate-clang-modules-once -clang-build-session-file /Users/darisadam/Library/Developer/Xcode/DerivedData/ModuleCache.noindex/Session.modulevalidation -Xcc -I/Users/darisadam/Library/Developer/Xcode/DerivedData/Madabank-hkohthnbjtgnoechirsoymtykttx/Build/Intermediates.noindex/Profile.build/Debug-iphonesimulator/Profile.build/swift-overrides.hmap -emit-const-values -Xfrontend -const-gather-protocols-file -Xfrontend /Users/darisadam/Library/Developer/Xcode/DerivedData/Madabank-hkohthnbjtgnoechirsoymtykttx/Build/Intermediates.noindex/Profile.build/Debug-iphonesimulator/Profile.build/Objects-normal/arm64/Profile_const_extract_protocols.json -Xcc -iquote -Xcc /Users/darisadam/Library/Developer/Xcode/DerivedData/Madabank-hkohthnbjtgnoechirsoymtykttx/Build/Intermediates.noindex/Profile.build/Debug-iphonesimulator/Profile.build/Profile-generated-files.hmap -Xcc -I/Users/darisadam/Library/Developer/Xcode/DerivedData/Madabank-hkohthnbjtgnoechirsoymtykttx/Build/Intermediates.noindex/Profile.build/Debug-iphonesimulator/Profile.build/Profile-own-target-headers.hmap -Xcc -I/Users/darisadam/Library/Developer/Xcode/DerivedData/Madabank-hkohthnbjtgnoechirsoymtykttx/Build/Intermediates.noindex/Profile.build/Debug-iphonesimulator/Profile.build/Profile-all-non-framework-target-headers.hmap -Xcc -ivfsoverlay -Xcc /Users/darisadam/Library/Developer/Xcode/DerivedData/Madabank-hkohthnbjtgnoechirsoymtykttx/Build/Intermediates.noindex/Profile.build/Debug-iphonesimulator/Profile-2467ca3073161e8f17e14bc6987dea85-VFS-iphonesimulator/all-product-headers.yaml -Xcc -iquote -Xcc /Users/darisadam/Library/Developer/Xcode/DerivedData/Madabank-hkohthnbjtgnoechirsoymtykttx/Build/Intermediates.noindex/Profile.build/Debug-iphonesimulator/Profile.build/Profile-project-headers.hmap -Xcc -I/Users/darisadam/Library/Developer/Xcode/DerivedData/Madabank-hkohthnbjtgnoechirsoymtykttx/Build/Products/Debug-iphonesimulator/include -Xcc -I/Users/darisadam/Documents/Projects/iOS\ Apps/madabank-ios/Madabank/Tuist/.build/checkouts/RxSwift/Sources/RxCocoaRuntime/include -Xcc -I/Users/darisadam/Library/Developer/Xcode/DerivedData/Madabank-hkohthnbjtgnoechirsoymtykttx/Build/Intermediates.noindex/Profile.build/Debug-iphonesimulator/Profile.build/DerivedSources-normal/arm64 -Xcc -I/Users/darisadam/Library/Developer/Xcode/DerivedData/Madabank-hkohthnbjtgnoechirsoymtykttx/Build/Intermediates.noindex/Profile.build/Debug-iphonesimulator/Profile.build/DerivedSources/arm64 -Xcc -I/Users/darisadam/Library/Developer/Xcode/DerivedData/Madabank-hkohthnbjtgnoechirsoymtykttx/Build/Intermediates.noindex/Profile.build/Debug-iphonesimulator/Profile.build/DerivedSources -Xcc -DDEBUG\=1 -emit-objc-header -emit-objc-header-path /Users/darisadam/Library/Developer/Xcode/DerivedData/Madabank-hkohthnbjtgnoechirsoymtykttx/Build/Intermediates.noindex/Profile.build/Debug-iphonesimulator/Profile.build/Objects-normal/arm64/Profile-Swift.h -working-directory /Users/darisadam/Documents/Projects/iOS\ Apps/madabank-ios/Madabank/Modules/Features/Profile -experimental-emit-module-separately -disable-cmo

SwiftDriver Home normal arm64 com.apple.xcode.tools.swift.compiler (in target 'Home' from project 'Home')
    cd /Users/darisadam/Documents/Projects/iOS\ Apps/madabank-ios/Madabank/Modules/Features/Home
    builtin-SwiftDriver -- /Applications/Xcode.app/Contents/Developer/Toolchains/XcodeDefault.xctoolchain/usr/bin/swiftc -module-name Home -Onone -enforce-exclusivity\=checked @/Users/darisadam/Library/Developer/Xcode/DerivedData/Madabank-hkohthnbjtgnoechirsoymtykttx/Build/Intermediates.noindex/Home.build/Debug-iphonesimulator/Home.build/Objects-normal/arm64/Home.SwiftFileList -DDEBUG -Xcc -fmodule-map-file\=/Users/darisadam/Documents/Projects/iOS\ Apps/madabank-ios/Madabank/Modules/Features/Home/../../../Tuist/.build/tuist-derived/RxCocoaRuntime/RxCocoaRuntime.modulemap -enable-bare-slash-regex -enable-experimental-feature DebugDescriptionMacro -sdk /Applications/Xcode.app/Contents/Developer/Platforms/iPhoneSimulator.platform/Developer/SDKs/iPhoneSimulator26.1.sdk -target arm64-apple-ios15.0-simulator -g -module-cache-path /Users/darisadam/Library/Developer/Xcode/DerivedData/ModuleCache.noindex -Xfrontend -serialize-debugging-options -enable-testing -index-store-path /Users/darisadam/Library/Developer/Xcode/DerivedData/Madabank-hkohthnbjtgnoechirsoymtykttx/Index.noindex/DataStore -Xcc -D_LIBCPP_HARDENING_MODE\=_LIBCPP_HARDENING_MODE_DEBUG -swift-version 5 -I /Users/darisadam/Library/Developer/Xcode/DerivedData/Madabank-hkohthnbjtgnoechirsoymtykttx/Build/Products/Debug-iphonesimulator -F /Users/darisadam/Library/Developer/Xcode/DerivedData/Madabank-hkohthnbjtgnoechirsoymtykttx/Build/Products/Debug-iphonesimulator -c -j8 -enable-batch-mode -incremental -Xcc -ivfsstatcache -Xcc /Users/darisadam/Library/Developer/Xcode/DerivedData/SDKStatCaches.noindex/iphonesimulator26.1-23B77-3885c01c3e6b6a337905948deab2002e90cf18a4295e390e64c810bc6bd7acbc.sdkstatcache -output-file-map /Users/darisadam/Library/Developer/Xcode/DerivedData/Madabank-hkohthnbjtgnoechirsoymtykttx/Build/Intermediates.noindex/Home.build/Debug-iphonesimulator/Home.build/Objects-normal/arm64/Home-OutputFileMap.json -use-frontend-parseable-output -save-temps -no-color-diagnostics -explicit-module-build -module-cache-path /Users/darisadam/Library/Developer/Xcode/DerivedData/Madabank-hkohthnbjtgnoechirsoymtykttx/Build/Intermediates.noindex/SwiftExplicitPrecompiledModules -clang-scanner-module-cache-path /Users/darisadam/Library/Developer/Xcode/DerivedData/ModuleCache.noindex -sdk-module-cache-path /Users/darisadam/Library/Developer/Xcode/DerivedData/ModuleCache.noindex -serialize-diagnostics -emit-dependencies -emit-module -emit-module-path /Users/darisadam/Library/Developer/Xcode/DerivedData/Madabank-hkohthnbjtgnoechirsoymtykttx/Build/Intermediates.noindex/Home.build/Debug-iphonesimulator/Home.build/Objects-normal/arm64/Home.swiftmodule -validate-clang-modules-once -clang-build-session-file /Users/darisadam/Library/Developer/Xcode/DerivedData/ModuleCache.noindex/Session.modulevalidation -Xcc -I/Users/darisadam/Library/Developer/Xcode/DerivedData/Madabank-hkohthnbjtgnoechirsoymtykttx/Build/Intermediates.noindex/Home.build/Debug-iphonesimulator/Home.build/swift-overrides.hmap -emit-const-values -Xfrontend -const-gather-protocols-file -Xfrontend /Users/darisadam/Library/Developer/Xcode/DerivedData/Madabank-hkohthnbjtgnoechirsoymtykttx/Build/Intermediates.noindex/Home.build/Debug-iphonesimulator/Home.build/Objects-normal/arm64/Home_const_extract_protocols.json -Xcc -iquote -Xcc /Users/darisadam/Library/Developer/Xcode/DerivedData/Madabank-hkohthnbjtgnoechirsoymtykttx/Build/Intermediates.noindex/Home.build/Debug-iphonesimulator/Home.build/Home-generated-files.hmap -Xcc -I/Users/darisadam/Library/Developer/Xcode/DerivedData/Madabank-hkohthnbjtgnoechirsoymtykttx/Build/Intermediates.noindex/Home.build/Debug-iphonesimulator/Home.build/Home-own-target-headers.hmap -Xcc -I/Users/darisadam/Library/Developer/Xcode/DerivedData/Madabank-hkohthnbjtgnoechirsoymtykttx/Build/Intermediates.noindex/Home.build/Debug-iphonesimulator/Home.build/Home-all-non-framework-target-headers.hmap -Xcc -ivfsoverlay -Xcc /Users/darisadam/Library/Developer/Xcode/DerivedData/Madabank-hkohthnbjtgnoechirsoymtykttx/Build/Intermediates.noindex/Home.build/Debug-iphonesimulator/Home-2627cd9d3d4e544f9b62539dd5cc639b-VFS-iphonesimulator/all-product-headers.yaml -Xcc -iquote -Xcc /Users/darisadam/Library/Developer/Xcode/DerivedData/Madabank-hkohthnbjtgnoechirsoymtykttx/Build/Intermediates.noindex/Home.build/Debug-iphonesimulator/Home.build/Home-project-headers.hmap -Xcc -I/Users/darisadam/Library/Developer/Xcode/DerivedData/Madabank-hkohthnbjtgnoechirsoymtykttx/Build/Products/Debug-iphonesimulator/include -Xcc -I/Users/darisadam/Documents/Projects/iOS\ Apps/madabank-ios/Madabank/Tuist/.build/checkouts/RxSwift/Sources/RxCocoaRuntime/include -Xcc -I/Users/darisadam/Library/Developer/Xcode/DerivedData/Madabank-hkohthnbjtgnoechirsoymtykttx/Build/Intermediates.noindex/Home.build/Debug-iphonesimulator/Home.build/DerivedSources-normal/arm64 -Xcc -I/Users/darisadam/Library/Developer/Xcode/DerivedData/Madabank-hkohthnbjtgnoechirsoymtykttx/Build/Intermediates.noindex/Home.build/Debug-iphonesimulator/Home.build/DerivedSources/arm64 -Xcc -I/Users/darisadam/Library/Developer/Xcode/DerivedData/Madabank-hkohthnbjtgnoechirsoymtykttx/Build/Intermediates.noindex/Home.build/Debug-iphonesimulator/Home.build/DerivedSources -Xcc -DDEBUG\=1 -emit-objc-header -emit-objc-header-path /Users/darisadam/Library/Developer/Xcode/DerivedData/Madabank-hkohthnbjtgnoechirsoymtykttx/Build/Intermediates.noindex/Home.build/Debug-iphonesimulator/Home.build/Objects-normal/arm64/Home-Swift.h -working-directory /Users/darisadam/Documents/Projects/iOS\ Apps/madabank-ios/Madabank/Modules/Features/Home -experimental-emit-module-separately -disable-cmo

SwiftDriver Cards normal arm64 com.apple.xcode.tools.swift.compiler (in target 'Cards' from project 'Cards')
    cd /Users/darisadam/Documents/Projects/iOS\ Apps/madabank-ios/Madabank/Modules/Features/Cards
    builtin-SwiftDriver -- /Applications/Xcode.app/Contents/Developer/Toolchains/XcodeDefault.xctoolchain/usr/bin/swiftc -module-name Cards -Onone -enforce-exclusivity\=checked @/Users/darisadam/Library/Developer/Xcode/DerivedData/Madabank-hkohthnbjtgnoechirsoymtykttx/Build/Intermediates.noindex/Cards.build/Debug-iphonesimulator/Cards.build/Objects-normal/arm64/Cards.SwiftFileList -DDEBUG -Xcc -fmodule-map-file\=/Users/darisadam/Documents/Projects/iOS\ Apps/madabank-ios/Madabank/Modules/Features/Cards/../../../Tuist/.build/tuist-derived/RxCocoaRuntime/RxCocoaRuntime.modulemap -enable-bare-slash-regex -enable-experimental-feature DebugDescriptionMacro -sdk /Applications/Xcode.app/Contents/Developer/Platforms/iPhoneSimulator.platform/Developer/SDKs/iPhoneSimulator26.1.sdk -target arm64-apple-ios15.0-simulator -g -module-cache-path /Users/darisadam/Library/Developer/Xcode/DerivedData/ModuleCache.noindex -Xfrontend -serialize-debugging-options -enable-testing -index-store-path /Users/darisadam/Library/Developer/Xcode/DerivedData/Madabank-hkohthnbjtgnoechirsoymtykttx/Index.noindex/DataStore -Xcc -D_LIBCPP_HARDENING_MODE\=_LIBCPP_HARDENING_MODE_DEBUG -swift-version 5 -I /Users/darisadam/Library/Developer/Xcode/DerivedData/Madabank-hkohthnbjtgnoechirsoymtykttx/Build/Products/Debug-iphonesimulator -F /Users/darisadam/Library/Developer/Xcode/DerivedData/Madabank-hkohthnbjtgnoechirsoymtykttx/Build/Products/Debug-iphonesimulator -c -j8 -enable-batch-mode -incremental -Xcc -ivfsstatcache -Xcc /Users/darisadam/Library/Developer/Xcode/DerivedData/SDKStatCaches.noindex/iphonesimulator26.1-23B77-3885c01c3e6b6a337905948deab2002e90cf18a4295e390e64c810bc6bd7acbc.sdkstatcache -output-file-map /Users/darisadam/Library/Developer/Xcode/DerivedData/Madabank-hkohthnbjtgnoechirsoymtykttx/Build/Intermediates.noindex/Cards.build/Debug-iphonesimulator/Cards.build/Objects-normal/arm64/Cards-OutputFileMap.json -use-frontend-parseable-output -save-temps -no-color-diagnostics -explicit-module-build -module-cache-path /Users/darisadam/Library/Developer/Xcode/DerivedData/Madabank-hkohthnbjtgnoechirsoymtykttx/Build/Intermediates.noindex/SwiftExplicitPrecompiledModules -clang-scanner-module-cache-path /Users/darisadam/Library/Developer/Xcode/DerivedData/ModuleCache.noindex -sdk-module-cache-path /Users/darisadam/Library/Developer/Xcode/DerivedData/ModuleCache.noindex -serialize-diagnostics -emit-dependencies -emit-module -emit-module-path /Users/darisadam/Library/Developer/Xcode/DerivedData/Madabank-hkohthnbjtgnoechirsoymtykttx/Build/Intermediates.noindex/Cards.build/Debug-iphonesimulator/Cards.build/Objects-normal/arm64/Cards.swiftmodule -validate-clang-modules-once -clang-build-session-file /Users/darisadam/Library/Developer/Xcode/DerivedData/ModuleCache.noindex/Session.modulevalidation -Xcc -I/Users/darisadam/Library/Developer/Xcode/DerivedData/Madabank-hkohthnbjtgnoechirsoymtykttx/Build/Intermediates.noindex/Cards.build/Debug-iphonesimulator/Cards.build/swift-overrides.hmap -emit-const-values -Xfrontend -const-gather-protocols-file -Xfrontend /Users/darisadam/Library/Developer/Xcode/DerivedData/Madabank-hkohthnbjtgnoechirsoymtykttx/Build/Intermediates.noindex/Cards.build/Debug-iphonesimulator/Cards.build/Objects-normal/arm64/Cards_const_extract_protocols.json -Xcc -iquote -Xcc /Users/darisadam/Library/Developer/Xcode/DerivedData/Madabank-hkohthnbjtgnoechirsoymtykttx/Build/Intermediates.noindex/Cards.build/Debug-iphonesimulator/Cards.build/Cards-generated-files.hmap -Xcc -I/Users/darisadam/Library/Developer/Xcode/DerivedData/Madabank-hkohthnbjtgnoechirsoymtykttx/Build/Intermediates.noindex/Cards.build/Debug-iphonesimulator/Cards.build/Cards-own-target-headers.hmap -Xcc -I/Users/darisadam/Library/Developer/Xcode/DerivedData/Madabank-hkohthnbjtgnoechirsoymtykttx/Build/Intermediates.noindex/Cards.build/Debug-iphonesimulator/Cards.build/Cards-all-non-framework-target-headers.hmap -Xcc -ivfsoverlay -Xcc /Users/darisadam/Library/Developer/Xcode/DerivedData/Madabank-hkohthnbjtgnoechirsoymtykttx/Build/Intermediates.noindex/Cards.build/Debug-iphonesimulator/Cards-7a265648a3503f26f0252f763a468131-VFS-iphonesimulator/all-product-headers.yaml -Xcc -iquote -Xcc /Users/darisadam/Library/Developer/Xcode/DerivedData/Madabank-hkohthnbjtgnoechirsoymtykttx/Build/Intermediates.noindex/Cards.build/Debug-iphonesimulator/Cards.build/Cards-project-headers.hmap -Xcc -I/Users/darisadam/Library/Developer/Xcode/DerivedData/Madabank-hkohthnbjtgnoechirsoymtykttx/Build/Products/Debug-iphonesimulator/include -Xcc -I/Users/darisadam/Documents/Projects/iOS\ Apps/madabank-ios/Madabank/Tuist/.build/checkouts/RxSwift/Sources/RxCocoaRuntime/include -Xcc -I/Users/darisadam/Library/Developer/Xcode/DerivedData/Madabank-hkohthnbjtgnoechirsoymtykttx/Build/Intermediates.noindex/Cards.build/Debug-iphonesimulator/Cards.build/DerivedSources-normal/arm64 -Xcc -I/Users/darisadam/Library/Developer/Xcode/DerivedData/Madabank-hkohthnbjtgnoechirsoymtykttx/Build/Intermediates.noindex/Cards.build/Debug-iphonesimulator/Cards.build/DerivedSources/arm64 -Xcc -I/Users/darisadam/Library/Developer/Xcode/DerivedData/Madabank-hkohthnbjtgnoechirsoymtykttx/Build/Intermediates.noindex/Cards.build/Debug-iphonesimulator/Cards.build/DerivedSources -Xcc -DDEBUG\=1 -emit-objc-header -emit-objc-header-path /Users/darisadam/Library/Developer/Xcode/DerivedData/Madabank-hkohthnbjtgnoechirsoymtykttx/Build/Intermediates.noindex/Cards.build/Debug-iphonesimulator/Cards.build/Objects-normal/arm64/Cards-Swift.h -working-directory /Users/darisadam/Documents/Projects/iOS\ Apps/madabank-ios/Madabank/Modules/Features/Cards -experimental-emit-module-separately -disable-cmo

SwiftDriver Auth normal arm64 com.apple.xcode.tools.swift.compiler (in target 'Auth' from project 'Auth')
    cd /Users/darisadam/Documents/Projects/iOS\ Apps/madabank-ios/Madabank/Modules/Features/Auth
    builtin-SwiftDriver -- /Applications/Xcode.app/Contents/Developer/Toolchains/XcodeDefault.xctoolchain/usr/bin/swiftc -module-name Auth -Onone -enforce-exclusivity\=checked @/Users/darisadam/Library/Developer/Xcode/DerivedData/Madabank-hkohthnbjtgnoechirsoymtykttx/Build/Intermediates.noindex/Auth.build/Debug-iphonesimulator/Auth.build/Objects-normal/arm64/Auth.SwiftFileList -DDEBUG -Xcc -fmodule-map-file\=/Users/darisadam/Documents/Projects/iOS\ Apps/madabank-ios/Madabank/Modules/Features/Auth/../../../Tuist/.build/tuist-derived/RxCocoaRuntime/RxCocoaRuntime.modulemap -enable-bare-slash-regex -enable-experimental-feature DebugDescriptionMacro -sdk /Applications/Xcode.app/Contents/Developer/Platforms/iPhoneSimulator.platform/Developer/SDKs/iPhoneSimulator26.1.sdk -target arm64-apple-ios15.0-simulator -g -module-cache-path /Users/darisadam/Library/Developer/Xcode/DerivedData/ModuleCache.noindex -Xfrontend -serialize-debugging-options -enable-testing -index-store-path /Users/darisadam/Library/Developer/Xcode/DerivedData/Madabank-hkohthnbjtgnoechirsoymtykttx/Index.noindex/DataStore -Xcc -D_LIBCPP_HARDENING_MODE\=_LIBCPP_HARDENING_MODE_DEBUG -swift-version 5 -I /Users/darisadam/Library/Developer/Xcode/DerivedData/Madabank-hkohthnbjtgnoechirsoymtykttx/Build/Products/Debug-iphonesimulator -F /Users/darisadam/Library/Developer/Xcode/DerivedData/Madabank-hkohthnbjtgnoechirsoymtykttx/Build/Products/Debug-iphonesimulator -c -j8 -enable-batch-mode -incremental -Xcc -ivfsstatcache -Xcc /Users/darisadam/Library/Developer/Xcode/DerivedData/SDKStatCaches.noindex/iphonesimulator26.1-23B77-3885c01c3e6b6a337905948deab2002e90cf18a4295e390e64c810bc6bd7acbc.sdkstatcache -output-file-map /Users/darisadam/Library/Developer/Xcode/DerivedData/Madabank-hkohthnbjtgnoechirsoymtykttx/Build/Intermediates.noindex/Auth.build/Debug-iphonesimulator/Auth.build/Objects-normal/arm64/Auth-OutputFileMap.json -use-frontend-parseable-output -save-temps -no-color-diagnostics -explicit-module-build -module-cache-path /Users/darisadam/Library/Developer/Xcode/DerivedData/Madabank-hkohthnbjtgnoechirsoymtykttx/Build/Intermediates.noindex/SwiftExplicitPrecompiledModules -clang-scanner-module-cache-path /Users/darisadam/Library/Developer/Xcode/DerivedData/ModuleCache.noindex -sdk-module-cache-path /Users/darisadam/Library/Developer/Xcode/DerivedData/ModuleCache.noindex -serialize-diagnostics -emit-dependencies -emit-module -emit-module-path /Users/darisadam/Library/Developer/Xcode/DerivedData/Madabank-hkohthnbjtgnoechirsoymtykttx/Build/Intermediates.noindex/Auth.build/Debug-iphonesimulator/Auth.build/Objects-normal/arm64/Auth.swiftmodule -validate-clang-modules-once -clang-build-session-file /Users/darisadam/Library/Developer/Xcode/DerivedData/ModuleCache.noindex/Session.modulevalidation -Xcc -I/Users/darisadam/Library/Developer/Xcode/DerivedData/Madabank-hkohthnbjtgnoechirsoymtykttx/Build/Intermediates.noindex/Auth.build/Debug-iphonesimulator/Auth.build/swift-overrides.hmap -emit-const-values -Xfrontend -const-gather-protocols-file -Xfrontend /Users/darisadam/Library/Developer/Xcode/DerivedData/Madabank-hkohthnbjtgnoechirsoymtykttx/Build/Intermediates.noindex/Auth.build/Debug-iphonesimulator/Auth.build/Objects-normal/arm64/Auth_const_extract_protocols.json -Xcc -iquote -Xcc /Users/darisadam/Library/Developer/Xcode/DerivedData/Madabank-hkohthnbjtgnoechirsoymtykttx/Build/Intermediates.noindex/Auth.build/Debug-iphonesimulator/Auth.build/Auth-generated-files.hmap -Xcc -I/Users/darisadam/Library/Developer/Xcode/DerivedData/Madabank-hkohthnbjtgnoechirsoymtykttx/Build/Intermediates.noindex/Auth.build/Debug-iphonesimulator/Auth.build/Auth-own-target-headers.hmap -Xcc -I/Users/darisadam/Library/Developer/Xcode/DerivedData/Madabank-hkohthnbjtgnoechirsoymtykttx/Build/Intermediates.noindex/Auth.build/Debug-iphonesimulator/Auth.build/Auth-all-non-framework-target-headers.hmap -Xcc -ivfsoverlay -Xcc /Users/darisadam/Library/Developer/Xcode/DerivedData/Madabank-hkohthnbjtgnoechirsoymtykttx/Build/Intermediates.noindex/Auth.build/Debug-iphonesimulator/Auth-efebe515434371d957c6500bccba7404-VFS-iphonesimulator/all-product-headers.yaml -Xcc -iquote -Xcc /Users/darisadam/Library/Developer/Xcode/DerivedData/Madabank-hkohthnbjtgnoechirsoymtykttx/Build/Intermediates.noindex/Auth.build/Debug-iphonesimulator/Auth.build/Auth-project-headers.hmap -Xcc -I/Users/darisadam/Library/Developer/Xcode/DerivedData/Madabank-hkohthnbjtgnoechirsoymtykttx/Build/Products/Debug-iphonesimulator/include -Xcc -I/Users/darisadam/Documents/Projects/iOS\ Apps/madabank-ios/Madabank/Tuist/.build/checkouts/RxSwift/Sources/RxCocoaRuntime/include -Xcc -I/Users/darisadam/Library/Developer/Xcode/DerivedData/Madabank-hkohthnbjtgnoechirsoymtykttx/Build/Intermediates.noindex/Auth.build/Debug-iphonesimulator/Auth.build/DerivedSources-normal/arm64 -Xcc -I/Users/darisadam/Library/Developer/Xcode/DerivedData/Madabank-hkohthnbjtgnoechirsoymtykttx/Build/Intermediates.noindex/Auth.build/Debug-iphonesimulator/Auth.build/DerivedSources/arm64 -Xcc -I/Users/darisadam/Library/Developer/Xcode/DerivedData/Madabank-hkohthnbjtgnoechirsoymtykttx/Build/Intermediates.noindex/Auth.build/Debug-iphonesimulator/Auth.build/DerivedSources -Xcc -DDEBUG\=1 -emit-objc-header -emit-objc-header-path /Users/darisadam/Library/Developer/Xcode/DerivedData/Madabank-hkohthnbjtgnoechirsoymtykttx/Build/Intermediates.noindex/Auth.build/Debug-iphonesimulator/Auth.build/Objects-normal/arm64/Auth-Swift.h -working-directory /Users/darisadam/Documents/Projects/iOS\ Apps/madabank-ios/Madabank/Modules/Features/Auth -experimental-emit-module-separately -disable-cmo

ProcessInfoPlistFile /Users/darisadam/Library/Developer/Xcode/DerivedData/Madabank-hkohthnbjtgnoechirsoymtykttx/Build/Products/Debug-iphonesimulator/Domain.framework/Info.plist /Users/darisadam/Documents/Projects/iOS\ Apps/madabank-ios/Madabank/Modules/Shared/Domain/Derived/InfoPlists/Domain-Info.plist (in target 'Domain' from project 'Domain')
    cd /Users/darisadam/Documents/Projects/iOS\ Apps/madabank-ios/Madabank/Modules/Shared/Domain
    builtin-infoPlistUtility /Users/darisadam/Documents/Projects/iOS\ Apps/madabank-ios/Madabank/Modules/Shared/Domain/Derived/InfoPlists/Domain-Info.plist -producttype com.apple.product-type.framework -expandbuildsettings -format binary -platform iphonesimulator -o /Users/darisadam/Library/Developer/Xcode/DerivedData/Madabank-hkohthnbjtgnoechirsoymtykttx/Build/Products/Debug-iphonesimulator/Domain.framework/Info.plist

ProcessInfoPlistFile /Users/darisadam/Library/Developer/Xcode/DerivedData/Madabank-hkohthnbjtgnoechirsoymtykttx/Build/Products/Debug-iphonesimulator/RxCocoa.framework/Info.plist /Users/darisadam/Documents/Projects/iOS\ Apps/madabank-ios/Madabank/Tuist/.build/tuist-derived/RxCocoa/InfoPlists/RxCocoa-Info.plist (in target 'RxCocoa' from project 'RxSwift')
    cd /Users/darisadam/Documents/Projects/iOS\ Apps/madabank-ios/Madabank/Tuist/.build/tuist-derived/RxSwift
    builtin-infoPlistUtility /Users/darisadam/Documents/Projects/iOS\ Apps/madabank-ios/Madabank/Tuist/.build/tuist-derived/RxCocoa/InfoPlists/RxCocoa-Info.plist -producttype com.apple.product-type.framework -expandbuildsettings -format binary -platform iphonesimulator -o /Users/darisadam/Library/Developer/Xcode/DerivedData/Madabank-hkohthnbjtgnoechirsoymtykttx/Build/Products/Debug-iphonesimulator/RxCocoa.framework/Info.plist

ProcessInfoPlistFile /Users/darisadam/Library/Developer/Xcode/DerivedData/Madabank-hkohthnbjtgnoechirsoymtykttx/Build/Products/Debug-iphonesimulator/Data.framework/Info.plist /Users/darisadam/Documents/Projects/iOS\ Apps/madabank-ios/Madabank/Modules/Shared/Data/Derived/InfoPlists/Data-Info.plist (in target 'Data' from project 'Data')
    cd /Users/darisadam/Documents/Projects/iOS\ Apps/madabank-ios/Madabank/Modules/Shared/Data
    builtin-infoPlistUtility /Users/darisadam/Documents/Projects/iOS\ Apps/madabank-ios/Madabank/Modules/Shared/Data/Derived/InfoPlists/Data-Info.plist -producttype com.apple.product-type.framework -expandbuildsettings -format binary -platform iphonesimulator -o /Users/darisadam/Library/Developer/Xcode/DerivedData/Madabank-hkohthnbjtgnoechirsoymtykttx/Build/Products/Debug-iphonesimulator/Data.framework/Info.plist

ProcessInfoPlistFile /Users/darisadam/Library/Developer/Xcode/DerivedData/Madabank-hkohthnbjtgnoechirsoymtykttx/Build/Products/Debug-iphonesimulator/CommonUI.framework/Info.plist /Users/darisadam/Documents/Projects/iOS\ Apps/madabank-ios/Madabank/Modules/Shared/CommonUI/Derived/InfoPlists/CommonUI-Info.plist (in target 'CommonUI' from project 'CommonUI')
    cd /Users/darisadam/Documents/Projects/iOS\ Apps/madabank-ios/Madabank/Modules/Shared/CommonUI
    builtin-infoPlistUtility /Users/darisadam/Documents/Projects/iOS\ Apps/madabank-ios/Madabank/Modules/Shared/CommonUI/Derived/InfoPlists/CommonUI-Info.plist -producttype com.apple.product-type.framework -expandbuildsettings -format binary -platform iphonesimulator -o /Users/darisadam/Library/Developer/Xcode/DerivedData/Madabank-hkohthnbjtgnoechirsoymtykttx/Build/Products/Debug-iphonesimulator/CommonUI.framework/Info.plist

SwiftDriver Accounts normal arm64 com.apple.xcode.tools.swift.compiler (in target 'Accounts' from project 'Accounts')
    cd /Users/darisadam/Documents/Projects/iOS\ Apps/madabank-ios/Madabank/Modules/Features/Accounts
    builtin-SwiftDriver -- /Applications/Xcode.app/Contents/Developer/Toolchains/XcodeDefault.xctoolchain/usr/bin/swiftc -module-name Accounts -Onone -enforce-exclusivity\=checked @/Users/darisadam/Library/Developer/Xcode/DerivedData/Madabank-hkohthnbjtgnoechirsoymtykttx/Build/Intermediates.noindex/Accounts.build/Debug-iphonesimulator/Accounts.build/Objects-normal/arm64/Accounts.SwiftFileList -DDEBUG -Xcc -fmodule-map-file\=/Users/darisadam/Documents/Projects/iOS\ Apps/madabank-ios/Madabank/Modules/Features/Accounts/../../../Tuist/.build/tuist-derived/RxCocoaRuntime/RxCocoaRuntime.modulemap -enable-bare-slash-regex -enable-experimental-feature DebugDescriptionMacro -sdk /Applications/Xcode.app/Contents/Developer/Platforms/iPhoneSimulator.platform/Developer/SDKs/iPhoneSimulator26.1.sdk -target arm64-apple-ios15.0-simulator -g -module-cache-path /Users/darisadam/Library/Developer/Xcode/DerivedData/ModuleCache.noindex -Xfrontend -serialize-debugging-options -enable-testing -index-store-path /Users/darisadam/Library/Developer/Xcode/DerivedData/Madabank-hkohthnbjtgnoechirsoymtykttx/Index.noindex/DataStore -Xcc -D_LIBCPP_HARDENING_MODE\=_LIBCPP_HARDENING_MODE_DEBUG -swift-version 5 -I /Users/darisadam/Library/Developer/Xcode/DerivedData/Madabank-hkohthnbjtgnoechirsoymtykttx/Build/Products/Debug-iphonesimulator -F /Users/darisadam/Library/Developer/Xcode/DerivedData/Madabank-hkohthnbjtgnoechirsoymtykttx/Build/Products/Debug-iphonesimulator -c -j8 -enable-batch-mode -incremental -Xcc -ivfsstatcache -Xcc /Users/darisadam/Library/Developer/Xcode/DerivedData/SDKStatCaches.noindex/iphonesimulator26.1-23B77-3885c01c3e6b6a337905948deab2002e90cf18a4295e390e64c810bc6bd7acbc.sdkstatcache -output-file-map /Users/darisadam/Library/Developer/Xcode/DerivedData/Madabank-hkohthnbjtgnoechirsoymtykttx/Build/Intermediates.noindex/Accounts.build/Debug-iphonesimulator/Accounts.build/Objects-normal/arm64/Accounts-OutputFileMap.json -use-frontend-parseable-output -save-temps -no-color-diagnostics -explicit-module-build -module-cache-path /Users/darisadam/Library/Developer/Xcode/DerivedData/Madabank-hkohthnbjtgnoechirsoymtykttx/Build/Intermediates.noindex/SwiftExplicitPrecompiledModules -clang-scanner-module-cache-path /Users/darisadam/Library/Developer/Xcode/DerivedData/ModuleCache.noindex -sdk-module-cache-path /Users/darisadam/Library/Developer/Xcode/DerivedData/ModuleCache.noindex -serialize-diagnostics -emit-dependencies -emit-module -emit-module-path /Users/darisadam/Library/Developer/Xcode/DerivedData/Madabank-hkohthnbjtgnoechirsoymtykttx/Build/Intermediates.noindex/Accounts.build/Debug-iphonesimulator/Accounts.build/Objects-normal/arm64/Accounts.swiftmodule -validate-clang-modules-once -clang-build-session-file /Users/darisadam/Library/Developer/Xcode/DerivedData/ModuleCache.noindex/Session.modulevalidation -Xcc -I/Users/darisadam/Library/Developer/Xcode/DerivedData/Madabank-hkohthnbjtgnoechirsoymtykttx/Build/Intermediates.noindex/Accounts.build/Debug-iphonesimulator/Accounts.build/swift-overrides.hmap -emit-const-values -Xfrontend -const-gather-protocols-file -Xfrontend /Users/darisadam/Library/Developer/Xcode/DerivedData/Madabank-hkohthnbjtgnoechirsoymtykttx/Build/Intermediates.noindex/Accounts.build/Debug-iphonesimulator/Accounts.build/Objects-normal/arm64/Accounts_const_extract_protocols.json -Xcc -iquote -Xcc /Users/darisadam/Library/Developer/Xcode/DerivedData/Madabank-hkohthnbjtgnoechirsoymtykttx/Build/Intermediates.noindex/Accounts.build/Debug-iphonesimulator/Accounts.build/Accounts-generated-files.hmap -Xcc -I/Users/darisadam/Library/Developer/Xcode/DerivedData/Madabank-hkohthnbjtgnoechirsoymtykttx/Build/Intermediates.noindex/Accounts.build/Debug-iphonesimulator/Accounts.build/Accounts-own-target-headers.hmap -Xcc -I/Users/darisadam/Library/Developer/Xcode/DerivedData/Madabank-hkohthnbjtgnoechirsoymtykttx/Build/Intermediates.noindex/Accounts.build/Debug-iphonesimulator/Accounts.build/Accounts-all-non-framework-target-headers.hmap -Xcc -ivfsoverlay -Xcc /Users/darisadam/Library/Developer/Xcode/DerivedData/Madabank-hkohthnbjtgnoechirsoymtykttx/Build/Intermediates.noindex/Accounts.build/Debug-iphonesimulator/Accounts-afd03eb4e8a16b20ea40c2cd0b146ac0-VFS-iphonesimulator/all-product-headers.yaml -Xcc -iquote -Xcc /Users/darisadam/Library/Developer/Xcode/DerivedData/Madabank-hkohthnbjtgnoechirsoymtykttx/Build/Intermediates.noindex/Accounts.build/Debug-iphonesimulator/Accounts.build/Accounts-project-headers.hmap -Xcc -I/Users/darisadam/Library/Developer/Xcode/DerivedData/Madabank-hkohthnbjtgnoechirsoymtykttx/Build/Products/Debug-iphonesimulator/include -Xcc -I/Users/darisadam/Documents/Projects/iOS\ Apps/madabank-ios/Madabank/Tuist/.build/checkouts/RxSwift/Sources/RxCocoaRuntime/include -Xcc -I/Users/darisadam/Library/Developer/Xcode/DerivedData/Madabank-hkohthnbjtgnoechirsoymtykttx/Build/Intermediates.noindex/Accounts.build/Debug-iphonesimulator/Accounts.build/DerivedSources-normal/arm64 -Xcc -I/Users/darisadam/Library/Developer/Xcode/DerivedData/Madabank-hkohthnbjtgnoechirsoymtykttx/Build/Intermediates.noindex/Accounts.build/Debug-iphonesimulator/Accounts.build/DerivedSources/arm64 -Xcc -I/Users/darisadam/Library/Developer/Xcode/DerivedData/Madabank-hkohthnbjtgnoechirsoymtykttx/Build/Intermediates.noindex/Accounts.build/Debug-iphonesimulator/Accounts.build/DerivedSources -Xcc -DDEBUG\=1 -emit-objc-header -emit-objc-header-path /Users/darisadam/Library/Developer/Xcode/DerivedData/Madabank-hkohthnbjtgnoechirsoymtykttx/Build/Intermediates.noindex/Accounts.build/Debug-iphonesimulator/Accounts.build/Objects-normal/arm64/Accounts-Swift.h -working-directory /Users/darisadam/Documents/Projects/iOS\ Apps/madabank-ios/Madabank/Modules/Features/Accounts -experimental-emit-module-separately -disable-cmo

ProcessInfoPlistFile /Users/darisadam/Library/Developer/Xcode/DerivedData/Madabank-hkohthnbjtgnoechirsoymtykttx/Build/Products/Debug-iphonesimulator/Transactions.framework/Info.plist /Users/darisadam/Documents/Projects/iOS\ Apps/madabank-ios/Madabank/Modules/Features/Transactions/Derived/InfoPlists/Transactions-Info.plist (in target 'Transactions' from project 'Transactions')
    cd /Users/darisadam/Documents/Projects/iOS\ Apps/madabank-ios/Madabank/Modules/Features/Transactions
    builtin-infoPlistUtility /Users/darisadam/Documents/Projects/iOS\ Apps/madabank-ios/Madabank/Modules/Features/Transactions/Derived/InfoPlists/Transactions-Info.plist -producttype com.apple.product-type.framework -expandbuildsettings -format binary -platform iphonesimulator -o /Users/darisadam/Library/Developer/Xcode/DerivedData/Madabank-hkohthnbjtgnoechirsoymtykttx/Build/Products/Debug-iphonesimulator/Transactions.framework/Info.plist

ProcessInfoPlistFile /Users/darisadam/Library/Developer/Xcode/DerivedData/Madabank-hkohthnbjtgnoechirsoymtykttx/Build/Products/Debug-iphonesimulator/Profile.framework/Info.plist /Users/darisadam/Documents/Projects/iOS\ Apps/madabank-ios/Madabank/Modules/Features/Profile/Derived/InfoPlists/Profile-Info.plist (in target 'Profile' from project 'Profile')
    cd /Users/darisadam/Documents/Projects/iOS\ Apps/madabank-ios/Madabank/Modules/Features/Profile
    builtin-infoPlistUtility /Users/darisadam/Documents/Projects/iOS\ Apps/madabank-ios/Madabank/Modules/Features/Profile/Derived/InfoPlists/Profile-Info.plist -producttype com.apple.product-type.framework -expandbuildsettings -format binary -platform iphonesimulator -o /Users/darisadam/Library/Developer/Xcode/DerivedData/Madabank-hkohthnbjtgnoechirsoymtykttx/Build/Products/Debug-iphonesimulator/Profile.framework/Info.plist

ProcessInfoPlistFile /Users/darisadam/Library/Developer/Xcode/DerivedData/Madabank-hkohthnbjtgnoechirsoymtykttx/Build/Products/Debug-iphonesimulator/Home.framework/Info.plist /Users/darisadam/Documents/Projects/iOS\ Apps/madabank-ios/Madabank/Modules/Features/Home/Derived/InfoPlists/Home-Info.plist (in target 'Home' from project 'Home')
    cd /Users/darisadam/Documents/Projects/iOS\ Apps/madabank-ios/Madabank/Modules/Features/Home
    builtin-infoPlistUtility /Users/darisadam/Documents/Projects/iOS\ Apps/madabank-ios/Madabank/Modules/Features/Home/Derived/InfoPlists/Home-Info.plist -producttype com.apple.product-type.framework -expandbuildsettings -format binary -platform iphonesimulator -o /Users/darisadam/Library/Developer/Xcode/DerivedData/Madabank-hkohthnbjtgnoechirsoymtykttx/Build/Products/Debug-iphonesimulator/Home.framework/Info.plist

ProcessInfoPlistFile /Users/darisadam/Library/Developer/Xcode/DerivedData/Madabank-hkohthnbjtgnoechirsoymtykttx/Build/Products/Debug-iphonesimulator/Cards.framework/Info.plist /Users/darisadam/Documents/Projects/iOS\ Apps/madabank-ios/Madabank/Modules/Features/Cards/Derived/InfoPlists/Cards-Info.plist (in target 'Cards' from project 'Cards')
    cd /Users/darisadam/Documents/Projects/iOS\ Apps/madabank-ios/Madabank/Modules/Features/Cards
    builtin-infoPlistUtility /Users/darisadam/Documents/Projects/iOS\ Apps/madabank-ios/Madabank/Modules/Features/Cards/Derived/InfoPlists/Cards-Info.plist -producttype com.apple.product-type.framework -expandbuildsettings -format binary -platform iphonesimulator -o /Users/darisadam/Library/Developer/Xcode/DerivedData/Madabank-hkohthnbjtgnoechirsoymtykttx/Build/Products/Debug-iphonesimulator/Cards.framework/Info.plist

ProcessInfoPlistFile /Users/darisadam/Library/Developer/Xcode/DerivedData/Madabank-hkohthnbjtgnoechirsoymtykttx/Build/Products/Debug-iphonesimulator/Auth.framework/Info.plist /Users/darisadam/Documents/Projects/iOS\ Apps/madabank-ios/Madabank/Modules/Features/Auth/Derived/InfoPlists/Auth-Info.plist (in target 'Auth' from project 'Auth')
    cd /Users/darisadam/Documents/Projects/iOS\ Apps/madabank-ios/Madabank/Modules/Features/Auth
    builtin-infoPlistUtility /Users/darisadam/Documents/Projects/iOS\ Apps/madabank-ios/Madabank/Modules/Features/Auth/Derived/InfoPlists/Auth-Info.plist -producttype com.apple.product-type.framework -expandbuildsettings -format binary -platform iphonesimulator -o /Users/darisadam/Library/Developer/Xcode/DerivedData/Madabank-hkohthnbjtgnoechirsoymtykttx/Build/Products/Debug-iphonesimulator/Auth.framework/Info.plist

ProcessInfoPlistFile /Users/darisadam/Library/Developer/Xcode/DerivedData/Madabank-hkohthnbjtgnoechirsoymtykttx/Build/Products/Debug-iphonesimulator/Accounts.framework/Info.plist /Users/darisadam/Documents/Projects/iOS\ Apps/madabank-ios/Madabank/Modules/Features/Accounts/Derived/InfoPlists/Accounts-Info.plist (in target 'Accounts' from project 'Accounts')
    cd /Users/darisadam/Documents/Projects/iOS\ Apps/madabank-ios/Madabank/Modules/Features/Accounts
    builtin-infoPlistUtility /Users/darisadam/Documents/Projects/iOS\ Apps/madabank-ios/Madabank/Modules/Features/Accounts/Derived/InfoPlists/Accounts-Info.plist -producttype com.apple.product-type.framework -expandbuildsettings -format binary -platform iphonesimulator -o /Users/darisadam/Library/Developer/Xcode/DerivedData/Madabank-hkohthnbjtgnoechirsoymtykttx/Build/Products/Debug-iphonesimulator/Accounts.framework/Info.plist

SwiftEmitModule normal arm64 Emitting\ module\ for\ Home (in target 'Home' from project 'Home')

EmitSwiftModule normal arm64 (in target 'Home' from project 'Home')
    cd /Users/darisadam/Documents/Projects/iOS\ Apps/madabank-ios/Madabank/Modules/Features/Home
    

SwiftCompile normal arm64 Compiling\ HomeViewController.swift /Users/darisadam/Documents/Projects/iOS\ Apps/madabank-ios/Madabank/Modules/Features/Home/Sources/Views/HomeViewController.swift (in target 'Home' from project 'Home')
SwiftCompile normal arm64 /Users/darisadam/Documents/Projects/iOS\ Apps/madabank-ios/Madabank/Modules/Features/Home/Sources/Views/HomeViewController.swift (in target 'Home' from project 'Home')
    cd /Users/darisadam/Documents/Projects/iOS\ Apps/madabank-ios/Madabank/Modules/Features/Home
    

SwiftCompile normal arm64 Compiling\ Home.swift /Users/darisadam/Documents/Projects/iOS\ Apps/madabank-ios/Madabank/Modules/Features/Home/Sources/Home.swift (in target 'Home' from project 'Home')

SwiftCompile normal arm64 /Users/darisadam/Documents/Projects/iOS\ Apps/madabank-ios/Madabank/Modules/Features/Home/Sources/Home.swift (in target 'Home' from project 'Home')
    cd /Users/darisadam/Documents/Projects/iOS\ Apps/madabank-ios/Madabank/Modules/Features/Home
    
/Users/darisadam/Documents/Projects/iOS Apps/madabank-ios/Madabank/Modules/Features/Home/Sources/Home.swift:42:34: warning: variable 'self' was written to, but never read
            showPayment: { [weak self] in print("Payment tapped") }, // Placeholder
                                 ^
/Users/darisadam/Documents/Projects/iOS Apps/madabank-ios/Madabank/Modules/Features/Home/Sources/Home.swift:43:32: warning: variable 'self' was written to, but never read
            showTopUp: { [weak self] in print("TopUp tapped") } // Placeholder
                               ^

SwiftCompile normal arm64 Compiling\ HomeViewModel.swift /Users/darisadam/Documents/Projects/iOS\ Apps/madabank-ios/Madabank/Modules/Features/Home/Sources/ViewModels/HomeViewModel.swift (in target 'Home' from project 'Home')

SwiftCompile normal arm64 /Users/darisadam/Documents/Projects/iOS\ Apps/madabank-ios/Madabank/Modules/Features/Home/Sources/ViewModels/HomeViewModel.swift (in target 'Home' from project 'Home')
    cd /Users/darisadam/Documents/Projects/iOS\ Apps/madabank-ios/Madabank/Modules/Features/Home
    
/Users/darisadam/Documents/Projects/iOS Apps/madabank-ios/Madabank/Modules/Features/Home/Sources/ViewModels/HomeViewModel.swift:78:24: warning: backward matching of the unlabeled trailing closure is deprecated; label the argument with 'onDisposed' to suppress this warning
            .subscribe { [weak self] in
                       ^
                      (onDisposed: 
RxSwift.ObservableType.subscribe:2:13: note: 'subscribe(onNext:onError:onCompleted:onDisposed:)' declared here
public func subscribe(onNext: ((Self.Element) -> Void)? = nil, onError: ((any Error) -> Void)? = nil, onCompleted: (() -> Void)? = nil, onDisposed: (() -> Void)? = nil) -> any RxSwift.Disposable}
            ^
/Users/darisadam/Documents/Projects/iOS Apps/madabank-ios/Madabank/Modules/Features/Home/Sources/ViewModels/HomeViewModel.swift:84:24: warning: backward matching of the unlabeled trailing closure is deprecated; label the argument with 'onDisposed' to suppress this warning
            .subscribe { [weak self] in
                       ^
                      (onDisposed: 
RxSwift.ObservableType.subscribe:2:13: note: 'subscribe(onNext:onError:onCompleted:onDisposed:)' declared here
public func subscribe(onNext: ((Self.Element) -> Void)? = nil, onError: ((any Error) -> Void)? = nil, onCompleted: (() -> Void)? = nil, onDisposed: (() -> Void)? = nil) -> any RxSwift.Disposable}
            ^
/Users/darisadam/Documents/Projects/iOS Apps/madabank-ios/Madabank/Modules/Features/Home/Sources/ViewModels/HomeViewModel.swift:90:24: warning: backward matching of the unlabeled trailing closure is deprecated; label the argument with 'onDisposed' to suppress this warning
            .subscribe { [weak self] in
                       ^
                      (onDisposed: 
RxSwift.ObservableType.subscribe:2:13: note: 'subscribe(onNext:onError:onCompleted:onDisposed:)' declared here
public func subscribe(onNext: ((Self.Element) -> Void)? = nil, onError: ((any Error) -> Void)? = nil, onCompleted: (() -> Void)? = nil, onDisposed: (() -> Void)? = nil) -> any RxSwift.Disposable}
            ^
/Users/darisadam/Documents/Projects/iOS Apps/madabank-ios/Madabank/Modules/Features/Home/Sources/ViewModels/HomeViewModel.swift:96:24: warning: backward matching of the unlabeled trailing closure is deprecated; label the argument with 'onDisposed' to suppress this warning
            .subscribe { [weak self] in
                       ^
                      (onDisposed: 
RxSwift.ObservableType.subscribe:2:13: note: 'subscribe(onNext:onError:onCompleted:onDisposed:)' declared here
public func subscribe(onNext: ((Self.Element) -> Void)? = nil, onError: ((any Error) -> Void)? = nil, onCompleted: (() -> Void)? = nil, onDisposed: (() -> Void)? = nil) -> any RxSwift.Disposable}
            ^
/Users/darisadam/Documents/Projects/iOS Apps/madabank-ios/Madabank/Modules/Features/Home/Sources/ViewModels/HomeViewModel.swift:102:24: warning: backward matching of the unlabeled trailing closure is deprecated; label the argument with 'onDisposed' to suppress this warning
            .subscribe { [weak self] in
                       ^
                      (onDisposed: 
RxSwift.ObservableType.subscribe:2:13: note: 'subscribe(onNext:onError:onCompleted:onDisposed:)' declared here
public func subscribe(onNext: ((Self.Element) -> Void)? = nil, onError: ((any Error) -> Void)? = nil, onCompleted: (() -> Void)? = nil, onDisposed: (() -> Void)? = nil) -> any RxSwift.Disposable}
            ^

SwiftEmitModule normal arm64 Emitting\ module\ for\ Cards (in target 'Cards' from project 'Cards')

EmitSwiftModule normal arm64 (in target 'Cards' from project 'Cards')
    cd /Users/darisadam/Documents/Projects/iOS\ Apps/madabank-ios/Madabank/Modules/Features/Cards
    

SwiftCompile normal arm64 Compiling\ CardsViewController.swift /Users/darisadam/Documents/Projects/iOS\ Apps/madabank-ios/Madabank/Modules/Features/Cards/Sources/Views/CardsViewController.swift (in target 'Cards' from project 'Cards')

SwiftCompile normal arm64 /Users/darisadam/Documents/Projects/iOS\ Apps/madabank-ios/Madabank/Modules/Features/Cards/Sources/Views/CardsViewController.swift (in target 'Cards' from project 'Cards')
    cd /Users/darisadam/Documents/Projects/iOS\ Apps/madabank-ios/Madabank/Modules/Features/Cards
    

SwiftCompile normal arm64 Compiling\ CardsViewModel.swift /Users/darisadam/Documents/Projects/iOS\ Apps/madabank-ios/Madabank/Modules/Features/Cards/Sources/ViewModels/CardsViewModel.swift (in target 'Cards' from project 'Cards')

SwiftCompile normal arm64 /Users/darisadam/Documents/Projects/iOS\ Apps/madabank-ios/Madabank/Modules/Features/Cards/Sources/ViewModels/CardsViewModel.swift (in target 'Cards' from project 'Cards')
    cd /Users/darisadam/Documents/Projects/iOS\ Apps/madabank-ios/Madabank/Modules/Features/Cards
    
/Users/darisadam/Documents/Projects/iOS Apps/madabank-ios/Madabank/Modules/Features/Cards/Sources/ViewModels/CardsViewModel.swift:58:24: warning: backward matching of the unlabeled trailing closure is deprecated; label the argument with 'onDisposed' to suppress this warning
            .subscribe { [weak self] in self?.fetchCards() }
                       ^
                      (onDisposed:                          )
RxSwift.ObservableType.subscribe:2:13: note: 'subscribe(onNext:onError:onCompleted:onDisposed:)' declared here
public func subscribe(onNext: ((Self.Element) -> Void)? = nil, onError: ((any Error) -> Void)? = nil, onCompleted: (() -> Void)? = nil, onDisposed: (() -> Void)? = nil) -> any RxSwift.Disposable}
            ^
/Users/darisadam/Documents/Projects/iOS Apps/madabank-ios/Madabank/Modules/Features/Cards/Sources/ViewModels/CardsViewModel.swift:86:44: warning: reference to captured var 'allCards' in concurrently-executing code; this is an error in the Swift 6 language mode
                    self.cardsRelay.accept(allCards)
                                           ^

SwiftCompile normal arm64 Compiling\ CardDetailViewController.swift /Users/darisadam/Documents/Projects/iOS\ Apps/madabank-ios/Madabank/Modules/Features/Cards/Sources/Views/CardDetailViewController.swift (in target 'Cards' from project 'Cards')

SwiftCompile normal arm64 /Users/darisadam/Documents/Projects/iOS\ Apps/madabank-ios/Madabank/Modules/Features/Cards/Sources/Views/CardDetailViewController.swift (in target 'Cards' from project 'Cards')
    cd /Users/darisadam/Documents/Projects/iOS\ Apps/madabank-ios/Madabank/Modules/Features/Cards
    
/Users/darisadam/Documents/Projects/iOS Apps/madabank-ios/Madabank/Modules/Features/Cards/Sources/Views/CardDetailViewController.swift:70:28: warning: variable 'self' was written to, but never read
            .drive { [weak self] isLoading in
                           ^

SwiftEmitModule normal arm64 Emitting\ module\ for\ netfox (in target 'netfox' from project 'netfox')

EmitSwiftModule normal arm64 (in target 'netfox' from project 'netfox')
    cd /Users/darisadam/Documents/Projects/iOS\ Apps/madabank-ios/Madabank/Tuist/.build/tuist-derived/netfox
    

SwiftDriverJobDiscovery normal arm64 Emitting module for Home (in target 'Home' from project 'Home')

SwiftEmitModule normal arm64 Emitting\ module\ for\ Profile (in target 'Profile' from project 'Profile')
Failed frontend command:
/Applications/Xcode.app/Contents/Developer/Toolchains/XcodeDefault.xctoolchain/usr/bin/swift-frontend -frontend -emit-module -experimental-skip-non-inlinable-function-bodies-without-types /Users/darisadam/Documents/Projects/iOS\ Apps/madabank-ios/Madabank/Modules/Features/Profile/Sources/Profile.swift /Users/darisadam/Documents/Projects/iOS\ Apps/madabank-ios/Madabank/Modules/Features/Profile/Sources/ViewModels/ChangePasswordViewModel.swift /Users/darisadam/Documents/Projects/iOS\ Apps/madabank-ios/Madabank/Modules/Features/Profile/Sources/ViewModels/EditProfileViewModel.swift /Users/darisadam/Documents/Projects/iOS\ Apps/madabank-ios/Madabank/Modules/Features/Profile/Sources/ViewModels/ProfileViewModel.swift /Users/darisadam/Documents/Projects/iOS\ Apps/madabank-ios/Madabank/Modules/Features/Profile/Sources/ViewModels/SettingsViewModel.swift /Users/darisadam/Documents/Projects/iOS\ Apps/madabank-ios/Madabank/Modules/Features/Profile/Sources/Views/ChangePasswordViewController.swift /Users/darisadam/Documents/Projects/iOS\ Apps/madabank-ios/Madabank/Modules/Features/Profile/Sources/Views/EditProfileViewController.swift /Users/darisadam/Documents/Projects/iOS\ Apps/madabank-ios/Madabank/Modules/Features/Profile/Sources/Views/ProfileViewController.swift /Users/darisadam/Documents/Projects/iOS\ Apps/madabank-ios/Madabank/Modules/Features/Profile/Sources/Views/SettingsViewController.swift -target arm64-apple-ios15.0-simulator -load-resolved-plugin /Applications/Xcode.app/Contents/Developer/Platforms/iPhoneOS.platform/Developer/usr/lib/swift/host/plugins/libFoundationMacros.dylib\#/Applications/Xcode.app/Contents/Developer/Platforms/iPhoneOS.platform/Developer/usr/bin/swift-plugin-server\#FoundationMacros -load-resolved-plugin /Applications/Xcode.app/Contents/Developer/Platforms/iPhoneOS.platform/Developer/usr/lib/swift/host/plugins/libObservationMacros.dylib\#/Applications/Xcode.app/Contents/Developer/Platforms/iPhoneOS.platform/Developer/usr/bin/swift-plugin-server\#ObservationMacros -load-resolved-plugin /Applications/Xcode.app/Contents/Developer/Platforms/iPhoneOS.platform/Developer/usr/lib/swift/host/plugins/libPreviewsMacros.dylib\#/Applications/Xcode.app/Contents/Developer/Platforms/iPhoneOS.platform/Developer/usr/bin/swift-plugin-server\#PreviewsMacros -load-resolved-plugin /Applications/Xcode.app/Contents/Developer/Platforms/iPhoneOS.platform/Developer/usr/lib/swift/host/plugins/libSwiftMacros.dylib\#/Applications/Xcode.app/Contents/Developer/Platforms/iPhoneOS.platform/Developer/usr/bin/swift-plugin-server\#SwiftMacros -load-resolved-plugin /Applications/Xcode.app/Contents/Developer/Platforms/iPhoneOS.platform/Developer/usr/lib/swift/host/plugins/libSwiftUIMacros.dylib\#/Applications/Xcode.app/Contents/Developer/Platforms/iPhoneOS.platform/Developer/usr/bin/swift-plugin-server\#SwiftUIMacros -disable-implicit-swift-modules -Xcc -fno-implicit-modules -Xcc -fno-implicit-module-maps -explicit-swift-module-map-file /Users/darisadam/Library/Developer/Xcode/DerivedData/Madabank-hkohthnbjtgnoechirsoymtykttx/Build/Intermediates.noindex/Profile.build/Debug-iphonesimulator/Profile.build/Objects-normal/arm64/Profile-dependencies-1.json -Xllvm -aarch64-use-tbi -enable-objc-interop -sdk /Applications/Xcode.app/Contents/Developer/Platforms/iPhoneSimulator.platform/Developer/SDKs/iPhoneSimulator26.1.sdk -I /Users/darisadam/Library/Developer/Xcode/DerivedData/Madabank-hkohthnbjtgnoechirsoymtykttx/Build/Products/Debug-iphonesimulator -F /Users/darisadam/Library/Developer/Xcode/DerivedData/Madabank-hkohthnbjtgnoechirsoymtykttx/Build/Products/Debug-iphonesimulator -no-color-diagnostics -Xcc -fno-color-diagnostics -enable-testing -g -debug-info-format\=dwarf -dwarf-version\=4 -module-cache-path /Users/darisadam/Library/Developer/Xcode/DerivedData/Madabank-hkohthnbjtgnoechirsoymtykttx/Build/Intermediates.noindex/SwiftExplicitPrecompiledModules -swift-version 5 -enforce-exclusivity\=checked -Onone -D DEBUG -serialize-debugging-options -const-gather-protocols-file /Users/darisadam/Library/Developer/Xcode/DerivedData/Madabank-hkohthnbjtgnoechirsoymtykttx/Build/Intermediates.noindex/Profile.build/Debug-iphonesimulator/Profile.build/Objects-normal/arm64/Profile_const_extract_protocols.json -enable-experimental-feature DebugDescriptionMacro -enable-bare-slash-regex -empty-abi-descriptor -validate-clang-modules-once -clang-build-session-file /Users/darisadam/Library/Developer/Xcode/DerivedData/ModuleCache.noindex/Session.modulevalidation -Xcc -working-directory -Xcc /Users/darisadam/Documents/Projects/iOS\ Apps/madabank-ios/Madabank/Modules/Features/Profile -enable-anonymous-context-mangled-names -file-compilation-dir /Users/darisadam/Documents/Projects/iOS\ Apps/madabank-ios/Madabank/Modules/Features/Profile -Xcc -fmodule-map-file\=/Users/darisadam/Documents/Projects/iOS\ Apps/madabank-ios/Madabank/Modules/Features/Profile/../../../Tuist/.build/tuist-derived/RxCocoaRuntime/RxCocoaRuntime.modulemap -Xcc -D_LIBCPP_HARDENING_MODE\=_LIBCPP_HARDENING_MODE_DEBUG -Xcc -ivfsstatcache -Xcc /Users/darisadam/Library/Developer/Xcode/DerivedData/SDKStatCaches.noindex/iphonesimulator26.1-23B77-3885c01c3e6b6a337905948deab2002e90cf18a4295e390e64c810bc6bd7acbc.sdkstatcache -Xcc -I/Users/darisadam/Library/Developer/Xcode/DerivedData/Madabank-hkohthnbjtgnoechirsoymtykttx/Build/Intermediates.noindex/Profile.build/Debug-iphonesimulator/Profile.build/swift-overrides.hmap -Xcc -iquote -Xcc /Users/darisadam/Library/Developer/Xcode/DerivedData/Madabank-hkohthnbjtgnoechirsoymtykttx/Build/Intermediates.noindex/Profile.build/Debug-iphonesimulator/Profile.build/Profile-generated-files.hmap -Xcc -I/Users/darisadam/Library/Developer/Xcode/DerivedData/Madabank-hkohthnbjtgnoechirsoymtykttx/Build/Intermediates.noindex/Profile.build/Debug-iphonesimulator/Profile.build/Profile-own-target-headers.hmap -Xcc -I/Users/darisadam/Library/Developer/Xcode/DerivedData/Madabank-hkohthnbjtgnoechirsoymtykttx/Build/Intermediates.noindex/Profile.build/Debug-iphonesimulator/Profile.build/Profile-all-non-framework-target-headers.hmap -Xcc -ivfsoverlay -Xcc /Users/darisadam/Library/Developer/Xcode/DerivedData/Madabank-hkohthnbjtgnoechirsoymtykttx/Build/Intermediates.noindex/Profile.build/Debug-iphonesimulator/Profile-2467ca3073161e8f17e14bc6987dea85-VFS-iphonesimulator/all-product-headers.yaml -Xcc -iquote -Xcc /Users/darisadam/Library/Developer/Xcode/DerivedData/Madabank-hkohthnbjtgnoechirsoymtykttx/Build/Intermediates.noindex/Profile.build/Debug-iphonesimulator/Profile.build/Profile-project-headers.hmap -Xcc -I/Users/darisadam/Library/Developer/Xcode/DerivedData/Madabank-hkohthnbjtgnoechirsoymtykttx/Build/Products/Debug-iphonesimulator/include -Xcc -I/Users/darisadam/Documents/Projects/iOS\ Apps/madabank-ios/Madabank/Tuist/.build/checkouts/RxSwift/Sources/RxCocoaRuntime/include -Xcc -I/Users/darisadam/Library/Developer/Xcode/DerivedData/Madabank-hkohthnbjtgnoechirsoymtykttx/Build/Intermediates.noindex/Profile.build/Debug-iphonesimulator/Profile.build/DerivedSources-normal/arm64 -Xcc -I/Users/darisadam/Library/Developer/Xcode/DerivedData/Madabank-hkohthnbjtgnoechirsoymtykttx/Build/Intermediates.noindex/Profile.build/Debug-iphonesimulator/Profile.build/DerivedSources/arm64 -Xcc -I/Users/darisadam/Library/Developer/Xcode/DerivedData/Madabank-hkohthnbjtgnoechirsoymtykttx/Build/Intermediates.noindex/Profile.build/Debug-iphonesimulator/Profile.build/DerivedSources -Xcc -DDEBUG\=1 -no-auto-bridging-header-chaining -module-name Profile -frontend-parseable-output -disable-clang-spi -target-sdk-version 26.1 -target-sdk-name iphonesimulator26.1 -clang-target arm64-apple-ios26.1-simulator -in-process-plugin-server-path /Applications/Xcode.app/Contents/Developer/Toolchains/XcodeDefault.xctoolchain/usr/lib/swift/host/libSwiftInProcPluginServer.dylib -emit-module-doc-path /Users/darisadam/Library/Developer/Xcode/DerivedData/Madabank-hkohthnbjtgnoechirsoymtykttx/Build/Intermediates.noindex/Profile.build/Debug-iphonesimulator/Profile.build/Objects-normal/arm64/Profile.swiftdoc -emit-module-source-info-path /Users/darisadam/Library/Developer/Xcode/DerivedData/Madabank-hkohthnbjtgnoechirsoymtykttx/Build/Intermediates.noindex/Profile.build/Debug-iphonesimulator/Profile.build/Objects-normal/arm64/Profile.swiftsourceinfo -emit-objc-header-path /Users/darisadam/Library/Developer/Xcode/DerivedData/Madabank-hkohthnbjtgnoechirsoymtykttx/Build/Intermediates.noindex/Profile.build/Debug-iphonesimulator/Profile.build/Objects-normal/arm64/Profile-Swift.h -serialize-diagnostics-path /Users/darisadam/Library/Developer/Xcode/DerivedData/Madabank-hkohthnbjtgnoechirsoymtykttx/Build/Intermediates.noindex/Profile.build/Debug-iphonesimulator/Profile.build/Objects-normal/arm64/Profile-primary-emit-module.dia -emit-dependencies-path /Users/darisadam/Library/Developer/Xcode/DerivedData/Madabank-hkohthnbjtgnoechirsoymtykttx/Build/Intermediates.noindex/Profile.build/Debug-iphonesimulator/Profile.build/Objects-normal/arm64/Profile-primary-emit-module.d -o /Users/darisadam/Library/Developer/Xcode/DerivedData/Madabank-hkohthnbjtgnoechirsoymtykttx/Build/Intermediates.noindex/Profile.build/Debug-iphonesimulator/Profile.build/Objects-normal/arm64/Profile.swiftmodule -emit-abi-descriptor-path /Users/darisadam/Library/Developer/Xcode/DerivedData/Madabank-hkohthnbjtgnoechirsoymtykttx/Build/Intermediates.noindex/Profile.build/Debug-iphonesimulator/Profile.build/Objects-normal/arm64/Profile.abi.json

EmitSwiftModule normal arm64 (in target 'Profile' from project 'Profile')
    cd /Users/darisadam/Documents/Projects/iOS\ Apps/madabank-ios/Madabank/Modules/Features/Profile
    
/Users/darisadam/Documents/Projects/iOS Apps/madabank-ios/Madabank/Modules/Features/Profile/Sources/ViewModels/SettingsViewModel.swift:20:39: error: cannot find type 'DeleteProfileUseCaseProtocol' in scope
    private let deleteProfileUseCase: DeleteProfileUseCaseProtocol
                                      ^~~~~~~~~~~~~~~~~~~~~~~~~~~~
/Users/darisadam/Documents/Projects/iOS Apps/madabank-ios/Madabank/Modules/Features/Profile/Sources/ViewModels/SettingsViewModel.swift:22:39: error: cannot find type 'DeleteProfileUseCaseProtocol' in scope
    public init(deleteProfileUseCase: DeleteProfileUseCaseProtocol) {
                                      ^~~~~~~~~~~~~~~~~~~~~~~~~~~~

SwiftDriverJobDiscovery normal arm64 Compiling Home.swift (in target 'Home' from project 'Home')

SwiftEmitModule normal arm64 Emitting\ module\ for\ IQKeyboardManagerSwift (in target 'IQKeyboardManagerSwift' from project 'IQKeyboardManagerSwift')

EmitSwiftModule normal arm64 (in target 'IQKeyboardManagerSwift' from project 'IQKeyboardManagerSwift')
    cd /Users/darisadam/Documents/Projects/iOS\ Apps/madabank-ios/Madabank/Tuist/.build/tuist-derived/IQKeyboardManagerSwift
    

SwiftDriverJobDiscovery normal arm64 Compiling CardsViewModel.swift (in target 'Cards' from project 'Cards')

SwiftDriver\ Compilation\ Requirements Home normal arm64 com.apple.xcode.tools.swift.compiler (in target 'Home' from project 'Home')
    cd /Users/darisadam/Documents/Projects/iOS\ Apps/madabank-ios/Madabank/Modules/Features/Home
    builtin-Swift-Compilation-Requirements -- /Applications/Xcode.app/Contents/Developer/Toolchains/XcodeDefault.xctoolchain/usr/bin/swiftc -module-name Home -Onone -enforce-exclusivity\=checked @/Users/darisadam/Library/Developer/Xcode/DerivedData/Madabank-hkohthnbjtgnoechirsoymtykttx/Build/Intermediates.noindex/Home.build/Debug-iphonesimulator/Home.build/Objects-normal/arm64/Home.SwiftFileList -DDEBUG -Xcc -fmodule-map-file\=/Users/darisadam/Documents/Projects/iOS\ Apps/madabank-ios/Madabank/Modules/Features/Home/../../../Tuist/.build/tuist-derived/RxCocoaRuntime/RxCocoaRuntime.modulemap -enable-bare-slash-regex -enable-experimental-feature DebugDescriptionMacro -sdk /Applications/Xcode.app/Contents/Developer/Platforms/iPhoneSimulator.platform/Developer/SDKs/iPhoneSimulator26.1.sdk -target arm64-apple-ios15.0-simulator -g -module-cache-path /Users/darisadam/Library/Developer/Xcode/DerivedData/ModuleCache.noindex -Xfrontend -serialize-debugging-options -enable-testing -index-store-path /Users/darisadam/Library/Developer/Xcode/DerivedData/Madabank-hkohthnbjtgnoechirsoymtykttx/Index.noindex/DataStore -Xcc -D_LIBCPP_HARDENING_MODE\=_LIBCPP_HARDENING_MODE_DEBUG -swift-version 5 -I /Users/darisadam/Library/Developer/Xcode/DerivedData/Madabank-hkohthnbjtgnoechirsoymtykttx/Build/Products/Debug-iphonesimulator -F /Users/darisadam/Library/Developer/Xcode/DerivedData/Madabank-hkohthnbjtgnoechirsoymtykttx/Build/Products/Debug-iphonesimulator -c -j8 -enable-batch-mode -incremental -Xcc -ivfsstatcache -Xcc /Users/darisadam/Library/Developer/Xcode/DerivedData/SDKStatCaches.noindex/iphonesimulator26.1-23B77-3885c01c3e6b6a337905948deab2002e90cf18a4295e390e64c810bc6bd7acbc.sdkstatcache -output-file-map /Users/darisadam/Library/Developer/Xcode/DerivedData/Madabank-hkohthnbjtgnoechirsoymtykttx/Build/Intermediates.noindex/Home.build/Debug-iphonesimulator/Home.build/Objects-normal/arm64/Home-OutputFileMap.json -use-frontend-parseable-output -save-temps -no-color-diagnostics -explicit-module-build -module-cache-path /Users/darisadam/Library/Developer/Xcode/DerivedData/Madabank-hkohthnbjtgnoechirsoymtykttx/Build/Intermediates.noindex/SwiftExplicitPrecompiledModules -clang-scanner-module-cache-path /Users/darisadam/Library/Developer/Xcode/DerivedData/ModuleCache.noindex -sdk-module-cache-path /Users/darisadam/Library/Developer/Xcode/DerivedData/ModuleCache.noindex -serialize-diagnostics -emit-dependencies -emit-module -emit-module-path /Users/darisadam/Library/Developer/Xcode/DerivedData/Madabank-hkohthnbjtgnoechirsoymtykttx/Build/Intermediates.noindex/Home.build/Debug-iphonesimulator/Home.build/Objects-normal/arm64/Home.swiftmodule -validate-clang-modules-once -clang-build-session-file /Users/darisadam/Library/Developer/Xcode/DerivedData/ModuleCache.noindex/Session.modulevalidation -Xcc -I/Users/darisadam/Library/Developer/Xcode/DerivedData/Madabank-hkohthnbjtgnoechirsoymtykttx/Build/Intermediates.noindex/Home.build/Debug-iphonesimulator/Home.build/swift-overrides.hmap -emit-const-values -Xfrontend -const-gather-protocols-file -Xfrontend /Users/darisadam/Library/Developer/Xcode/DerivedData/Madabank-hkohthnbjtgnoechirsoymtykttx/Build/Intermediates.noindex/Home.build/Debug-iphonesimulator/Home.build/Objects-normal/arm64/Home_const_extract_protocols.json -Xcc -iquote -Xcc /Users/darisadam/Library/Developer/Xcode/DerivedData/Madabank-hkohthnbjtgnoechirsoymtykttx/Build/Intermediates.noindex/Home.build/Debug-iphonesimulator/Home.build/Home-generated-files.hmap -Xcc -I/Users/darisadam/Library/Developer/Xcode/DerivedData/Madabank-hkohthnbjtgnoechirsoymtykttx/Build/Intermediates.noindex/Home.build/Debug-iphonesimulator/Home.build/Home-own-target-headers.hmap -Xcc -I/Users/darisadam/Library/Developer/Xcode/DerivedData/Madabank-hkohthnbjtgnoechirsoymtykttx/Build/Intermediates.noindex/Home.build/Debug-iphonesimulator/Home.build/Home-all-non-framework-target-headers.hmap -Xcc -ivfsoverlay -Xcc /Users/darisadam/Library/Developer/Xcode/DerivedData/Madabank-hkohthnbjtgnoechirsoymtykttx/Build/Intermediates.noindex/Home.build/Debug-iphonesimulator/Home-2627cd9d3d4e544f9b62539dd5cc639b-VFS-iphonesimulator/all-product-headers.yaml -Xcc -iquote -Xcc /Users/darisadam/Library/Developer/Xcode/DerivedData/Madabank-hkohthnbjtgnoechirsoymtykttx/Build/Intermediates.noindex/Home.build/Debug-iphonesimulator/Home.build/Home-project-headers.hmap -Xcc -I/Users/darisadam/Library/Developer/Xcode/DerivedData/Madabank-hkohthnbjtgnoechirsoymtykttx/Build/Products/Debug-iphonesimulator/include -Xcc -I/Users/darisadam/Documents/Projects/iOS\ Apps/madabank-ios/Madabank/Tuist/.build/checkouts/RxSwift/Sources/RxCocoaRuntime/include -Xcc -I/Users/darisadam/Library/Developer/Xcode/DerivedData/Madabank-hkohthnbjtgnoechirsoymtykttx/Build/Intermediates.noindex/Home.build/Debug-iphonesimulator/Home.build/DerivedSources-normal/arm64 -Xcc -I/Users/darisadam/Library/Developer/Xcode/DerivedData/Madabank-hkohthnbjtgnoechirsoymtykttx/Build/Intermediates.noindex/Home.build/Debug-iphonesimulator/Home.build/DerivedSources/arm64 -Xcc -I/Users/darisadam/Library/Developer/Xcode/DerivedData/Madabank-hkohthnbjtgnoechirsoymtykttx/Build/Intermediates.noindex/Home.build/Debug-iphonesimulator/Home.build/DerivedSources -Xcc -DDEBUG\=1 -emit-objc-header -emit-objc-header-path /Users/darisadam/Library/Developer/Xcode/DerivedData/Madabank-hkohthnbjtgnoechirsoymtykttx/Build/Intermediates.noindex/Home.build/Debug-iphonesimulator/Home.build/Objects-normal/arm64/Home-Swift.h -working-directory /Users/darisadam/Documents/Projects/iOS\ Apps/madabank-ios/Madabank/Modules/Features/Home -experimental-emit-module-separately -disable-cmo

SwiftEmitModule normal arm64 Emitting\ module\ for\ Auth (in target 'Auth' from project 'Auth')

EmitSwiftModule normal arm64 (in target 'Auth' from project 'Auth')
    cd /Users/darisadam/Documents/Projects/iOS\ Apps/madabank-ios/Madabank/Modules/Features/Auth
    

SwiftDriverJobDiscovery normal arm64 Emitting module for Cards (in target 'Cards' from project 'Cards')

SwiftMergeGeneratedHeaders /Users/darisadam/Library/Developer/Xcode/DerivedData/Madabank-hkohthnbjtgnoechirsoymtykttx/Build/Products/Debug-iphonesimulator/Home.framework/Headers/Home-Swift.h /Users/darisadam/Library/Developer/Xcode/DerivedData/Madabank-hkohthnbjtgnoechirsoymtykttx/Build/Intermediates.noindex/Home.build/Debug-iphonesimulator/Home.build/Objects-normal/arm64/Home-Swift.h (in target 'Home' from project 'Home')
    cd /Users/darisadam/Documents/Projects/iOS\ Apps/madabank-ios/Madabank/Modules/Features/Home
    builtin-swiftHeaderTool -arch arm64 /Users/darisadam/Library/Developer/Xcode/DerivedData/Madabank-hkohthnbjtgnoechirsoymtykttx/Build/Intermediates.noindex/Home.build/Debug-iphonesimulator/Home.build/Objects-normal/arm64/Home-Swift.h -o /Users/darisadam/Library/Developer/Xcode/DerivedData/Madabank-hkohthnbjtgnoechirsoymtykttx/Build/Products/Debug-iphonesimulator/Home.framework/Headers/Home-Swift.h

SwiftDriverJobDiscovery normal arm64 Compiling HomeViewModel.swift (in target 'Home' from project 'Home')

Copy /Users/darisadam/Library/Developer/Xcode/DerivedData/Madabank-hkohthnbjtgnoechirsoymtykttx/Build/Products/Debug-iphonesimulator/Home.framework/Modules/Home.swiftmodule/arm64-apple-ios-simulator.swiftmodule /Users/darisadam/Library/Developer/Xcode/DerivedData/Madabank-hkohthnbjtgnoechirsoymtykttx/Build/Intermediates.noindex/Home.build/Debug-iphonesimulator/Home.build/Objects-normal/arm64/Home.swiftmodule (in target 'Home' from project 'Home')
    cd /Users/darisadam/Documents/Projects/iOS\ Apps/madabank-ios/Madabank/Modules/Features/Home
    builtin-copy -exclude .DS_Store -exclude CVS -exclude .svn -exclude .git -exclude .hg -resolve-src-symlinks -rename /Users/darisadam/Library/Developer/Xcode/DerivedData/Madabank-hkohthnbjtgnoechirsoymtykttx/Build/Intermediates.noindex/Home.build/Debug-iphonesimulator/Home.build/Objects-normal/arm64/Home.swiftmodule /Users/darisadam/Library/Developer/Xcode/DerivedData/Madabank-hkohthnbjtgnoechirsoymtykttx/Build/Products/Debug-iphonesimulator/Home.framework/Modules/Home.swiftmodule/arm64-apple-ios-simulator.swiftmodule

Copy /Users/darisadam/Library/Developer/Xcode/DerivedData/Madabank-hkohthnbjtgnoechirsoymtykttx/Build/Products/Debug-iphonesimulator/Home.framework/Modules/Home.swiftmodule/arm64-apple-ios-simulator.swiftdoc /Users/darisadam/Library/Developer/Xcode/DerivedData/Madabank-hkohthnbjtgnoechirsoymtykttx/Build/Intermediates.noindex/Home.build/Debug-iphonesimulator/Home.build/Objects-normal/arm64/Home.swiftdoc (in target 'Home' from project 'Home')
    cd /Users/darisadam/Documents/Projects/iOS\ Apps/madabank-ios/Madabank/Modules/Features/Home
    builtin-copy -exclude .DS_Store -exclude CVS -exclude .svn -exclude .git -exclude .hg -resolve-src-symlinks -rename /Users/darisadam/Library/Developer/Xcode/DerivedData/Madabank-hkohthnbjtgnoechirsoymtykttx/Build/Intermediates.noindex/Home.build/Debug-iphonesimulator/Home.build/Objects-normal/arm64/Home.swiftdoc /Users/darisadam/Library/Developer/Xcode/DerivedData/Madabank-hkohthnbjtgnoechirsoymtykttx/Build/Products/Debug-iphonesimulator/Home.framework/Modules/Home.swiftmodule/arm64-apple-ios-simulator.swiftdoc

Copy /Users/darisadam/Library/Developer/Xcode/DerivedData/Madabank-hkohthnbjtgnoechirsoymtykttx/Build/Products/Debug-iphonesimulator/Home.framework/Modules/Home.swiftmodule/arm64-apple-ios-simulator.abi.json /Users/darisadam/Library/Developer/Xcode/DerivedData/Madabank-hkohthnbjtgnoechirsoymtykttx/Build/Intermediates.noindex/Home.build/Debug-iphonesimulator/Home.build/Objects-normal/arm64/Home.abi.json (in target 'Home' from project 'Home')
    cd /Users/darisadam/Documents/Projects/iOS\ Apps/madabank-ios/Madabank/Modules/Features/Home
    builtin-copy -exclude .DS_Store -exclude CVS -exclude .svn -exclude .git -exclude .hg -resolve-src-symlinks -rename /Users/darisadam/Library/Developer/Xcode/DerivedData/Madabank-hkohthnbjtgnoechirsoymtykttx/Build/Intermediates.noindex/Home.build/Debug-iphonesimulator/Home.build/Objects-normal/arm64/Home.abi.json /Users/darisadam/Library/Developer/Xcode/DerivedData/Madabank-hkohthnbjtgnoechirsoymtykttx/Build/Products/Debug-iphonesimulator/Home.framework/Modules/Home.swiftmodule/arm64-apple-ios-simulator.abi.json

Copy /Users/darisadam/Library/Developer/Xcode/DerivedData/Madabank-hkohthnbjtgnoechirsoymtykttx/Build/Products/Debug-iphonesimulator/Home.framework/Modules/Home.swiftmodule/Project/arm64-apple-ios-simulator.swiftsourceinfo /Users/darisadam/Library/Developer/Xcode/DerivedData/Madabank-hkohthnbjtgnoechirsoymtykttx/Build/Intermediates.noindex/Home.build/Debug-iphonesimulator/Home.build/Objects-normal/arm64/Home.swiftsourceinfo (in target 'Home' from project 'Home')
    cd /Users/darisadam/Documents/Projects/iOS\ Apps/madabank-ios/Madabank/Modules/Features/Home
    builtin-copy -exclude .DS_Store -exclude CVS -exclude .svn -exclude .git -exclude .hg -resolve-src-symlinks -rename /Users/darisadam/Library/Developer/Xcode/DerivedData/Madabank-hkohthnbjtgnoechirsoymtykttx/Build/Intermediates.noindex/Home.build/Debug-iphonesimulator/Home.build/Objects-normal/arm64/Home.swiftsourceinfo /Users/darisadam/Library/Developer/Xcode/DerivedData/Madabank-hkohthnbjtgnoechirsoymtykttx/Build/Products/Debug-iphonesimulator/Home.framework/Modules/Home.swiftmodule/Project/arm64-apple-ios-simulator.swiftsourceinfo

SwiftDriver\ Compilation\ Requirements Cards normal arm64 com.apple.xcode.tools.swift.compiler (in target 'Cards' from project 'Cards')
    cd /Users/darisadam/Documents/Projects/iOS\ Apps/madabank-ios/Madabank/Modules/Features/Cards
    builtin-Swift-Compilation-Requirements -- /Applications/Xcode.app/Contents/Developer/Toolchains/XcodeDefault.xctoolchain/usr/bin/swiftc -module-name Cards -Onone -enforce-exclusivity\=checked @/Users/darisadam/Library/Developer/Xcode/DerivedData/Madabank-hkohthnbjtgnoechirsoymtykttx/Build/Intermediates.noindex/Cards.build/Debug-iphonesimulator/Cards.build/Objects-normal/arm64/Cards.SwiftFileList -DDEBUG -Xcc -fmodule-map-file\=/Users/darisadam/Documents/Projects/iOS\ Apps/madabank-ios/Madabank/Modules/Features/Cards/../../../Tuist/.build/tuist-derived/RxCocoaRuntime/RxCocoaRuntime.modulemap -enable-bare-slash-regex -enable-experimental-feature DebugDescriptionMacro -sdk /Applications/Xcode.app/Contents/Developer/Platforms/iPhoneSimulator.platform/Developer/SDKs/iPhoneSimulator26.1.sdk -target arm64-apple-ios15.0-simulator -g -module-cache-path /Users/darisadam/Library/Developer/Xcode/DerivedData/ModuleCache.noindex -Xfrontend -serialize-debugging-options -enable-testing -index-store-path /Users/darisadam/Library/Developer/Xcode/DerivedData/Madabank-hkohthnbjtgnoechirsoymtykttx/Index.noindex/DataStore -Xcc -D_LIBCPP_HARDENING_MODE\=_LIBCPP_HARDENING_MODE_DEBUG -swift-version 5 -I /Users/darisadam/Library/Developer/Xcode/DerivedData/Madabank-hkohthnbjtgnoechirsoymtykttx/Build/Products/Debug-iphonesimulator -F /Users/darisadam/Library/Developer/Xcode/DerivedData/Madabank-hkohthnbjtgnoechirsoymtykttx/Build/Products/Debug-iphonesimulator -c -j8 -enable-batch-mode -incremental -Xcc -ivfsstatcache -Xcc /Users/darisadam/Library/Developer/Xcode/DerivedData/SDKStatCaches.noindex/iphonesimulator26.1-23B77-3885c01c3e6b6a337905948deab2002e90cf18a4295e390e64c810bc6bd7acbc.sdkstatcache -output-file-map /Users/darisadam/Library/Developer/Xcode/DerivedData/Madabank-hkohthnbjtgnoechirsoymtykttx/Build/Intermediates.noindex/Cards.build/Debug-iphonesimulator/Cards.build/Objects-normal/arm64/Cards-OutputFileMap.json -use-frontend-parseable-output -save-temps -no-color-diagnostics -explicit-module-build -module-cache-path /Users/darisadam/Library/Developer/Xcode/DerivedData/Madabank-hkohthnbjtgnoechirsoymtykttx/Build/Intermediates.noindex/SwiftExplicitPrecompiledModules -clang-scanner-module-cache-path /Users/darisadam/Library/Developer/Xcode/DerivedData/ModuleCache.noindex -sdk-module-cache-path /Users/darisadam/Library/Developer/Xcode/DerivedData/ModuleCache.noindex -serialize-diagnostics -emit-dependencies -emit-module -emit-module-path /Users/darisadam/Library/Developer/Xcode/DerivedData/Madabank-hkohthnbjtgnoechirsoymtykttx/Build/Intermediates.noindex/Cards.build/Debug-iphonesimulator/Cards.build/Objects-normal/arm64/Cards.swiftmodule -validate-clang-modules-once -clang-build-session-file /Users/darisadam/Library/Developer/Xcode/DerivedData/ModuleCache.noindex/Session.modulevalidation -Xcc -I/Users/darisadam/Library/Developer/Xcode/DerivedData/Madabank-hkohthnbjtgnoechirsoymtykttx/Build/Intermediates.noindex/Cards.build/Debug-iphonesimulator/Cards.build/swift-overrides.hmap -emit-const-values -Xfrontend -const-gather-protocols-file -Xfrontend /Users/darisadam/Library/Developer/Xcode/DerivedData/Madabank-hkohthnbjtgnoechirsoymtykttx/Build/Intermediates.noindex/Cards.build/Debug-iphonesimulator/Cards.build/Objects-normal/arm64/Cards_const_extract_protocols.json -Xcc -iquote -Xcc /Users/darisadam/Library/Developer/Xcode/DerivedData/Madabank-hkohthnbjtgnoechirsoymtykttx/Build/Intermediates.noindex/Cards.build/Debug-iphonesimulator/Cards.build/Cards-generated-files.hmap -Xcc -I/Users/darisadam/Library/Developer/Xcode/DerivedData/Madabank-hkohthnbjtgnoechirsoymtykttx/Build/Intermediates.noindex/Cards.build/Debug-iphonesimulator/Cards.build/Cards-own-target-headers.hmap -Xcc -I/Users/darisadam/Library/Developer/Xcode/DerivedData/Madabank-hkohthnbjtgnoechirsoymtykttx/Build/Intermediates.noindex/Cards.build/Debug-iphonesimulator/Cards.build/Cards-all-non-framework-target-headers.hmap -Xcc -ivfsoverlay -Xcc /Users/darisadam/Library/Developer/Xcode/DerivedData/Madabank-hkohthnbjtgnoechirsoymtykttx/Build/Intermediates.noindex/Cards.build/Debug-iphonesimulator/Cards-7a265648a3503f26f0252f763a468131-VFS-iphonesimulator/all-product-headers.yaml -Xcc -iquote -Xcc /Users/darisadam/Library/Developer/Xcode/DerivedData/Madabank-hkohthnbjtgnoechirsoymtykttx/Build/Intermediates.noindex/Cards.build/Debug-iphonesimulator/Cards.build/Cards-project-headers.hmap -Xcc -I/Users/darisadam/Library/Developer/Xcode/DerivedData/Madabank-hkohthnbjtgnoechirsoymtykttx/Build/Products/Debug-iphonesimulator/include -Xcc -I/Users/darisadam/Documents/Projects/iOS\ Apps/madabank-ios/Madabank/Tuist/.build/checkouts/RxSwift/Sources/RxCocoaRuntime/include -Xcc -I/Users/darisadam/Library/Developer/Xcode/DerivedData/Madabank-hkohthnbjtgnoechirsoymtykttx/Build/Intermediates.noindex/Cards.build/Debug-iphonesimulator/Cards.build/DerivedSources-normal/arm64 -Xcc -I/Users/darisadam/Library/Developer/Xcode/DerivedData/Madabank-hkohthnbjtgnoechirsoymtykttx/Build/Intermediates.noindex/Cards.build/Debug-iphonesimulator/Cards.build/DerivedSources/arm64 -Xcc -I/Users/darisadam/Library/Developer/Xcode/DerivedData/Madabank-hkohthnbjtgnoechirsoymtykttx/Build/Intermediates.noindex/Cards.build/Debug-iphonesimulator/Cards.build/DerivedSources -Xcc -DDEBUG\=1 -emit-objc-header -emit-objc-header-path /Users/darisadam/Library/Developer/Xcode/DerivedData/Madabank-hkohthnbjtgnoechirsoymtykttx/Build/Intermediates.noindex/Cards.build/Debug-iphonesimulator/Cards.build/Objects-normal/arm64/Cards-Swift.h -working-directory /Users/darisadam/Documents/Projects/iOS\ Apps/madabank-ios/Madabank/Modules/Features/Cards -experimental-emit-module-separately -disable-cmo

SwiftEmitModule normal arm64 Emitting\ module\ for\ Accounts (in target 'Accounts' from project 'Accounts')

SwiftMergeGeneratedHeaders /Users/darisadam/Library/Developer/Xcode/DerivedData/Madabank-hkohthnbjtgnoechirsoymtykttx/Build/Products/Debug-iphonesimulator/Cards.framework/Headers/Cards-Swift.h /Users/darisadam/Library/Developer/Xcode/DerivedData/Madabank-hkohthnbjtgnoechirsoymtykttx/Build/Intermediates.noindex/Cards.build/Debug-iphonesimulator/Cards.build/Objects-normal/arm64/Cards-Swift.h (in target 'Cards' from project 'Cards')
    cd /Users/darisadam/Documents/Projects/iOS\ Apps/madabank-ios/Madabank/Modules/Features/Cards
    builtin-swiftHeaderTool -arch arm64 /Users/darisadam/Library/Developer/Xcode/DerivedData/Madabank-hkohthnbjtgnoechirsoymtykttx/Build/Intermediates.noindex/Cards.build/Debug-iphonesimulator/Cards.build/Objects-normal/arm64/Cards-Swift.h -o /Users/darisadam/Library/Developer/Xcode/DerivedData/Madabank-hkohthnbjtgnoechirsoymtykttx/Build/Products/Debug-iphonesimulator/Cards.framework/Headers/Cards-Swift.h

note: Run script build phase 'SwiftLint' will be run during every build because the option to run the script phase "Based on dependency analysis" is unchecked. (in target 'Madabank' from project 'Madabank')
** BUILD FAILED **


The following build commands failed:
	SwiftEmitModule normal arm64 Emitting\ module\ for\ Profile (in target 'Profile' from project 'Profile')
	EmitSwiftModule normal arm64 (in target 'Profile' from project 'Profile')
	Building workspace Madabank with scheme Madabank
(3 failures)
