Command line invocation:
    /Applications/Xcode.app/Contents/Developer/usr/bin/xcodebuild clean build -workspace Madabank.xcworkspace -scheme Domain -destination "platform=iOS Simulator,name=iPhone 17 Pro"

Build Preparation
Build task concurrency set to 8 via user default IDEBuildOperationMaxNumberOfConcurrentCompileTasks

CreateBuildRequest

SendProjectDescription

CreateBuildOperation

** CLEAN SUCCEEDED **

Build Preparation
Build task concurrency set to 8 via user default IDEBuildOperationMaxNumberOfConcurrentCompileTasks

ComputePackagePrebuildTargetDependencyGraph

Prepare packages

CreateBuildRequest

SendProjectDescription

CreateBuildOperation

ComputeTargetDependencyGraph
note: Building targets in dependency order
note: Target dependency graph (5 targets)
    Target 'Domain' in project 'Domain'
        ➜ Implicit dependency on target 'Core' in project 'Core' via file 'Core.framework' in build phase 'Link Binary'
        ➜ Implicit dependency on target 'Networking' in project 'Networking' via file 'Networking.framework' in build phase 'Link Binary'
        ➜ Implicit dependency on target 'RxSwift' in project 'RxSwift' via file 'RxSwift.framework' in build phase 'Link Binary'
    Target 'RxSwift' in project 'RxSwift' (no dependencies)
    Target 'Networking' in project 'Networking'
        ➜ Implicit dependency on target 'Alamofire' in project 'Alamofire' via file 'Alamofire.framework' in build phase 'Link Binary'
        ➜ Implicit dependency on target 'Core' in project 'Core' via file 'Core.framework' in build phase 'Link Binary'
    Target 'Alamofire' in project 'Alamofire' (no dependencies)
    Target 'Core' in project 'Core' (no dependencies)

GatherProvisioningInputs

CreateBuildDescription

ExecuteExternalTool /Applications/Xcode.app/Contents/Developer/Toolchains/XcodeDefault.xctoolchain/usr/bin/clang -v -E -dM -arch arm64 -isysroot /Applications/Xcode.app/Contents/Developer/Platforms/iPhoneSimulator.platform/Developer/SDKs/iPhoneSimulator26.1.sdk -x c -c /dev/null

ExecuteExternalTool /Applications/Xcode.app/Contents/Developer/Toolchains/XcodeDefault.xctoolchain/usr/bin/clang -v -E -dM -isysroot /Applications/Xcode.app/Contents/Developer/Platforms/iPhoneSimulator.platform/Developer/SDKs/iPhoneSimulator26.1.sdk -x c -c /dev/null

ExecuteExternalTool /Applications/Xcode.app/Contents/Developer/Toolchains/XcodeDefault.xctoolchain/usr/bin/swiftc --version

ExecuteExternalTool /Applications/Xcode.app/Contents/Developer/Toolchains/XcodeDefault.xctoolchain/usr/bin/ld -version_details

Build description signature: afbc01bc3d32a6c4b207c65bccad74c9
Build description path: /Users/darisadam/Library/Developer/Xcode/DerivedData/Madabank-hkohthnbjtgnoechirsoymtykttx/Build/Intermediates.noindex/XCBuildData/afbc01bc3d32a6c4b207c65bccad74c9.xcbuilddata
ClangStatCache /Applications/Xcode.app/Contents/Developer/Toolchains/XcodeDefault.xctoolchain/usr/bin/clang-stat-cache /Applications/Xcode.app/Contents/Developer/Platforms/iPhoneSimulator.platform/Developer/SDKs/iPhoneSimulator26.1.sdk /Users/darisadam/Library/Developer/Xcode/DerivedData/SDKStatCaches.noindex/iphonesimulator26.1-23B77-3885c01c3e6b6a337905948deab2002e90cf18a4295e390e64c810bc6bd7acbc.sdkstatcache
    cd /Users/darisadam/Documents/Projects/iOS\ Apps/madabank-ios/Madabank
    /Applications/Xcode.app/Contents/Developer/Toolchains/XcodeDefault.xctoolchain/usr/bin/clang-stat-cache /Applications/Xcode.app/Contents/Developer/Platforms/iPhoneSimulator.platform/Developer/SDKs/iPhoneSimulator26.1.sdk -o /Users/darisadam/Library/Developer/Xcode/DerivedData/SDKStatCaches.noindex/iphonesimulator26.1-23B77-3885c01c3e6b6a337905948deab2002e90cf18a4295e390e64c810bc6bd7acbc.sdkstatcache

CreateBuildDirectory /Users/darisadam/Library/Developer/Xcode/DerivedData/Madabank-hkohthnbjtgnoechirsoymtykttx/Build/Intermediates.noindex
    cd /Users/darisadam/Documents/Projects/iOS\ Apps/madabank-ios/Madabank
    builtin-create-build-directory /Users/darisadam/Library/Developer/Xcode/DerivedData/Madabank-hkohthnbjtgnoechirsoymtykttx/Build/Intermediates.noindex

CreateBuildDirectory /Users/darisadam/Library/Developer/Xcode/DerivedData/Madabank-hkohthnbjtgnoechirsoymtykttx/Build/Products
    cd /Users/darisadam/Documents/Projects/iOS\ Apps/madabank-ios/Madabank
    builtin-create-build-directory /Users/darisadam/Library/Developer/Xcode/DerivedData/Madabank-hkohthnbjtgnoechirsoymtykttx/Build/Products

CreateBuildDirectory /Users/darisadam/Library/Developer/Xcode/DerivedData/Madabank-hkohthnbjtgnoechirsoymtykttx/Build/Products/Debug-iphonesimulator
    cd /Users/darisadam/Documents/Projects/iOS\ Apps/madabank-ios/Madabank
    builtin-create-build-directory /Users/darisadam/Library/Developer/Xcode/DerivedData/Madabank-hkohthnbjtgnoechirsoymtykttx/Build/Products/Debug-iphonesimulator

CreateBuildDirectory /Users/darisadam/Library/Developer/Xcode/DerivedData/Madabank-hkohthnbjtgnoechirsoymtykttx/Build/Intermediates.noindex/ExplicitPrecompiledModules
    cd /Users/darisadam/Documents/Projects/iOS\ Apps/madabank-ios/Madabank
    builtin-create-build-directory /Users/darisadam/Library/Developer/Xcode/DerivedData/Madabank-hkohthnbjtgnoechirsoymtykttx/Build/Intermediates.noindex/ExplicitPrecompiledModules

CreateBuildDirectory /Users/darisadam/Library/Developer/Xcode/DerivedData/Madabank-hkohthnbjtgnoechirsoymtykttx/Build/Intermediates.noindex/SwiftExplicitPrecompiledModules
    cd /Users/darisadam/Documents/Projects/iOS\ Apps/madabank-ios/Madabank
    builtin-create-build-directory /Users/darisadam/Library/Developer/Xcode/DerivedData/Madabank-hkohthnbjtgnoechirsoymtykttx/Build/Intermediates.noindex/SwiftExplicitPrecompiledModules

CreateBuildDirectory /Users/darisadam/Library/Developer/Xcode/DerivedData/Madabank-hkohthnbjtgnoechirsoymtykttx/Build/Intermediates.noindex/EagerLinkingTBDs/Debug-iphonesimulator
    cd /Users/darisadam/Documents/Projects/iOS\ Apps/madabank-ios/Madabank
    builtin-create-build-directory /Users/darisadam/Library/Developer/Xcode/DerivedData/Madabank-hkohthnbjtgnoechirsoymtykttx/Build/Intermediates.noindex/EagerLinkingTBDs/Debug-iphonesimulator

WriteAuxiliaryFile /Users/darisadam/Library/Developer/Xcode/DerivedData/Madabank-hkohthnbjtgnoechirsoymtykttx/Build/Intermediates.noindex/Networking.build/Debug-iphonesimulator/Networking-a24779b3f5236e694180f2099028ea2b-VFS-iphonesimulator/all-product-headers.yaml
    cd /Users/darisadam/Documents/Projects/iOS\ Apps/madabank-ios/Madabank
    write-file /Users/darisadam/Library/Developer/Xcode/DerivedData/Madabank-hkohthnbjtgnoechirsoymtykttx/Build/Intermediates.noindex/Networking.build/Debug-iphonesimulator/Networking-a24779b3f5236e694180f2099028ea2b-VFS-iphonesimulator/all-product-headers.yaml

WriteAuxiliaryFile /Users/darisadam/Library/Developer/Xcode/DerivedData/Madabank-hkohthnbjtgnoechirsoymtykttx/Build/Intermediates.noindex/Domain.build/Debug-iphonesimulator/Domain-38b95e0e74f454eb1697545f0c9d82bd-VFS-iphonesimulator/all-product-headers.yaml
    cd /Users/darisadam/Documents/Projects/iOS\ Apps/madabank-ios/Madabank
    write-file /Users/darisadam/Library/Developer/Xcode/DerivedData/Madabank-hkohthnbjtgnoechirsoymtykttx/Build/Intermediates.noindex/Domain.build/Debug-iphonesimulator/Domain-38b95e0e74f454eb1697545f0c9d82bd-VFS-iphonesimulator/all-product-headers.yaml

WriteAuxiliaryFile /Users/darisadam/Library/Developer/Xcode/DerivedData/Madabank-hkohthnbjtgnoechirsoymtykttx/Build/Intermediates.noindex/Core.build/Debug-iphonesimulator/Core-011bcb69b58bd754ba2ab26f60c77229-VFS-iphonesimulator/all-product-headers.yaml
    cd /Users/darisadam/Documents/Projects/iOS\ Apps/madabank-ios/Madabank
    write-file /Users/darisadam/Library/Developer/Xcode/DerivedData/Madabank-hkohthnbjtgnoechirsoymtykttx/Build/Intermediates.noindex/Core.build/Debug-iphonesimulator/Core-011bcb69b58bd754ba2ab26f60c77229-VFS-iphonesimulator/all-product-headers.yaml

WriteAuxiliaryFile /Users/darisadam/Library/Developer/Xcode/DerivedData/Madabank-hkohthnbjtgnoechirsoymtykttx/Build/Intermediates.noindex/Domain.build/Debug-iphonesimulator/Domain.build/module.modulemap (in target 'Domain' from project 'Domain')
    cd /Users/darisadam/Documents/Projects/iOS\ Apps/madabank-ios/Madabank/Modules/Shared/Domain
    write-file /Users/darisadam/Library/Developer/Xcode/DerivedData/Madabank-hkohthnbjtgnoechirsoymtykttx/Build/Intermediates.noindex/Domain.build/Debug-iphonesimulator/Domain.build/module.modulemap

WriteAuxiliaryFile /Users/darisadam/Library/Developer/Xcode/DerivedData/Madabank-hkohthnbjtgnoechirsoymtykttx/Build/Intermediates.noindex/RxSwift.build/Debug-iphonesimulator/RxSwift.build/module.modulemap (in target 'RxSwift' from project 'RxSwift')
    cd /Users/darisadam/Documents/Projects/iOS\ Apps/madabank-ios/Madabank/Tuist/.build/tuist-derived/RxSwift
    write-file /Users/darisadam/Library/Developer/Xcode/DerivedData/Madabank-hkohthnbjtgnoechirsoymtykttx/Build/Intermediates.noindex/RxSwift.build/Debug-iphonesimulator/RxSwift.build/module.modulemap

WriteAuxiliaryFile /Users/darisadam/Library/Developer/Xcode/DerivedData/Madabank-hkohthnbjtgnoechirsoymtykttx/Build/Intermediates.noindex/RxSwift.build/Debug-iphonesimulator/RxSwift.build/RxSwift.DependencyMetadataFileList (in target 'RxSwift' from project 'RxSwift')
    cd /Users/darisadam/Documents/Projects/iOS\ Apps/madabank-ios/Madabank/Tuist/.build/tuist-derived/RxSwift
    write-file /Users/darisadam/Library/Developer/Xcode/DerivedData/Madabank-hkohthnbjtgnoechirsoymtykttx/Build/Intermediates.noindex/RxSwift.build/Debug-iphonesimulator/RxSwift.build/RxSwift.DependencyMetadataFileList

WriteAuxiliaryFile /Users/darisadam/Library/Developer/Xcode/DerivedData/Madabank-hkohthnbjtgnoechirsoymtykttx/Build/Intermediates.noindex/RxSwift.build/Debug-iphonesimulator/RxSwift.build/RxSwift.DependencyStaticMetadataFileList (in target 'RxSwift' from project 'RxSwift')
    cd /Users/darisadam/Documents/Projects/iOS\ Apps/madabank-ios/Madabank/Tuist/.build/tuist-derived/RxSwift
    write-file /Users/darisadam/Library/Developer/Xcode/DerivedData/Madabank-hkohthnbjtgnoechirsoymtykttx/Build/Intermediates.noindex/RxSwift.build/Debug-iphonesimulator/RxSwift.build/RxSwift.DependencyStaticMetadataFileList

WriteAuxiliaryFile /Users/darisadam/Library/Developer/Xcode/DerivedData/Madabank-hkohthnbjtgnoechirsoymtykttx/Build/Intermediates.noindex/RxSwift.build/Debug-iphonesimulator/RxSwift.build/Objects-normal/arm64/RxSwift_const_extract_protocols.json (in target 'RxSwift' from project 'RxSwift')
    cd /Users/darisadam/Documents/Projects/iOS\ Apps/madabank-ios/Madabank/Tuist/.build/tuist-derived/RxSwift
    write-file /Users/darisadam/Library/Developer/Xcode/DerivedData/Madabank-hkohthnbjtgnoechirsoymtykttx/Build/Intermediates.noindex/RxSwift.build/Debug-iphonesimulator/RxSwift.build/Objects-normal/arm64/RxSwift_const_extract_protocols.json

WriteAuxiliaryFile /Users/darisadam/Library/Developer/Xcode/DerivedData/Madabank-hkohthnbjtgnoechirsoymtykttx/Build/Intermediates.noindex/RxSwift.build/Debug-iphonesimulator/RxSwift.build/Objects-normal/arm64/RxSwift.SwiftFileList (in target 'RxSwift' from project 'RxSwift')
    cd /Users/darisadam/Documents/Projects/iOS\ Apps/madabank-ios/Madabank/Tuist/.build/tuist-derived/RxSwift
    write-file /Users/darisadam/Library/Developer/Xcode/DerivedData/Madabank-hkohthnbjtgnoechirsoymtykttx/Build/Intermediates.noindex/RxSwift.build/Debug-iphonesimulator/RxSwift.build/Objects-normal/arm64/RxSwift.SwiftFileList

WriteAuxiliaryFile /Users/darisadam/Library/Developer/Xcode/DerivedData/Madabank-hkohthnbjtgnoechirsoymtykttx/Build/Intermediates.noindex/RxSwift.build/Debug-iphonesimulator/RxSwift.build/Objects-normal/arm64/RxSwift.SwiftConstValuesFileList (in target 'RxSwift' from project 'RxSwift')
    cd /Users/darisadam/Documents/Projects/iOS\ Apps/madabank-ios/Madabank/Tuist/.build/tuist-derived/RxSwift
    write-file /Users/darisadam/Library/Developer/Xcode/DerivedData/Madabank-hkohthnbjtgnoechirsoymtykttx/Build/Intermediates.noindex/RxSwift.build/Debug-iphonesimulator/RxSwift.build/Objects-normal/arm64/RxSwift.SwiftConstValuesFileList

WriteAuxiliaryFile /Users/darisadam/Library/Developer/Xcode/DerivedData/Madabank-hkohthnbjtgnoechirsoymtykttx/Build/Intermediates.noindex/RxSwift.build/Debug-iphonesimulator/RxSwift.build/Objects-normal/arm64/RxSwift.LinkFileList (in target 'RxSwift' from project 'RxSwift')
    cd /Users/darisadam/Documents/Projects/iOS\ Apps/madabank-ios/Madabank/Tuist/.build/tuist-derived/RxSwift
    write-file /Users/darisadam/Library/Developer/Xcode/DerivedData/Madabank-hkohthnbjtgnoechirsoymtykttx/Build/Intermediates.noindex/RxSwift.build/Debug-iphonesimulator/RxSwift.build/Objects-normal/arm64/RxSwift.LinkFileList

WriteAuxiliaryFile /Users/darisadam/Library/Developer/Xcode/DerivedData/Madabank-hkohthnbjtgnoechirsoymtykttx/Build/Intermediates.noindex/RxSwift.build/Debug-iphonesimulator/RxSwift.build/Objects-normal/arm64/RxSwift-OutputFileMap.json (in target 'RxSwift' from project 'RxSwift')
    cd /Users/darisadam/Documents/Projects/iOS\ Apps/madabank-ios/Madabank/Tuist/.build/tuist-derived/RxSwift
    write-file /Users/darisadam/Library/Developer/Xcode/DerivedData/Madabank-hkohthnbjtgnoechirsoymtykttx/Build/Intermediates.noindex/RxSwift.build/Debug-iphonesimulator/RxSwift.build/Objects-normal/arm64/RxSwift-OutputFileMap.json

WriteAuxiliaryFile /Users/darisadam/Library/Developer/Xcode/DerivedData/Madabank-hkohthnbjtgnoechirsoymtykttx/Build/Intermediates.noindex/RxSwift.build/Debug-iphonesimulator/RxSwift.build/Objects-normal/arm64/7187679823f38a2a940e0043cdf9d637-common-args.resp (in target 'RxSwift' from project 'RxSwift')
    cd /Users/darisadam/Documents/Projects/iOS\ Apps/madabank-ios/Madabank/Tuist/.build/tuist-derived/RxSwift
    write-file /Users/darisadam/Library/Developer/Xcode/DerivedData/Madabank-hkohthnbjtgnoechirsoymtykttx/Build/Intermediates.noindex/RxSwift.build/Debug-iphonesimulator/RxSwift.build/Objects-normal/arm64/7187679823f38a2a940e0043cdf9d637-common-args.resp
-target arm64-apple-ios12.0-simulator '-std=gnu11' -fmodules -gmodules '-fmodules-cache-path=/Users/darisadam/Library/Developer/Xcode/DerivedData/ModuleCache.noindex' '-fmodule-name=RxSwift' -fpascal-strings -O0 '-DDEBUG=1' '-DSWIFT_PACKAGE=1' -isysroot /Applications/Xcode.app/Contents/Developer/Platforms/iPhoneSimulator.platform/Developer/SDKs/iPhoneSimulator26.1.sdk -g -I/Users/darisadam/Library/Developer/Xcode/DerivedData/Madabank-hkohthnbjtgnoechirsoymtykttx/Build/Products/Debug-iphonesimulator/include -I/Users/darisadam/Library/Developer/Xcode/DerivedData/Madabank-hkohthnbjtgnoechirsoymtykttx/Build/Intermediates.noindex/RxSwift.build/Debug-iphonesimulator/RxSwift.build/DerivedSources-normal/arm64 -I/Users/darisadam/Library/Developer/Xcode/DerivedData/Madabank-hkohthnbjtgnoechirsoymtykttx/Build/Intermediates.noindex/RxSwift.build/Debug-iphonesimulator/RxSwift.build/DerivedSources/arm64 -I/Users/darisadam/Library/Developer/Xcode/DerivedData/Madabank-hkohthnbjtgnoechirsoymtykttx/Build/Intermediates.noindex/RxSwift.build/Debug-iphonesimulator/RxSwift.build/DerivedSources -F/Users/darisadam/Library/Developer/Xcode/DerivedData/Madabank-hkohthnbjtgnoechirsoymtykttx/Build/Products/Debug-iphonesimulator -F/Applications/Xcode.app/Contents/Developer/Platforms/iPhoneSimulator.platform/Developer/Library/Frameworks

WriteAuxiliaryFile /Users/darisadam/Library/Developer/Xcode/DerivedData/Madabank-hkohthnbjtgnoechirsoymtykttx/Build/Intermediates.noindex/RxSwift.build/Debug-iphonesimulator/RxSwift.build/DerivedSources/RxSwift_vers.c (in target 'RxSwift' from project 'RxSwift')
    cd /Users/darisadam/Documents/Projects/iOS\ Apps/madabank-ios/Madabank/Tuist/.build/tuist-derived/RxSwift
    write-file /Users/darisadam/Library/Developer/Xcode/DerivedData/Madabank-hkohthnbjtgnoechirsoymtykttx/Build/Intermediates.noindex/RxSwift.build/Debug-iphonesimulator/RxSwift.build/DerivedSources/RxSwift_vers.c

Copy /Users/darisadam/Library/Developer/Xcode/DerivedData/Madabank-hkohthnbjtgnoechirsoymtykttx/Build/Products/Debug-iphonesimulator/RxSwift.framework/Modules/module.modulemap /Users/darisadam/Library/Developer/Xcode/DerivedData/Madabank-hkohthnbjtgnoechirsoymtykttx/Build/Intermediates.noindex/RxSwift.build/Debug-iphonesimulator/RxSwift.build/module.modulemap (in target 'RxSwift' from project 'RxSwift')
    cd /Users/darisadam/Documents/Projects/iOS\ Apps/madabank-ios/Madabank/Tuist/.build/tuist-derived/RxSwift
    builtin-copy -exclude .DS_Store -exclude CVS -exclude .svn -exclude .git -exclude .hg -resolve-src-symlinks /Users/darisadam/Library/Developer/Xcode/DerivedData/Madabank-hkohthnbjtgnoechirsoymtykttx/Build/Intermediates.noindex/RxSwift.build/Debug-iphonesimulator/RxSwift.build/module.modulemap /Users/darisadam/Library/Developer/Xcode/DerivedData/Madabank-hkohthnbjtgnoechirsoymtykttx/Build/Products/Debug-iphonesimulator/RxSwift.framework/Modules

WriteAuxiliaryFile /Users/darisadam/Library/Developer/Xcode/DerivedData/Madabank-hkohthnbjtgnoechirsoymtykttx/Build/Intermediates.noindex/Networking.build/Debug-iphonesimulator/Networking.build/module.modulemap (in target 'Networking' from project 'Networking')
    cd /Users/darisadam/Documents/Projects/iOS\ Apps/madabank-ios/Madabank/Modules/Shared/Networking
    write-file /Users/darisadam/Library/Developer/Xcode/DerivedData/Madabank-hkohthnbjtgnoechirsoymtykttx/Build/Intermediates.noindex/Networking.build/Debug-iphonesimulator/Networking.build/module.modulemap

WriteAuxiliaryFile /Users/darisadam/Library/Developer/Xcode/DerivedData/Madabank-hkohthnbjtgnoechirsoymtykttx/Build/Intermediates.noindex/Networking.build/Debug-iphonesimulator/Networking.build/Objects-normal/arm64/Networking_const_extract_protocols.json (in target 'Networking' from project 'Networking')
    cd /Users/darisadam/Documents/Projects/iOS\ Apps/madabank-ios/Madabank/Modules/Shared/Networking
    write-file /Users/darisadam/Library/Developer/Xcode/DerivedData/Madabank-hkohthnbjtgnoechirsoymtykttx/Build/Intermediates.noindex/Networking.build/Debug-iphonesimulator/Networking.build/Objects-normal/arm64/Networking_const_extract_protocols.json

WriteAuxiliaryFile /Users/darisadam/Library/Developer/Xcode/DerivedData/Madabank-hkohthnbjtgnoechirsoymtykttx/Build/Intermediates.noindex/Networking.build/Debug-iphonesimulator/Networking.build/Objects-normal/arm64/Networking.SwiftFileList (in target 'Networking' from project 'Networking')
    cd /Users/darisadam/Documents/Projects/iOS\ Apps/madabank-ios/Madabank/Modules/Shared/Networking
    write-file /Users/darisadam/Library/Developer/Xcode/DerivedData/Madabank-hkohthnbjtgnoechirsoymtykttx/Build/Intermediates.noindex/Networking.build/Debug-iphonesimulator/Networking.build/Objects-normal/arm64/Networking.SwiftFileList

WriteAuxiliaryFile /Users/darisadam/Library/Developer/Xcode/DerivedData/Madabank-hkohthnbjtgnoechirsoymtykttx/Build/Intermediates.noindex/Networking.build/Debug-iphonesimulator/Networking.build/Objects-normal/arm64/Networking.SwiftConstValuesFileList (in target 'Networking' from project 'Networking')
    cd /Users/darisadam/Documents/Projects/iOS\ Apps/madabank-ios/Madabank/Modules/Shared/Networking
    write-file /Users/darisadam/Library/Developer/Xcode/DerivedData/Madabank-hkohthnbjtgnoechirsoymtykttx/Build/Intermediates.noindex/Networking.build/Debug-iphonesimulator/Networking.build/Objects-normal/arm64/Networking.SwiftConstValuesFileList

WriteAuxiliaryFile /Users/darisadam/Library/Developer/Xcode/DerivedData/Madabank-hkohthnbjtgnoechirsoymtykttx/Build/Intermediates.noindex/Networking.build/Debug-iphonesimulator/Networking.build/Objects-normal/arm64/Networking.LinkFileList (in target 'Networking' from project 'Networking')
    cd /Users/darisadam/Documents/Projects/iOS\ Apps/madabank-ios/Madabank/Modules/Shared/Networking
    write-file /Users/darisadam/Library/Developer/Xcode/DerivedData/Madabank-hkohthnbjtgnoechirsoymtykttx/Build/Intermediates.noindex/Networking.build/Debug-iphonesimulator/Networking.build/Objects-normal/arm64/Networking.LinkFileList

WriteAuxiliaryFile /Users/darisadam/Library/Developer/Xcode/DerivedData/Madabank-hkohthnbjtgnoechirsoymtykttx/Build/Intermediates.noindex/Networking.build/Debug-iphonesimulator/Networking.build/Objects-normal/arm64/Networking-OutputFileMap.json (in target 'Networking' from project 'Networking')
    cd /Users/darisadam/Documents/Projects/iOS\ Apps/madabank-ios/Madabank/Modules/Shared/Networking
    write-file /Users/darisadam/Library/Developer/Xcode/DerivedData/Madabank-hkohthnbjtgnoechirsoymtykttx/Build/Intermediates.noindex/Networking.build/Debug-iphonesimulator/Networking.build/Objects-normal/arm64/Networking-OutputFileMap.json

WriteAuxiliaryFile /Users/darisadam/Library/Developer/Xcode/DerivedData/Madabank-hkohthnbjtgnoechirsoymtykttx/Build/Intermediates.noindex/Networking.build/Debug-iphonesimulator/Networking.build/Objects-normal/arm64/7187679823f38a2a940e0043cdf9d637-common-args.resp (in target 'Networking' from project 'Networking')
    cd /Users/darisadam/Documents/Projects/iOS\ Apps/madabank-ios/Madabank/Modules/Shared/Networking
    write-file /Users/darisadam/Library/Developer/Xcode/DerivedData/Madabank-hkohthnbjtgnoechirsoymtykttx/Build/Intermediates.noindex/Networking.build/Debug-iphonesimulator/Networking.build/Objects-normal/arm64/7187679823f38a2a940e0043cdf9d637-common-args.resp
-target arm64-apple-ios15.0-simulator '-std=gnu11' -fmodules -gmodules '-fmodules-cache-path=/Users/darisadam/Library/Developer/Xcode/DerivedData/ModuleCache.noindex' '-fmodule-name=Networking' -fpascal-strings -O0 -fno-common '-DDEBUG=1' -isysroot /Applications/Xcode.app/Contents/Developer/Platforms/iPhoneSimulator.platform/Developer/SDKs/iPhoneSimulator26.1.sdk -g -iquote /Users/darisadam/Library/Developer/Xcode/DerivedData/Madabank-hkohthnbjtgnoechirsoymtykttx/Build/Intermediates.noindex/Networking.build/Debug-iphonesimulator/Networking.build/Networking-generated-files.hmap -I/Users/darisadam/Library/Developer/Xcode/DerivedData/Madabank-hkohthnbjtgnoechirsoymtykttx/Build/Intermediates.noindex/Networking.build/Debug-iphonesimulator/Networking.build/Networking-own-target-headers.hmap -I/Users/darisadam/Library/Developer/Xcode/DerivedData/Madabank-hkohthnbjtgnoechirsoymtykttx/Build/Intermediates.noindex/Networking.build/Debug-iphonesimulator/Networking.build/Networking-all-non-framework-target-headers.hmap -ivfsoverlay /Users/darisadam/Library/Developer/Xcode/DerivedData/Madabank-hkohthnbjtgnoechirsoymtykttx/Build/Intermediates.noindex/Networking.build/Debug-iphonesimulator/Networking-a24779b3f5236e694180f2099028ea2b-VFS-iphonesimulator/all-product-headers.yaml -iquote /Users/darisadam/Library/Developer/Xcode/DerivedData/Madabank-hkohthnbjtgnoechirsoymtykttx/Build/Intermediates.noindex/Networking.build/Debug-iphonesimulator/Networking.build/Networking-project-headers.hmap -I/Users/darisadam/Library/Developer/Xcode/DerivedData/Madabank-hkohthnbjtgnoechirsoymtykttx/Build/Products/Debug-iphonesimulator/include -I/Users/darisadam/Library/Developer/Xcode/DerivedData/Madabank-hkohthnbjtgnoechirsoymtykttx/Build/Intermediates.noindex/Networking.build/Debug-iphonesimulator/Networking.build/DerivedSources-normal/arm64 -I/Users/darisadam/Library/Developer/Xcode/DerivedData/Madabank-hkohthnbjtgnoechirsoymtykttx/Build/Intermediates.noindex/Networking.build/Debug-iphonesimulator/Networking.build/DerivedSources/arm64 -I/Users/darisadam/Library/Developer/Xcode/DerivedData/Madabank-hkohthnbjtgnoechirsoymtykttx/Build/Intermediates.noindex/Networking.build/Debug-iphonesimulator/Networking.build/DerivedSources -F/Users/darisadam/Library/Developer/Xcode/DerivedData/Madabank-hkohthnbjtgnoechirsoymtykttx/Build/Products/Debug-iphonesimulator

WriteAuxiliaryFile /Users/darisadam/Library/Developer/Xcode/DerivedData/Madabank-hkohthnbjtgnoechirsoymtykttx/Build/Intermediates.noindex/Networking.build/Debug-iphonesimulator/Networking.build/Networking.hmap (in target 'Networking' from project 'Networking')
    cd /Users/darisadam/Documents/Projects/iOS\ Apps/madabank-ios/Madabank/Modules/Shared/Networking
    write-file /Users/darisadam/Library/Developer/Xcode/DerivedData/Madabank-hkohthnbjtgnoechirsoymtykttx/Build/Intermediates.noindex/Networking.build/Debug-iphonesimulator/Networking.build/Networking.hmap

WriteAuxiliaryFile /Users/darisadam/Library/Developer/Xcode/DerivedData/Madabank-hkohthnbjtgnoechirsoymtykttx/Build/Intermediates.noindex/Networking.build/Debug-iphonesimulator/Networking.build/Networking.DependencyStaticMetadataFileList (in target 'Networking' from project 'Networking')
    cd /Users/darisadam/Documents/Projects/iOS\ Apps/madabank-ios/Madabank/Modules/Shared/Networking
    write-file /Users/darisadam/Library/Developer/Xcode/DerivedData/Madabank-hkohthnbjtgnoechirsoymtykttx/Build/Intermediates.noindex/Networking.build/Debug-iphonesimulator/Networking.build/Networking.DependencyStaticMetadataFileList

WriteAuxiliaryFile /Users/darisadam/Library/Developer/Xcode/DerivedData/Madabank-hkohthnbjtgnoechirsoymtykttx/Build/Intermediates.noindex/Networking.build/Debug-iphonesimulator/Networking.build/Networking.DependencyMetadataFileList (in target 'Networking' from project 'Networking')
    cd /Users/darisadam/Documents/Projects/iOS\ Apps/madabank-ios/Madabank/Modules/Shared/Networking
    write-file /Users/darisadam/Library/Developer/Xcode/DerivedData/Madabank-hkohthnbjtgnoechirsoymtykttx/Build/Intermediates.noindex/Networking.build/Debug-iphonesimulator/Networking.build/Networking.DependencyMetadataFileList

WriteAuxiliaryFile /Users/darisadam/Library/Developer/Xcode/DerivedData/Madabank-hkohthnbjtgnoechirsoymtykttx/Build/Intermediates.noindex/Networking.build/Debug-iphonesimulator/Networking.build/Networking-project-headers.hmap (in target 'Networking' from project 'Networking')
    cd /Users/darisadam/Documents/Projects/iOS\ Apps/madabank-ios/Madabank/Modules/Shared/Networking
    write-file /Users/darisadam/Library/Developer/Xcode/DerivedData/Madabank-hkohthnbjtgnoechirsoymtykttx/Build/Intermediates.noindex/Networking.build/Debug-iphonesimulator/Networking.build/Networking-project-headers.hmap

WriteAuxiliaryFile /Users/darisadam/Library/Developer/Xcode/DerivedData/Madabank-hkohthnbjtgnoechirsoymtykttx/Build/Intermediates.noindex/Networking.build/Debug-iphonesimulator/Networking.build/Networking-own-target-headers.hmap (in target 'Networking' from project 'Networking')
    cd /Users/darisadam/Documents/Projects/iOS\ Apps/madabank-ios/Madabank/Modules/Shared/Networking
    write-file /Users/darisadam/Library/Developer/Xcode/DerivedData/Madabank-hkohthnbjtgnoechirsoymtykttx/Build/Intermediates.noindex/Networking.build/Debug-iphonesimulator/Networking.build/Networking-own-target-headers.hmap

WriteAuxiliaryFile /Users/darisadam/Library/Developer/Xcode/DerivedData/Madabank-hkohthnbjtgnoechirsoymtykttx/Build/Intermediates.noindex/Networking.build/Debug-iphonesimulator/Networking.build/Networking-generated-files.hmap (in target 'Networking' from project 'Networking')
    cd /Users/darisadam/Documents/Projects/iOS\ Apps/madabank-ios/Madabank/Modules/Shared/Networking
    write-file /Users/darisadam/Library/Developer/Xcode/DerivedData/Madabank-hkohthnbjtgnoechirsoymtykttx/Build/Intermediates.noindex/Networking.build/Debug-iphonesimulator/Networking.build/Networking-generated-files.hmap

WriteAuxiliaryFile /Users/darisadam/Library/Developer/Xcode/DerivedData/Madabank-hkohthnbjtgnoechirsoymtykttx/Build/Intermediates.noindex/Networking.build/Debug-iphonesimulator/Networking.build/Networking-all-target-headers.hmap (in target 'Networking' from project 'Networking')
    cd /Users/darisadam/Documents/Projects/iOS\ Apps/madabank-ios/Madabank/Modules/Shared/Networking
    write-file /Users/darisadam/Library/Developer/Xcode/DerivedData/Madabank-hkohthnbjtgnoechirsoymtykttx/Build/Intermediates.noindex/Networking.build/Debug-iphonesimulator/Networking.build/Networking-all-target-headers.hmap

WriteAuxiliaryFile /Users/darisadam/Library/Developer/Xcode/DerivedData/Madabank-hkohthnbjtgnoechirsoymtykttx/Build/Intermediates.noindex/Networking.build/Debug-iphonesimulator/Networking.build/Networking-all-non-framework-target-headers.hmap (in target 'Networking' from project 'Networking')
    cd /Users/darisadam/Documents/Projects/iOS\ Apps/madabank-ios/Madabank/Modules/Shared/Networking
    write-file /Users/darisadam/Library/Developer/Xcode/DerivedData/Madabank-hkohthnbjtgnoechirsoymtykttx/Build/Intermediates.noindex/Networking.build/Debug-iphonesimulator/Networking.build/Networking-all-non-framework-target-headers.hmap

WriteAuxiliaryFile /Users/darisadam/Library/Developer/Xcode/DerivedData/Madabank-hkohthnbjtgnoechirsoymtykttx/Build/Intermediates.noindex/Networking.build/Debug-iphonesimulator/Networking.build/DerivedSources/Networking_vers.c (in target 'Networking' from project 'Networking')
    cd /Users/darisadam/Documents/Projects/iOS\ Apps/madabank-ios/Madabank/Modules/Shared/Networking
    write-file /Users/darisadam/Library/Developer/Xcode/DerivedData/Madabank-hkohthnbjtgnoechirsoymtykttx/Build/Intermediates.noindex/Networking.build/Debug-iphonesimulator/Networking.build/DerivedSources/Networking_vers.c

WriteAuxiliaryFile /Users/darisadam/Library/Developer/Xcode/DerivedData/Madabank-hkohthnbjtgnoechirsoymtykttx/Build/Intermediates.noindex/Domain.build/Debug-iphonesimulator/Domain.build/Objects-normal/arm64/Domain_const_extract_protocols.json (in target 'Domain' from project 'Domain')
    cd /Users/darisadam/Documents/Projects/iOS\ Apps/madabank-ios/Madabank/Modules/Shared/Domain
    write-file /Users/darisadam/Library/Developer/Xcode/DerivedData/Madabank-hkohthnbjtgnoechirsoymtykttx/Build/Intermediates.noindex/Domain.build/Debug-iphonesimulator/Domain.build/Objects-normal/arm64/Domain_const_extract_protocols.json

Copy /Users/darisadam/Library/Developer/Xcode/DerivedData/Madabank-hkohthnbjtgnoechirsoymtykttx/Build/Products/Debug-iphonesimulator/Networking.framework/Modules/module.modulemap /Users/darisadam/Library/Developer/Xcode/DerivedData/Madabank-hkohthnbjtgnoechirsoymtykttx/Build/Intermediates.noindex/Networking.build/Debug-iphonesimulator/Networking.build/module.modulemap (in target 'Networking' from project 'Networking')
    cd /Users/darisadam/Documents/Projects/iOS\ Apps/madabank-ios/Madabank/Modules/Shared/Networking
    builtin-copy -exclude .DS_Store -exclude CVS -exclude .svn -exclude .git -exclude .hg -resolve-src-symlinks /Users/darisadam/Library/Developer/Xcode/DerivedData/Madabank-hkohthnbjtgnoechirsoymtykttx/Build/Intermediates.noindex/Networking.build/Debug-iphonesimulator/Networking.build/module.modulemap /Users/darisadam/Library/Developer/Xcode/DerivedData/Madabank-hkohthnbjtgnoechirsoymtykttx/Build/Products/Debug-iphonesimulator/Networking.framework/Modules

WriteAuxiliaryFile /Users/darisadam/Library/Developer/Xcode/DerivedData/Madabank-hkohthnbjtgnoechirsoymtykttx/Build/Intermediates.noindex/Domain.build/Debug-iphonesimulator/Domain.build/Objects-normal/arm64/Domain.SwiftFileList (in target 'Domain' from project 'Domain')
    cd /Users/darisadam/Documents/Projects/iOS\ Apps/madabank-ios/Madabank/Modules/Shared/Domain
    write-file /Users/darisadam/Library/Developer/Xcode/DerivedData/Madabank-hkohthnbjtgnoechirsoymtykttx/Build/Intermediates.noindex/Domain.build/Debug-iphonesimulator/Domain.build/Objects-normal/arm64/Domain.SwiftFileList

WriteAuxiliaryFile /Users/darisadam/Library/Developer/Xcode/DerivedData/Madabank-hkohthnbjtgnoechirsoymtykttx/Build/Intermediates.noindex/Domain.build/Debug-iphonesimulator/Domain.build/Objects-normal/arm64/Domain.SwiftConstValuesFileList (in target 'Domain' from project 'Domain')
    cd /Users/darisadam/Documents/Projects/iOS\ Apps/madabank-ios/Madabank/Modules/Shared/Domain
    write-file /Users/darisadam/Library/Developer/Xcode/DerivedData/Madabank-hkohthnbjtgnoechirsoymtykttx/Build/Intermediates.noindex/Domain.build/Debug-iphonesimulator/Domain.build/Objects-normal/arm64/Domain.SwiftConstValuesFileList

WriteAuxiliaryFile /Users/darisadam/Library/Developer/Xcode/DerivedData/Madabank-hkohthnbjtgnoechirsoymtykttx/Build/Intermediates.noindex/Domain.build/Debug-iphonesimulator/Domain.build/Objects-normal/arm64/Domain.LinkFileList (in target 'Domain' from project 'Domain')
    cd /Users/darisadam/Documents/Projects/iOS\ Apps/madabank-ios/Madabank/Modules/Shared/Domain
    write-file /Users/darisadam/Library/Developer/Xcode/DerivedData/Madabank-hkohthnbjtgnoechirsoymtykttx/Build/Intermediates.noindex/Domain.build/Debug-iphonesimulator/Domain.build/Objects-normal/arm64/Domain.LinkFileList

WriteAuxiliaryFile /Users/darisadam/Library/Developer/Xcode/DerivedData/Madabank-hkohthnbjtgnoechirsoymtykttx/Build/Intermediates.noindex/Domain.build/Debug-iphonesimulator/Domain.build/Objects-normal/arm64/Domain-OutputFileMap.json (in target 'Domain' from project 'Domain')
    cd /Users/darisadam/Documents/Projects/iOS\ Apps/madabank-ios/Madabank/Modules/Shared/Domain
    write-file /Users/darisadam/Library/Developer/Xcode/DerivedData/Madabank-hkohthnbjtgnoechirsoymtykttx/Build/Intermediates.noindex/Domain.build/Debug-iphonesimulator/Domain.build/Objects-normal/arm64/Domain-OutputFileMap.json

WriteAuxiliaryFile /Users/darisadam/Library/Developer/Xcode/DerivedData/Madabank-hkohthnbjtgnoechirsoymtykttx/Build/Intermediates.noindex/Domain.build/Debug-iphonesimulator/Domain.build/Objects-normal/arm64/7187679823f38a2a940e0043cdf9d637-common-args.resp (in target 'Domain' from project 'Domain')
    cd /Users/darisadam/Documents/Projects/iOS\ Apps/madabank-ios/Madabank/Modules/Shared/Domain
    write-file /Users/darisadam/Library/Developer/Xcode/DerivedData/Madabank-hkohthnbjtgnoechirsoymtykttx/Build/Intermediates.noindex/Domain.build/Debug-iphonesimulator/Domain.build/Objects-normal/arm64/7187679823f38a2a940e0043cdf9d637-common-args.resp
-target arm64-apple-ios15.0-simulator '-std=gnu11' -fmodules -gmodules '-fmodules-cache-path=/Users/darisadam/Library/Developer/Xcode/DerivedData/ModuleCache.noindex' '-fmodule-name=Domain' -fpascal-strings -O0 -fno-common '-DDEBUG=1' -isysroot /Applications/Xcode.app/Contents/Developer/Platforms/iPhoneSimulator.platform/Developer/SDKs/iPhoneSimulator26.1.sdk -g -iquote /Users/darisadam/Library/Developer/Xcode/DerivedData/Madabank-hkohthnbjtgnoechirsoymtykttx/Build/Intermediates.noindex/Domain.build/Debug-iphonesimulator/Domain.build/Domain-generated-files.hmap -I/Users/darisadam/Library/Developer/Xcode/DerivedData/Madabank-hkohthnbjtgnoechirsoymtykttx/Build/Intermediates.noindex/Domain.build/Debug-iphonesimulator/Domain.build/Domain-own-target-headers.hmap -I/Users/darisadam/Library/Developer/Xcode/DerivedData/Madabank-hkohthnbjtgnoechirsoymtykttx/Build/Intermediates.noindex/Domain.build/Debug-iphonesimulator/Domain.build/Domain-all-non-framework-target-headers.hmap -ivfsoverlay /Users/darisadam/Library/Developer/Xcode/DerivedData/Madabank-hkohthnbjtgnoechirsoymtykttx/Build/Intermediates.noindex/Domain.build/Debug-iphonesimulator/Domain-38b95e0e74f454eb1697545f0c9d82bd-VFS-iphonesimulator/all-product-headers.yaml -iquote /Users/darisadam/Library/Developer/Xcode/DerivedData/Madabank-hkohthnbjtgnoechirsoymtykttx/Build/Intermediates.noindex/Domain.build/Debug-iphonesimulator/Domain.build/Domain-project-headers.hmap -I/Users/darisadam/Library/Developer/Xcode/DerivedData/Madabank-hkohthnbjtgnoechirsoymtykttx/Build/Products/Debug-iphonesimulator/include -I/Users/darisadam/Library/Developer/Xcode/DerivedData/Madabank-hkohthnbjtgnoechirsoymtykttx/Build/Intermediates.noindex/Domain.build/Debug-iphonesimulator/Domain.build/DerivedSources-normal/arm64 -I/Users/darisadam/Library/Developer/Xcode/DerivedData/Madabank-hkohthnbjtgnoechirsoymtykttx/Build/Intermediates.noindex/Domain.build/Debug-iphonesimulator/Domain.build/DerivedSources/arm64 -I/Users/darisadam/Library/Developer/Xcode/DerivedData/Madabank-hkohthnbjtgnoechirsoymtykttx/Build/Intermediates.noindex/Domain.build/Debug-iphonesimulator/Domain.build/DerivedSources -F/Users/darisadam/Library/Developer/Xcode/DerivedData/Madabank-hkohthnbjtgnoechirsoymtykttx/Build/Products/Debug-iphonesimulator

WriteAuxiliaryFile /Users/darisadam/Library/Developer/Xcode/DerivedData/Madabank-hkohthnbjtgnoechirsoymtykttx/Build/Intermediates.noindex/Domain.build/Debug-iphonesimulator/Domain.build/Domain.hmap (in target 'Domain' from project 'Domain')
    cd /Users/darisadam/Documents/Projects/iOS\ Apps/madabank-ios/Madabank/Modules/Shared/Domain
    write-file /Users/darisadam/Library/Developer/Xcode/DerivedData/Madabank-hkohthnbjtgnoechirsoymtykttx/Build/Intermediates.noindex/Domain.build/Debug-iphonesimulator/Domain.build/Domain.hmap

WriteAuxiliaryFile /Users/darisadam/Library/Developer/Xcode/DerivedData/Madabank-hkohthnbjtgnoechirsoymtykttx/Build/Intermediates.noindex/Domain.build/Debug-iphonesimulator/Domain.build/Domain.DependencyStaticMetadataFileList (in target 'Domain' from project 'Domain')
    cd /Users/darisadam/Documents/Projects/iOS\ Apps/madabank-ios/Madabank/Modules/Shared/Domain
    write-file /Users/darisadam/Library/Developer/Xcode/DerivedData/Madabank-hkohthnbjtgnoechirsoymtykttx/Build/Intermediates.noindex/Domain.build/Debug-iphonesimulator/Domain.build/Domain.DependencyStaticMetadataFileList

WriteAuxiliaryFile /Users/darisadam/Library/Developer/Xcode/DerivedData/Madabank-hkohthnbjtgnoechirsoymtykttx/Build/Intermediates.noindex/Domain.build/Debug-iphonesimulator/Domain.build/Domain.DependencyMetadataFileList (in target 'Domain' from project 'Domain')
    cd /Users/darisadam/Documents/Projects/iOS\ Apps/madabank-ios/Madabank/Modules/Shared/Domain
    write-file /Users/darisadam/Library/Developer/Xcode/DerivedData/Madabank-hkohthnbjtgnoechirsoymtykttx/Build/Intermediates.noindex/Domain.build/Debug-iphonesimulator/Domain.build/Domain.DependencyMetadataFileList

WriteAuxiliaryFile /Users/darisadam/Library/Developer/Xcode/DerivedData/Madabank-hkohthnbjtgnoechirsoymtykttx/Build/Intermediates.noindex/Domain.build/Debug-iphonesimulator/Domain.build/Domain-project-headers.hmap (in target 'Domain' from project 'Domain')
    cd /Users/darisadam/Documents/Projects/iOS\ Apps/madabank-ios/Madabank/Modules/Shared/Domain
    write-file /Users/darisadam/Library/Developer/Xcode/DerivedData/Madabank-hkohthnbjtgnoechirsoymtykttx/Build/Intermediates.noindex/Domain.build/Debug-iphonesimulator/Domain.build/Domain-project-headers.hmap

WriteAuxiliaryFile /Users/darisadam/Library/Developer/Xcode/DerivedData/Madabank-hkohthnbjtgnoechirsoymtykttx/Build/Intermediates.noindex/Domain.build/Debug-iphonesimulator/Domain.build/Domain-own-target-headers.hmap (in target 'Domain' from project 'Domain')
    cd /Users/darisadam/Documents/Projects/iOS\ Apps/madabank-ios/Madabank/Modules/Shared/Domain
    write-file /Users/darisadam/Library/Developer/Xcode/DerivedData/Madabank-hkohthnbjtgnoechirsoymtykttx/Build/Intermediates.noindex/Domain.build/Debug-iphonesimulator/Domain.build/Domain-own-target-headers.hmap

WriteAuxiliaryFile /Users/darisadam/Library/Developer/Xcode/DerivedData/Madabank-hkohthnbjtgnoechirsoymtykttx/Build/Intermediates.noindex/Domain.build/Debug-iphonesimulator/Domain.build/Domain-generated-files.hmap (in target 'Domain' from project 'Domain')
    cd /Users/darisadam/Documents/Projects/iOS\ Apps/madabank-ios/Madabank/Modules/Shared/Domain
    write-file /Users/darisadam/Library/Developer/Xcode/DerivedData/Madabank-hkohthnbjtgnoechirsoymtykttx/Build/Intermediates.noindex/Domain.build/Debug-iphonesimulator/Domain.build/Domain-generated-files.hmap

WriteAuxiliaryFile /Users/darisadam/Library/Developer/Xcode/DerivedData/Madabank-hkohthnbjtgnoechirsoymtykttx/Build/Intermediates.noindex/Domain.build/Debug-iphonesimulator/Domain.build/Domain-all-target-headers.hmap (in target 'Domain' from project 'Domain')
    cd /Users/darisadam/Documents/Projects/iOS\ Apps/madabank-ios/Madabank/Modules/Shared/Domain
    write-file /Users/darisadam/Library/Developer/Xcode/DerivedData/Madabank-hkohthnbjtgnoechirsoymtykttx/Build/Intermediates.noindex/Domain.build/Debug-iphonesimulator/Domain.build/Domain-all-target-headers.hmap

WriteAuxiliaryFile /Users/darisadam/Library/Developer/Xcode/DerivedData/Madabank-hkohthnbjtgnoechirsoymtykttx/Build/Intermediates.noindex/Domain.build/Debug-iphonesimulator/Domain.build/Domain-all-non-framework-target-headers.hmap (in target 'Domain' from project 'Domain')
    cd /Users/darisadam/Documents/Projects/iOS\ Apps/madabank-ios/Madabank/Modules/Shared/Domain
    write-file /Users/darisadam/Library/Developer/Xcode/DerivedData/Madabank-hkohthnbjtgnoechirsoymtykttx/Build/Intermediates.noindex/Domain.build/Debug-iphonesimulator/Domain.build/Domain-all-non-framework-target-headers.hmap

WriteAuxiliaryFile /Users/darisadam/Library/Developer/Xcode/DerivedData/Madabank-hkohthnbjtgnoechirsoymtykttx/Build/Intermediates.noindex/Domain.build/Debug-iphonesimulator/Domain.build/DerivedSources/Domain_vers.c (in target 'Domain' from project 'Domain')
    cd /Users/darisadam/Documents/Projects/iOS\ Apps/madabank-ios/Madabank/Modules/Shared/Domain
    write-file /Users/darisadam/Library/Developer/Xcode/DerivedData/Madabank-hkohthnbjtgnoechirsoymtykttx/Build/Intermediates.noindex/Domain.build/Debug-iphonesimulator/Domain.build/DerivedSources/Domain_vers.c

WriteAuxiliaryFile /Users/darisadam/Library/Developer/Xcode/DerivedData/Madabank-hkohthnbjtgnoechirsoymtykttx/Build/Intermediates.noindex/Core.build/Debug-iphonesimulator/Core.build/module.modulemap (in target 'Core' from project 'Core')
    cd /Users/darisadam/Documents/Projects/iOS\ Apps/madabank-ios/Madabank/Modules/Shared/Core
    write-file /Users/darisadam/Library/Developer/Xcode/DerivedData/Madabank-hkohthnbjtgnoechirsoymtykttx/Build/Intermediates.noindex/Core.build/Debug-iphonesimulator/Core.build/module.modulemap

Copy /Users/darisadam/Library/Developer/Xcode/DerivedData/Madabank-hkohthnbjtgnoechirsoymtykttx/Build/Products/Debug-iphonesimulator/Domain.framework/Modules/module.modulemap /Users/darisadam/Library/Developer/Xcode/DerivedData/Madabank-hkohthnbjtgnoechirsoymtykttx/Build/Intermediates.noindex/Domain.build/Debug-iphonesimulator/Domain.build/module.modulemap (in target 'Domain' from project 'Domain')
    cd /Users/darisadam/Documents/Projects/iOS\ Apps/madabank-ios/Madabank/Modules/Shared/Domain
    builtin-copy -exclude .DS_Store -exclude CVS -exclude .svn -exclude .git -exclude .hg -resolve-src-symlinks /Users/darisadam/Library/Developer/Xcode/DerivedData/Madabank-hkohthnbjtgnoechirsoymtykttx/Build/Intermediates.noindex/Domain.build/Debug-iphonesimulator/Domain.build/module.modulemap /Users/darisadam/Library/Developer/Xcode/DerivedData/Madabank-hkohthnbjtgnoechirsoymtykttx/Build/Products/Debug-iphonesimulator/Domain.framework/Modules

WriteAuxiliaryFile /Users/darisadam/Library/Developer/Xcode/DerivedData/Madabank-hkohthnbjtgnoechirsoymtykttx/Build/Intermediates.noindex/Core.build/Debug-iphonesimulator/Core.build/Objects-normal/arm64/Core_const_extract_protocols.json (in target 'Core' from project 'Core')
    cd /Users/darisadam/Documents/Projects/iOS\ Apps/madabank-ios/Madabank/Modules/Shared/Core
    write-file /Users/darisadam/Library/Developer/Xcode/DerivedData/Madabank-hkohthnbjtgnoechirsoymtykttx/Build/Intermediates.noindex/Core.build/Debug-iphonesimulator/Core.build/Objects-normal/arm64/Core_const_extract_protocols.json

WriteAuxiliaryFile /Users/darisadam/Library/Developer/Xcode/DerivedData/Madabank-hkohthnbjtgnoechirsoymtykttx/Build/Intermediates.noindex/Core.build/Debug-iphonesimulator/Core.build/Objects-normal/arm64/Core.SwiftFileList (in target 'Core' from project 'Core')
    cd /Users/darisadam/Documents/Projects/iOS\ Apps/madabank-ios/Madabank/Modules/Shared/Core
    write-file /Users/darisadam/Library/Developer/Xcode/DerivedData/Madabank-hkohthnbjtgnoechirsoymtykttx/Build/Intermediates.noindex/Core.build/Debug-iphonesimulator/Core.build/Objects-normal/arm64/Core.SwiftFileList

WriteAuxiliaryFile /Users/darisadam/Library/Developer/Xcode/DerivedData/Madabank-hkohthnbjtgnoechirsoymtykttx/Build/Intermediates.noindex/Core.build/Debug-iphonesimulator/Core.build/Objects-normal/arm64/Core.SwiftConstValuesFileList (in target 'Core' from project 'Core')
    cd /Users/darisadam/Documents/Projects/iOS\ Apps/madabank-ios/Madabank/Modules/Shared/Core
    write-file /Users/darisadam/Library/Developer/Xcode/DerivedData/Madabank-hkohthnbjtgnoechirsoymtykttx/Build/Intermediates.noindex/Core.build/Debug-iphonesimulator/Core.build/Objects-normal/arm64/Core.SwiftConstValuesFileList

WriteAuxiliaryFile /Users/darisadam/Library/Developer/Xcode/DerivedData/Madabank-hkohthnbjtgnoechirsoymtykttx/Build/Intermediates.noindex/Core.build/Debug-iphonesimulator/Core.build/Objects-normal/arm64/Core-OutputFileMap.json (in target 'Core' from project 'Core')
    cd /Users/darisadam/Documents/Projects/iOS\ Apps/madabank-ios/Madabank/Modules/Shared/Core
    write-file /Users/darisadam/Library/Developer/Xcode/DerivedData/Madabank-hkohthnbjtgnoechirsoymtykttx/Build/Intermediates.noindex/Core.build/Debug-iphonesimulator/Core.build/Objects-normal/arm64/Core-OutputFileMap.json

WriteAuxiliaryFile /Users/darisadam/Library/Developer/Xcode/DerivedData/Madabank-hkohthnbjtgnoechirsoymtykttx/Build/Intermediates.noindex/Core.build/Debug-iphonesimulator/Core.build/Objects-normal/arm64/Core.LinkFileList (in target 'Core' from project 'Core')
    cd /Users/darisadam/Documents/Projects/iOS\ Apps/madabank-ios/Madabank/Modules/Shared/Core
    write-file /Users/darisadam/Library/Developer/Xcode/DerivedData/Madabank-hkohthnbjtgnoechirsoymtykttx/Build/Intermediates.noindex/Core.build/Debug-iphonesimulator/Core.build/Objects-normal/arm64/Core.LinkFileList

WriteAuxiliaryFile /Users/darisadam/Library/Developer/Xcode/DerivedData/Madabank-hkohthnbjtgnoechirsoymtykttx/Build/Intermediates.noindex/Core.build/Debug-iphonesimulator/Core.build/Objects-normal/arm64/7187679823f38a2a940e0043cdf9d637-common-args.resp (in target 'Core' from project 'Core')
    cd /Users/darisadam/Documents/Projects/iOS\ Apps/madabank-ios/Madabank/Modules/Shared/Core
    write-file /Users/darisadam/Library/Developer/Xcode/DerivedData/Madabank-hkohthnbjtgnoechirsoymtykttx/Build/Intermediates.noindex/Core.build/Debug-iphonesimulator/Core.build/Objects-normal/arm64/7187679823f38a2a940e0043cdf9d637-common-args.resp
-target arm64-apple-ios15.0-simulator '-std=gnu11' -fmodules -gmodules '-fmodules-cache-path=/Users/darisadam/Library/Developer/Xcode/DerivedData/ModuleCache.noindex' '-fmodule-name=Core' -fpascal-strings -O0 -fno-common '-DDEBUG=1' -isysroot /Applications/Xcode.app/Contents/Developer/Platforms/iPhoneSimulator.platform/Developer/SDKs/iPhoneSimulator26.1.sdk -g -iquote /Users/darisadam/Library/Developer/Xcode/DerivedData/Madabank-hkohthnbjtgnoechirsoymtykttx/Build/Intermediates.noindex/Core.build/Debug-iphonesimulator/Core.build/Core-generated-files.hmap -I/Users/darisadam/Library/Developer/Xcode/DerivedData/Madabank-hkohthnbjtgnoechirsoymtykttx/Build/Intermediates.noindex/Core.build/Debug-iphonesimulator/Core.build/Core-own-target-headers.hmap -I/Users/darisadam/Library/Developer/Xcode/DerivedData/Madabank-hkohthnbjtgnoechirsoymtykttx/Build/Intermediates.noindex/Core.build/Debug-iphonesimulator/Core.build/Core-all-non-framework-target-headers.hmap -ivfsoverlay /Users/darisadam/Library/Developer/Xcode/DerivedData/Madabank-hkohthnbjtgnoechirsoymtykttx/Build/Intermediates.noindex/Core.build/Debug-iphonesimulator/Core-011bcb69b58bd754ba2ab26f60c77229-VFS-iphonesimulator/all-product-headers.yaml -iquote /Users/darisadam/Library/Developer/Xcode/DerivedData/Madabank-hkohthnbjtgnoechirsoymtykttx/Build/Intermediates.noindex/Core.build/Debug-iphonesimulator/Core.build/Core-project-headers.hmap -I/Users/darisadam/Library/Developer/Xcode/DerivedData/Madabank-hkohthnbjtgnoechirsoymtykttx/Build/Products/Debug-iphonesimulator/include -I/Users/darisadam/Library/Developer/Xcode/DerivedData/Madabank-hkohthnbjtgnoechirsoymtykttx/Build/Intermediates.noindex/Core.build/Debug-iphonesimulator/Core.build/DerivedSources-normal/arm64 -I/Users/darisadam/Library/Developer/Xcode/DerivedData/Madabank-hkohthnbjtgnoechirsoymtykttx/Build/Intermediates.noindex/Core.build/Debug-iphonesimulator/Core.build/DerivedSources/arm64 -I/Users/darisadam/Library/Developer/Xcode/DerivedData/Madabank-hkohthnbjtgnoechirsoymtykttx/Build/Intermediates.noindex/Core.build/Debug-iphonesimulator/Core.build/DerivedSources -F/Users/darisadam/Library/Developer/Xcode/DerivedData/Madabank-hkohthnbjtgnoechirsoymtykttx/Build/Products/Debug-iphonesimulator

WriteAuxiliaryFile /Users/darisadam/Library/Developer/Xcode/DerivedData/Madabank-hkohthnbjtgnoechirsoymtykttx/Build/Intermediates.noindex/Core.build/Debug-iphonesimulator/Core.build/DerivedSources/Core_vers.c (in target 'Core' from project 'Core')
    cd /Users/darisadam/Documents/Projects/iOS\ Apps/madabank-ios/Madabank/Modules/Shared/Core
    write-file /Users/darisadam/Library/Developer/Xcode/DerivedData/Madabank-hkohthnbjtgnoechirsoymtykttx/Build/Intermediates.noindex/Core.build/Debug-iphonesimulator/Core.build/DerivedSources/Core_vers.c

WriteAuxiliaryFile /Users/darisadam/Library/Developer/Xcode/DerivedData/Madabank-hkohthnbjtgnoechirsoymtykttx/Build/Intermediates.noindex/Core.build/Debug-iphonesimulator/Core.build/Core.hmap (in target 'Core' from project 'Core')
    cd /Users/darisadam/Documents/Projects/iOS\ Apps/madabank-ios/Madabank/Modules/Shared/Core
    write-file /Users/darisadam/Library/Developer/Xcode/DerivedData/Madabank-hkohthnbjtgnoechirsoymtykttx/Build/Intermediates.noindex/Core.build/Debug-iphonesimulator/Core.build/Core.hmap

WriteAuxiliaryFile /Users/darisadam/Library/Developer/Xcode/DerivedData/Madabank-hkohthnbjtgnoechirsoymtykttx/Build/Intermediates.noindex/Core.build/Debug-iphonesimulator/Core.build/Core.DependencyStaticMetadataFileList (in target 'Core' from project 'Core')
    cd /Users/darisadam/Documents/Projects/iOS\ Apps/madabank-ios/Madabank/Modules/Shared/Core
    write-file /Users/darisadam/Library/Developer/Xcode/DerivedData/Madabank-hkohthnbjtgnoechirsoymtykttx/Build/Intermediates.noindex/Core.build/Debug-iphonesimulator/Core.build/Core.DependencyStaticMetadataFileList

WriteAuxiliaryFile /Users/darisadam/Library/Developer/Xcode/DerivedData/Madabank-hkohthnbjtgnoechirsoymtykttx/Build/Intermediates.noindex/Core.build/Debug-iphonesimulator/Core.build/Core.DependencyMetadataFileList (in target 'Core' from project 'Core')
    cd /Users/darisadam/Documents/Projects/iOS\ Apps/madabank-ios/Madabank/Modules/Shared/Core
    write-file /Users/darisadam/Library/Developer/Xcode/DerivedData/Madabank-hkohthnbjtgnoechirsoymtykttx/Build/Intermediates.noindex/Core.build/Debug-iphonesimulator/Core.build/Core.DependencyMetadataFileList

WriteAuxiliaryFile /Users/darisadam/Library/Developer/Xcode/DerivedData/Madabank-hkohthnbjtgnoechirsoymtykttx/Build/Intermediates.noindex/Core.build/Debug-iphonesimulator/Core.build/Core-project-headers.hmap (in target 'Core' from project 'Core')
    cd /Users/darisadam/Documents/Projects/iOS\ Apps/madabank-ios/Madabank/Modules/Shared/Core
    write-file /Users/darisadam/Library/Developer/Xcode/DerivedData/Madabank-hkohthnbjtgnoechirsoymtykttx/Build/Intermediates.noindex/Core.build/Debug-iphonesimulator/Core.build/Core-project-headers.hmap

WriteAuxiliaryFile /Users/darisadam/Library/Developer/Xcode/DerivedData/Madabank-hkohthnbjtgnoechirsoymtykttx/Build/Intermediates.noindex/Core.build/Debug-iphonesimulator/Core.build/Core-own-target-headers.hmap (in target 'Core' from project 'Core')
    cd /Users/darisadam/Documents/Projects/iOS\ Apps/madabank-ios/Madabank/Modules/Shared/Core
    write-file /Users/darisadam/Library/Developer/Xcode/DerivedData/Madabank-hkohthnbjtgnoechirsoymtykttx/Build/Intermediates.noindex/Core.build/Debug-iphonesimulator/Core.build/Core-own-target-headers.hmap

WriteAuxiliaryFile /Users/darisadam/Library/Developer/Xcode/DerivedData/Madabank-hkohthnbjtgnoechirsoymtykttx/Build/Intermediates.noindex/Core.build/Debug-iphonesimulator/Core.build/Core-generated-files.hmap (in target 'Core' from project 'Core')
    cd /Users/darisadam/Documents/Projects/iOS\ Apps/madabank-ios/Madabank/Modules/Shared/Core
    write-file /Users/darisadam/Library/Developer/Xcode/DerivedData/Madabank-hkohthnbjtgnoechirsoymtykttx/Build/Intermediates.noindex/Core.build/Debug-iphonesimulator/Core.build/Core-generated-files.hmap

WriteAuxiliaryFile /Users/darisadam/Library/Developer/Xcode/DerivedData/Madabank-hkohthnbjtgnoechirsoymtykttx/Build/Intermediates.noindex/Core.build/Debug-iphonesimulator/Core.build/Core-all-target-headers.hmap (in target 'Core' from project 'Core')
    cd /Users/darisadam/Documents/Projects/iOS\ Apps/madabank-ios/Madabank/Modules/Shared/Core
    write-file /Users/darisadam/Library/Developer/Xcode/DerivedData/Madabank-hkohthnbjtgnoechirsoymtykttx/Build/Intermediates.noindex/Core.build/Debug-iphonesimulator/Core.build/Core-all-target-headers.hmap

WriteAuxiliaryFile /Users/darisadam/Library/Developer/Xcode/DerivedData/Madabank-hkohthnbjtgnoechirsoymtykttx/Build/Intermediates.noindex/Core.build/Debug-iphonesimulator/Core.build/Core-all-non-framework-target-headers.hmap (in target 'Core' from project 'Core')
    cd /Users/darisadam/Documents/Projects/iOS\ Apps/madabank-ios/Madabank/Modules/Shared/Core
    write-file /Users/darisadam/Library/Developer/Xcode/DerivedData/Madabank-hkohthnbjtgnoechirsoymtykttx/Build/Intermediates.noindex/Core.build/Debug-iphonesimulator/Core.build/Core-all-non-framework-target-headers.hmap

Copy /Users/darisadam/Library/Developer/Xcode/DerivedData/Madabank-hkohthnbjtgnoechirsoymtykttx/Build/Products/Debug-iphonesimulator/Core.framework/Modules/module.modulemap /Users/darisadam/Library/Developer/Xcode/DerivedData/Madabank-hkohthnbjtgnoechirsoymtykttx/Build/Intermediates.noindex/Core.build/Debug-iphonesimulator/Core.build/module.modulemap (in target 'Core' from project 'Core')
    cd /Users/darisadam/Documents/Projects/iOS\ Apps/madabank-ios/Madabank/Modules/Shared/Core
    builtin-copy -exclude .DS_Store -exclude CVS -exclude .svn -exclude .git -exclude .hg -resolve-src-symlinks /Users/darisadam/Library/Developer/Xcode/DerivedData/Madabank-hkohthnbjtgnoechirsoymtykttx/Build/Intermediates.noindex/Core.build/Debug-iphonesimulator/Core.build/module.modulemap /Users/darisadam/Library/Developer/Xcode/DerivedData/Madabank-hkohthnbjtgnoechirsoymtykttx/Build/Products/Debug-iphonesimulator/Core.framework/Modules

WriteAuxiliaryFile /Users/darisadam/Library/Developer/Xcode/DerivedData/Madabank-hkohthnbjtgnoechirsoymtykttx/Build/Intermediates.noindex/Alamofire.build/Debug-iphonesimulator/Alamofire.build/module.modulemap (in target 'Alamofire' from project 'Alamofire')
    cd /Users/darisadam/Documents/Projects/iOS\ Apps/madabank-ios/Madabank/Tuist/.build/tuist-derived/Alamofire
    write-file /Users/darisadam/Library/Developer/Xcode/DerivedData/Madabank-hkohthnbjtgnoechirsoymtykttx/Build/Intermediates.noindex/Alamofire.build/Debug-iphonesimulator/Alamofire.build/module.modulemap

WriteAuxiliaryFile /Users/darisadam/Library/Developer/Xcode/DerivedData/Madabank-hkohthnbjtgnoechirsoymtykttx/Build/Intermediates.noindex/Alamofire.build/Debug-iphonesimulator/Alamofire.build/Objects-normal/arm64/Alamofire.SwiftFileList (in target 'Alamofire' from project 'Alamofire')
    cd /Users/darisadam/Documents/Projects/iOS\ Apps/madabank-ios/Madabank/Tuist/.build/tuist-derived/Alamofire
    write-file /Users/darisadam/Library/Developer/Xcode/DerivedData/Madabank-hkohthnbjtgnoechirsoymtykttx/Build/Intermediates.noindex/Alamofire.build/Debug-iphonesimulator/Alamofire.build/Objects-normal/arm64/Alamofire.SwiftFileList

WriteAuxiliaryFile /Users/darisadam/Library/Developer/Xcode/DerivedData/Madabank-hkohthnbjtgnoechirsoymtykttx/Build/Intermediates.noindex/Alamofire.build/Debug-iphonesimulator/Alamofire.build/Objects-normal/arm64/Alamofire_const_extract_protocols.json (in target 'Alamofire' from project 'Alamofire')
    cd /Users/darisadam/Documents/Projects/iOS\ Apps/madabank-ios/Madabank/Tuist/.build/tuist-derived/Alamofire
    write-file /Users/darisadam/Library/Developer/Xcode/DerivedData/Madabank-hkohthnbjtgnoechirsoymtykttx/Build/Intermediates.noindex/Alamofire.build/Debug-iphonesimulator/Alamofire.build/Objects-normal/arm64/Alamofire_const_extract_protocols.json

WriteAuxiliaryFile /Users/darisadam/Library/Developer/Xcode/DerivedData/Madabank-hkohthnbjtgnoechirsoymtykttx/Build/Intermediates.noindex/Alamofire.build/Debug-iphonesimulator/Alamofire.build/Objects-normal/arm64/Alamofire.SwiftConstValuesFileList (in target 'Alamofire' from project 'Alamofire')
    cd /Users/darisadam/Documents/Projects/iOS\ Apps/madabank-ios/Madabank/Tuist/.build/tuist-derived/Alamofire
    write-file /Users/darisadam/Library/Developer/Xcode/DerivedData/Madabank-hkohthnbjtgnoechirsoymtykttx/Build/Intermediates.noindex/Alamofire.build/Debug-iphonesimulator/Alamofire.build/Objects-normal/arm64/Alamofire.SwiftConstValuesFileList

WriteAuxiliaryFile /Users/darisadam/Library/Developer/Xcode/DerivedData/Madabank-hkohthnbjtgnoechirsoymtykttx/Build/Intermediates.noindex/Alamofire.build/Debug-iphonesimulator/Alamofire.build/Objects-normal/arm64/Alamofire.LinkFileList (in target 'Alamofire' from project 'Alamofire')
    cd /Users/darisadam/Documents/Projects/iOS\ Apps/madabank-ios/Madabank/Tuist/.build/tuist-derived/Alamofire
    write-file /Users/darisadam/Library/Developer/Xcode/DerivedData/Madabank-hkohthnbjtgnoechirsoymtykttx/Build/Intermediates.noindex/Alamofire.build/Debug-iphonesimulator/Alamofire.build/Objects-normal/arm64/Alamofire.LinkFileList

WriteAuxiliaryFile /Users/darisadam/Library/Developer/Xcode/DerivedData/Madabank-hkohthnbjtgnoechirsoymtykttx/Build/Intermediates.noindex/Alamofire.build/Debug-iphonesimulator/Alamofire.build/Objects-normal/arm64/Alamofire-OutputFileMap.json (in target 'Alamofire' from project 'Alamofire')
    cd /Users/darisadam/Documents/Projects/iOS\ Apps/madabank-ios/Madabank/Tuist/.build/tuist-derived/Alamofire
    write-file /Users/darisadam/Library/Developer/Xcode/DerivedData/Madabank-hkohthnbjtgnoechirsoymtykttx/Build/Intermediates.noindex/Alamofire.build/Debug-iphonesimulator/Alamofire.build/Objects-normal/arm64/Alamofire-OutputFileMap.json

WriteAuxiliaryFile /Users/darisadam/Library/Developer/Xcode/DerivedData/Madabank-hkohthnbjtgnoechirsoymtykttx/Build/Intermediates.noindex/Alamofire.build/Debug-iphonesimulator/Alamofire.build/Objects-normal/arm64/7187679823f38a2a940e0043cdf9d637-common-args.resp (in target 'Alamofire' from project 'Alamofire')
    cd /Users/darisadam/Documents/Projects/iOS\ Apps/madabank-ios/Madabank/Tuist/.build/tuist-derived/Alamofire
    write-file /Users/darisadam/Library/Developer/Xcode/DerivedData/Madabank-hkohthnbjtgnoechirsoymtykttx/Build/Intermediates.noindex/Alamofire.build/Debug-iphonesimulator/Alamofire.build/Objects-normal/arm64/7187679823f38a2a940e0043cdf9d637-common-args.resp
-target arm64-apple-ios12.0-simulator '-std=gnu11' -fmodules -gmodules '-fmodules-cache-path=/Users/darisadam/Library/Developer/Xcode/DerivedData/ModuleCache.noindex' '-fmodule-name=Alamofire' -fpascal-strings -O0 '-DDEBUG=1' '-DSWIFT_PACKAGE=1' -isysroot /Applications/Xcode.app/Contents/Developer/Platforms/iPhoneSimulator.platform/Developer/SDKs/iPhoneSimulator26.1.sdk -g -I/Users/darisadam/Library/Developer/Xcode/DerivedData/Madabank-hkohthnbjtgnoechirsoymtykttx/Build/Products/Debug-iphonesimulator/include -I/Users/darisadam/Library/Developer/Xcode/DerivedData/Madabank-hkohthnbjtgnoechirsoymtykttx/Build/Intermediates.noindex/Alamofire.build/Debug-iphonesimulator/Alamofire.build/DerivedSources-normal/arm64 -I/Users/darisadam/Library/Developer/Xcode/DerivedData/Madabank-hkohthnbjtgnoechirsoymtykttx/Build/Intermediates.noindex/Alamofire.build/Debug-iphonesimulator/Alamofire.build/DerivedSources/arm64 -I/Users/darisadam/Library/Developer/Xcode/DerivedData/Madabank-hkohthnbjtgnoechirsoymtykttx/Build/Intermediates.noindex/Alamofire.build/Debug-iphonesimulator/Alamofire.build/DerivedSources -F/Users/darisadam/Library/Developer/Xcode/DerivedData/Madabank-hkohthnbjtgnoechirsoymtykttx/Build/Products/Debug-iphonesimulator -F/Applications/Xcode.app/Contents/Developer/Platforms/iPhoneSimulator.platform/Developer/Library/Frameworks

WriteAuxiliaryFile /Users/darisadam/Library/Developer/Xcode/DerivedData/Madabank-hkohthnbjtgnoechirsoymtykttx/Build/Intermediates.noindex/Alamofire.build/Debug-iphonesimulator/Alamofire.build/DerivedSources/Alamofire_vers.c (in target 'Alamofire' from project 'Alamofire')
    cd /Users/darisadam/Documents/Projects/iOS\ Apps/madabank-ios/Madabank/Tuist/.build/tuist-derived/Alamofire
    write-file /Users/darisadam/Library/Developer/Xcode/DerivedData/Madabank-hkohthnbjtgnoechirsoymtykttx/Build/Intermediates.noindex/Alamofire.build/Debug-iphonesimulator/Alamofire.build/DerivedSources/Alamofire_vers.c

WriteAuxiliaryFile /Users/darisadam/Library/Developer/Xcode/DerivedData/Madabank-hkohthnbjtgnoechirsoymtykttx/Build/Intermediates.noindex/Alamofire.build/Debug-iphonesimulator/Alamofire.build/Alamofire.DependencyStaticMetadataFileList (in target 'Alamofire' from project 'Alamofire')
    cd /Users/darisadam/Documents/Projects/iOS\ Apps/madabank-ios/Madabank/Tuist/.build/tuist-derived/Alamofire
    write-file /Users/darisadam/Library/Developer/Xcode/DerivedData/Madabank-hkohthnbjtgnoechirsoymtykttx/Build/Intermediates.noindex/Alamofire.build/Debug-iphonesimulator/Alamofire.build/Alamofire.DependencyStaticMetadataFileList

WriteAuxiliaryFile /Users/darisadam/Library/Developer/Xcode/DerivedData/Madabank-hkohthnbjtgnoechirsoymtykttx/Build/Intermediates.noindex/Alamofire.build/Debug-iphonesimulator/Alamofire.build/Alamofire.DependencyMetadataFileList (in target 'Alamofire' from project 'Alamofire')
    cd /Users/darisadam/Documents/Projects/iOS\ Apps/madabank-ios/Madabank/Tuist/.build/tuist-derived/Alamofire
    write-file /Users/darisadam/Library/Developer/Xcode/DerivedData/Madabank-hkohthnbjtgnoechirsoymtykttx/Build/Intermediates.noindex/Alamofire.build/Debug-iphonesimulator/Alamofire.build/Alamofire.DependencyMetadataFileList

MkDir /Users/darisadam/Library/Developer/Xcode/DerivedData/Madabank-hkohthnbjtgnoechirsoymtykttx/Build/Products/Debug-iphonesimulator/RxSwift.framework/Headers (in target 'RxSwift' from project 'RxSwift')
    cd /Users/darisadam/Documents/Projects/iOS\ Apps/madabank-ios/Madabank/Tuist/.build/tuist-derived/RxSwift
    /bin/mkdir -p /Users/darisadam/Library/Developer/Xcode/DerivedData/Madabank-hkohthnbjtgnoechirsoymtykttx/Build/Products/Debug-iphonesimulator/RxSwift.framework/Headers

Copy /Users/darisadam/Library/Developer/Xcode/DerivedData/Madabank-hkohthnbjtgnoechirsoymtykttx/Build/Products/Debug-iphonesimulator/Alamofire.framework/Modules/module.modulemap /Users/darisadam/Library/Developer/Xcode/DerivedData/Madabank-hkohthnbjtgnoechirsoymtykttx/Build/Intermediates.noindex/Alamofire.build/Debug-iphonesimulator/Alamofire.build/module.modulemap (in target 'Alamofire' from project 'Alamofire')
    cd /Users/darisadam/Documents/Projects/iOS\ Apps/madabank-ios/Madabank/Tuist/.build/tuist-derived/Alamofire
    builtin-copy -exclude .DS_Store -exclude CVS -exclude .svn -exclude .git -exclude .hg -resolve-src-symlinks /Users/darisadam/Library/Developer/Xcode/DerivedData/Madabank-hkohthnbjtgnoechirsoymtykttx/Build/Intermediates.noindex/Alamofire.build/Debug-iphonesimulator/Alamofire.build/module.modulemap /Users/darisadam/Library/Developer/Xcode/DerivedData/Madabank-hkohthnbjtgnoechirsoymtykttx/Build/Products/Debug-iphonesimulator/Alamofire.framework/Modules

MkDir /Users/darisadam/Library/Developer/Xcode/DerivedData/Madabank-hkohthnbjtgnoechirsoymtykttx/Build/Products/Debug-iphonesimulator/RxSwift.framework (in target 'RxSwift' from project 'RxSwift')
    cd /Users/darisadam/Documents/Projects/iOS\ Apps/madabank-ios/Madabank/Tuist/.build/tuist-derived/RxSwift
    /bin/mkdir -p /Users/darisadam/Library/Developer/Xcode/DerivedData/Madabank-hkohthnbjtgnoechirsoymtykttx/Build/Products/Debug-iphonesimulator/RxSwift.framework

MkDir /Users/darisadam/Library/Developer/Xcode/DerivedData/Madabank-hkohthnbjtgnoechirsoymtykttx/Build/Products/Debug-iphonesimulator/Networking.framework/Headers (in target 'Networking' from project 'Networking')
    cd /Users/darisadam/Documents/Projects/iOS\ Apps/madabank-ios/Madabank/Modules/Shared/Networking
    /bin/mkdir -p /Users/darisadam/Library/Developer/Xcode/DerivedData/Madabank-hkohthnbjtgnoechirsoymtykttx/Build/Products/Debug-iphonesimulator/Networking.framework/Headers

MkDir /Users/darisadam/Library/Developer/Xcode/DerivedData/Madabank-hkohthnbjtgnoechirsoymtykttx/Build/Products/Debug-iphonesimulator/Networking.framework (in target 'Networking' from project 'Networking')
    cd /Users/darisadam/Documents/Projects/iOS\ Apps/madabank-ios/Madabank/Modules/Shared/Networking
    /bin/mkdir -p /Users/darisadam/Library/Developer/Xcode/DerivedData/Madabank-hkohthnbjtgnoechirsoymtykttx/Build/Products/Debug-iphonesimulator/Networking.framework

MkDir /Users/darisadam/Library/Developer/Xcode/DerivedData/Madabank-hkohthnbjtgnoechirsoymtykttx/Build/Products/Debug-iphonesimulator/Domain.framework (in target 'Domain' from project 'Domain')
    cd /Users/darisadam/Documents/Projects/iOS\ Apps/madabank-ios/Madabank/Modules/Shared/Domain
    /bin/mkdir -p /Users/darisadam/Library/Developer/Xcode/DerivedData/Madabank-hkohthnbjtgnoechirsoymtykttx/Build/Products/Debug-iphonesimulator/Domain.framework

MkDir /Users/darisadam/Library/Developer/Xcode/DerivedData/Madabank-hkohthnbjtgnoechirsoymtykttx/Build/Products/Debug-iphonesimulator/Domain.framework/Headers (in target 'Domain' from project 'Domain')
    cd /Users/darisadam/Documents/Projects/iOS\ Apps/madabank-ios/Madabank/Modules/Shared/Domain
    /bin/mkdir -p /Users/darisadam/Library/Developer/Xcode/DerivedData/Madabank-hkohthnbjtgnoechirsoymtykttx/Build/Products/Debug-iphonesimulator/Domain.framework/Headers

MkDir /Users/darisadam/Library/Developer/Xcode/DerivedData/Madabank-hkohthnbjtgnoechirsoymtykttx/Build/Products/Debug-iphonesimulator/Core.framework/Headers (in target 'Core' from project 'Core')
    cd /Users/darisadam/Documents/Projects/iOS\ Apps/madabank-ios/Madabank/Modules/Shared/Core
    /bin/mkdir -p /Users/darisadam/Library/Developer/Xcode/DerivedData/Madabank-hkohthnbjtgnoechirsoymtykttx/Build/Products/Debug-iphonesimulator/Core.framework/Headers

MkDir /Users/darisadam/Library/Developer/Xcode/DerivedData/Madabank-hkohthnbjtgnoechirsoymtykttx/Build/Products/Debug-iphonesimulator/Core.framework (in target 'Core' from project 'Core')
    cd /Users/darisadam/Documents/Projects/iOS\ Apps/madabank-ios/Madabank/Modules/Shared/Core
    /bin/mkdir -p /Users/darisadam/Library/Developer/Xcode/DerivedData/Madabank-hkohthnbjtgnoechirsoymtykttx/Build/Products/Debug-iphonesimulator/Core.framework

MkDir /Users/darisadam/Library/Developer/Xcode/DerivedData/Madabank-hkohthnbjtgnoechirsoymtykttx/Build/Products/Debug-iphonesimulator/Alamofire.framework/Headers (in target 'Alamofire' from project 'Alamofire')
    cd /Users/darisadam/Documents/Projects/iOS\ Apps/madabank-ios/Madabank/Tuist/.build/tuist-derived/Alamofire
    /bin/mkdir -p /Users/darisadam/Library/Developer/Xcode/DerivedData/Madabank-hkohthnbjtgnoechirsoymtykttx/Build/Products/Debug-iphonesimulator/Alamofire.framework/Headers

MkDir /Users/darisadam/Library/Developer/Xcode/DerivedData/Madabank-hkohthnbjtgnoechirsoymtykttx/Build/Products/Debug-iphonesimulator/Alamofire.framework (in target 'Alamofire' from project 'Alamofire')
    cd /Users/darisadam/Documents/Projects/iOS\ Apps/madabank-ios/Madabank/Tuist/.build/tuist-derived/Alamofire
    /bin/mkdir -p /Users/darisadam/Library/Developer/Xcode/DerivedData/Madabank-hkohthnbjtgnoechirsoymtykttx/Build/Products/Debug-iphonesimulator/Alamofire.framework

ProcessInfoPlistFile /Users/darisadam/Library/Developer/Xcode/DerivedData/Madabank-hkohthnbjtgnoechirsoymtykttx/Build/Products/Debug-iphonesimulator/Core.framework/Info.plist /Users/darisadam/Documents/Projects/iOS\ Apps/madabank-ios/Madabank/Modules/Shared/Core/Derived/InfoPlists/Core-Info.plist (in target 'Core' from project 'Core')
    cd /Users/darisadam/Documents/Projects/iOS\ Apps/madabank-ios/Madabank/Modules/Shared/Core
    builtin-infoPlistUtility /Users/darisadam/Documents/Projects/iOS\ Apps/madabank-ios/Madabank/Modules/Shared/Core/Derived/InfoPlists/Core-Info.plist -producttype com.apple.product-type.framework -expandbuildsettings -format binary -platform iphonesimulator -o /Users/darisadam/Library/Developer/Xcode/DerivedData/Madabank-hkohthnbjtgnoechirsoymtykttx/Build/Products/Debug-iphonesimulator/Core.framework/Info.plist

ProcessInfoPlistFile /Users/darisadam/Library/Developer/Xcode/DerivedData/Madabank-hkohthnbjtgnoechirsoymtykttx/Build/Products/Debug-iphonesimulator/RxSwift.framework/Info.plist /Users/darisadam/Documents/Projects/iOS\ Apps/madabank-ios/Madabank/Tuist/.build/tuist-derived/RxSwift/InfoPlists/RxSwift-Info.plist (in target 'RxSwift' from project 'RxSwift')
    cd /Users/darisadam/Documents/Projects/iOS\ Apps/madabank-ios/Madabank/Tuist/.build/tuist-derived/RxSwift
    builtin-infoPlistUtility /Users/darisadam/Documents/Projects/iOS\ Apps/madabank-ios/Madabank/Tuist/.build/tuist-derived/RxSwift/InfoPlists/RxSwift-Info.plist -producttype com.apple.product-type.framework -expandbuildsettings -format binary -platform iphonesimulator -o /Users/darisadam/Library/Developer/Xcode/DerivedData/Madabank-hkohthnbjtgnoechirsoymtykttx/Build/Products/Debug-iphonesimulator/RxSwift.framework/Info.plist

CpResource /Users/darisadam/Library/Developer/Xcode/DerivedData/Madabank-hkohthnbjtgnoechirsoymtykttx/Build/Products/Debug-iphonesimulator/RxSwift.framework/PrivacyInfo.xcprivacy /Users/darisadam/Documents/Projects/iOS\ Apps/madabank-ios/Madabank/Tuist/.build/checkouts/RxSwift/Sources/RxSwift/PrivacyInfo.xcprivacy (in target 'RxSwift' from project 'RxSwift')
    cd /Users/darisadam/Documents/Projects/iOS\ Apps/madabank-ios/Madabank/Tuist/.build/tuist-derived/RxSwift
    builtin-copy -exclude .DS_Store -exclude CVS -exclude .svn -exclude .git -exclude .hg -resolve-src-symlinks /Users/darisadam/Documents/Projects/iOS\ Apps/madabank-ios/Madabank/Tuist/.build/checkouts/RxSwift/Sources/RxSwift/PrivacyInfo.xcprivacy /Users/darisadam/Library/Developer/Xcode/DerivedData/Madabank-hkohthnbjtgnoechirsoymtykttx/Build/Products/Debug-iphonesimulator/RxSwift.framework

ProcessInfoPlistFile /Users/darisadam/Library/Developer/Xcode/DerivedData/Madabank-hkohthnbjtgnoechirsoymtykttx/Build/Products/Debug-iphonesimulator/Alamofire.framework/Info.plist /Users/darisadam/Documents/Projects/iOS\ Apps/madabank-ios/Madabank/Tuist/.build/tuist-derived/Alamofire/InfoPlists/Alamofire-Info.plist (in target 'Alamofire' from project 'Alamofire')
    cd /Users/darisadam/Documents/Projects/iOS\ Apps/madabank-ios/Madabank/Tuist/.build/tuist-derived/Alamofire
    builtin-infoPlistUtility /Users/darisadam/Documents/Projects/iOS\ Apps/madabank-ios/Madabank/Tuist/.build/tuist-derived/Alamofire/InfoPlists/Alamofire-Info.plist -producttype com.apple.product-type.framework -expandbuildsettings -format binary -platform iphonesimulator -o /Users/darisadam/Library/Developer/Xcode/DerivedData/Madabank-hkohthnbjtgnoechirsoymtykttx/Build/Products/Debug-iphonesimulator/Alamofire.framework/Info.plist

CpResource /Users/darisadam/Library/Developer/Xcode/DerivedData/Madabank-hkohthnbjtgnoechirsoymtykttx/Build/Products/Debug-iphonesimulator/Alamofire.framework/PrivacyInfo.xcprivacy /Users/darisadam/Documents/Projects/iOS\ Apps/madabank-ios/Madabank/Tuist/.build/checkouts/Alamofire/Source/PrivacyInfo.xcprivacy (in target 'Alamofire' from project 'Alamofire')
    cd /Users/darisadam/Documents/Projects/iOS\ Apps/madabank-ios/Madabank/Tuist/.build/tuist-derived/Alamofire
    builtin-copy -exclude .DS_Store -exclude CVS -exclude .svn -exclude .git -exclude .hg -resolve-src-symlinks /Users/darisadam/Documents/Projects/iOS\ Apps/madabank-ios/Madabank/Tuist/.build/checkouts/Alamofire/Source/PrivacyInfo.xcprivacy /Users/darisadam/Library/Developer/Xcode/DerivedData/Madabank-hkohthnbjtgnoechirsoymtykttx/Build/Products/Debug-iphonesimulator/Alamofire.framework

SwiftDriver Alamofire normal arm64 com.apple.xcode.tools.swift.compiler (in target 'Alamofire' from project 'Alamofire')
    cd /Users/darisadam/Documents/Projects/iOS\ Apps/madabank-ios/Madabank/Tuist/.build/tuist-derived/Alamofire
    builtin-SwiftDriver -- /Applications/Xcode.app/Contents/Developer/Toolchains/XcodeDefault.xctoolchain/usr/bin/swiftc -module-name Alamofire -Onone -enforce-exclusivity\=checked @/Users/darisadam/Library/Developer/Xcode/DerivedData/Madabank-hkohthnbjtgnoechirsoymtykttx/Build/Intermediates.noindex/Alamofire.build/Debug-iphonesimulator/Alamofire.build/Objects-normal/arm64/Alamofire.SwiftFileList -DSWIFT_PACKAGE -DDEBUG -package-name Alamofire -enable-upcoming-feature ExistentialAny -enable-bare-slash-regex -enable-experimental-feature DebugDescriptionMacro -sdk /Applications/Xcode.app/Contents/Developer/Platforms/iPhoneSimulator.platform/Developer/SDKs/iPhoneSimulator26.1.sdk -target arm64-apple-ios12.0-simulator -g -module-cache-path /Users/darisadam/Library/Developer/Xcode/DerivedData/ModuleCache.noindex -Xfrontend -serialize-debugging-options -enable-testing -suppress-warnings -index-store-path /Users/darisadam/Library/Developer/Xcode/DerivedData/Madabank-hkohthnbjtgnoechirsoymtykttx/Index.noindex/DataStore -Xcc -D_LIBCPP_HARDENING_MODE\=_LIBCPP_HARDENING_MODE_DEBUG -swift-version 5 -I /Users/darisadam/Library/Developer/Xcode/DerivedData/Madabank-hkohthnbjtgnoechirsoymtykttx/Build/Products/Debug-iphonesimulator -F /Users/darisadam/Library/Developer/Xcode/DerivedData/Madabank-hkohthnbjtgnoechirsoymtykttx/Build/Products/Debug-iphonesimulator -F /Applications/Xcode.app/Contents/Developer/Platforms/iPhoneSimulator.platform/Developer/Library/Frameworks -c -j8 -enable-batch-mode -incremental -Xcc -ivfsstatcache -Xcc /Users/darisadam/Library/Developer/Xcode/DerivedData/SDKStatCaches.noindex/iphonesimulator26.1-23B77-3885c01c3e6b6a337905948deab2002e90cf18a4295e390e64c810bc6bd7acbc.sdkstatcache -output-file-map /Users/darisadam/Library/Developer/Xcode/DerivedData/Madabank-hkohthnbjtgnoechirsoymtykttx/Build/Intermediates.noindex/Alamofire.build/Debug-iphonesimulator/Alamofire.build/Objects-normal/arm64/Alamofire-OutputFileMap.json -use-frontend-parseable-output -save-temps -no-color-diagnostics -explicit-module-build -module-cache-path /Users/darisadam/Library/Developer/Xcode/DerivedData/Madabank-hkohthnbjtgnoechirsoymtykttx/Build/Intermediates.noindex/SwiftExplicitPrecompiledModules -clang-scanner-module-cache-path /Users/darisadam/Library/Developer/Xcode/DerivedData/ModuleCache.noindex -sdk-module-cache-path /Users/darisadam/Library/Developer/Xcode/DerivedData/ModuleCache.noindex -serialize-diagnostics -emit-dependencies -emit-module -emit-module-path /Users/darisadam/Library/Developer/Xcode/DerivedData/Madabank-hkohthnbjtgnoechirsoymtykttx/Build/Intermediates.noindex/Alamofire.build/Debug-iphonesimulator/Alamofire.build/Objects-normal/arm64/Alamofire.swiftmodule -validate-clang-modules-once -clang-build-session-file /Users/darisadam/Library/Developer/Xcode/DerivedData/ModuleCache.noindex/Session.modulevalidation -Xcc -I/Users/darisadam/Library/Developer/Xcode/DerivedData/Madabank-hkohthnbjtgnoechirsoymtykttx/Build/Intermediates.noindex/Alamofire.build/Debug-iphonesimulator/Alamofire.build/swift-overrides.hmap -emit-const-values -Xfrontend -const-gather-protocols-file -Xfrontend /Users/darisadam/Library/Developer/Xcode/DerivedData/Madabank-hkohthnbjtgnoechirsoymtykttx/Build/Intermediates.noindex/Alamofire.build/Debug-iphonesimulator/Alamofire.build/Objects-normal/arm64/Alamofire_const_extract_protocols.json -Xcc -I/Users/darisadam/Library/Developer/Xcode/DerivedData/Madabank-hkohthnbjtgnoechirsoymtykttx/Build/Products/Debug-iphonesimulator/include -Xcc -I/Users/darisadam/Library/Developer/Xcode/DerivedData/Madabank-hkohthnbjtgnoechirsoymtykttx/Build/Intermediates.noindex/Alamofire.build/Debug-iphonesimulator/Alamofire.build/DerivedSources-normal/arm64 -Xcc -I/Users/darisadam/Library/Developer/Xcode/DerivedData/Madabank-hkohthnbjtgnoechirsoymtykttx/Build/Intermediates.noindex/Alamofire.build/Debug-iphonesimulator/Alamofire.build/DerivedSources/arm64 -Xcc -I/Users/darisadam/Library/Developer/Xcode/DerivedData/Madabank-hkohthnbjtgnoechirsoymtykttx/Build/Intermediates.noindex/Alamofire.build/Debug-iphonesimulator/Alamofire.build/DerivedSources -Xcc -DDEBUG\=1 -Xcc -DSWIFT_PACKAGE\=1 -emit-objc-header -emit-objc-header-path /Users/darisadam/Library/Developer/Xcode/DerivedData/Madabank-hkohthnbjtgnoechirsoymtykttx/Build/Intermediates.noindex/Alamofire.build/Debug-iphonesimulator/Alamofire.build/Objects-normal/arm64/Alamofire-Swift.h -working-directory /Users/darisadam/Documents/Projects/iOS\ Apps/madabank-ios/Madabank/Tuist/.build/tuist-derived/Alamofire -experimental-emit-module-separately -disable-cmo

SwiftDriver Core normal arm64 com.apple.xcode.tools.swift.compiler (in target 'Core' from project 'Core')
    cd /Users/darisadam/Documents/Projects/iOS\ Apps/madabank-ios/Madabank/Modules/Shared/Core
    builtin-SwiftDriver -- /Applications/Xcode.app/Contents/Developer/Toolchains/XcodeDefault.xctoolchain/usr/bin/swiftc -module-name Core -Onone -enforce-exclusivity\=checked @/Users/darisadam/Library/Developer/Xcode/DerivedData/Madabank-hkohthnbjtgnoechirsoymtykttx/Build/Intermediates.noindex/Core.build/Debug-iphonesimulator/Core.build/Objects-normal/arm64/Core.SwiftFileList -DDEBUG -enable-bare-slash-regex -enable-experimental-feature DebugDescriptionMacro -sdk /Applications/Xcode.app/Contents/Developer/Platforms/iPhoneSimulator.platform/Developer/SDKs/iPhoneSimulator26.1.sdk -target arm64-apple-ios15.0-simulator -g -module-cache-path /Users/darisadam/Library/Developer/Xcode/DerivedData/ModuleCache.noindex -Xfrontend -serialize-debugging-options -enable-testing -index-store-path /Users/darisadam/Library/Developer/Xcode/DerivedData/Madabank-hkohthnbjtgnoechirsoymtykttx/Index.noindex/DataStore -Xcc -D_LIBCPP_HARDENING_MODE\=_LIBCPP_HARDENING_MODE_DEBUG -swift-version 5 -I /Users/darisadam/Library/Developer/Xcode/DerivedData/Madabank-hkohthnbjtgnoechirsoymtykttx/Build/Products/Debug-iphonesimulator -F /Users/darisadam/Library/Developer/Xcode/DerivedData/Madabank-hkohthnbjtgnoechirsoymtykttx/Build/Products/Debug-iphonesimulator -c -j8 -enable-batch-mode -incremental -Xcc -ivfsstatcache -Xcc /Users/darisadam/Library/Developer/Xcode/DerivedData/SDKStatCaches.noindex/iphonesimulator26.1-23B77-3885c01c3e6b6a337905948deab2002e90cf18a4295e390e64c810bc6bd7acbc.sdkstatcache -output-file-map /Users/darisadam/Library/Developer/Xcode/DerivedData/Madabank-hkohthnbjtgnoechirsoymtykttx/Build/Intermediates.noindex/Core.build/Debug-iphonesimulator/Core.build/Objects-normal/arm64/Core-OutputFileMap.json -use-frontend-parseable-output -save-temps -no-color-diagnostics -explicit-module-build -module-cache-path /Users/darisadam/Library/Developer/Xcode/DerivedData/Madabank-hkohthnbjtgnoechirsoymtykttx/Build/Intermediates.noindex/SwiftExplicitPrecompiledModules -clang-scanner-module-cache-path /Users/darisadam/Library/Developer/Xcode/DerivedData/ModuleCache.noindex -sdk-module-cache-path /Users/darisadam/Library/Developer/Xcode/DerivedData/ModuleCache.noindex -serialize-diagnostics -emit-dependencies -emit-module -emit-module-path /Users/darisadam/Library/Developer/Xcode/DerivedData/Madabank-hkohthnbjtgnoechirsoymtykttx/Build/Intermediates.noindex/Core.build/Debug-iphonesimulator/Core.build/Objects-normal/arm64/Core.swiftmodule -validate-clang-modules-once -clang-build-session-file /Users/darisadam/Library/Developer/Xcode/DerivedData/ModuleCache.noindex/Session.modulevalidation -Xcc -I/Users/darisadam/Library/Developer/Xcode/DerivedData/Madabank-hkohthnbjtgnoechirsoymtykttx/Build/Intermediates.noindex/Core.build/Debug-iphonesimulator/Core.build/swift-overrides.hmap -emit-const-values -Xfrontend -const-gather-protocols-file -Xfrontend /Users/darisadam/Library/Developer/Xcode/DerivedData/Madabank-hkohthnbjtgnoechirsoymtykttx/Build/Intermediates.noindex/Core.build/Debug-iphonesimulator/Core.build/Objects-normal/arm64/Core_const_extract_protocols.json -Xcc -iquote -Xcc /Users/darisadam/Library/Developer/Xcode/DerivedData/Madabank-hkohthnbjtgnoechirsoymtykttx/Build/Intermediates.noindex/Core.build/Debug-iphonesimulator/Core.build/Core-generated-files.hmap -Xcc -I/Users/darisadam/Library/Developer/Xcode/DerivedData/Madabank-hkohthnbjtgnoechirsoymtykttx/Build/Intermediates.noindex/Core.build/Debug-iphonesimulator/Core.build/Core-own-target-headers.hmap -Xcc -I/Users/darisadam/Library/Developer/Xcode/DerivedData/Madabank-hkohthnbjtgnoechirsoymtykttx/Build/Intermediates.noindex/Core.build/Debug-iphonesimulator/Core.build/Core-all-non-framework-target-headers.hmap -Xcc -ivfsoverlay -Xcc /Users/darisadam/Library/Developer/Xcode/DerivedData/Madabank-hkohthnbjtgnoechirsoymtykttx/Build/Intermediates.noindex/Core.build/Debug-iphonesimulator/Core-011bcb69b58bd754ba2ab26f60c77229-VFS-iphonesimulator/all-product-headers.yaml -Xcc -iquote -Xcc /Users/darisadam/Library/Developer/Xcode/DerivedData/Madabank-hkohthnbjtgnoechirsoymtykttx/Build/Intermediates.noindex/Core.build/Debug-iphonesimulator/Core.build/Core-project-headers.hmap -Xcc -I/Users/darisadam/Library/Developer/Xcode/DerivedData/Madabank-hkohthnbjtgnoechirsoymtykttx/Build/Products/Debug-iphonesimulator/include -Xcc -I/Users/darisadam/Library/Developer/Xcode/DerivedData/Madabank-hkohthnbjtgnoechirsoymtykttx/Build/Intermediates.noindex/Core.build/Debug-iphonesimulator/Core.build/DerivedSources-normal/arm64 -Xcc -I/Users/darisadam/Library/Developer/Xcode/DerivedData/Madabank-hkohthnbjtgnoechirsoymtykttx/Build/Intermediates.noindex/Core.build/Debug-iphonesimulator/Core.build/DerivedSources/arm64 -Xcc -I/Users/darisadam/Library/Developer/Xcode/DerivedData/Madabank-hkohthnbjtgnoechirsoymtykttx/Build/Intermediates.noindex/Core.build/Debug-iphonesimulator/Core.build/DerivedSources -Xcc -DDEBUG\=1 -emit-objc-header -emit-objc-header-path /Users/darisadam/Library/Developer/Xcode/DerivedData/Madabank-hkohthnbjtgnoechirsoymtykttx/Build/Intermediates.noindex/Core.build/Debug-iphonesimulator/Core.build/Objects-normal/arm64/Core-Swift.h -working-directory /Users/darisadam/Documents/Projects/iOS\ Apps/madabank-ios/Madabank/Modules/Shared/Core -experimental-emit-module-separately -disable-cmo

SwiftDriver RxSwift normal arm64 com.apple.xcode.tools.swift.compiler (in target 'RxSwift' from project 'RxSwift')
    cd /Users/darisadam/Documents/Projects/iOS\ Apps/madabank-ios/Madabank/Tuist/.build/tuist-derived/RxSwift
    builtin-SwiftDriver -- /Applications/Xcode.app/Contents/Developer/Toolchains/XcodeDefault.xctoolchain/usr/bin/swiftc -module-name RxSwift -Onone -enforce-exclusivity\=checked @/Users/darisadam/Library/Developer/Xcode/DerivedData/Madabank-hkohthnbjtgnoechirsoymtykttx/Build/Intermediates.noindex/RxSwift.build/Debug-iphonesimulator/RxSwift.build/Objects-normal/arm64/RxSwift.SwiftFileList -DSWIFT_PACKAGE -DDEBUG -package-name RxSwift -enable-bare-slash-regex -enable-experimental-feature DebugDescriptionMacro -sdk /Applications/Xcode.app/Contents/Developer/Platforms/iPhoneSimulator.platform/Developer/SDKs/iPhoneSimulator26.1.sdk -target arm64-apple-ios12.0-simulator -g -module-cache-path /Users/darisadam/Library/Developer/Xcode/DerivedData/ModuleCache.noindex -Xfrontend -serialize-debugging-options -enable-testing -suppress-warnings -index-store-path /Users/darisadam/Library/Developer/Xcode/DerivedData/Madabank-hkohthnbjtgnoechirsoymtykttx/Index.noindex/DataStore -Xcc -D_LIBCPP_HARDENING_MODE\=_LIBCPP_HARDENING_MODE_DEBUG -swift-version 5 -I /Users/darisadam/Library/Developer/Xcode/DerivedData/Madabank-hkohthnbjtgnoechirsoymtykttx/Build/Products/Debug-iphonesimulator -F /Users/darisadam/Library/Developer/Xcode/DerivedData/Madabank-hkohthnbjtgnoechirsoymtykttx/Build/Products/Debug-iphonesimulator -F /Applications/Xcode.app/Contents/Developer/Platforms/iPhoneSimulator.platform/Developer/Library/Frameworks -c -j8 -enable-batch-mode -incremental -Xcc -ivfsstatcache -Xcc /Users/darisadam/Library/Developer/Xcode/DerivedData/SDKStatCaches.noindex/iphonesimulator26.1-23B77-3885c01c3e6b6a337905948deab2002e90cf18a4295e390e64c810bc6bd7acbc.sdkstatcache -output-file-map /Users/darisadam/Library/Developer/Xcode/DerivedData/Madabank-hkohthnbjtgnoechirsoymtykttx/Build/Intermediates.noindex/RxSwift.build/Debug-iphonesimulator/RxSwift.build/Objects-normal/arm64/RxSwift-OutputFileMap.json -use-frontend-parseable-output -save-temps -no-color-diagnostics -explicit-module-build -module-cache-path /Users/darisadam/Library/Developer/Xcode/DerivedData/Madabank-hkohthnbjtgnoechirsoymtykttx/Build/Intermediates.noindex/SwiftExplicitPrecompiledModules -clang-scanner-module-cache-path /Users/darisadam/Library/Developer/Xcode/DerivedData/ModuleCache.noindex -sdk-module-cache-path /Users/darisadam/Library/Developer/Xcode/DerivedData/ModuleCache.noindex -serialize-diagnostics -emit-dependencies -emit-module -emit-module-path /Users/darisadam/Library/Developer/Xcode/DerivedData/Madabank-hkohthnbjtgnoechirsoymtykttx/Build/Intermediates.noindex/RxSwift.build/Debug-iphonesimulator/RxSwift.build/Objects-normal/arm64/RxSwift.swiftmodule -validate-clang-modules-once -clang-build-session-file /Users/darisadam/Library/Developer/Xcode/DerivedData/ModuleCache.noindex/Session.modulevalidation -Xcc -I/Users/darisadam/Library/Developer/Xcode/DerivedData/Madabank-hkohthnbjtgnoechirsoymtykttx/Build/Intermediates.noindex/RxSwift.build/Debug-iphonesimulator/RxSwift.build/swift-overrides.hmap -emit-const-values -Xfrontend -const-gather-protocols-file -Xfrontend /Users/darisadam/Library/Developer/Xcode/DerivedData/Madabank-hkohthnbjtgnoechirsoymtykttx/Build/Intermediates.noindex/RxSwift.build/Debug-iphonesimulator/RxSwift.build/Objects-normal/arm64/RxSwift_const_extract_protocols.json -Xcc -I/Users/darisadam/Library/Developer/Xcode/DerivedData/Madabank-hkohthnbjtgnoechirsoymtykttx/Build/Products/Debug-iphonesimulator/include -Xcc -I/Users/darisadam/Library/Developer/Xcode/DerivedData/Madabank-hkohthnbjtgnoechirsoymtykttx/Build/Intermediates.noindex/RxSwift.build/Debug-iphonesimulator/RxSwift.build/DerivedSources-normal/arm64 -Xcc -I/Users/darisadam/Library/Developer/Xcode/DerivedData/Madabank-hkohthnbjtgnoechirsoymtykttx/Build/Intermediates.noindex/RxSwift.build/Debug-iphonesimulator/RxSwift.build/DerivedSources/arm64 -Xcc -I/Users/darisadam/Library/Developer/Xcode/DerivedData/Madabank-hkohthnbjtgnoechirsoymtykttx/Build/Intermediates.noindex/RxSwift.build/Debug-iphonesimulator/RxSwift.build/DerivedSources -Xcc -DDEBUG\=1 -Xcc -DSWIFT_PACKAGE\=1 -emit-objc-header -emit-objc-header-path /Users/darisadam/Library/Developer/Xcode/DerivedData/Madabank-hkohthnbjtgnoechirsoymtykttx/Build/Intermediates.noindex/RxSwift.build/Debug-iphonesimulator/RxSwift.build/Objects-normal/arm64/RxSwift-Swift.h -working-directory /Users/darisadam/Documents/Projects/iOS\ Apps/madabank-ios/Madabank/Tuist/.build/tuist-derived/RxSwift -experimental-emit-module-separately -disable-cmo

SwiftEmitModule normal arm64 Emitting\ module\ for\ Alamofire (in target 'Alamofire' from project 'Alamofire')

EmitSwiftModule normal arm64 (in target 'Alamofire' from project 'Alamofire')
    cd /Users/darisadam/Documents/Projects/iOS\ Apps/madabank-ios/Madabank/Tuist/.build/tuist-derived/Alamofire
    

SwiftCompile normal arm64 Compiling\ Concurrency.swift,\ EventMonitor.swift,\ MultipartFormData.swift,\ MultipartUpload.swift,\ NetworkReachabilityManager.swift /Users/darisadam/Documents/Projects/iOS\ Apps/madabank-ios/Madabank/Tuist/.build/checkouts/Alamofire/Source/Features/Concurrency.swift /Users/darisadam/Documents/Projects/iOS\ Apps/madabank-ios/Madabank/Tuist/.build/checkouts/Alamofire/Source/Features/EventMonitor.swift /Users/darisadam/Documents/Projects/iOS\ Apps/madabank-ios/Madabank/Tuist/.build/checkouts/Alamofire/Source/Features/MultipartFormData.swift /Users/darisadam/Documents/Projects/iOS\ Apps/madabank-ios/Madabank/Tuist/.build/checkouts/Alamofire/Source/Features/MultipartUpload.swift /Users/darisadam/Documents/Projects/iOS\ Apps/madabank-ios/Madabank/Tuist/.build/checkouts/Alamofire/Source/Features/NetworkReachabilityManager.swift (in target 'Alamofire' from project 'Alamofire')
SwiftCompile normal arm64 /Users/darisadam/Documents/Projects/iOS\ Apps/madabank-ios/Madabank/Tuist/.build/checkouts/Alamofire/Source/Features/Concurrency.swift (in target 'Alamofire' from project 'Alamofire')
    cd /Users/darisadam/Documents/Projects/iOS\ Apps/madabank-ios/Madabank/Tuist/.build/tuist-derived/Alamofire
    

SwiftCompile normal arm64 /Users/darisadam/Documents/Projects/iOS\ Apps/madabank-ios/Madabank/Tuist/.build/checkouts/Alamofire/Source/Features/EventMonitor.swift (in target 'Alamofire' from project 'Alamofire')
    cd /Users/darisadam/Documents/Projects/iOS\ Apps/madabank-ios/Madabank/Tuist/.build/tuist-derived/Alamofire
    

SwiftCompile normal arm64 /Users/darisadam/Documents/Projects/iOS\ Apps/madabank-ios/Madabank/Tuist/.build/checkouts/Alamofire/Source/Features/MultipartFormData.swift (in target 'Alamofire' from project 'Alamofire')
    cd /Users/darisadam/Documents/Projects/iOS\ Apps/madabank-ios/Madabank/Tuist/.build/tuist-derived/Alamofire
    

SwiftCompile normal arm64 /Users/darisadam/Documents/Projects/iOS\ Apps/madabank-ios/Madabank/Tuist/.build/checkouts/Alamofire/Source/Features/MultipartUpload.swift (in target 'Alamofire' from project 'Alamofire')
    cd /Users/darisadam/Documents/Projects/iOS\ Apps/madabank-ios/Madabank/Tuist/.build/tuist-derived/Alamofire
    

SwiftCompile normal arm64 /Users/darisadam/Documents/Projects/iOS\ Apps/madabank-ios/Madabank/Tuist/.build/checkouts/Alamofire/Source/Features/NetworkReachabilityManager.swift (in target 'Alamofire' from project 'Alamofire')
    cd /Users/darisadam/Documents/Projects/iOS\ Apps/madabank-ios/Madabank/Tuist/.build/tuist-derived/Alamofire
    

SwiftCompile normal arm64 Compiling\ HTTPMethod.swift,\ Notifications.swift,\ ParameterEncoder.swift,\ ParameterEncoding.swift,\ Protected.swift,\ Request.swift /Users/darisadam/Documents/Projects/iOS\ Apps/madabank-ios/Madabank/Tuist/.build/checkouts/Alamofire/Source/Core/HTTPMethod.swift /Users/darisadam/Documents/Projects/iOS\ Apps/madabank-ios/Madabank/Tuist/.build/checkouts/Alamofire/Source/Core/Notifications.swift /Users/darisadam/Documents/Projects/iOS\ Apps/madabank-ios/Madabank/Tuist/.build/checkouts/Alamofire/Source/Core/ParameterEncoder.swift /Users/darisadam/Documents/Projects/iOS\ Apps/madabank-ios/Madabank/Tuist/.build/checkouts/Alamofire/Source/Core/ParameterEncoding.swift /Users/darisadam/Documents/Projects/iOS\ Apps/madabank-ios/Madabank/Tuist/.build/checkouts/Alamofire/Source/Core/Protected.swift /Users/darisadam/Documents/Projects/iOS\ Apps/madabank-ios/Madabank/Tuist/.build/checkouts/Alamofire/Source/Core/Request.swift (in target 'Alamofire' from project 'Alamofire')

SwiftCompile normal arm64 /Users/darisadam/Documents/Projects/iOS\ Apps/madabank-ios/Madabank/Tuist/.build/checkouts/Alamofire/Source/Core/HTTPMethod.swift (in target 'Alamofire' from project 'Alamofire')
    cd /Users/darisadam/Documents/Projects/iOS\ Apps/madabank-ios/Madabank/Tuist/.build/tuist-derived/Alamofire
    

SwiftCompile normal arm64 /Users/darisadam/Documents/Projects/iOS\ Apps/madabank-ios/Madabank/Tuist/.build/checkouts/Alamofire/Source/Core/Notifications.swift (in target 'Alamofire' from project 'Alamofire')
    cd /Users/darisadam/Documents/Projects/iOS\ Apps/madabank-ios/Madabank/Tuist/.build/tuist-derived/Alamofire
    

SwiftCompile normal arm64 /Users/darisadam/Documents/Projects/iOS\ Apps/madabank-ios/Madabank/Tuist/.build/checkouts/Alamofire/Source/Core/ParameterEncoder.swift (in target 'Alamofire' from project 'Alamofire')
    cd /Users/darisadam/Documents/Projects/iOS\ Apps/madabank-ios/Madabank/Tuist/.build/tuist-derived/Alamofire
    

SwiftCompile normal arm64 /Users/darisadam/Documents/Projects/iOS\ Apps/madabank-ios/Madabank/Tuist/.build/checkouts/Alamofire/Source/Core/ParameterEncoding.swift (in target 'Alamofire' from project 'Alamofire')
    cd /Users/darisadam/Documents/Projects/iOS\ Apps/madabank-ios/Madabank/Tuist/.build/tuist-derived/Alamofire
    

SwiftCompile normal arm64 /Users/darisadam/Documents/Projects/iOS\ Apps/madabank-ios/Madabank/Tuist/.build/checkouts/Alamofire/Source/Core/Protected.swift (in target 'Alamofire' from project 'Alamofire')
    cd /Users/darisadam/Documents/Projects/iOS\ Apps/madabank-ios/Madabank/Tuist/.build/tuist-derived/Alamofire
    

SwiftCompile normal arm64 /Users/darisadam/Documents/Projects/iOS\ Apps/madabank-ios/Madabank/Tuist/.build/checkouts/Alamofire/Source/Core/Request.swift (in target 'Alamofire' from project 'Alamofire')
    cd /Users/darisadam/Documents/Projects/iOS\ Apps/madabank-ios/Madabank/Tuist/.build/tuist-derived/Alamofire
    

SwiftCompile normal arm64 Compiling\ Alamofire.swift,\ AFError.swift,\ DataRequest.swift,\ DataStreamRequest.swift,\ DownloadRequest.swift,\ HTTPHeaders.swift /Users/darisadam/Documents/Projects/iOS\ Apps/madabank-ios/Madabank/Tuist/.build/checkouts/Alamofire/Source/Alamofire.swift /Users/darisadam/Documents/Projects/iOS\ Apps/madabank-ios/Madabank/Tuist/.build/checkouts/Alamofire/Source/Core/AFError.swift /Users/darisadam/Documents/Projects/iOS\ Apps/madabank-ios/Madabank/Tuist/.build/checkouts/Alamofire/Source/Core/DataRequest.swift /Users/darisadam/Documents/Projects/iOS\ Apps/madabank-ios/Madabank/Tuist/.build/checkouts/Alamofire/Source/Core/DataStreamRequest.swift /Users/darisadam/Documents/Projects/iOS\ Apps/madabank-ios/Madabank/Tuist/.build/checkouts/Alamofire/Source/Core/DownloadRequest.swift /Users/darisadam/Documents/Projects/iOS\ Apps/madabank-ios/Madabank/Tuist/.build/checkouts/Alamofire/Source/Core/HTTPHeaders.swift (in target 'Alamofire' from project 'Alamofire')
SwiftCompile normal arm64 /Users/darisadam/Documents/Projects/iOS\ Apps/madabank-ios/Madabank/Tuist/.build/checkouts/Alamofire/Source/Alamofire.swift (in target 'Alamofire' from project 'Alamofire')
    cd /Users/darisadam/Documents/Projects/iOS\ Apps/madabank-ios/Madabank/Tuist/.build/tuist-derived/Alamofire
    

SwiftCompile normal arm64 /Users/darisadam/Documents/Projects/iOS\ Apps/madabank-ios/Madabank/Tuist/.build/checkouts/Alamofire/Source/Core/AFError.swift (in target 'Alamofire' from project 'Alamofire')
    cd /Users/darisadam/Documents/Projects/iOS\ Apps/madabank-ios/Madabank/Tuist/.build/tuist-derived/Alamofire
    

SwiftCompile normal arm64 /Users/darisadam/Documents/Projects/iOS\ Apps/madabank-ios/Madabank/Tuist/.build/checkouts/Alamofire/Source/Core/DataRequest.swift (in target 'Alamofire' from project 'Alamofire')
    cd /Users/darisadam/Documents/Projects/iOS\ Apps/madabank-ios/Madabank/Tuist/.build/tuist-derived/Alamofire
    

SwiftCompile normal arm64 /Users/darisadam/Documents/Projects/iOS\ Apps/madabank-ios/Madabank/Tuist/.build/checkouts/Alamofire/Source/Core/DataStreamRequest.swift (in target 'Alamofire' from project 'Alamofire')
    cd /Users/darisadam/Documents/Projects/iOS\ Apps/madabank-ios/Madabank/Tuist/.build/tuist-derived/Alamofire
    

SwiftCompile normal arm64 /Users/darisadam/Documents/Projects/iOS\ Apps/madabank-ios/Madabank/Tuist/.build/checkouts/Alamofire/Source/Core/DownloadRequest.swift (in target 'Alamofire' from project 'Alamofire')
    cd /Users/darisadam/Documents/Projects/iOS\ Apps/madabank-ios/Madabank/Tuist/.build/tuist-derived/Alamofire
    

SwiftCompile normal arm64 /Users/darisadam/Documents/Projects/iOS\ Apps/madabank-ios/Madabank/Tuist/.build/checkouts/Alamofire/Source/Core/HTTPHeaders.swift (in target 'Alamofire' from project 'Alamofire')
    cd /Users/darisadam/Documents/Projects/iOS\ Apps/madabank-ios/Madabank/Tuist/.build/tuist-derived/Alamofire
    

SwiftCompile normal arm64 Compiling\ RetryPolicy.swift,\ ServerTrustEvaluation.swift,\ URLEncodedFormEncoder.swift,\ Validation.swift,\ TuistBundle+Alamofire.swift /Users/darisadam/Documents/Projects/iOS\ Apps/madabank-ios/Madabank/Tuist/.build/checkouts/Alamofire/Source/Features/RetryPolicy.swift /Users/darisadam/Documents/Projects/iOS\ Apps/madabank-ios/Madabank/Tuist/.build/checkouts/Alamofire/Source/Features/ServerTrustEvaluation.swift /Users/darisadam/Documents/Projects/iOS\ Apps/madabank-ios/Madabank/Tuist/.build/checkouts/Alamofire/Source/Features/URLEncodedFormEncoder.swift /Users/darisadam/Documents/Projects/iOS\ Apps/madabank-ios/Madabank/Tuist/.build/checkouts/Alamofire/Source/Features/Validation.swift /Users/darisadam/Documents/Projects/iOS\ Apps/madabank-ios/Madabank/Tuist/.build/tuist-derived/Alamofire/Sources/TuistBundle+Alamofire.swift (in target 'Alamofire' from project 'Alamofire')

SwiftCompile normal arm64 /Users/darisadam/Documents/Projects/iOS\ Apps/madabank-ios/Madabank/Tuist/.build/checkouts/Alamofire/Source/Features/RetryPolicy.swift (in target 'Alamofire' from project 'Alamofire')
    cd /Users/darisadam/Documents/Projects/iOS\ Apps/madabank-ios/Madabank/Tuist/.build/tuist-derived/Alamofire
    

SwiftCompile normal arm64 /Users/darisadam/Documents/Projects/iOS\ Apps/madabank-ios/Madabank/Tuist/.build/checkouts/Alamofire/Source/Features/ServerTrustEvaluation.swift (in target 'Alamofire' from project 'Alamofire')
    cd /Users/darisadam/Documents/Projects/iOS\ Apps/madabank-ios/Madabank/Tuist/.build/tuist-derived/Alamofire
    

SwiftCompile normal arm64 /Users/darisadam/Documents/Projects/iOS\ Apps/madabank-ios/Madabank/Tuist/.build/checkouts/Alamofire/Source/Features/URLEncodedFormEncoder.swift (in target 'Alamofire' from project 'Alamofire')
    cd /Users/darisadam/Documents/Projects/iOS\ Apps/madabank-ios/Madabank/Tuist/.build/tuist-derived/Alamofire
    

SwiftCompile normal arm64 /Users/darisadam/Documents/Projects/iOS\ Apps/madabank-ios/Madabank/Tuist/.build/checkouts/Alamofire/Source/Features/Validation.swift (in target 'Alamofire' from project 'Alamofire')
    cd /Users/darisadam/Documents/Projects/iOS\ Apps/madabank-ios/Madabank/Tuist/.build/tuist-derived/Alamofire
    

SwiftCompile normal arm64 /Users/darisadam/Documents/Projects/iOS\ Apps/madabank-ios/Madabank/Tuist/.build/tuist-derived/Alamofire/Sources/TuistBundle+Alamofire.swift (in target 'Alamofire' from project 'Alamofire')
    cd /Users/darisadam/Documents/Projects/iOS\ Apps/madabank-ios/Madabank/Tuist/.build/tuist-derived/Alamofire
    

SwiftCompile normal arm64 Compiling\ URLSessionConfiguration+Alamofire.swift,\ AlamofireExtended.swift,\ AuthenticationInterceptor.swift,\ CachedResponseHandler.swift,\ Combine.swift /Users/darisadam/Documents/Projects/iOS\ Apps/madabank-ios/Madabank/Tuist/.build/checkouts/Alamofire/Source/Extensions/URLSessionConfiguration+Alamofire.swift /Users/darisadam/Documents/Projects/iOS\ Apps/madabank-ios/Madabank/Tuist/.build/checkouts/Alamofire/Source/Features/AlamofireExtended.swift /Users/darisadam/Documents/Projects/iOS\ Apps/madabank-ios/Madabank/Tuist/.build/checkouts/Alamofire/Source/Features/AuthenticationInterceptor.swift /Users/darisadam/Documents/Projects/iOS\ Apps/madabank-ios/Madabank/Tuist/.build/checkouts/Alamofire/Source/Features/CachedResponseHandler.swift /Users/darisadam/Documents/Projects/iOS\ Apps/madabank-ios/Madabank/Tuist/.build/checkouts/Alamofire/Source/Features/Combine.swift (in target 'Alamofire' from project 'Alamofire')

SwiftCompile normal arm64 /Users/darisadam/Documents/Projects/iOS\ Apps/madabank-ios/Madabank/Tuist/.build/checkouts/Alamofire/Source/Extensions/URLSessionConfiguration+Alamofire.swift (in target 'Alamofire' from project 'Alamofire')
    cd /Users/darisadam/Documents/Projects/iOS\ Apps/madabank-ios/Madabank/Tuist/.build/tuist-derived/Alamofire
    

SwiftCompile normal arm64 /Users/darisadam/Documents/Projects/iOS\ Apps/madabank-ios/Madabank/Tuist/.build/checkouts/Alamofire/Source/Features/AlamofireExtended.swift (in target 'Alamofire' from project 'Alamofire')
    cd /Users/darisadam/Documents/Projects/iOS\ Apps/madabank-ios/Madabank/Tuist/.build/tuist-derived/Alamofire
    

SwiftCompile normal arm64 /Users/darisadam/Documents/Projects/iOS\ Apps/madabank-ios/Madabank/Tuist/.build/checkouts/Alamofire/Source/Features/AuthenticationInterceptor.swift (in target 'Alamofire' from project 'Alamofire')
    cd /Users/darisadam/Documents/Projects/iOS\ Apps/madabank-ios/Madabank/Tuist/.build/tuist-derived/Alamofire
    

SwiftCompile normal arm64 /Users/darisadam/Documents/Projects/iOS\ Apps/madabank-ios/Madabank/Tuist/.build/checkouts/Alamofire/Source/Features/CachedResponseHandler.swift (in target 'Alamofire' from project 'Alamofire')
    cd /Users/darisadam/Documents/Projects/iOS\ Apps/madabank-ios/Madabank/Tuist/.build/tuist-derived/Alamofire
    

SwiftCompile normal arm64 /Users/darisadam/Documents/Projects/iOS\ Apps/madabank-ios/Madabank/Tuist/.build/checkouts/Alamofire/Source/Features/Combine.swift (in target 'Alamofire' from project 'Alamofire')
    cd /Users/darisadam/Documents/Projects/iOS\ Apps/madabank-ios/Madabank/Tuist/.build/tuist-derived/Alamofire
    

SwiftCompile normal arm64 Compiling\ WebSocketRequest.swift,\ DispatchQueue+Alamofire.swift,\ OperationQueue+Alamofire.swift,\ Result+Alamofire.swift,\ StringEncoding+Alamofire.swift,\ URLRequest+Alamofire.swift /Users/darisadam/Documents/Projects/iOS\ Apps/madabank-ios/Madabank/Tuist/.build/checkouts/Alamofire/Source/Core/WebSocketRequest.swift /Users/darisadam/Documents/Projects/iOS\ Apps/madabank-ios/Madabank/Tuist/.build/checkouts/Alamofire/Source/Extensions/DispatchQueue+Alamofire.swift /Users/darisadam/Documents/Projects/iOS\ Apps/madabank-ios/Madabank/Tuist/.build/checkouts/Alamofire/Source/Extensions/OperationQueue+Alamofire.swift /Users/darisadam/Documents/Projects/iOS\ Apps/madabank-ios/Madabank/Tuist/.build/checkouts/Alamofire/Source/Extensions/Result+Alamofire.swift /Users/darisadam/Documents/Projects/iOS\ Apps/madabank-ios/Madabank/Tuist/.build/checkouts/Alamofire/Source/Extensions/StringEncoding+Alamofire.swift /Users/darisadam/Documents/Projects/iOS\ Apps/madabank-ios/Madabank/Tuist/.build/checkouts/Alamofire/Source/Extensions/URLRequest+Alamofire.swift (in target 'Alamofire' from project 'Alamofire')

SwiftCompile normal arm64 /Users/darisadam/Documents/Projects/iOS\ Apps/madabank-ios/Madabank/Tuist/.build/checkouts/Alamofire/Source/Core/WebSocketRequest.swift (in target 'Alamofire' from project 'Alamofire')
    cd /Users/darisadam/Documents/Projects/iOS\ Apps/madabank-ios/Madabank/Tuist/.build/tuist-derived/Alamofire
    

SwiftCompile normal arm64 /Users/darisadam/Documents/Projects/iOS\ Apps/madabank-ios/Madabank/Tuist/.build/checkouts/Alamofire/Source/Extensions/DispatchQueue+Alamofire.swift (in target 'Alamofire' from project 'Alamofire')
    cd /Users/darisadam/Documents/Projects/iOS\ Apps/madabank-ios/Madabank/Tuist/.build/tuist-derived/Alamofire
    

SwiftCompile normal arm64 /Users/darisadam/Documents/Projects/iOS\ Apps/madabank-ios/Madabank/Tuist/.build/checkouts/Alamofire/Source/Extensions/OperationQueue+Alamofire.swift (in target 'Alamofire' from project 'Alamofire')
    cd /Users/darisadam/Documents/Projects/iOS\ Apps/madabank-ios/Madabank/Tuist/.build/tuist-derived/Alamofire
    

SwiftCompile normal arm64 /Users/darisadam/Documents/Projects/iOS\ Apps/madabank-ios/Madabank/Tuist/.build/checkouts/Alamofire/Source/Extensions/Result+Alamofire.swift (in target 'Alamofire' from project 'Alamofire')
    cd /Users/darisadam/Documents/Projects/iOS\ Apps/madabank-ios/Madabank/Tuist/.build/tuist-derived/Alamofire
    

SwiftCompile normal arm64 /Users/darisadam/Documents/Projects/iOS\ Apps/madabank-ios/Madabank/Tuist/.build/checkouts/Alamofire/Source/Extensions/StringEncoding+Alamofire.swift (in target 'Alamofire' from project 'Alamofire')
    cd /Users/darisadam/Documents/Projects/iOS\ Apps/madabank-ios/Madabank/Tuist/.build/tuist-derived/Alamofire
    

SwiftCompile normal arm64 /Users/darisadam/Documents/Projects/iOS\ Apps/madabank-ios/Madabank/Tuist/.build/checkouts/Alamofire/Source/Extensions/URLRequest+Alamofire.swift (in target 'Alamofire' from project 'Alamofire')
    cd /Users/darisadam/Documents/Projects/iOS\ Apps/madabank-ios/Madabank/Tuist/.build/tuist-derived/Alamofire
    

SwiftEmitModule normal arm64 Emitting\ module\ for\ Core (in target 'Core' from project 'Core')

EmitSwiftModule normal arm64 (in target 'Core' from project 'Core')
    cd /Users/darisadam/Documents/Projects/iOS\ Apps/madabank-ios/Madabank/Modules/Shared/Core
    

SwiftEmitModule normal arm64 Emitting\ module\ for\ RxSwift (in target 'RxSwift' from project 'RxSwift')

EmitSwiftModule normal arm64 (in target 'RxSwift' from project 'RxSwift')
    cd /Users/darisadam/Documents/Projects/iOS\ Apps/madabank-ios/Madabank/Tuist/.build/tuist-derived/RxSwift
    

SwiftDriverJobDiscovery normal arm64 Emitting module for Core (in target 'Core' from project 'Core')

SwiftDriver\ Compilation\ Requirements Core normal arm64 com.apple.xcode.tools.swift.compiler (in target 'Core' from project 'Core')
    cd /Users/darisadam/Documents/Projects/iOS\ Apps/madabank-ios/Madabank/Modules/Shared/Core
    builtin-Swift-Compilation-Requirements -- /Applications/Xcode.app/Contents/Developer/Toolchains/XcodeDefault.xctoolchain/usr/bin/swiftc -module-name Core -Onone -enforce-exclusivity\=checked @/Users/darisadam/Library/Developer/Xcode/DerivedData/Madabank-hkohthnbjtgnoechirsoymtykttx/Build/Intermediates.noindex/Core.build/Debug-iphonesimulator/Core.build/Objects-normal/arm64/Core.SwiftFileList -DDEBUG -enable-bare-slash-regex -enable-experimental-feature DebugDescriptionMacro -sdk /Applications/Xcode.app/Contents/Developer/Platforms/iPhoneSimulator.platform/Developer/SDKs/iPhoneSimulator26.1.sdk -target arm64-apple-ios15.0-simulator -g -module-cache-path /Users/darisadam/Library/Developer/Xcode/DerivedData/ModuleCache.noindex -Xfrontend -serialize-debugging-options -enable-testing -index-store-path /Users/darisadam/Library/Developer/Xcode/DerivedData/Madabank-hkohthnbjtgnoechirsoymtykttx/Index.noindex/DataStore -Xcc -D_LIBCPP_HARDENING_MODE\=_LIBCPP_HARDENING_MODE_DEBUG -swift-version 5 -I /Users/darisadam/Library/Developer/Xcode/DerivedData/Madabank-hkohthnbjtgnoechirsoymtykttx/Build/Products/Debug-iphonesimulator -F /Users/darisadam/Library/Developer/Xcode/DerivedData/Madabank-hkohthnbjtgnoechirsoymtykttx/Build/Products/Debug-iphonesimulator -c -j8 -enable-batch-mode -incremental -Xcc -ivfsstatcache -Xcc /Users/darisadam/Library/Developer/Xcode/DerivedData/SDKStatCaches.noindex/iphonesimulator26.1-23B77-3885c01c3e6b6a337905948deab2002e90cf18a4295e390e64c810bc6bd7acbc.sdkstatcache -output-file-map /Users/darisadam/Library/Developer/Xcode/DerivedData/Madabank-hkohthnbjtgnoechirsoymtykttx/Build/Intermediates.noindex/Core.build/Debug-iphonesimulator/Core.build/Objects-normal/arm64/Core-OutputFileMap.json -use-frontend-parseable-output -save-temps -no-color-diagnostics -explicit-module-build -module-cache-path /Users/darisadam/Library/Developer/Xcode/DerivedData/Madabank-hkohthnbjtgnoechirsoymtykttx/Build/Intermediates.noindex/SwiftExplicitPrecompiledModules -clang-scanner-module-cache-path /Users/darisadam/Library/Developer/Xcode/DerivedData/ModuleCache.noindex -sdk-module-cache-path /Users/darisadam/Library/Developer/Xcode/DerivedData/ModuleCache.noindex -serialize-diagnostics -emit-dependencies -emit-module -emit-module-path /Users/darisadam/Library/Developer/Xcode/DerivedData/Madabank-hkohthnbjtgnoechirsoymtykttx/Build/Intermediates.noindex/Core.build/Debug-iphonesimulator/Core.build/Objects-normal/arm64/Core.swiftmodule -validate-clang-modules-once -clang-build-session-file /Users/darisadam/Library/Developer/Xcode/DerivedData/ModuleCache.noindex/Session.modulevalidation -Xcc -I/Users/darisadam/Library/Developer/Xcode/DerivedData/Madabank-hkohthnbjtgnoechirsoymtykttx/Build/Intermediates.noindex/Core.build/Debug-iphonesimulator/Core.build/swift-overrides.hmap -emit-const-values -Xfrontend -const-gather-protocols-file -Xfrontend /Users/darisadam/Library/Developer/Xcode/DerivedData/Madabank-hkohthnbjtgnoechirsoymtykttx/Build/Intermediates.noindex/Core.build/Debug-iphonesimulator/Core.build/Objects-normal/arm64/Core_const_extract_protocols.json -Xcc -iquote -Xcc /Users/darisadam/Library/Developer/Xcode/DerivedData/Madabank-hkohthnbjtgnoechirsoymtykttx/Build/Intermediates.noindex/Core.build/Debug-iphonesimulator/Core.build/Core-generated-files.hmap -Xcc -I/Users/darisadam/Library/Developer/Xcode/DerivedData/Madabank-hkohthnbjtgnoechirsoymtykttx/Build/Intermediates.noindex/Core.build/Debug-iphonesimulator/Core.build/Core-own-target-headers.hmap -Xcc -I/Users/darisadam/Library/Developer/Xcode/DerivedData/Madabank-hkohthnbjtgnoechirsoymtykttx/Build/Intermediates.noindex/Core.build/Debug-iphonesimulator/Core.build/Core-all-non-framework-target-headers.hmap -Xcc -ivfsoverlay -Xcc /Users/darisadam/Library/Developer/Xcode/DerivedData/Madabank-hkohthnbjtgnoechirsoymtykttx/Build/Intermediates.noindex/Core.build/Debug-iphonesimulator/Core-011bcb69b58bd754ba2ab26f60c77229-VFS-iphonesimulator/all-product-headers.yaml -Xcc -iquote -Xcc /Users/darisadam/Library/Developer/Xcode/DerivedData/Madabank-hkohthnbjtgnoechirsoymtykttx/Build/Intermediates.noindex/Core.build/Debug-iphonesimulator/Core.build/Core-project-headers.hmap -Xcc -I/Users/darisadam/Library/Developer/Xcode/DerivedData/Madabank-hkohthnbjtgnoechirsoymtykttx/Build/Products/Debug-iphonesimulator/include -Xcc -I/Users/darisadam/Library/Developer/Xcode/DerivedData/Madabank-hkohthnbjtgnoechirsoymtykttx/Build/Intermediates.noindex/Core.build/Debug-iphonesimulator/Core.build/DerivedSources-normal/arm64 -Xcc -I/Users/darisadam/Library/Developer/Xcode/DerivedData/Madabank-hkohthnbjtgnoechirsoymtykttx/Build/Intermediates.noindex/Core.build/Debug-iphonesimulator/Core.build/DerivedSources/arm64 -Xcc -I/Users/darisadam/Library/Developer/Xcode/DerivedData/Madabank-hkohthnbjtgnoechirsoymtykttx/Build/Intermediates.noindex/Core.build/Debug-iphonesimulator/Core.build/DerivedSources -Xcc -DDEBUG\=1 -emit-objc-header -emit-objc-header-path /Users/darisadam/Library/Developer/Xcode/DerivedData/Madabank-hkohthnbjtgnoechirsoymtykttx/Build/Intermediates.noindex/Core.build/Debug-iphonesimulator/Core.build/Objects-normal/arm64/Core-Swift.h -working-directory /Users/darisadam/Documents/Projects/iOS\ Apps/madabank-ios/Madabank/Modules/Shared/Core -experimental-emit-module-separately -disable-cmo

SwiftDriverJobDiscovery normal arm64 Compiling URLSessionConfiguration+Alamofire.swift, AlamofireExtended.swift, AuthenticationInterceptor.swift, CachedResponseHandler.swift, Combine.swift (in target 'Alamofire' from project 'Alamofire')

SwiftCompile normal arm64 Compiling\ SchedulerType.swift,\ Sequence.swift,\ SerialDispatchQueueScheduler.swift,\ SerialDisposable.swift,\ ShareReplayScope.swift,\ Single.swift,\ SingleAssignmentDisposable.swift,\ SingleAsync.swift,\ Sink.swift,\ Skip.swift,\ SkipUntil.swift,\ SkipWhile.swift,\ StartWith.swift,\ SubjectType.swift,\ SubscribeOn.swift,\ SubscriptionDisposable.swift,\ SwiftSupport.swift,\ Switch.swift,\ SwitchIfEmpty.swift,\ SynchronizedDisposeType.swift /Users/darisadam/Documents/Projects/iOS\ Apps/madabank-ios/Madabank/Tuist/.build/checkouts/RxSwift/Sources/RxSwift/SchedulerType.swift /Users/darisadam/Documents/Projects/iOS\ Apps/madabank-ios/Madabank/Tuist/.build/checkouts/RxSwift/Sources/RxSwift/Sequence.swift /Users/darisadam/Documents/Projects/iOS\ Apps/madabank-ios/Madabank/Tuist/.build/checkouts/RxSwift/Sources/RxSwift/SerialDispatchQueueScheduler.swift /Users/darisadam/Documents/Projects/iOS\ Apps/madabank-ios/Madabank/Tuist/.build/checkouts/RxSwift/Sources/RxSwift/SerialDisposable.swift /Users/darisadam/Documents/Projects/iOS\ Apps/madabank-ios/Madabank/Tuist/.build/checkouts/RxSwift/Sources/RxSwift/ShareReplayScope.swift /Users/darisadam/Documents/Projects/iOS\ Apps/madabank-ios/Madabank/Tuist/.build/checkouts/RxSwift/Sources/RxSwift/Single.swift /Users/darisadam/Documents/Projects/iOS\ Apps/madabank-ios/Madabank/Tuist/.build/checkouts/RxSwift/Sources/RxSwift/SingleAssignmentDisposable.swift /Users/darisadam/Documents/Projects/iOS\ Apps/madabank-ios/Madabank/Tuist/.build/checkouts/RxSwift/Sources/RxSwift/SingleAsync.swift /Users/darisadam/Documents/Projects/iOS\ Apps/madabank-ios/Madabank/Tuist/.build/checkouts/RxSwift/Sources/RxSwift/Sink.swift /Users/darisadam/Documents/Projects/iOS\ Apps/madabank-ios/Madabank/Tuist/.build/checkouts/RxSwift/Sources/RxSwift/Skip.swift /Users/darisadam/Documents/Projects/iOS\ Apps/madabank-ios/Madabank/Tuist/.build/checkouts/RxSwift/Sources/RxSwift/SkipUntil.swift /Users/darisadam/Documents/Projects/iOS\ Apps/madabank-ios/Madabank/Tuist/.build/checkouts/RxSwift/Sources/RxSwift/SkipWhile.swift /Users/darisadam/Documents/Projects/iOS\ Apps/madabank-ios/Madabank/Tuist/.build/checkouts/RxSwift/Sources/RxSwift/StartWith.swift /Users/darisadam/Documents/Projects/iOS\ Apps/madabank-ios/Madabank/Tuist/.build/checkouts/RxSwift/Sources/RxSwift/SubjectType.swift /Users/darisadam/Documents/Projects/iOS\ Apps/madabank-ios/Madabank/Tuist/.build/checkouts/RxSwift/Sources/RxSwift/SubscribeOn.swift /Users/darisadam/Documents/Projects/iOS\ Apps/madabank-ios/Madabank/Tuist/.build/checkouts/RxSwift/Sources/RxSwift/SubscriptionDisposable.swift /Users/darisadam/Documents/Projects/iOS\ Apps/madabank-ios/Madabank/Tuist/.build/checkouts/RxSwift/Sources/RxSwift/SwiftSupport.swift /Users/darisadam/Documents/Projects/iOS\ Apps/madabank-ios/Madabank/Tuist/.build/checkouts/RxSwift/Sources/RxSwift/Switch.swift /Users/darisadam/Documents/Projects/iOS\ Apps/madabank-ios/Madabank/Tuist/.build/checkouts/RxSwift/Sources/RxSwift/SwitchIfEmpty.swift /Users/darisadam/Documents/Projects/iOS\ Apps/madabank-ios/Madabank/Tuist/.build/checkouts/RxSwift/Sources/RxSwift/SynchronizedDisposeType.swift (in target 'RxSwift' from project 'RxSwift')
SwiftCompile normal arm64 /Users/darisadam/Documents/Projects/iOS\ Apps/madabank-ios/Madabank/Tuist/.build/checkouts/RxSwift/Sources/RxSwift/SchedulerType.swift (in target 'RxSwift' from project 'RxSwift')
    cd /Users/darisadam/Documents/Projects/iOS\ Apps/madabank-ios/Madabank/Tuist/.build/tuist-derived/RxSwift
    

SwiftCompile normal arm64 /Users/darisadam/Documents/Projects/iOS\ Apps/madabank-ios/Madabank/Tuist/.build/checkouts/RxSwift/Sources/RxSwift/Sequence.swift (in target 'RxSwift' from project 'RxSwift')
    cd /Users/darisadam/Documents/Projects/iOS\ Apps/madabank-ios/Madabank/Tuist/.build/tuist-derived/RxSwift
    

SwiftCompile normal arm64 /Users/darisadam/Documents/Projects/iOS\ Apps/madabank-ios/Madabank/Tuist/.build/checkouts/RxSwift/Sources/RxSwift/SerialDispatchQueueScheduler.swift (in target 'RxSwift' from project 'RxSwift')
    cd /Users/darisadam/Documents/Projects/iOS\ Apps/madabank-ios/Madabank/Tuist/.build/tuist-derived/RxSwift
    

SwiftCompile normal arm64 /Users/darisadam/Documents/Projects/iOS\ Apps/madabank-ios/Madabank/Tuist/.build/checkouts/RxSwift/Sources/RxSwift/SerialDisposable.swift (in target 'RxSwift' from project 'RxSwift')
    cd /Users/darisadam/Documents/Projects/iOS\ Apps/madabank-ios/Madabank/Tuist/.build/tuist-derived/RxSwift
    

SwiftCompile normal arm64 /Users/darisadam/Documents/Projects/iOS\ Apps/madabank-ios/Madabank/Tuist/.build/checkouts/RxSwift/Sources/RxSwift/ShareReplayScope.swift (in target 'RxSwift' from project 'RxSwift')
    cd /Users/darisadam/Documents/Projects/iOS\ Apps/madabank-ios/Madabank/Tuist/.build/tuist-derived/RxSwift
    

SwiftCompile normal arm64 /Users/darisadam/Documents/Projects/iOS\ Apps/madabank-ios/Madabank/Tuist/.build/checkouts/RxSwift/Sources/RxSwift/Single.swift (in target 'RxSwift' from project 'RxSwift')
    cd /Users/darisadam/Documents/Projects/iOS\ Apps/madabank-ios/Madabank/Tuist/.build/tuist-derived/RxSwift
    

SwiftCompile normal arm64 /Users/darisadam/Documents/Projects/iOS\ Apps/madabank-ios/Madabank/Tuist/.build/checkouts/RxSwift/Sources/RxSwift/SingleAssignmentDisposable.swift (in target 'RxSwift' from project 'RxSwift')
    cd /Users/darisadam/Documents/Projects/iOS\ Apps/madabank-ios/Madabank/Tuist/.build/tuist-derived/RxSwift
    

SwiftCompile normal arm64 /Users/darisadam/Documents/Projects/iOS\ Apps/madabank-ios/Madabank/Tuist/.build/checkouts/RxSwift/Sources/RxSwift/SingleAsync.swift (in target 'RxSwift' from project 'RxSwift')
    cd /Users/darisadam/Documents/Projects/iOS\ Apps/madabank-ios/Madabank/Tuist/.build/tuist-derived/RxSwift
    

SwiftCompile normal arm64 /Users/darisadam/Documents/Projects/iOS\ Apps/madabank-ios/Madabank/Tuist/.build/checkouts/RxSwift/Sources/RxSwift/Sink.swift (in target 'RxSwift' from project 'RxSwift')
    cd /Users/darisadam/Documents/Projects/iOS\ Apps/madabank-ios/Madabank/Tuist/.build/tuist-derived/RxSwift
    

SwiftCompile normal arm64 /Users/darisadam/Documents/Projects/iOS\ Apps/madabank-ios/Madabank/Tuist/.build/checkouts/RxSwift/Sources/RxSwift/Skip.swift (in target 'RxSwift' from project 'RxSwift')
    cd /Users/darisadam/Documents/Projects/iOS\ Apps/madabank-ios/Madabank/Tuist/.build/tuist-derived/RxSwift
    

SwiftCompile normal arm64 /Users/darisadam/Documents/Projects/iOS\ Apps/madabank-ios/Madabank/Tuist/.build/checkouts/RxSwift/Sources/RxSwift/SkipUntil.swift (in target 'RxSwift' from project 'RxSwift')
    cd /Users/darisadam/Documents/Projects/iOS\ Apps/madabank-ios/Madabank/Tuist/.build/tuist-derived/RxSwift
    

SwiftCompile normal arm64 /Users/darisadam/Documents/Projects/iOS\ Apps/madabank-ios/Madabank/Tuist/.build/checkouts/RxSwift/Sources/RxSwift/SkipWhile.swift (in target 'RxSwift' from project 'RxSwift')
    cd /Users/darisadam/Documents/Projects/iOS\ Apps/madabank-ios/Madabank/Tuist/.build/tuist-derived/RxSwift
    

SwiftCompile normal arm64 /Users/darisadam/Documents/Projects/iOS\ Apps/madabank-ios/Madabank/Tuist/.build/checkouts/RxSwift/Sources/RxSwift/StartWith.swift (in target 'RxSwift' from project 'RxSwift')
    cd /Users/darisadam/Documents/Projects/iOS\ Apps/madabank-ios/Madabank/Tuist/.build/tuist-derived/RxSwift
    

SwiftCompile normal arm64 /Users/darisadam/Documents/Projects/iOS\ Apps/madabank-ios/Madabank/Tuist/.build/checkouts/RxSwift/Sources/RxSwift/SubjectType.swift (in target 'RxSwift' from project 'RxSwift')
    cd /Users/darisadam/Documents/Projects/iOS\ Apps/madabank-ios/Madabank/Tuist/.build/tuist-derived/RxSwift
    

SwiftCompile normal arm64 /Users/darisadam/Documents/Projects/iOS\ Apps/madabank-ios/Madabank/Tuist/.build/checkouts/RxSwift/Sources/RxSwift/SubscribeOn.swift (in target 'RxSwift' from project 'RxSwift')
    cd /Users/darisadam/Documents/Projects/iOS\ Apps/madabank-ios/Madabank/Tuist/.build/tuist-derived/RxSwift
    

SwiftCompile normal arm64 /Users/darisadam/Documents/Projects/iOS\ Apps/madabank-ios/Madabank/Tuist/.build/checkouts/RxSwift/Sources/RxSwift/SubscriptionDisposable.swift (in target 'RxSwift' from project 'RxSwift')
    cd /Users/darisadam/Documents/Projects/iOS\ Apps/madabank-ios/Madabank/Tuist/.build/tuist-derived/RxSwift
    

SwiftCompile normal arm64 /Users/darisadam/Documents/Projects/iOS\ Apps/madabank-ios/Madabank/Tuist/.build/checkouts/RxSwift/Sources/RxSwift/SwiftSupport.swift (in target 'RxSwift' from project 'RxSwift')
    cd /Users/darisadam/Documents/Projects/iOS\ Apps/madabank-ios/Madabank/Tuist/.build/tuist-derived/RxSwift
    

SwiftCompile normal arm64 /Users/darisadam/Documents/Projects/iOS\ Apps/madabank-ios/Madabank/Tuist/.build/checkouts/RxSwift/Sources/RxSwift/Switch.swift (in target 'RxSwift' from project 'RxSwift')
    cd /Users/darisadam/Documents/Projects/iOS\ Apps/madabank-ios/Madabank/Tuist/.build/tuist-derived/RxSwift
    

SwiftCompile normal arm64 /Users/darisadam/Documents/Projects/iOS\ Apps/madabank-ios/Madabank/Tuist/.build/checkouts/RxSwift/Sources/RxSwift/SwitchIfEmpty.swift (in target 'RxSwift' from project 'RxSwift')
    cd /Users/darisadam/Documents/Projects/iOS\ Apps/madabank-ios/Madabank/Tuist/.build/tuist-derived/RxSwift
    

SwiftCompile normal arm64 /Users/darisadam/Documents/Projects/iOS\ Apps/madabank-ios/Madabank/Tuist/.build/checkouts/RxSwift/Sources/RxSwift/SynchronizedDisposeType.swift (in target 'RxSwift' from project 'RxSwift')
    cd /Users/darisadam/Documents/Projects/iOS\ Apps/madabank-ios/Madabank/Tuist/.build/tuist-derived/RxSwift
    

SwiftMergeGeneratedHeaders /Users/darisadam/Library/Developer/Xcode/DerivedData/Madabank-hkohthnbjtgnoechirsoymtykttx/Build/Products/Debug-iphonesimulator/Core.framework/Headers/Core-Swift.h /Users/darisadam/Library/Developer/Xcode/DerivedData/Madabank-hkohthnbjtgnoechirsoymtykttx/Build/Intermediates.noindex/Core.build/Debug-iphonesimulator/Core.build/Objects-normal/arm64/Core-Swift.h (in target 'Core' from project 'Core')
    cd /Users/darisadam/Documents/Projects/iOS\ Apps/madabank-ios/Madabank/Modules/Shared/Core
    builtin-swiftHeaderTool -arch arm64 /Users/darisadam/Library/Developer/Xcode/DerivedData/Madabank-hkohthnbjtgnoechirsoymtykttx/Build/Intermediates.noindex/Core.build/Debug-iphonesimulator/Core.build/Objects-normal/arm64/Core-Swift.h -o /Users/darisadam/Library/Developer/Xcode/DerivedData/Madabank-hkohthnbjtgnoechirsoymtykttx/Build/Products/Debug-iphonesimulator/Core.framework/Headers/Core-Swift.h

SwiftDriverJobDiscovery normal arm64 Emitting module for Alamofire (in target 'Alamofire' from project 'Alamofire')

Copy /Users/darisadam/Library/Developer/Xcode/DerivedData/Madabank-hkohthnbjtgnoechirsoymtykttx/Build/Products/Debug-iphonesimulator/Core.framework/Modules/Core.swiftmodule/arm64-apple-ios-simulator.swiftmodule /Users/darisadam/Library/Developer/Xcode/DerivedData/Madabank-hkohthnbjtgnoechirsoymtykttx/Build/Intermediates.noindex/Core.build/Debug-iphonesimulator/Core.build/Objects-normal/arm64/Core.swiftmodule (in target 'Core' from project 'Core')
    cd /Users/darisadam/Documents/Projects/iOS\ Apps/madabank-ios/Madabank/Modules/Shared/Core
    builtin-copy -exclude .DS_Store -exclude CVS -exclude .svn -exclude .git -exclude .hg -resolve-src-symlinks -rename /Users/darisadam/Library/Developer/Xcode/DerivedData/Madabank-hkohthnbjtgnoechirsoymtykttx/Build/Intermediates.noindex/Core.build/Debug-iphonesimulator/Core.build/Objects-normal/arm64/Core.swiftmodule /Users/darisadam/Library/Developer/Xcode/DerivedData/Madabank-hkohthnbjtgnoechirsoymtykttx/Build/Products/Debug-iphonesimulator/Core.framework/Modules/Core.swiftmodule/arm64-apple-ios-simulator.swiftmodule

Copy /Users/darisadam/Library/Developer/Xcode/DerivedData/Madabank-hkohthnbjtgnoechirsoymtykttx/Build/Products/Debug-iphonesimulator/Core.framework/Modules/Core.swiftmodule/arm64-apple-ios-simulator.swiftdoc /Users/darisadam/Library/Developer/Xcode/DerivedData/Madabank-hkohthnbjtgnoechirsoymtykttx/Build/Intermediates.noindex/Core.build/Debug-iphonesimulator/Core.build/Objects-normal/arm64/Core.swiftdoc (in target 'Core' from project 'Core')
    cd /Users/darisadam/Documents/Projects/iOS\ Apps/madabank-ios/Madabank/Modules/Shared/Core
    builtin-copy -exclude .DS_Store -exclude CVS -exclude .svn -exclude .git -exclude .hg -resolve-src-symlinks -rename /Users/darisadam/Library/Developer/Xcode/DerivedData/Madabank-hkohthnbjtgnoechirsoymtykttx/Build/Intermediates.noindex/Core.build/Debug-iphonesimulator/Core.build/Objects-normal/arm64/Core.swiftdoc /Users/darisadam/Library/Developer/Xcode/DerivedData/Madabank-hkohthnbjtgnoechirsoymtykttx/Build/Products/Debug-iphonesimulator/Core.framework/Modules/Core.swiftmodule/arm64-apple-ios-simulator.swiftdoc

Copy /Users/darisadam/Library/Developer/Xcode/DerivedData/Madabank-hkohthnbjtgnoechirsoymtykttx/Build/Products/Debug-iphonesimulator/Core.framework/Modules/Core.swiftmodule/arm64-apple-ios-simulator.abi.json /Users/darisadam/Library/Developer/Xcode/DerivedData/Madabank-hkohthnbjtgnoechirsoymtykttx/Build/Intermediates.noindex/Core.build/Debug-iphonesimulator/Core.build/Objects-normal/arm64/Core.abi.json (in target 'Core' from project 'Core')
    cd /Users/darisadam/Documents/Projects/iOS\ Apps/madabank-ios/Madabank/Modules/Shared/Core
    builtin-copy -exclude .DS_Store -exclude CVS -exclude .svn -exclude .git -exclude .hg -resolve-src-symlinks -rename /Users/darisadam/Library/Developer/Xcode/DerivedData/Madabank-hkohthnbjtgnoechirsoymtykttx/Build/Intermediates.noindex/Core.build/Debug-iphonesimulator/Core.build/Objects-normal/arm64/Core.abi.json /Users/darisadam/Library/Developer/Xcode/DerivedData/Madabank-hkohthnbjtgnoechirsoymtykttx/Build/Products/Debug-iphonesimulator/Core.framework/Modules/Core.swiftmodule/arm64-apple-ios-simulator.abi.json

Copy /Users/darisadam/Library/Developer/Xcode/DerivedData/Madabank-hkohthnbjtgnoechirsoymtykttx/Build/Products/Debug-iphonesimulator/Core.framework/Modules/Core.swiftmodule/Project/arm64-apple-ios-simulator.swiftsourceinfo /Users/darisadam/Library/Developer/Xcode/DerivedData/Madabank-hkohthnbjtgnoechirsoymtykttx/Build/Intermediates.noindex/Core.build/Debug-iphonesimulator/Core.build/Objects-normal/arm64/Core.swiftsourceinfo (in target 'Core' from project 'Core')
    cd /Users/darisadam/Documents/Projects/iOS\ Apps/madabank-ios/Madabank/Modules/Shared/Core
    builtin-copy -exclude .DS_Store -exclude CVS -exclude .svn -exclude .git -exclude .hg -resolve-src-symlinks -rename /Users/darisadam/Library/Developer/Xcode/DerivedData/Madabank-hkohthnbjtgnoechirsoymtykttx/Build/Intermediates.noindex/Core.build/Debug-iphonesimulator/Core.build/Objects-normal/arm64/Core.swiftsourceinfo /Users/darisadam/Library/Developer/Xcode/DerivedData/Madabank-hkohthnbjtgnoechirsoymtykttx/Build/Products/Debug-iphonesimulator/Core.framework/Modules/Core.swiftmodule/Project/arm64-apple-ios-simulator.swiftsourceinfo

SwiftDriver\ Compilation\ Requirements Alamofire normal arm64 com.apple.xcode.tools.swift.compiler (in target 'Alamofire' from project 'Alamofire')
    cd /Users/darisadam/Documents/Projects/iOS\ Apps/madabank-ios/Madabank/Tuist/.build/tuist-derived/Alamofire
    builtin-Swift-Compilation-Requirements -- /Applications/Xcode.app/Contents/Developer/Toolchains/XcodeDefault.xctoolchain/usr/bin/swiftc -module-name Alamofire -Onone -enforce-exclusivity\=checked @/Users/darisadam/Library/Developer/Xcode/DerivedData/Madabank-hkohthnbjtgnoechirsoymtykttx/Build/Intermediates.noindex/Alamofire.build/Debug-iphonesimulator/Alamofire.build/Objects-normal/arm64/Alamofire.SwiftFileList -DSWIFT_PACKAGE -DDEBUG -package-name Alamofire -enable-upcoming-feature ExistentialAny -enable-bare-slash-regex -enable-experimental-feature DebugDescriptionMacro -sdk /Applications/Xcode.app/Contents/Developer/Platforms/iPhoneSimulator.platform/Developer/SDKs/iPhoneSimulator26.1.sdk -target arm64-apple-ios12.0-simulator -g -module-cache-path /Users/darisadam/Library/Developer/Xcode/DerivedData/ModuleCache.noindex -Xfrontend -serialize-debugging-options -enable-testing -suppress-warnings -index-store-path /Users/darisadam/Library/Developer/Xcode/DerivedData/Madabank-hkohthnbjtgnoechirsoymtykttx/Index.noindex/DataStore -Xcc -D_LIBCPP_HARDENING_MODE\=_LIBCPP_HARDENING_MODE_DEBUG -swift-version 5 -I /Users/darisadam/Library/Developer/Xcode/DerivedData/Madabank-hkohthnbjtgnoechirsoymtykttx/Build/Products/Debug-iphonesimulator -F /Users/darisadam/Library/Developer/Xcode/DerivedData/Madabank-hkohthnbjtgnoechirsoymtykttx/Build/Products/Debug-iphonesimulator -F /Applications/Xcode.app/Contents/Developer/Platforms/iPhoneSimulator.platform/Developer/Library/Frameworks -c -j8 -enable-batch-mode -incremental -Xcc -ivfsstatcache -Xcc /Users/darisadam/Library/Developer/Xcode/DerivedData/SDKStatCaches.noindex/iphonesimulator26.1-23B77-3885c01c3e6b6a337905948deab2002e90cf18a4295e390e64c810bc6bd7acbc.sdkstatcache -output-file-map /Users/darisadam/Library/Developer/Xcode/DerivedData/Madabank-hkohthnbjtgnoechirsoymtykttx/Build/Intermediates.noindex/Alamofire.build/Debug-iphonesimulator/Alamofire.build/Objects-normal/arm64/Alamofire-OutputFileMap.json -use-frontend-parseable-output -save-temps -no-color-diagnostics -explicit-module-build -module-cache-path /Users/darisadam/Library/Developer/Xcode/DerivedData/Madabank-hkohthnbjtgnoechirsoymtykttx/Build/Intermediates.noindex/SwiftExplicitPrecompiledModules -clang-scanner-module-cache-path /Users/darisadam/Library/Developer/Xcode/DerivedData/ModuleCache.noindex -sdk-module-cache-path /Users/darisadam/Library/Developer/Xcode/DerivedData/ModuleCache.noindex -serialize-diagnostics -emit-dependencies -emit-module -emit-module-path /Users/darisadam/Library/Developer/Xcode/DerivedData/Madabank-hkohthnbjtgnoechirsoymtykttx/Build/Intermediates.noindex/Alamofire.build/Debug-iphonesimulator/Alamofire.build/Objects-normal/arm64/Alamofire.swiftmodule -validate-clang-modules-once -clang-build-session-file /Users/darisadam/Library/Developer/Xcode/DerivedData/ModuleCache.noindex/Session.modulevalidation -Xcc -I/Users/darisadam/Library/Developer/Xcode/DerivedData/Madabank-hkohthnbjtgnoechirsoymtykttx/Build/Intermediates.noindex/Alamofire.build/Debug-iphonesimulator/Alamofire.build/swift-overrides.hmap -emit-const-values -Xfrontend -const-gather-protocols-file -Xfrontend /Users/darisadam/Library/Developer/Xcode/DerivedData/Madabank-hkohthnbjtgnoechirsoymtykttx/Build/Intermediates.noindex/Alamofire.build/Debug-iphonesimulator/Alamofire.build/Objects-normal/arm64/Alamofire_const_extract_protocols.json -Xcc -I/Users/darisadam/Library/Developer/Xcode/DerivedData/Madabank-hkohthnbjtgnoechirsoymtykttx/Build/Products/Debug-iphonesimulator/include -Xcc -I/Users/darisadam/Library/Developer/Xcode/DerivedData/Madabank-hkohthnbjtgnoechirsoymtykttx/Build/Intermediates.noindex/Alamofire.build/Debug-iphonesimulator/Alamofire.build/DerivedSources-normal/arm64 -Xcc -I/Users/darisadam/Library/Developer/Xcode/DerivedData/Madabank-hkohthnbjtgnoechirsoymtykttx/Build/Intermediates.noindex/Alamofire.build/Debug-iphonesimulator/Alamofire.build/DerivedSources/arm64 -Xcc -I/Users/darisadam/Library/Developer/Xcode/DerivedData/Madabank-hkohthnbjtgnoechirsoymtykttx/Build/Intermediates.noindex/Alamofire.build/Debug-iphonesimulator/Alamofire.build/DerivedSources -Xcc -DDEBUG\=1 -Xcc -DSWIFT_PACKAGE\=1 -emit-objc-header -emit-objc-header-path /Users/darisadam/Library/Developer/Xcode/DerivedData/Madabank-hkohthnbjtgnoechirsoymtykttx/Build/Intermediates.noindex/Alamofire.build/Debug-iphonesimulator/Alamofire.build/Objects-normal/arm64/Alamofire-Swift.h -working-directory /Users/darisadam/Documents/Projects/iOS\ Apps/madabank-ios/Madabank/Tuist/.build/tuist-derived/Alamofire -experimental-emit-module-separately -disable-cmo

SwiftCompile normal arm64 Compiling\ AddRef.swift,\ Amb.swift,\ AnonymousDisposable.swift,\ AnonymousObserver.swift,\ AnyObserver.swift,\ AsMaybe.swift,\ AsSingle.swift,\ AsyncLock.swift,\ AsyncSubject.swift,\ AtomicInt.swift,\ Bag+Rx.swift,\ Bag.swift,\ BehaviorSubject.swift,\ BinaryDisposable.swift,\ Binder.swift,\ BooleanDisposable.swift,\ Buffer.swift,\ Cancelable.swift,\ Catch.swift,\ CombineLatest+Collection.swift,\ CombineLatest+arity.swift /Users/darisadam/Documents/Projects/iOS\ Apps/madabank-ios/Madabank/Tuist/.build/checkouts/RxSwift/Sources/RxSwift/AddRef.swift /Users/darisadam/Documents/Projects/iOS\ Apps/madabank-ios/Madabank/Tuist/.build/checkouts/RxSwift/Sources/RxSwift/Amb.swift /Users/darisadam/Documents/Projects/iOS\ Apps/madabank-ios/Madabank/Tuist/.build/checkouts/RxSwift/Sources/RxSwift/AnonymousDisposable.swift /Users/darisadam/Documents/Projects/iOS\ Apps/madabank-ios/Madabank/Tuist/.build/checkouts/RxSwift/Sources/RxSwift/AnonymousObserver.swift /Users/darisadam/Documents/Projects/iOS\ Apps/madabank-ios/Madabank/Tuist/.build/checkouts/RxSwift/Sources/RxSwift/AnyObserver.swift /Users/darisadam/Documents/Projects/iOS\ Apps/madabank-ios/Madabank/Tuist/.build/checkouts/RxSwift/Sources/RxSwift/AsMaybe.swift /Users/darisadam/Documents/Projects/iOS\ Apps/madabank-ios/Madabank/Tuist/.build/checkouts/RxSwift/Sources/RxSwift/AsSingle.swift /Users/darisadam/Documents/Projects/iOS\ Apps/madabank-ios/Madabank/Tuist/.build/checkouts/RxSwift/Sources/RxSwift/AsyncLock.swift /Users/darisadam/Documents/Projects/iOS\ Apps/madabank-ios/Madabank/Tuist/.build/checkouts/RxSwift/Sources/RxSwift/AsyncSubject.swift /Users/darisadam/Documents/Projects/iOS\ Apps/madabank-ios/Madabank/Tuist/.build/checkouts/RxSwift/Sources/RxSwift/AtomicInt.swift /Users/darisadam/Documents/Projects/iOS\ Apps/madabank-ios/Madabank/Tuist/.build/checkouts/RxSwift/Sources/RxSwift/Bag+Rx.swift /Users/darisadam/Documents/Projects/iOS\ Apps/madabank-ios/Madabank/Tuist/.build/checkouts/RxSwift/Sources/RxSwift/Bag.swift /Users/darisadam/Documents/Projects/iOS\ Apps/madabank-ios/Madabank/Tuist/.build/checkouts/RxSwift/Sources/RxSwift/BehaviorSubject.swift /Users/darisadam/Documents/Projects/iOS\ Apps/madabank-ios/Madabank/Tuist/.build/checkouts/RxSwift/Sources/RxSwift/BinaryDisposable.swift /Users/darisadam/Documents/Projects/iOS\ Apps/madabank-ios/Madabank/Tuist/.build/checkouts/RxSwift/Sources/RxSwift/Binder.swift /Users/darisadam/Documents/Projects/iOS\ Apps/madabank-ios/Madabank/Tuist/.build/checkouts/RxSwift/Sources/RxSwift/BooleanDisposable.swift /Users/darisadam/Documents/Projects/iOS\ Apps/madabank-ios/Madabank/Tuist/.build/checkouts/RxSwift/Sources/RxSwift/Buffer.swift /Users/darisadam/Documents/Projects/iOS\ Apps/madabank-ios/Madabank/Tuist/.build/checkouts/RxSwift/Sources/RxSwift/Cancelable.swift /Users/darisadam/Documents/Projects/iOS\ Apps/madabank-ios/Madabank/Tuist/.build/checkouts/RxSwift/Sources/RxSwift/Catch.swift /Users/darisadam/Documents/Projects/iOS\ Apps/madabank-ios/Madabank/Tuist/.build/checkouts/RxSwift/Sources/RxSwift/CombineLatest+Collection.swift /Users/darisadam/Documents/Projects/iOS\ Apps/madabank-ios/Madabank/Tuist/.build/checkouts/RxSwift/Sources/RxSwift/CombineLatest+arity.swift (in target 'RxSwift' from project 'RxSwift')
SwiftCompile normal arm64 /Users/darisadam/Documents/Projects/iOS\ Apps/madabank-ios/Madabank/Tuist/.build/checkouts/RxSwift/Sources/RxSwift/AddRef.swift (in target 'RxSwift' from project 'RxSwift')
    cd /Users/darisadam/Documents/Projects/iOS\ Apps/madabank-ios/Madabank/Tuist/.build/tuist-derived/RxSwift
    

SwiftCompile normal arm64 /Users/darisadam/Documents/Projects/iOS\ Apps/madabank-ios/Madabank/Tuist/.build/checkouts/RxSwift/Sources/RxSwift/Amb.swift (in target 'RxSwift' from project 'RxSwift')
    cd /Users/darisadam/Documents/Projects/iOS\ Apps/madabank-ios/Madabank/Tuist/.build/tuist-derived/RxSwift
    

SwiftCompile normal arm64 /Users/darisadam/Documents/Projects/iOS\ Apps/madabank-ios/Madabank/Tuist/.build/checkouts/RxSwift/Sources/RxSwift/AnonymousDisposable.swift (in target 'RxSwift' from project 'RxSwift')
    cd /Users/darisadam/Documents/Projects/iOS\ Apps/madabank-ios/Madabank/Tuist/.build/tuist-derived/RxSwift
    

SwiftCompile normal arm64 /Users/darisadam/Documents/Projects/iOS\ Apps/madabank-ios/Madabank/Tuist/.build/checkouts/RxSwift/Sources/RxSwift/AnonymousObserver.swift (in target 'RxSwift' from project 'RxSwift')
    cd /Users/darisadam/Documents/Projects/iOS\ Apps/madabank-ios/Madabank/Tuist/.build/tuist-derived/RxSwift
    

SwiftCompile normal arm64 /Users/darisadam/Documents/Projects/iOS\ Apps/madabank-ios/Madabank/Tuist/.build/checkouts/RxSwift/Sources/RxSwift/AnyObserver.swift (in target 'RxSwift' from project 'RxSwift')
    cd /Users/darisadam/Documents/Projects/iOS\ Apps/madabank-ios/Madabank/Tuist/.build/tuist-derived/RxSwift
    

SwiftCompile normal arm64 /Users/darisadam/Documents/Projects/iOS\ Apps/madabank-ios/Madabank/Tuist/.build/checkouts/RxSwift/Sources/RxSwift/AsMaybe.swift (in target 'RxSwift' from project 'RxSwift')
    cd /Users/darisadam/Documents/Projects/iOS\ Apps/madabank-ios/Madabank/Tuist/.build/tuist-derived/RxSwift
    

SwiftCompile normal arm64 /Users/darisadam/Documents/Projects/iOS\ Apps/madabank-ios/Madabank/Tuist/.build/checkouts/RxSwift/Sources/RxSwift/AsSingle.swift (in target 'RxSwift' from project 'RxSwift')
    cd /Users/darisadam/Documents/Projects/iOS\ Apps/madabank-ios/Madabank/Tuist/.build/tuist-derived/RxSwift
    

SwiftCompile normal arm64 /Users/darisadam/Documents/Projects/iOS\ Apps/madabank-ios/Madabank/Tuist/.build/checkouts/RxSwift/Sources/RxSwift/AsyncLock.swift (in target 'RxSwift' from project 'RxSwift')
    cd /Users/darisadam/Documents/Projects/iOS\ Apps/madabank-ios/Madabank/Tuist/.build/tuist-derived/RxSwift
    

SwiftCompile normal arm64 /Users/darisadam/Documents/Projects/iOS\ Apps/madabank-ios/Madabank/Tuist/.build/checkouts/RxSwift/Sources/RxSwift/AsyncSubject.swift (in target 'RxSwift' from project 'RxSwift')
    cd /Users/darisadam/Documents/Projects/iOS\ Apps/madabank-ios/Madabank/Tuist/.build/tuist-derived/RxSwift
    

SwiftCompile normal arm64 /Users/darisadam/Documents/Projects/iOS\ Apps/madabank-ios/Madabank/Tuist/.build/checkouts/RxSwift/Sources/RxSwift/AtomicInt.swift (in target 'RxSwift' from project 'RxSwift')
    cd /Users/darisadam/Documents/Projects/iOS\ Apps/madabank-ios/Madabank/Tuist/.build/tuist-derived/RxSwift
    

SwiftCompile normal arm64 /Users/darisadam/Documents/Projects/iOS\ Apps/madabank-ios/Madabank/Tuist/.build/checkouts/RxSwift/Sources/RxSwift/Bag+Rx.swift (in target 'RxSwift' from project 'RxSwift')
    cd /Users/darisadam/Documents/Projects/iOS\ Apps/madabank-ios/Madabank/Tuist/.build/tuist-derived/RxSwift
    

SwiftCompile normal arm64 /Users/darisadam/Documents/Projects/iOS\ Apps/madabank-ios/Madabank/Tuist/.build/checkouts/RxSwift/Sources/RxSwift/Bag.swift (in target 'RxSwift' from project 'RxSwift')
    cd /Users/darisadam/Documents/Projects/iOS\ Apps/madabank-ios/Madabank/Tuist/.build/tuist-derived/RxSwift
    

SwiftCompile normal arm64 /Users/darisadam/Documents/Projects/iOS\ Apps/madabank-ios/Madabank/Tuist/.build/checkouts/RxSwift/Sources/RxSwift/BehaviorSubject.swift (in target 'RxSwift' from project 'RxSwift')
    cd /Users/darisadam/Documents/Projects/iOS\ Apps/madabank-ios/Madabank/Tuist/.build/tuist-derived/RxSwift
    

SwiftCompile normal arm64 /Users/darisadam/Documents/Projects/iOS\ Apps/madabank-ios/Madabank/Tuist/.build/checkouts/RxSwift/Sources/RxSwift/BinaryDisposable.swift (in target 'RxSwift' from project 'RxSwift')
    cd /Users/darisadam/Documents/Projects/iOS\ Apps/madabank-ios/Madabank/Tuist/.build/tuist-derived/RxSwift
    

SwiftCompile normal arm64 /Users/darisadam/Documents/Projects/iOS\ Apps/madabank-ios/Madabank/Tuist/.build/checkouts/RxSwift/Sources/RxSwift/Binder.swift (in target 'RxSwift' from project 'RxSwift')
    cd /Users/darisadam/Documents/Projects/iOS\ Apps/madabank-ios/Madabank/Tuist/.build/tuist-derived/RxSwift
    

SwiftCompile normal arm64 /Users/darisadam/Documents/Projects/iOS\ Apps/madabank-ios/Madabank/Tuist/.build/checkouts/RxSwift/Sources/RxSwift/BooleanDisposable.swift (in target 'RxSwift' from project 'RxSwift')
    cd /Users/darisadam/Documents/Projects/iOS\ Apps/madabank-ios/Madabank/Tuist/.build/tuist-derived/RxSwift
    

SwiftCompile normal arm64 /Users/darisadam/Documents/Projects/iOS\ Apps/madabank-ios/Madabank/Tuist/.build/checkouts/RxSwift/Sources/RxSwift/Buffer.swift (in target 'RxSwift' from project 'RxSwift')
    cd /Users/darisadam/Documents/Projects/iOS\ Apps/madabank-ios/Madabank/Tuist/.build/tuist-derived/RxSwift
    

SwiftCompile normal arm64 /Users/darisadam/Documents/Projects/iOS\ Apps/madabank-ios/Madabank/Tuist/.build/checkouts/RxSwift/Sources/RxSwift/Cancelable.swift (in target 'RxSwift' from project 'RxSwift')
    cd /Users/darisadam/Documents/Projects/iOS\ Apps/madabank-ios/Madabank/Tuist/.build/tuist-derived/RxSwift
    

SwiftCompile normal arm64 /Users/darisadam/Documents/Projects/iOS\ Apps/madabank-ios/Madabank/Tuist/.build/checkouts/RxSwift/Sources/RxSwift/Catch.swift (in target 'RxSwift' from project 'RxSwift')
    cd /Users/darisadam/Documents/Projects/iOS\ Apps/madabank-ios/Madabank/Tuist/.build/tuist-derived/RxSwift
    

SwiftCompile normal arm64 /Users/darisadam/Documents/Projects/iOS\ Apps/madabank-ios/Madabank/Tuist/.build/checkouts/RxSwift/Sources/RxSwift/CombineLatest+Collection.swift (in target 'RxSwift' from project 'RxSwift')
    cd /Users/darisadam/Documents/Projects/iOS\ Apps/madabank-ios/Madabank/Tuist/.build/tuist-derived/RxSwift
    

SwiftCompile normal arm64 /Users/darisadam/Documents/Projects/iOS\ Apps/madabank-ios/Madabank/Tuist/.build/checkouts/RxSwift/Sources/RxSwift/CombineLatest+arity.swift (in target 'RxSwift' from project 'RxSwift')
    cd /Users/darisadam/Documents/Projects/iOS\ Apps/madabank-ios/Madabank/Tuist/.build/tuist-derived/RxSwift
    

SwiftMergeGeneratedHeaders /Users/darisadam/Library/Developer/Xcode/DerivedData/Madabank-hkohthnbjtgnoechirsoymtykttx/Build/Products/Debug-iphonesimulator/Alamofire.framework/Headers/Alamofire-Swift.h /Users/darisadam/Library/Developer/Xcode/DerivedData/Madabank-hkohthnbjtgnoechirsoymtykttx/Build/Intermediates.noindex/Alamofire.build/Debug-iphonesimulator/Alamofire.build/Objects-normal/arm64/Alamofire-Swift.h (in target 'Alamofire' from project 'Alamofire')
    cd /Users/darisadam/Documents/Projects/iOS\ Apps/madabank-ios/Madabank/Tuist/.build/tuist-derived/Alamofire
    builtin-swiftHeaderTool -arch arm64 /Users/darisadam/Library/Developer/Xcode/DerivedData/Madabank-hkohthnbjtgnoechirsoymtykttx/Build/Intermediates.noindex/Alamofire.build/Debug-iphonesimulator/Alamofire.build/Objects-normal/arm64/Alamofire-Swift.h -o /Users/darisadam/Library/Developer/Xcode/DerivedData/Madabank-hkohthnbjtgnoechirsoymtykttx/Build/Products/Debug-iphonesimulator/Alamofire.framework/Headers/Alamofire-Swift.h

SwiftDriverJobDiscovery normal arm64 Compiling WebSocketRequest.swift, DispatchQueue+Alamofire.swift, OperationQueue+Alamofire.swift, Result+Alamofire.swift, StringEncoding+Alamofire.swift, URLRequest+Alamofire.swift (in target 'Alamofire' from project 'Alamofire')

Copy /Users/darisadam/Library/Developer/Xcode/DerivedData/Madabank-hkohthnbjtgnoechirsoymtykttx/Build/Products/Debug-iphonesimulator/Alamofire.framework/Modules/Alamofire.swiftmodule/arm64-apple-ios-simulator.swiftmodule /Users/darisadam/Library/Developer/Xcode/DerivedData/Madabank-hkohthnbjtgnoechirsoymtykttx/Build/Intermediates.noindex/Alamofire.build/Debug-iphonesimulator/Alamofire.build/Objects-normal/arm64/Alamofire.swiftmodule (in target 'Alamofire' from project 'Alamofire')
    cd /Users/darisadam/Documents/Projects/iOS\ Apps/madabank-ios/Madabank/Tuist/.build/tuist-derived/Alamofire
    builtin-copy -exclude .DS_Store -exclude CVS -exclude .svn -exclude .git -exclude .hg -resolve-src-symlinks -rename /Users/darisadam/Library/Developer/Xcode/DerivedData/Madabank-hkohthnbjtgnoechirsoymtykttx/Build/Intermediates.noindex/Alamofire.build/Debug-iphonesimulator/Alamofire.build/Objects-normal/arm64/Alamofire.swiftmodule /Users/darisadam/Library/Developer/Xcode/DerivedData/Madabank-hkohthnbjtgnoechirsoymtykttx/Build/Products/Debug-iphonesimulator/Alamofire.framework/Modules/Alamofire.swiftmodule/arm64-apple-ios-simulator.swiftmodule

Copy /Users/darisadam/Library/Developer/Xcode/DerivedData/Madabank-hkohthnbjtgnoechirsoymtykttx/Build/Products/Debug-iphonesimulator/Alamofire.framework/Modules/Alamofire.swiftmodule/arm64-apple-ios-simulator.swiftdoc /Users/darisadam/Library/Developer/Xcode/DerivedData/Madabank-hkohthnbjtgnoechirsoymtykttx/Build/Intermediates.noindex/Alamofire.build/Debug-iphonesimulator/Alamofire.build/Objects-normal/arm64/Alamofire.swiftdoc (in target 'Alamofire' from project 'Alamofire')
    cd /Users/darisadam/Documents/Projects/iOS\ Apps/madabank-ios/Madabank/Tuist/.build/tuist-derived/Alamofire
    builtin-copy -exclude .DS_Store -exclude CVS -exclude .svn -exclude .git -exclude .hg -resolve-src-symlinks -rename /Users/darisadam/Library/Developer/Xcode/DerivedData/Madabank-hkohthnbjtgnoechirsoymtykttx/Build/Intermediates.noindex/Alamofire.build/Debug-iphonesimulator/Alamofire.build/Objects-normal/arm64/Alamofire.swiftdoc /Users/darisadam/Library/Developer/Xcode/DerivedData/Madabank-hkohthnbjtgnoechirsoymtykttx/Build/Products/Debug-iphonesimulator/Alamofire.framework/Modules/Alamofire.swiftmodule/arm64-apple-ios-simulator.swiftdoc

Copy /Users/darisadam/Library/Developer/Xcode/DerivedData/Madabank-hkohthnbjtgnoechirsoymtykttx/Build/Products/Debug-iphonesimulator/Alamofire.framework/Modules/Alamofire.swiftmodule/arm64-apple-ios-simulator.abi.json /Users/darisadam/Library/Developer/Xcode/DerivedData/Madabank-hkohthnbjtgnoechirsoymtykttx/Build/Intermediates.noindex/Alamofire.build/Debug-iphonesimulator/Alamofire.build/Objects-normal/arm64/Alamofire.abi.json (in target 'Alamofire' from project 'Alamofire')
    cd /Users/darisadam/Documents/Projects/iOS\ Apps/madabank-ios/Madabank/Tuist/.build/tuist-derived/Alamofire
    builtin-copy -exclude .DS_Store -exclude CVS -exclude .svn -exclude .git -exclude .hg -resolve-src-symlinks -rename /Users/darisadam/Library/Developer/Xcode/DerivedData/Madabank-hkohthnbjtgnoechirsoymtykttx/Build/Intermediates.noindex/Alamofire.build/Debug-iphonesimulator/Alamofire.build/Objects-normal/arm64/Alamofire.abi.json /Users/darisadam/Library/Developer/Xcode/DerivedData/Madabank-hkohthnbjtgnoechirsoymtykttx/Build/Products/Debug-iphonesimulator/Alamofire.framework/Modules/Alamofire.swiftmodule/arm64-apple-ios-simulator.abi.json

Copy /Users/darisadam/Library/Developer/Xcode/DerivedData/Madabank-hkohthnbjtgnoechirsoymtykttx/Build/Products/Debug-iphonesimulator/Alamofire.framework/Modules/Alamofire.swiftmodule/Project/arm64-apple-ios-simulator.swiftsourceinfo /Users/darisadam/Library/Developer/Xcode/DerivedData/Madabank-hkohthnbjtgnoechirsoymtykttx/Build/Intermediates.noindex/Alamofire.build/Debug-iphonesimulator/Alamofire.build/Objects-normal/arm64/Alamofire.swiftsourceinfo (in target 'Alamofire' from project 'Alamofire')
    cd /Users/darisadam/Documents/Projects/iOS\ Apps/madabank-ios/Madabank/Tuist/.build/tuist-derived/Alamofire
    builtin-copy -exclude .DS_Store -exclude CVS -exclude .svn -exclude .git -exclude .hg -resolve-src-symlinks -rename /Users/darisadam/Library/Developer/Xcode/DerivedData/Madabank-hkohthnbjtgnoechirsoymtykttx/Build/Intermediates.noindex/Alamofire.build/Debug-iphonesimulator/Alamofire.build/Objects-normal/arm64/Alamofire.swiftsourceinfo /Users/darisadam/Library/Developer/Xcode/DerivedData/Madabank-hkohthnbjtgnoechirsoymtykttx/Build/Products/Debug-iphonesimulator/Alamofire.framework/Modules/Alamofire.swiftmodule/Project/arm64-apple-ios-simulator.swiftsourceinfo

SwiftCompile normal arm64 Compiling\ Producer.swift,\ PublishSubject.swift,\ Queue.swift,\ Range.swift,\ Reactive.swift,\ RecursiveLock.swift,\ RecursiveScheduler.swift,\ Reduce.swift,\ RefCountDisposable.swift,\ Repeat.swift,\ ReplaySubject.swift,\ RetryWhen.swift,\ Rx.swift,\ RxMutableBox.swift,\ Sample.swift,\ Scan.swift,\ ScheduledDisposable.swift,\ ScheduledItem.swift,\ ScheduledItemType.swift,\ SchedulerServices+Emulation.swift /Users/darisadam/Documents/Projects/iOS\ Apps/madabank-ios/Madabank/Tuist/.build/checkouts/RxSwift/Sources/RxSwift/Producer.swift /Users/darisadam/Documents/Projects/iOS\ Apps/madabank-ios/Madabank/Tuist/.build/checkouts/RxSwift/Sources/RxSwift/PublishSubject.swift /Users/darisadam/Documents/Projects/iOS\ Apps/madabank-ios/Madabank/Tuist/.build/checkouts/RxSwift/Sources/RxSwift/Queue.swift /Users/darisadam/Documents/Projects/iOS\ Apps/madabank-ios/Madabank/Tuist/.build/checkouts/RxSwift/Sources/RxSwift/Range.swift /Users/darisadam/Documents/Projects/iOS\ Apps/madabank-ios/Madabank/Tuist/.build/checkouts/RxSwift/Sources/RxSwift/Reactive.swift /Users/darisadam/Documents/Projects/iOS\ Apps/madabank-ios/Madabank/Tuist/.build/checkouts/RxSwift/Sources/RxSwift/RecursiveLock.swift /Users/darisadam/Documents/Projects/iOS\ Apps/madabank-ios/Madabank/Tuist/.build/checkouts/RxSwift/Sources/RxSwift/RecursiveScheduler.swift /Users/darisadam/Documents/Projects/iOS\ Apps/madabank-ios/Madabank/Tuist/.build/checkouts/RxSwift/Sources/RxSwift/Reduce.swift /Users/darisadam/Documents/Projects/iOS\ Apps/madabank-ios/Madabank/Tuist/.build/checkouts/RxSwift/Sources/RxSwift/RefCountDisposable.swift /Users/darisadam/Documents/Projects/iOS\ Apps/madabank-ios/Madabank/Tuist/.build/checkouts/RxSwift/Sources/RxSwift/Repeat.swift /Users/darisadam/Documents/Projects/iOS\ Apps/madabank-ios/Madabank/Tuist/.build/checkouts/RxSwift/Sources/RxSwift/ReplaySubject.swift /Users/darisadam/Documents/Projects/iOS\ Apps/madabank-ios/Madabank/Tuist/.build/checkouts/RxSwift/Sources/RxSwift/RetryWhen.swift /Users/darisadam/Documents/Projects/iOS\ Apps/madabank-ios/Madabank/Tuist/.build/checkouts/RxSwift/Sources/RxSwift/Rx.swift /Users/darisadam/Documents/Projects/iOS\ Apps/madabank-ios/Madabank/Tuist/.build/checkouts/RxSwift/Sources/RxSwift/RxMutableBox.swift /Users/darisadam/Documents/Projects/iOS\ Apps/madabank-ios/Madabank/Tuist/.build/checkouts/RxSwift/Sources/RxSwift/Sample.swift /Users/darisadam/Documents/Projects/iOS\ Apps/madabank-ios/Madabank/Tuist/.build/checkouts/RxSwift/Sources/RxSwift/Scan.swift /Users/darisadam/Documents/Projects/iOS\ Apps/madabank-ios/Madabank/Tuist/.build/checkouts/RxSwift/Sources/RxSwift/ScheduledDisposable.swift /Users/darisadam/Documents/Projects/iOS\ Apps/madabank-ios/Madabank/Tuist/.build/checkouts/RxSwift/Sources/RxSwift/ScheduledItem.swift /Users/darisadam/Documents/Projects/iOS\ Apps/madabank-ios/Madabank/Tuist/.build/checkouts/RxSwift/Sources/RxSwift/ScheduledItemType.swift /Users/darisadam/Documents/Projects/iOS\ Apps/madabank-ios/Madabank/Tuist/.build/checkouts/RxSwift/Sources/RxSwift/SchedulerServices+Emulation.swift (in target 'RxSwift' from project 'RxSwift')

SwiftCompile normal arm64 /Users/darisadam/Documents/Projects/iOS\ Apps/madabank-ios/Madabank/Tuist/.build/checkouts/RxSwift/Sources/RxSwift/Producer.swift (in target 'RxSwift' from project 'RxSwift')
    cd /Users/darisadam/Documents/Projects/iOS\ Apps/madabank-ios/Madabank/Tuist/.build/tuist-derived/RxSwift
    

SwiftCompile normal arm64 /Users/darisadam/Documents/Projects/iOS\ Apps/madabank-ios/Madabank/Tuist/.build/checkouts/RxSwift/Sources/RxSwift/PublishSubject.swift (in target 'RxSwift' from project 'RxSwift')
    cd /Users/darisadam/Documents/Projects/iOS\ Apps/madabank-ios/Madabank/Tuist/.build/tuist-derived/RxSwift
    

SwiftCompile normal arm64 /Users/darisadam/Documents/Projects/iOS\ Apps/madabank-ios/Madabank/Tuist/.build/checkouts/RxSwift/Sources/RxSwift/Queue.swift (in target 'RxSwift' from project 'RxSwift')
    cd /Users/darisadam/Documents/Projects/iOS\ Apps/madabank-ios/Madabank/Tuist/.build/tuist-derived/RxSwift
    

SwiftCompile normal arm64 /Users/darisadam/Documents/Projects/iOS\ Apps/madabank-ios/Madabank/Tuist/.build/checkouts/RxSwift/Sources/RxSwift/Range.swift (in target 'RxSwift' from project 'RxSwift')
    cd /Users/darisadam/Documents/Projects/iOS\ Apps/madabank-ios/Madabank/Tuist/.build/tuist-derived/RxSwift
    

SwiftCompile normal arm64 /Users/darisadam/Documents/Projects/iOS\ Apps/madabank-ios/Madabank/Tuist/.build/checkouts/RxSwift/Sources/RxSwift/Reactive.swift (in target 'RxSwift' from project 'RxSwift')
    cd /Users/darisadam/Documents/Projects/iOS\ Apps/madabank-ios/Madabank/Tuist/.build/tuist-derived/RxSwift
    

SwiftCompile normal arm64 /Users/darisadam/Documents/Projects/iOS\ Apps/madabank-ios/Madabank/Tuist/.build/checkouts/RxSwift/Sources/RxSwift/RecursiveLock.swift (in target 'RxSwift' from project 'RxSwift')
    cd /Users/darisadam/Documents/Projects/iOS\ Apps/madabank-ios/Madabank/Tuist/.build/tuist-derived/RxSwift
    

SwiftCompile normal arm64 /Users/darisadam/Documents/Projects/iOS\ Apps/madabank-ios/Madabank/Tuist/.build/checkouts/RxSwift/Sources/RxSwift/RecursiveScheduler.swift (in target 'RxSwift' from project 'RxSwift')
    cd /Users/darisadam/Documents/Projects/iOS\ Apps/madabank-ios/Madabank/Tuist/.build/tuist-derived/RxSwift
    

SwiftCompile normal arm64 /Users/darisadam/Documents/Projects/iOS\ Apps/madabank-ios/Madabank/Tuist/.build/checkouts/RxSwift/Sources/RxSwift/Reduce.swift (in target 'RxSwift' from project 'RxSwift')
    cd /Users/darisadam/Documents/Projects/iOS\ Apps/madabank-ios/Madabank/Tuist/.build/tuist-derived/RxSwift
    

SwiftCompile normal arm64 /Users/darisadam/Documents/Projects/iOS\ Apps/madabank-ios/Madabank/Tuist/.build/checkouts/RxSwift/Sources/RxSwift/RefCountDisposable.swift (in target 'RxSwift' from project 'RxSwift')
    cd /Users/darisadam/Documents/Projects/iOS\ Apps/madabank-ios/Madabank/Tuist/.build/tuist-derived/RxSwift
    

SwiftCompile normal arm64 /Users/darisadam/Documents/Projects/iOS\ Apps/madabank-ios/Madabank/Tuist/.build/checkouts/RxSwift/Sources/RxSwift/Repeat.swift (in target 'RxSwift' from project 'RxSwift')
    cd /Users/darisadam/Documents/Projects/iOS\ Apps/madabank-ios/Madabank/Tuist/.build/tuist-derived/RxSwift
    

SwiftCompile normal arm64 /Users/darisadam/Documents/Projects/iOS\ Apps/madabank-ios/Madabank/Tuist/.build/checkouts/RxSwift/Sources/RxSwift/ReplaySubject.swift (in target 'RxSwift' from project 'RxSwift')
    cd /Users/darisadam/Documents/Projects/iOS\ Apps/madabank-ios/Madabank/Tuist/.build/tuist-derived/RxSwift
    

SwiftCompile normal arm64 /Users/darisadam/Documents/Projects/iOS\ Apps/madabank-ios/Madabank/Tuist/.build/checkouts/RxSwift/Sources/RxSwift/RetryWhen.swift (in target 'RxSwift' from project 'RxSwift')
    cd /Users/darisadam/Documents/Projects/iOS\ Apps/madabank-ios/Madabank/Tuist/.build/tuist-derived/RxSwift
    

SwiftCompile normal arm64 /Users/darisadam/Documents/Projects/iOS\ Apps/madabank-ios/Madabank/Tuist/.build/checkouts/RxSwift/Sources/RxSwift/Rx.swift (in target 'RxSwift' from project 'RxSwift')
    cd /Users/darisadam/Documents/Projects/iOS\ Apps/madabank-ios/Madabank/Tuist/.build/tuist-derived/RxSwift
    

SwiftCompile normal arm64 /Users/darisadam/Documents/Projects/iOS\ Apps/madabank-ios/Madabank/Tuist/.build/checkouts/RxSwift/Sources/RxSwift/RxMutableBox.swift (in target 'RxSwift' from project 'RxSwift')
    cd /Users/darisadam/Documents/Projects/iOS\ Apps/madabank-ios/Madabank/Tuist/.build/tuist-derived/RxSwift
    

SwiftCompile normal arm64 /Users/darisadam/Documents/Projects/iOS\ Apps/madabank-ios/Madabank/Tuist/.build/checkouts/RxSwift/Sources/RxSwift/Sample.swift (in target 'RxSwift' from project 'RxSwift')
    cd /Users/darisadam/Documents/Projects/iOS\ Apps/madabank-ios/Madabank/Tuist/.build/tuist-derived/RxSwift
    

SwiftCompile normal arm64 /Users/darisadam/Documents/Projects/iOS\ Apps/madabank-ios/Madabank/Tuist/.build/checkouts/RxSwift/Sources/RxSwift/Scan.swift (in target 'RxSwift' from project 'RxSwift')
    cd /Users/darisadam/Documents/Projects/iOS\ Apps/madabank-ios/Madabank/Tuist/.build/tuist-derived/RxSwift
    

SwiftCompile normal arm64 /Users/darisadam/Documents/Projects/iOS\ Apps/madabank-ios/Madabank/Tuist/.build/checkouts/RxSwift/Sources/RxSwift/ScheduledDisposable.swift (in target 'RxSwift' from project 'RxSwift')
    cd /Users/darisadam/Documents/Projects/iOS\ Apps/madabank-ios/Madabank/Tuist/.build/tuist-derived/RxSwift
    

SwiftCompile normal arm64 /Users/darisadam/Documents/Projects/iOS\ Apps/madabank-ios/Madabank/Tuist/.build/checkouts/RxSwift/Sources/RxSwift/ScheduledItem.swift (in target 'RxSwift' from project 'RxSwift')
    cd /Users/darisadam/Documents/Projects/iOS\ Apps/madabank-ios/Madabank/Tuist/.build/tuist-derived/RxSwift
    

SwiftCompile normal arm64 /Users/darisadam/Documents/Projects/iOS\ Apps/madabank-ios/Madabank/Tuist/.build/checkouts/RxSwift/Sources/RxSwift/ScheduledItemType.swift (in target 'RxSwift' from project 'RxSwift')
    cd /Users/darisadam/Documents/Projects/iOS\ Apps/madabank-ios/Madabank/Tuist/.build/tuist-derived/RxSwift
    

SwiftCompile normal arm64 /Users/darisadam/Documents/Projects/iOS\ Apps/madabank-ios/Madabank/Tuist/.build/checkouts/RxSwift/Sources/RxSwift/SchedulerServices+Emulation.swift (in target 'RxSwift' from project 'RxSwift')
    cd /Users/darisadam/Documents/Projects/iOS\ Apps/madabank-ios/Madabank/Tuist/.build/tuist-derived/RxSwift
    

SwiftCompile normal arm64 Compiling\ DispatchQueueConfiguration.swift,\ Disposable.swift,\ Disposables.swift,\ DisposeBag.swift,\ DisposeBase.swift,\ DistinctUntilChanged.swift,\ Do.swift,\ ElementAt.swift,\ Empty.swift,\ Enumerated.swift,\ Error.swift,\ Errors.swift,\ Event.swift,\ Filter.swift,\ First.swift,\ Generate.swift,\ GroupBy.swift,\ GroupedObservable.swift,\ HistoricalScheduler.swift,\ HistoricalSchedulerTimeConverter.swift,\ ImmediateSchedulerType.swift /Users/darisadam/Documents/Projects/iOS\ Apps/madabank-ios/Madabank/Tuist/.build/checkouts/RxSwift/Sources/RxSwift/DispatchQueueConfiguration.swift /Users/darisadam/Documents/Projects/iOS\ Apps/madabank-ios/Madabank/Tuist/.build/checkouts/RxSwift/Sources/RxSwift/Disposable.swift /Users/darisadam/Documents/Projects/iOS\ Apps/madabank-ios/Madabank/Tuist/.build/checkouts/RxSwift/Sources/RxSwift/Disposables.swift /Users/darisadam/Documents/Projects/iOS\ Apps/madabank-ios/Madabank/Tuist/.build/checkouts/RxSwift/Sources/RxSwift/DisposeBag.swift /Users/darisadam/Documents/Projects/iOS\ Apps/madabank-ios/Madabank/Tuist/.build/checkouts/RxSwift/Sources/RxSwift/DisposeBase.swift /Users/darisadam/Documents/Projects/iOS\ Apps/madabank-ios/Madabank/Tuist/.build/checkouts/RxSwift/Sources/RxSwift/DistinctUntilChanged.swift /Users/darisadam/Documents/Projects/iOS\ Apps/madabank-ios/Madabank/Tuist/.build/checkouts/RxSwift/Sources/RxSwift/Do.swift /Users/darisadam/Documents/Projects/iOS\ Apps/madabank-ios/Madabank/Tuist/.build/checkouts/RxSwift/Sources/RxSwift/ElementAt.swift /Users/darisadam/Documents/Projects/iOS\ Apps/madabank-ios/Madabank/Tuist/.build/checkouts/RxSwift/Sources/RxSwift/Empty.swift /Users/darisadam/Documents/Projects/iOS\ Apps/madabank-ios/Madabank/Tuist/.build/checkouts/RxSwift/Sources/RxSwift/Enumerated.swift /Users/darisadam/Documents/Projects/iOS\ Apps/madabank-ios/Madabank/Tuist/.build/checkouts/RxSwift/Sources/RxSwift/Error.swift /Users/darisadam/Documents/Projects/iOS\ Apps/madabank-ios/Madabank/Tuist/.build/checkouts/RxSwift/Sources/RxSwift/Errors.swift /Users/darisadam/Documents/Projects/iOS\ Apps/madabank-ios/Madabank/Tuist/.build/checkouts/RxSwift/Sources/RxSwift/Event.swift /Users/darisadam/Documents/Projects/iOS\ Apps/madabank-ios/Madabank/Tuist/.build/checkouts/RxSwift/Sources/RxSwift/Filter.swift /Users/darisadam/Documents/Projects/iOS\ Apps/madabank-ios/Madabank/Tuist/.build/checkouts/RxSwift/Sources/RxSwift/First.swift /Users/darisadam/Documents/Projects/iOS\ Apps/madabank-ios/Madabank/Tuist/.build/checkouts/RxSwift/Sources/RxSwift/Generate.swift /Users/darisadam/Documents/Projects/iOS\ Apps/madabank-ios/Madabank/Tuist/.build/checkouts/RxSwift/Sources/RxSwift/GroupBy.swift /Users/darisadam/Documents/Projects/iOS\ Apps/madabank-ios/Madabank/Tuist/.build/checkouts/RxSwift/Sources/RxSwift/GroupedObservable.swift /Users/darisadam/Documents/Projects/iOS\ Apps/madabank-ios/Madabank/Tuist/.build/checkouts/RxSwift/Sources/RxSwift/HistoricalScheduler.swift /Users/darisadam/Documents/Projects/iOS\ Apps/madabank-ios/Madabank/Tuist/.build/checkouts/RxSwift/Sources/RxSwift/HistoricalSchedulerTimeConverter.swift /Users/darisadam/Documents/Projects/iOS\ Apps/madabank-ios/Madabank/Tuist/.build/checkouts/RxSwift/Sources/RxSwift/ImmediateSchedulerType.swift (in target 'RxSwift' from project 'RxSwift')

SwiftCompile normal arm64 /Users/darisadam/Documents/Projects/iOS\ Apps/madabank-ios/Madabank/Tuist/.build/checkouts/RxSwift/Sources/RxSwift/DispatchQueueConfiguration.swift (in target 'RxSwift' from project 'RxSwift')
    cd /Users/darisadam/Documents/Projects/iOS\ Apps/madabank-ios/Madabank/Tuist/.build/tuist-derived/RxSwift
    

SwiftCompile normal arm64 /Users/darisadam/Documents/Projects/iOS\ Apps/madabank-ios/Madabank/Tuist/.build/checkouts/RxSwift/Sources/RxSwift/Disposable.swift (in target 'RxSwift' from project 'RxSwift')
    cd /Users/darisadam/Documents/Projects/iOS\ Apps/madabank-ios/Madabank/Tuist/.build/tuist-derived/RxSwift
    

SwiftCompile normal arm64 /Users/darisadam/Documents/Projects/iOS\ Apps/madabank-ios/Madabank/Tuist/.build/checkouts/RxSwift/Sources/RxSwift/Disposables.swift (in target 'RxSwift' from project 'RxSwift')
    cd /Users/darisadam/Documents/Projects/iOS\ Apps/madabank-ios/Madabank/Tuist/.build/tuist-derived/RxSwift
    

SwiftCompile normal arm64 /Users/darisadam/Documents/Projects/iOS\ Apps/madabank-ios/Madabank/Tuist/.build/checkouts/RxSwift/Sources/RxSwift/DisposeBag.swift (in target 'RxSwift' from project 'RxSwift')
    cd /Users/darisadam/Documents/Projects/iOS\ Apps/madabank-ios/Madabank/Tuist/.build/tuist-derived/RxSwift
    

SwiftCompile normal arm64 /Users/darisadam/Documents/Projects/iOS\ Apps/madabank-ios/Madabank/Tuist/.build/checkouts/RxSwift/Sources/RxSwift/DisposeBase.swift (in target 'RxSwift' from project 'RxSwift')
    cd /Users/darisadam/Documents/Projects/iOS\ Apps/madabank-ios/Madabank/Tuist/.build/tuist-derived/RxSwift
    

SwiftCompile normal arm64 /Users/darisadam/Documents/Projects/iOS\ Apps/madabank-ios/Madabank/Tuist/.build/checkouts/RxSwift/Sources/RxSwift/DistinctUntilChanged.swift (in target 'RxSwift' from project 'RxSwift')
    cd /Users/darisadam/Documents/Projects/iOS\ Apps/madabank-ios/Madabank/Tuist/.build/tuist-derived/RxSwift
    

SwiftCompile normal arm64 /Users/darisadam/Documents/Projects/iOS\ Apps/madabank-ios/Madabank/Tuist/.build/checkouts/RxSwift/Sources/RxSwift/Do.swift (in target 'RxSwift' from project 'RxSwift')
    cd /Users/darisadam/Documents/Projects/iOS\ Apps/madabank-ios/Madabank/Tuist/.build/tuist-derived/RxSwift
    

SwiftCompile normal arm64 /Users/darisadam/Documents/Projects/iOS\ Apps/madabank-ios/Madabank/Tuist/.build/checkouts/RxSwift/Sources/RxSwift/ElementAt.swift (in target 'RxSwift' from project 'RxSwift')
    cd /Users/darisadam/Documents/Projects/iOS\ Apps/madabank-ios/Madabank/Tuist/.build/tuist-derived/RxSwift
    

SwiftCompile normal arm64 /Users/darisadam/Documents/Projects/iOS\ Apps/madabank-ios/Madabank/Tuist/.build/checkouts/RxSwift/Sources/RxSwift/Empty.swift (in target 'RxSwift' from project 'RxSwift')
    cd /Users/darisadam/Documents/Projects/iOS\ Apps/madabank-ios/Madabank/Tuist/.build/tuist-derived/RxSwift
    

SwiftCompile normal arm64 /Users/darisadam/Documents/Projects/iOS\ Apps/madabank-ios/Madabank/Tuist/.build/checkouts/RxSwift/Sources/RxSwift/Enumerated.swift (in target 'RxSwift' from project 'RxSwift')
    cd /Users/darisadam/Documents/Projects/iOS\ Apps/madabank-ios/Madabank/Tuist/.build/tuist-derived/RxSwift
    

SwiftCompile normal arm64 /Users/darisadam/Documents/Projects/iOS\ Apps/madabank-ios/Madabank/Tuist/.build/checkouts/RxSwift/Sources/RxSwift/Error.swift (in target 'RxSwift' from project 'RxSwift')
    cd /Users/darisadam/Documents/Projects/iOS\ Apps/madabank-ios/Madabank/Tuist/.build/tuist-derived/RxSwift
    

SwiftCompile normal arm64 /Users/darisadam/Documents/Projects/iOS\ Apps/madabank-ios/Madabank/Tuist/.build/checkouts/RxSwift/Sources/RxSwift/Errors.swift (in target 'RxSwift' from project 'RxSwift')
    cd /Users/darisadam/Documents/Projects/iOS\ Apps/madabank-ios/Madabank/Tuist/.build/tuist-derived/RxSwift
    

SwiftCompile normal arm64 /Users/darisadam/Documents/Projects/iOS\ Apps/madabank-ios/Madabank/Tuist/.build/checkouts/RxSwift/Sources/RxSwift/Event.swift (in target 'RxSwift' from project 'RxSwift')
    cd /Users/darisadam/Documents/Projects/iOS\ Apps/madabank-ios/Madabank/Tuist/.build/tuist-derived/RxSwift
    

SwiftCompile normal arm64 /Users/darisadam/Documents/Projects/iOS\ Apps/madabank-ios/Madabank/Tuist/.build/checkouts/RxSwift/Sources/RxSwift/Filter.swift (in target 'RxSwift' from project 'RxSwift')
    cd /Users/darisadam/Documents/Projects/iOS\ Apps/madabank-ios/Madabank/Tuist/.build/tuist-derived/RxSwift
    

SwiftCompile normal arm64 /Users/darisadam/Documents/Projects/iOS\ Apps/madabank-ios/Madabank/Tuist/.build/checkouts/RxSwift/Sources/RxSwift/First.swift (in target 'RxSwift' from project 'RxSwift')
    cd /Users/darisadam/Documents/Projects/iOS\ Apps/madabank-ios/Madabank/Tuist/.build/tuist-derived/RxSwift
    

SwiftCompile normal arm64 /Users/darisadam/Documents/Projects/iOS\ Apps/madabank-ios/Madabank/Tuist/.build/checkouts/RxSwift/Sources/RxSwift/Generate.swift (in target 'RxSwift' from project 'RxSwift')
    cd /Users/darisadam/Documents/Projects/iOS\ Apps/madabank-ios/Madabank/Tuist/.build/tuist-derived/RxSwift
    

SwiftCompile normal arm64 /Users/darisadam/Documents/Projects/iOS\ Apps/madabank-ios/Madabank/Tuist/.build/checkouts/RxSwift/Sources/RxSwift/GroupBy.swift (in target 'RxSwift' from project 'RxSwift')
    cd /Users/darisadam/Documents/Projects/iOS\ Apps/madabank-ios/Madabank/Tuist/.build/tuist-derived/RxSwift
    

SwiftCompile normal arm64 /Users/darisadam/Documents/Projects/iOS\ Apps/madabank-ios/Madabank/Tuist/.build/checkouts/RxSwift/Sources/RxSwift/GroupedObservable.swift (in target 'RxSwift' from project 'RxSwift')
    cd /Users/darisadam/Documents/Projects/iOS\ Apps/madabank-ios/Madabank/Tuist/.build/tuist-derived/RxSwift
    

SwiftCompile normal arm64 /Users/darisadam/Documents/Projects/iOS\ Apps/madabank-ios/Madabank/Tuist/.build/checkouts/RxSwift/Sources/RxSwift/HistoricalScheduler.swift (in target 'RxSwift' from project 'RxSwift')
    cd /Users/darisadam/Documents/Projects/iOS\ Apps/madabank-ios/Madabank/Tuist/.build/tuist-derived/RxSwift
    

SwiftCompile normal arm64 /Users/darisadam/Documents/Projects/iOS\ Apps/madabank-ios/Madabank/Tuist/.build/checkouts/RxSwift/Sources/RxSwift/HistoricalSchedulerTimeConverter.swift (in target 'RxSwift' from project 'RxSwift')
    cd /Users/darisadam/Documents/Projects/iOS\ Apps/madabank-ios/Madabank/Tuist/.build/tuist-derived/RxSwift
    

SwiftCompile normal arm64 /Users/darisadam/Documents/Projects/iOS\ Apps/madabank-ios/Madabank/Tuist/.build/checkouts/RxSwift/Sources/RxSwift/ImmediateSchedulerType.swift (in target 'RxSwift' from project 'RxSwift')
    cd /Users/darisadam/Documents/Projects/iOS\ Apps/madabank-ios/Madabank/Tuist/.build/tuist-derived/RxSwift
    

SwiftDriverJobDiscovery normal arm64 Emitting module for RxSwift (in target 'RxSwift' from project 'RxSwift')

SwiftDriver\ Compilation\ Requirements RxSwift normal arm64 com.apple.xcode.tools.swift.compiler (in target 'RxSwift' from project 'RxSwift')
    cd /Users/darisadam/Documents/Projects/iOS\ Apps/madabank-ios/Madabank/Tuist/.build/tuist-derived/RxSwift
    builtin-Swift-Compilation-Requirements -- /Applications/Xcode.app/Contents/Developer/Toolchains/XcodeDefault.xctoolchain/usr/bin/swiftc -module-name RxSwift -Onone -enforce-exclusivity\=checked @/Users/darisadam/Library/Developer/Xcode/DerivedData/Madabank-hkohthnbjtgnoechirsoymtykttx/Build/Intermediates.noindex/RxSwift.build/Debug-iphonesimulator/RxSwift.build/Objects-normal/arm64/RxSwift.SwiftFileList -DSWIFT_PACKAGE -DDEBUG -package-name RxSwift -enable-bare-slash-regex -enable-experimental-feature DebugDescriptionMacro -sdk /Applications/Xcode.app/Contents/Developer/Platforms/iPhoneSimulator.platform/Developer/SDKs/iPhoneSimulator26.1.sdk -target arm64-apple-ios12.0-simulator -g -module-cache-path /Users/darisadam/Library/Developer/Xcode/DerivedData/ModuleCache.noindex -Xfrontend -serialize-debugging-options -enable-testing -suppress-warnings -index-store-path /Users/darisadam/Library/Developer/Xcode/DerivedData/Madabank-hkohthnbjtgnoechirsoymtykttx/Index.noindex/DataStore -Xcc -D_LIBCPP_HARDENING_MODE\=_LIBCPP_HARDENING_MODE_DEBUG -swift-version 5 -I /Users/darisadam/Library/Developer/Xcode/DerivedData/Madabank-hkohthnbjtgnoechirsoymtykttx/Build/Products/Debug-iphonesimulator -F /Users/darisadam/Library/Developer/Xcode/DerivedData/Madabank-hkohthnbjtgnoechirsoymtykttx/Build/Products/Debug-iphonesimulator -F /Applications/Xcode.app/Contents/Developer/Platforms/iPhoneSimulator.platform/Developer/Library/Frameworks -c -j8 -enable-batch-mode -incremental -Xcc -ivfsstatcache -Xcc /Users/darisadam/Library/Developer/Xcode/DerivedData/SDKStatCaches.noindex/iphonesimulator26.1-23B77-3885c01c3e6b6a337905948deab2002e90cf18a4295e390e64c810bc6bd7acbc.sdkstatcache -output-file-map /Users/darisadam/Library/Developer/Xcode/DerivedData/Madabank-hkohthnbjtgnoechirsoymtykttx/Build/Intermediates.noindex/RxSwift.build/Debug-iphonesimulator/RxSwift.build/Objects-normal/arm64/RxSwift-OutputFileMap.json -use-frontend-parseable-output -save-temps -no-color-diagnostics -explicit-module-build -module-cache-path /Users/darisadam/Library/Developer/Xcode/DerivedData/Madabank-hkohthnbjtgnoechirsoymtykttx/Build/Intermediates.noindex/SwiftExplicitPrecompiledModules -clang-scanner-module-cache-path /Users/darisadam/Library/Developer/Xcode/DerivedData/ModuleCache.noindex -sdk-module-cache-path /Users/darisadam/Library/Developer/Xcode/DerivedData/ModuleCache.noindex -serialize-diagnostics -emit-dependencies -emit-module -emit-module-path /Users/darisadam/Library/Developer/Xcode/DerivedData/Madabank-hkohthnbjtgnoechirsoymtykttx/Build/Intermediates.noindex/RxSwift.build/Debug-iphonesimulator/RxSwift.build/Objects-normal/arm64/RxSwift.swiftmodule -validate-clang-modules-once -clang-build-session-file /Users/darisadam/Library/Developer/Xcode/DerivedData/ModuleCache.noindex/Session.modulevalidation -Xcc -I/Users/darisadam/Library/Developer/Xcode/DerivedData/Madabank-hkohthnbjtgnoechirsoymtykttx/Build/Intermediates.noindex/RxSwift.build/Debug-iphonesimulator/RxSwift.build/swift-overrides.hmap -emit-const-values -Xfrontend -const-gather-protocols-file -Xfrontend /Users/darisadam/Library/Developer/Xcode/DerivedData/Madabank-hkohthnbjtgnoechirsoymtykttx/Build/Intermediates.noindex/RxSwift.build/Debug-iphonesimulator/RxSwift.build/Objects-normal/arm64/RxSwift_const_extract_protocols.json -Xcc -I/Users/darisadam/Library/Developer/Xcode/DerivedData/Madabank-hkohthnbjtgnoechirsoymtykttx/Build/Products/Debug-iphonesimulator/include -Xcc -I/Users/darisadam/Library/Developer/Xcode/DerivedData/Madabank-hkohthnbjtgnoechirsoymtykttx/Build/Intermediates.noindex/RxSwift.build/Debug-iphonesimulator/RxSwift.build/DerivedSources-normal/arm64 -Xcc -I/Users/darisadam/Library/Developer/Xcode/DerivedData/Madabank-hkohthnbjtgnoechirsoymtykttx/Build/Intermediates.noindex/RxSwift.build/Debug-iphonesimulator/RxSwift.build/DerivedSources/arm64 -Xcc -I/Users/darisadam/Library/Developer/Xcode/DerivedData/Madabank-hkohthnbjtgnoechirsoymtykttx/Build/Intermediates.noindex/RxSwift.build/Debug-iphonesimulator/RxSwift.build/DerivedSources -Xcc -DDEBUG\=1 -Xcc -DSWIFT_PACKAGE\=1 -emit-objc-header -emit-objc-header-path /Users/darisadam/Library/Developer/Xcode/DerivedData/Madabank-hkohthnbjtgnoechirsoymtykttx/Build/Intermediates.noindex/RxSwift.build/Debug-iphonesimulator/RxSwift.build/Objects-normal/arm64/RxSwift-Swift.h -working-directory /Users/darisadam/Documents/Projects/iOS\ Apps/madabank-ios/Madabank/Tuist/.build/tuist-derived/RxSwift -experimental-emit-module-separately -disable-cmo

SwiftDriverJobDiscovery normal arm64 Compiling HTTPMethod.swift, Notifications.swift, ParameterEncoder.swift, ParameterEncoding.swift, Protected.swift, Request.swift (in target 'Alamofire' from project 'Alamofire')

SwiftCompile normal arm64 Compiling\ CombineLatest.swift,\ CompactMap.swift,\ Completable+AndThen.swift,\ Completable.swift,\ CompositeDisposable.swift,\ Concat.swift,\ ConcurrentDispatchQueueScheduler.swift,\ ConcurrentMainScheduler.swift,\ ConnectableObservableType.swift,\ Create.swift,\ CurrentThreadScheduler.swift,\ Date+Dispatch.swift,\ Debounce.swift,\ Debug.swift,\ Decode.swift,\ DefaultIfEmpty.swift,\ Deferred.swift,\ Delay.swift,\ DelaySubscription.swift,\ Dematerialize.swift,\ DispatchQueue+Extensions.swift /Users/darisadam/Documents/Projects/iOS\ Apps/madabank-ios/Madabank/Tuist/.build/checkouts/RxSwift/Sources/RxSwift/CombineLatest.swift /Users/darisadam/Documents/Projects/iOS\ Apps/madabank-ios/Madabank/Tuist/.build/checkouts/RxSwift/Sources/RxSwift/CompactMap.swift /Users/darisadam/Documents/Projects/iOS\ Apps/madabank-ios/Madabank/Tuist/.build/checkouts/RxSwift/Sources/RxSwift/Completable+AndThen.swift /Users/darisadam/Documents/Projects/iOS\ Apps/madabank-ios/Madabank/Tuist/.build/checkouts/RxSwift/Sources/RxSwift/Completable.swift /Users/darisadam/Documents/Projects/iOS\ Apps/madabank-ios/Madabank/Tuist/.build/checkouts/RxSwift/Sources/RxSwift/CompositeDisposable.swift /Users/darisadam/Documents/Projects/iOS\ Apps/madabank-ios/Madabank/Tuist/.build/checkouts/RxSwift/Sources/RxSwift/Concat.swift /Users/darisadam/Documents/Projects/iOS\ Apps/madabank-ios/Madabank/Tuist/.build/checkouts/RxSwift/Sources/RxSwift/ConcurrentDispatchQueueScheduler.swift /Users/darisadam/Documents/Projects/iOS\ Apps/madabank-ios/Madabank/Tuist/.build/checkouts/RxSwift/Sources/RxSwift/ConcurrentMainScheduler.swift /Users/darisadam/Documents/Projects/iOS\ Apps/madabank-ios/Madabank/Tuist/.build/checkouts/RxSwift/Sources/RxSwift/ConnectableObservableType.swift /Users/darisadam/Documents/Projects/iOS\ Apps/madabank-ios/Madabank/Tuist/.build/checkouts/RxSwift/Sources/RxSwift/Create.swift /Users/darisadam/Documents/Projects/iOS\ Apps/madabank-ios/Madabank/Tuist/.build/checkouts/RxSwift/Sources/RxSwift/CurrentThreadScheduler.swift /Users/darisadam/Documents/Projects/iOS\ Apps/madabank-ios/Madabank/Tuist/.build/checkouts/RxSwift/Sources/RxSwift/Date+Dispatch.swift /Users/darisadam/Documents/Projects/iOS\ Apps/madabank-ios/Madabank/Tuist/.build/checkouts/RxSwift/Sources/RxSwift/Debounce.swift /Users/darisadam/Documents/Projects/iOS\ Apps/madabank-ios/Madabank/Tuist/.build/checkouts/RxSwift/Sources/RxSwift/Debug.swift /Users/darisadam/Documents/Projects/iOS\ Apps/madabank-ios/Madabank/Tuist/.build/checkouts/RxSwift/Sources/RxSwift/Decode.swift /Users/darisadam/Documents/Projects/iOS\ Apps/madabank-ios/Madabank/Tuist/.build/checkouts/RxSwift/Sources/RxSwift/DefaultIfEmpty.swift /Users/darisadam/Documents/Projects/iOS\ Apps/madabank-ios/Madabank/Tuist/.build/checkouts/RxSwift/Sources/RxSwift/Deferred.swift /Users/darisadam/Documents/Projects/iOS\ Apps/madabank-ios/Madabank/Tuist/.build/checkouts/RxSwift/Sources/RxSwift/Delay.swift /Users/darisadam/Documents/Projects/iOS\ Apps/madabank-ios/Madabank/Tuist/.build/checkouts/RxSwift/Sources/RxSwift/DelaySubscription.swift /Users/darisadam/Documents/Projects/iOS\ Apps/madabank-ios/Madabank/Tuist/.build/checkouts/RxSwift/Sources/RxSwift/Dematerialize.swift /Users/darisadam/Documents/Projects/iOS\ Apps/madabank-ios/Madabank/Tuist/.build/checkouts/RxSwift/Sources/RxSwift/DispatchQueue+Extensions.swift (in target 'RxSwift' from project 'RxSwift')

SwiftCompile normal arm64 /Users/darisadam/Documents/Projects/iOS\ Apps/madabank-ios/Madabank/Tuist/.build/checkouts/RxSwift/Sources/RxSwift/CombineLatest.swift (in target 'RxSwift' from project 'RxSwift')
    cd /Users/darisadam/Documents/Projects/iOS\ Apps/madabank-ios/Madabank/Tuist/.build/tuist-derived/RxSwift
    

SwiftCompile normal arm64 /Users/darisadam/Documents/Projects/iOS\ Apps/madabank-ios/Madabank/Tuist/.build/checkouts/RxSwift/Sources/RxSwift/CompactMap.swift (in target 'RxSwift' from project 'RxSwift')
    cd /Users/darisadam/Documents/Projects/iOS\ Apps/madabank-ios/Madabank/Tuist/.build/tuist-derived/RxSwift
    

SwiftCompile normal arm64 /Users/darisadam/Documents/Projects/iOS\ Apps/madabank-ios/Madabank/Tuist/.build/checkouts/RxSwift/Sources/RxSwift/Completable+AndThen.swift (in target 'RxSwift' from project 'RxSwift')
    cd /Users/darisadam/Documents/Projects/iOS\ Apps/madabank-ios/Madabank/Tuist/.build/tuist-derived/RxSwift
    

SwiftCompile normal arm64 /Users/darisadam/Documents/Projects/iOS\ Apps/madabank-ios/Madabank/Tuist/.build/checkouts/RxSwift/Sources/RxSwift/Completable.swift (in target 'RxSwift' from project 'RxSwift')
    cd /Users/darisadam/Documents/Projects/iOS\ Apps/madabank-ios/Madabank/Tuist/.build/tuist-derived/RxSwift
    

SwiftCompile normal arm64 /Users/darisadam/Documents/Projects/iOS\ Apps/madabank-ios/Madabank/Tuist/.build/checkouts/RxSwift/Sources/RxSwift/CompositeDisposable.swift (in target 'RxSwift' from project 'RxSwift')
    cd /Users/darisadam/Documents/Projects/iOS\ Apps/madabank-ios/Madabank/Tuist/.build/tuist-derived/RxSwift
    

SwiftCompile normal arm64 /Users/darisadam/Documents/Projects/iOS\ Apps/madabank-ios/Madabank/Tuist/.build/checkouts/RxSwift/Sources/RxSwift/Concat.swift (in target 'RxSwift' from project 'RxSwift')
    cd /Users/darisadam/Documents/Projects/iOS\ Apps/madabank-ios/Madabank/Tuist/.build/tuist-derived/RxSwift
    

SwiftCompile normal arm64 /Users/darisadam/Documents/Projects/iOS\ Apps/madabank-ios/Madabank/Tuist/.build/checkouts/RxSwift/Sources/RxSwift/ConcurrentDispatchQueueScheduler.swift (in target 'RxSwift' from project 'RxSwift')
    cd /Users/darisadam/Documents/Projects/iOS\ Apps/madabank-ios/Madabank/Tuist/.build/tuist-derived/RxSwift
    

SwiftCompile normal arm64 /Users/darisadam/Documents/Projects/iOS\ Apps/madabank-ios/Madabank/Tuist/.build/checkouts/RxSwift/Sources/RxSwift/ConcurrentMainScheduler.swift (in target 'RxSwift' from project 'RxSwift')
    cd /Users/darisadam/Documents/Projects/iOS\ Apps/madabank-ios/Madabank/Tuist/.build/tuist-derived/RxSwift
    

SwiftCompile normal arm64 /Users/darisadam/Documents/Projects/iOS\ Apps/madabank-ios/Madabank/Tuist/.build/checkouts/RxSwift/Sources/RxSwift/ConnectableObservableType.swift (in target 'RxSwift' from project 'RxSwift')
    cd /Users/darisadam/Documents/Projects/iOS\ Apps/madabank-ios/Madabank/Tuist/.build/tuist-derived/RxSwift
    

SwiftCompile normal arm64 /Users/darisadam/Documents/Projects/iOS\ Apps/madabank-ios/Madabank/Tuist/.build/checkouts/RxSwift/Sources/RxSwift/Create.swift (in target 'RxSwift' from project 'RxSwift')
    cd /Users/darisadam/Documents/Projects/iOS\ Apps/madabank-ios/Madabank/Tuist/.build/tuist-derived/RxSwift
    

SwiftCompile normal arm64 /Users/darisadam/Documents/Projects/iOS\ Apps/madabank-ios/Madabank/Tuist/.build/checkouts/RxSwift/Sources/RxSwift/CurrentThreadScheduler.swift (in target 'RxSwift' from project 'RxSwift')
    cd /Users/darisadam/Documents/Projects/iOS\ Apps/madabank-ios/Madabank/Tuist/.build/tuist-derived/RxSwift
    

SwiftCompile normal arm64 /Users/darisadam/Documents/Projects/iOS\ Apps/madabank-ios/Madabank/Tuist/.build/checkouts/RxSwift/Sources/RxSwift/Date+Dispatch.swift (in target 'RxSwift' from project 'RxSwift')
    cd /Users/darisadam/Documents/Projects/iOS\ Apps/madabank-ios/Madabank/Tuist/.build/tuist-derived/RxSwift
    

SwiftCompile normal arm64 /Users/darisadam/Documents/Projects/iOS\ Apps/madabank-ios/Madabank/Tuist/.build/checkouts/RxSwift/Sources/RxSwift/Debounce.swift (in target 'RxSwift' from project 'RxSwift')
    cd /Users/darisadam/Documents/Projects/iOS\ Apps/madabank-ios/Madabank/Tuist/.build/tuist-derived/RxSwift
    

SwiftCompile normal arm64 /Users/darisadam/Documents/Projects/iOS\ Apps/madabank-ios/Madabank/Tuist/.build/checkouts/RxSwift/Sources/RxSwift/Debug.swift (in target 'RxSwift' from project 'RxSwift')
    cd /Users/darisadam/Documents/Projects/iOS\ Apps/madabank-ios/Madabank/Tuist/.build/tuist-derived/RxSwift
    

SwiftCompile normal arm64 /Users/darisadam/Documents/Projects/iOS\ Apps/madabank-ios/Madabank/Tuist/.build/checkouts/RxSwift/Sources/RxSwift/Decode.swift (in target 'RxSwift' from project 'RxSwift')
    cd /Users/darisadam/Documents/Projects/iOS\ Apps/madabank-ios/Madabank/Tuist/.build/tuist-derived/RxSwift
    

SwiftCompile normal arm64 /Users/darisadam/Documents/Projects/iOS\ Apps/madabank-ios/Madabank/Tuist/.build/checkouts/RxSwift/Sources/RxSwift/DefaultIfEmpty.swift (in target 'RxSwift' from project 'RxSwift')
    cd /Users/darisadam/Documents/Projects/iOS\ Apps/madabank-ios/Madabank/Tuist/.build/tuist-derived/RxSwift
    

SwiftCompile normal arm64 /Users/darisadam/Documents/Projects/iOS\ Apps/madabank-ios/Madabank/Tuist/.build/checkouts/RxSwift/Sources/RxSwift/Deferred.swift (in target 'RxSwift' from project 'RxSwift')
    cd /Users/darisadam/Documents/Projects/iOS\ Apps/madabank-ios/Madabank/Tuist/.build/tuist-derived/RxSwift
    

SwiftCompile normal arm64 /Users/darisadam/Documents/Projects/iOS\ Apps/madabank-ios/Madabank/Tuist/.build/checkouts/RxSwift/Sources/RxSwift/Delay.swift (in target 'RxSwift' from project 'RxSwift')
    cd /Users/darisadam/Documents/Projects/iOS\ Apps/madabank-ios/Madabank/Tuist/.build/tuist-derived/RxSwift
    

SwiftCompile normal arm64 /Users/darisadam/Documents/Projects/iOS\ Apps/madabank-ios/Madabank/Tuist/.build/checkouts/RxSwift/Sources/RxSwift/DelaySubscription.swift (in target 'RxSwift' from project 'RxSwift')
    cd /Users/darisadam/Documents/Projects/iOS\ Apps/madabank-ios/Madabank/Tuist/.build/tuist-derived/RxSwift
    

SwiftCompile normal arm64 /Users/darisadam/Documents/Projects/iOS\ Apps/madabank-ios/Madabank/Tuist/.build/checkouts/RxSwift/Sources/RxSwift/Dematerialize.swift (in target 'RxSwift' from project 'RxSwift')
    cd /Users/darisadam/Documents/Projects/iOS\ Apps/madabank-ios/Madabank/Tuist/.build/tuist-derived/RxSwift
    

SwiftCompile normal arm64 /Users/darisadam/Documents/Projects/iOS\ Apps/madabank-ios/Madabank/Tuist/.build/checkouts/RxSwift/Sources/RxSwift/DispatchQueue+Extensions.swift (in target 'RxSwift' from project 'RxSwift')
    cd /Users/darisadam/Documents/Projects/iOS\ Apps/madabank-ios/Madabank/Tuist/.build/tuist-derived/RxSwift
    

SwiftMergeGeneratedHeaders /Users/darisadam/Library/Developer/Xcode/DerivedData/Madabank-hkohthnbjtgnoechirsoymtykttx/Build/Products/Debug-iphonesimulator/RxSwift.framework/Headers/RxSwift-Swift.h /Users/darisadam/Library/Developer/Xcode/DerivedData/Madabank-hkohthnbjtgnoechirsoymtykttx/Build/Intermediates.noindex/RxSwift.build/Debug-iphonesimulator/RxSwift.build/Objects-normal/arm64/RxSwift-Swift.h (in target 'RxSwift' from project 'RxSwift')
    cd /Users/darisadam/Documents/Projects/iOS\ Apps/madabank-ios/Madabank/Tuist/.build/tuist-derived/RxSwift
    builtin-swiftHeaderTool -arch arm64 /Users/darisadam/Library/Developer/Xcode/DerivedData/Madabank-hkohthnbjtgnoechirsoymtykttx/Build/Intermediates.noindex/RxSwift.build/Debug-iphonesimulator/RxSwift.build/Objects-normal/arm64/RxSwift-Swift.h -o /Users/darisadam/Library/Developer/Xcode/DerivedData/Madabank-hkohthnbjtgnoechirsoymtykttx/Build/Products/Debug-iphonesimulator/RxSwift.framework/Headers/RxSwift-Swift.h

SwiftDriverJobDiscovery normal arm64 Compiling RetryPolicy.swift, ServerTrustEvaluation.swift, URLEncodedFormEncoder.swift, Validation.swift, TuistBundle+Alamofire.swift (in target 'Alamofire' from project 'Alamofire')

Copy /Users/darisadam/Library/Developer/Xcode/DerivedData/Madabank-hkohthnbjtgnoechirsoymtykttx/Build/Products/Debug-iphonesimulator/RxSwift.framework/Modules/RxSwift.swiftmodule/arm64-apple-ios-simulator.swiftmodule /Users/darisadam/Library/Developer/Xcode/DerivedData/Madabank-hkohthnbjtgnoechirsoymtykttx/Build/Intermediates.noindex/RxSwift.build/Debug-iphonesimulator/RxSwift.build/Objects-normal/arm64/RxSwift.swiftmodule (in target 'RxSwift' from project 'RxSwift')
    cd /Users/darisadam/Documents/Projects/iOS\ Apps/madabank-ios/Madabank/Tuist/.build/tuist-derived/RxSwift
    builtin-copy -exclude .DS_Store -exclude CVS -exclude .svn -exclude .git -exclude .hg -resolve-src-symlinks -rename /Users/darisadam/Library/Developer/Xcode/DerivedData/Madabank-hkohthnbjtgnoechirsoymtykttx/Build/Intermediates.noindex/RxSwift.build/Debug-iphonesimulator/RxSwift.build/Objects-normal/arm64/RxSwift.swiftmodule /Users/darisadam/Library/Developer/Xcode/DerivedData/Madabank-hkohthnbjtgnoechirsoymtykttx/Build/Products/Debug-iphonesimulator/RxSwift.framework/Modules/RxSwift.swiftmodule/arm64-apple-ios-simulator.swiftmodule

Copy /Users/darisadam/Library/Developer/Xcode/DerivedData/Madabank-hkohthnbjtgnoechirsoymtykttx/Build/Products/Debug-iphonesimulator/RxSwift.framework/Modules/RxSwift.swiftmodule/arm64-apple-ios-simulator.swiftdoc /Users/darisadam/Library/Developer/Xcode/DerivedData/Madabank-hkohthnbjtgnoechirsoymtykttx/Build/Intermediates.noindex/RxSwift.build/Debug-iphonesimulator/RxSwift.build/Objects-normal/arm64/RxSwift.swiftdoc (in target 'RxSwift' from project 'RxSwift')
    cd /Users/darisadam/Documents/Projects/iOS\ Apps/madabank-ios/Madabank/Tuist/.build/tuist-derived/RxSwift
    builtin-copy -exclude .DS_Store -exclude CVS -exclude .svn -exclude .git -exclude .hg -resolve-src-symlinks -rename /Users/darisadam/Library/Developer/Xcode/DerivedData/Madabank-hkohthnbjtgnoechirsoymtykttx/Build/Intermediates.noindex/RxSwift.build/Debug-iphonesimulator/RxSwift.build/Objects-normal/arm64/RxSwift.swiftdoc /Users/darisadam/Library/Developer/Xcode/DerivedData/Madabank-hkohthnbjtgnoechirsoymtykttx/Build/Products/Debug-iphonesimulator/RxSwift.framework/Modules/RxSwift.swiftmodule/arm64-apple-ios-simulator.swiftdoc

Copy /Users/darisadam/Library/Developer/Xcode/DerivedData/Madabank-hkohthnbjtgnoechirsoymtykttx/Build/Products/Debug-iphonesimulator/RxSwift.framework/Modules/RxSwift.swiftmodule/arm64-apple-ios-simulator.abi.json /Users/darisadam/Library/Developer/Xcode/DerivedData/Madabank-hkohthnbjtgnoechirsoymtykttx/Build/Intermediates.noindex/RxSwift.build/Debug-iphonesimulator/RxSwift.build/Objects-normal/arm64/RxSwift.abi.json (in target 'RxSwift' from project 'RxSwift')
    cd /Users/darisadam/Documents/Projects/iOS\ Apps/madabank-ios/Madabank/Tuist/.build/tuist-derived/RxSwift
    builtin-copy -exclude .DS_Store -exclude CVS -exclude .svn -exclude .git -exclude .hg -resolve-src-symlinks -rename /Users/darisadam/Library/Developer/Xcode/DerivedData/Madabank-hkohthnbjtgnoechirsoymtykttx/Build/Intermediates.noindex/RxSwift.build/Debug-iphonesimulator/RxSwift.build/Objects-normal/arm64/RxSwift.abi.json /Users/darisadam/Library/Developer/Xcode/DerivedData/Madabank-hkohthnbjtgnoechirsoymtykttx/Build/Products/Debug-iphonesimulator/RxSwift.framework/Modules/RxSwift.swiftmodule/arm64-apple-ios-simulator.abi.json

Copy /Users/darisadam/Library/Developer/Xcode/DerivedData/Madabank-hkohthnbjtgnoechirsoymtykttx/Build/Products/Debug-iphonesimulator/RxSwift.framework/Modules/RxSwift.swiftmodule/Project/arm64-apple-ios-simulator.swiftsourceinfo /Users/darisadam/Library/Developer/Xcode/DerivedData/Madabank-hkohthnbjtgnoechirsoymtykttx/Build/Intermediates.noindex/RxSwift.build/Debug-iphonesimulator/RxSwift.build/Objects-normal/arm64/RxSwift.swiftsourceinfo (in target 'RxSwift' from project 'RxSwift')
    cd /Users/darisadam/Documents/Projects/iOS\ Apps/madabank-ios/Madabank/Tuist/.build/tuist-derived/RxSwift
    builtin-copy -exclude .DS_Store -exclude CVS -exclude .svn -exclude .git -exclude .hg -resolve-src-symlinks -rename /Users/darisadam/Library/Developer/Xcode/DerivedData/Madabank-hkohthnbjtgnoechirsoymtykttx/Build/Intermediates.noindex/RxSwift.build/Debug-iphonesimulator/RxSwift.build/Objects-normal/arm64/RxSwift.swiftsourceinfo /Users/darisadam/Library/Developer/Xcode/DerivedData/Madabank-hkohthnbjtgnoechirsoymtykttx/Build/Products/Debug-iphonesimulator/RxSwift.framework/Modules/RxSwift.swiftmodule/Project/arm64-apple-ios-simulator.swiftsourceinfo

SwiftCompile normal arm64 Compiling\ SynchronizedOnType.swift,\ SynchronizedUnsubscribeType.swift,\ TailRecursiveSink.swift,\ Take.swift,\ TakeLast.swift,\ TakeWithPredicate.swift,\ Throttle.swift,\ Timeout.swift,\ Timer.swift,\ ToArray.swift,\ Using.swift,\ VirtualTimeConverterType.swift,\ VirtualTimeScheduler.swift,\ Window.swift,\ WithLatestFrom.swift,\ WithUnretained.swift,\ Zip+Collection.swift,\ Zip+arity.swift,\ Zip.swift,\ TuistBundle+RxSwift.swift /Users/darisadam/Documents/Projects/iOS\ Apps/madabank-ios/Madabank/Tuist/.build/checkouts/RxSwift/Sources/RxSwift/SynchronizedOnType.swift /Users/darisadam/Documents/Projects/iOS\ Apps/madabank-ios/Madabank/Tuist/.build/checkouts/RxSwift/Sources/RxSwift/SynchronizedUnsubscribeType.swift /Users/darisadam/Documents/Projects/iOS\ Apps/madabank-ios/Madabank/Tuist/.build/checkouts/RxSwift/Sources/RxSwift/TailRecursiveSink.swift /Users/darisadam/Documents/Projects/iOS\ Apps/madabank-ios/Madabank/Tuist/.build/checkouts/RxSwift/Sources/RxSwift/Take.swift /Users/darisadam/Documents/Projects/iOS\ Apps/madabank-ios/Madabank/Tuist/.build/checkouts/RxSwift/Sources/RxSwift/TakeLast.swift /Users/darisadam/Documents/Projects/iOS\ Apps/madabank-ios/Madabank/Tuist/.build/checkouts/RxSwift/Sources/RxSwift/TakeWithPredicate.swift /Users/darisadam/Documents/Projects/iOS\ Apps/madabank-ios/Madabank/Tuist/.build/checkouts/RxSwift/Sources/RxSwift/Throttle.swift /Users/darisadam/Documents/Projects/iOS\ Apps/madabank-ios/Madabank/Tuist/.build/checkouts/RxSwift/Sources/RxSwift/Timeout.swift /Users/darisadam/Documents/Projects/iOS\ Apps/madabank-ios/Madabank/Tuist/.build/checkouts/RxSwift/Sources/RxSwift/Timer.swift /Users/darisadam/Documents/Projects/iOS\ Apps/madabank-ios/Madabank/Tuist/.build/checkouts/RxSwift/Sources/RxSwift/ToArray.swift /Users/darisadam/Documents/Projects/iOS\ Apps/madabank-ios/Madabank/Tuist/.build/checkouts/RxSwift/Sources/RxSwift/Using.swift /Users/darisadam/Documents/Projects/iOS\ Apps/madabank-ios/Madabank/Tuist/.build/checkouts/RxSwift/Sources/RxSwift/VirtualTimeConverterType.swift /Users/darisadam/Documents/Projects/iOS\ Apps/madabank-ios/Madabank/Tuist/.build/checkouts/RxSwift/Sources/RxSwift/VirtualTimeScheduler.swift /Users/darisadam/Documents/Projects/iOS\ Apps/madabank-ios/Madabank/Tuist/.build/checkouts/RxSwift/Sources/RxSwift/Window.swift /Users/darisadam/Documents/Projects/iOS\ Apps/madabank-ios/Madabank/Tuist/.build/checkouts/RxSwift/Sources/RxSwift/WithLatestFrom.swift /Users/darisadam/Documents/Projects/iOS\ Apps/madabank-ios/Madabank/Tuist/.build/checkouts/RxSwift/Sources/RxSwift/WithUnretained.swift /Users/darisadam/Documents/Projects/iOS\ Apps/madabank-ios/Madabank/Tuist/.build/checkouts/RxSwift/Sources/RxSwift/Zip+Collection.swift /Users/darisadam/Documents/Projects/iOS\ Apps/madabank-ios/Madabank/Tuist/.build/checkouts/RxSwift/Sources/RxSwift/Zip+arity.swift /Users/darisadam/Documents/Projects/iOS\ Apps/madabank-ios/Madabank/Tuist/.build/checkouts/RxSwift/Sources/RxSwift/Zip.swift /Users/darisadam/Documents/Projects/iOS\ Apps/madabank-ios/Madabank/Tuist/.build/tuist-derived/RxSwift/Sources/TuistBundle+RxSwift.swift (in target 'RxSwift' from project 'RxSwift')
SwiftCompile normal arm64 /Users/darisadam/Documents/Projects/iOS\ Apps/madabank-ios/Madabank/Tuist/.build/checkouts/RxSwift/Sources/RxSwift/SynchronizedOnType.swift (in target 'RxSwift' from project 'RxSwift')
    cd /Users/darisadam/Documents/Projects/iOS\ Apps/madabank-ios/Madabank/Tuist/.build/tuist-derived/RxSwift
    

SwiftCompile normal arm64 /Users/darisadam/Documents/Projects/iOS\ Apps/madabank-ios/Madabank/Tuist/.build/checkouts/RxSwift/Sources/RxSwift/SynchronizedUnsubscribeType.swift (in target 'RxSwift' from project 'RxSwift')
    cd /Users/darisadam/Documents/Projects/iOS\ Apps/madabank-ios/Madabank/Tuist/.build/tuist-derived/RxSwift
    

SwiftCompile normal arm64 /Users/darisadam/Documents/Projects/iOS\ Apps/madabank-ios/Madabank/Tuist/.build/checkouts/RxSwift/Sources/RxSwift/TailRecursiveSink.swift (in target 'RxSwift' from project 'RxSwift')
    cd /Users/darisadam/Documents/Projects/iOS\ Apps/madabank-ios/Madabank/Tuist/.build/tuist-derived/RxSwift
    

SwiftCompile normal arm64 /Users/darisadam/Documents/Projects/iOS\ Apps/madabank-ios/Madabank/Tuist/.build/checkouts/RxSwift/Sources/RxSwift/Take.swift (in target 'RxSwift' from project 'RxSwift')
    cd /Users/darisadam/Documents/Projects/iOS\ Apps/madabank-ios/Madabank/Tuist/.build/tuist-derived/RxSwift
    

SwiftCompile normal arm64 /Users/darisadam/Documents/Projects/iOS\ Apps/madabank-ios/Madabank/Tuist/.build/checkouts/RxSwift/Sources/RxSwift/TakeLast.swift (in target 'RxSwift' from project 'RxSwift')
    cd /Users/darisadam/Documents/Projects/iOS\ Apps/madabank-ios/Madabank/Tuist/.build/tuist-derived/RxSwift
    

SwiftCompile normal arm64 /Users/darisadam/Documents/Projects/iOS\ Apps/madabank-ios/Madabank/Tuist/.build/checkouts/RxSwift/Sources/RxSwift/TakeWithPredicate.swift (in target 'RxSwift' from project 'RxSwift')
    cd /Users/darisadam/Documents/Projects/iOS\ Apps/madabank-ios/Madabank/Tuist/.build/tuist-derived/RxSwift
    

SwiftCompile normal arm64 /Users/darisadam/Documents/Projects/iOS\ Apps/madabank-ios/Madabank/Tuist/.build/checkouts/RxSwift/Sources/RxSwift/Throttle.swift (in target 'RxSwift' from project 'RxSwift')
    cd /Users/darisadam/Documents/Projects/iOS\ Apps/madabank-ios/Madabank/Tuist/.build/tuist-derived/RxSwift
    

SwiftCompile normal arm64 /Users/darisadam/Documents/Projects/iOS\ Apps/madabank-ios/Madabank/Tuist/.build/checkouts/RxSwift/Sources/RxSwift/Timeout.swift (in target 'RxSwift' from project 'RxSwift')
    cd /Users/darisadam/Documents/Projects/iOS\ Apps/madabank-ios/Madabank/Tuist/.build/tuist-derived/RxSwift
    

SwiftCompile normal arm64 /Users/darisadam/Documents/Projects/iOS\ Apps/madabank-ios/Madabank/Tuist/.build/checkouts/RxSwift/Sources/RxSwift/Timer.swift (in target 'RxSwift' from project 'RxSwift')
    cd /Users/darisadam/Documents/Projects/iOS\ Apps/madabank-ios/Madabank/Tuist/.build/tuist-derived/RxSwift
    

SwiftCompile normal arm64 /Users/darisadam/Documents/Projects/iOS\ Apps/madabank-ios/Madabank/Tuist/.build/checkouts/RxSwift/Sources/RxSwift/ToArray.swift (in target 'RxSwift' from project 'RxSwift')
    cd /Users/darisadam/Documents/Projects/iOS\ Apps/madabank-ios/Madabank/Tuist/.build/tuist-derived/RxSwift
    

SwiftCompile normal arm64 /Users/darisadam/Documents/Projects/iOS\ Apps/madabank-ios/Madabank/Tuist/.build/checkouts/RxSwift/Sources/RxSwift/Using.swift (in target 'RxSwift' from project 'RxSwift')
    cd /Users/darisadam/Documents/Projects/iOS\ Apps/madabank-ios/Madabank/Tuist/.build/tuist-derived/RxSwift
    

SwiftCompile normal arm64 /Users/darisadam/Documents/Projects/iOS\ Apps/madabank-ios/Madabank/Tuist/.build/checkouts/RxSwift/Sources/RxSwift/VirtualTimeConverterType.swift (in target 'RxSwift' from project 'RxSwift')
    cd /Users/darisadam/Documents/Projects/iOS\ Apps/madabank-ios/Madabank/Tuist/.build/tuist-derived/RxSwift
    

SwiftCompile normal arm64 /Users/darisadam/Documents/Projects/iOS\ Apps/madabank-ios/Madabank/Tuist/.build/checkouts/RxSwift/Sources/RxSwift/VirtualTimeScheduler.swift (in target 'RxSwift' from project 'RxSwift')
    cd /Users/darisadam/Documents/Projects/iOS\ Apps/madabank-ios/Madabank/Tuist/.build/tuist-derived/RxSwift
    

SwiftCompile normal arm64 /Users/darisadam/Documents/Projects/iOS\ Apps/madabank-ios/Madabank/Tuist/.build/checkouts/RxSwift/Sources/RxSwift/Window.swift (in target 'RxSwift' from project 'RxSwift')
    cd /Users/darisadam/Documents/Projects/iOS\ Apps/madabank-ios/Madabank/Tuist/.build/tuist-derived/RxSwift
    

SwiftCompile normal arm64 /Users/darisadam/Documents/Projects/iOS\ Apps/madabank-ios/Madabank/Tuist/.build/checkouts/RxSwift/Sources/RxSwift/WithLatestFrom.swift (in target 'RxSwift' from project 'RxSwift')
    cd /Users/darisadam/Documents/Projects/iOS\ Apps/madabank-ios/Madabank/Tuist/.build/tuist-derived/RxSwift
    

SwiftCompile normal arm64 /Users/darisadam/Documents/Projects/iOS\ Apps/madabank-ios/Madabank/Tuist/.build/checkouts/RxSwift/Sources/RxSwift/WithUnretained.swift (in target 'RxSwift' from project 'RxSwift')
    cd /Users/darisadam/Documents/Projects/iOS\ Apps/madabank-ios/Madabank/Tuist/.build/tuist-derived/RxSwift
    

SwiftCompile normal arm64 /Users/darisadam/Documents/Projects/iOS\ Apps/madabank-ios/Madabank/Tuist/.build/checkouts/RxSwift/Sources/RxSwift/Zip+Collection.swift (in target 'RxSwift' from project 'RxSwift')
    cd /Users/darisadam/Documents/Projects/iOS\ Apps/madabank-ios/Madabank/Tuist/.build/tuist-derived/RxSwift
    

SwiftCompile normal arm64 /Users/darisadam/Documents/Projects/iOS\ Apps/madabank-ios/Madabank/Tuist/.build/checkouts/RxSwift/Sources/RxSwift/Zip+arity.swift (in target 'RxSwift' from project 'RxSwift')
    cd /Users/darisadam/Documents/Projects/iOS\ Apps/madabank-ios/Madabank/Tuist/.build/tuist-derived/RxSwift
    

SwiftCompile normal arm64 /Users/darisadam/Documents/Projects/iOS\ Apps/madabank-ios/Madabank/Tuist/.build/checkouts/RxSwift/Sources/RxSwift/Zip.swift (in target 'RxSwift' from project 'RxSwift')
    cd /Users/darisadam/Documents/Projects/iOS\ Apps/madabank-ios/Madabank/Tuist/.build/tuist-derived/RxSwift
    

SwiftCompile normal arm64 /Users/darisadam/Documents/Projects/iOS\ Apps/madabank-ios/Madabank/Tuist/.build/tuist-derived/RxSwift/Sources/TuistBundle+RxSwift.swift (in target 'RxSwift' from project 'RxSwift')
    cd /Users/darisadam/Documents/Projects/iOS\ Apps/madabank-ios/Madabank/Tuist/.build/tuist-derived/RxSwift
    

SwiftDriverJobDiscovery normal arm64 Compiling Concurrency.swift, EventMonitor.swift, MultipartFormData.swift, MultipartUpload.swift, NetworkReachabilityManager.swift (in target 'Alamofire' from project 'Alamofire')

SwiftCompile normal arm64 Compiling\ Never.swift,\ NopDisposable.swift,\ Observable+Concurrency.swift,\ Observable.swift,\ ObservableConvertibleType+Infallible.swift,\ ObservableConvertibleType.swift,\ ObservableType+Extensions.swift,\ ObservableType+PrimitiveSequence.swift,\ ObservableType.swift,\ ObserveOn.swift,\ ObserverBase.swift,\ ObserverType.swift,\ OperationQueueScheduler.swift,\ Optional.swift,\ Platform.Darwin.swift,\ Platform.Linux.swift,\ PrimitiveSequence+Concurrency.swift,\ PrimitiveSequence+Zip+arity.swift,\ PrimitiveSequence.swift,\ PriorityQueue.swift /Users/darisadam/Documents/Projects/iOS\ Apps/madabank-ios/Madabank/Tuist/.build/checkouts/RxSwift/Sources/RxSwift/Never.swift /Users/darisadam/Documents/Projects/iOS\ Apps/madabank-ios/Madabank/Tuist/.build/checkouts/RxSwift/Sources/RxSwift/NopDisposable.swift /Users/darisadam/Documents/Projects/iOS\ Apps/madabank-ios/Madabank/Tuist/.build/checkouts/RxSwift/Sources/RxSwift/Observable+Concurrency.swift /Users/darisadam/Documents/Projects/iOS\ Apps/madabank-ios/Madabank/Tuist/.build/checkouts/RxSwift/Sources/RxSwift/Observable.swift /Users/darisadam/Documents/Projects/iOS\ Apps/madabank-ios/Madabank/Tuist/.build/checkouts/RxSwift/Sources/RxSwift/ObservableConvertibleType+Infallible.swift /Users/darisadam/Documents/Projects/iOS\ Apps/madabank-ios/Madabank/Tuist/.build/checkouts/RxSwift/Sources/RxSwift/ObservableConvertibleType.swift /Users/darisadam/Documents/Projects/iOS\ Apps/madabank-ios/Madabank/Tuist/.build/checkouts/RxSwift/Sources/RxSwift/ObservableType+Extensions.swift /Users/darisadam/Documents/Projects/iOS\ Apps/madabank-ios/Madabank/Tuist/.build/checkouts/RxSwift/Sources/RxSwift/ObservableType+PrimitiveSequence.swift /Users/darisadam/Documents/Projects/iOS\ Apps/madabank-ios/Madabank/Tuist/.build/checkouts/RxSwift/Sources/RxSwift/ObservableType.swift /Users/darisadam/Documents/Projects/iOS\ Apps/madabank-ios/Madabank/Tuist/.build/checkouts/RxSwift/Sources/RxSwift/ObserveOn.swift /Users/darisadam/Documents/Projects/iOS\ Apps/madabank-ios/Madabank/Tuist/.build/checkouts/RxSwift/Sources/RxSwift/ObserverBase.swift /Users/darisadam/Documents/Projects/iOS\ Apps/madabank-ios/Madabank/Tuist/.build/checkouts/RxSwift/Sources/RxSwift/ObserverType.swift /Users/darisadam/Documents/Projects/iOS\ Apps/madabank-ios/Madabank/Tuist/.build/checkouts/RxSwift/Sources/RxSwift/OperationQueueScheduler.swift /Users/darisadam/Documents/Projects/iOS\ Apps/madabank-ios/Madabank/Tuist/.build/checkouts/RxSwift/Sources/RxSwift/Optional.swift /Users/darisadam/Documents/Projects/iOS\ Apps/madabank-ios/Madabank/Tuist/.build/checkouts/RxSwift/Sources/RxSwift/Platform.Darwin.swift /Users/darisadam/Documents/Projects/iOS\ Apps/madabank-ios/Madabank/Tuist/.build/checkouts/RxSwift/Sources/RxSwift/Platform.Linux.swift /Users/darisadam/Documents/Projects/iOS\ Apps/madabank-ios/Madabank/Tuist/.build/checkouts/RxSwift/Sources/RxSwift/PrimitiveSequence+Concurrency.swift /Users/darisadam/Documents/Projects/iOS\ Apps/madabank-ios/Madabank/Tuist/.build/checkouts/RxSwift/Sources/RxSwift/PrimitiveSequence+Zip+arity.swift /Users/darisadam/Documents/Projects/iOS\ Apps/madabank-ios/Madabank/Tuist/.build/checkouts/RxSwift/Sources/RxSwift/PrimitiveSequence.swift /Users/darisadam/Documents/Projects/iOS\ Apps/madabank-ios/Madabank/Tuist/.build/checkouts/RxSwift/Sources/RxSwift/PriorityQueue.swift (in target 'RxSwift' from project 'RxSwift')

SwiftCompile normal arm64 /Users/darisadam/Documents/Projects/iOS\ Apps/madabank-ios/Madabank/Tuist/.build/checkouts/RxSwift/Sources/RxSwift/Never.swift (in target 'RxSwift' from project 'RxSwift')
    cd /Users/darisadam/Documents/Projects/iOS\ Apps/madabank-ios/Madabank/Tuist/.build/tuist-derived/RxSwift
    

SwiftCompile normal arm64 /Users/darisadam/Documents/Projects/iOS\ Apps/madabank-ios/Madabank/Tuist/.build/checkouts/RxSwift/Sources/RxSwift/NopDisposable.swift (in target 'RxSwift' from project 'RxSwift')
    cd /Users/darisadam/Documents/Projects/iOS\ Apps/madabank-ios/Madabank/Tuist/.build/tuist-derived/RxSwift
    

SwiftCompile normal arm64 /Users/darisadam/Documents/Projects/iOS\ Apps/madabank-ios/Madabank/Tuist/.build/checkouts/RxSwift/Sources/RxSwift/Observable+Concurrency.swift (in target 'RxSwift' from project 'RxSwift')
    cd /Users/darisadam/Documents/Projects/iOS\ Apps/madabank-ios/Madabank/Tuist/.build/tuist-derived/RxSwift
    

SwiftCompile normal arm64 /Users/darisadam/Documents/Projects/iOS\ Apps/madabank-ios/Madabank/Tuist/.build/checkouts/RxSwift/Sources/RxSwift/Observable.swift (in target 'RxSwift' from project 'RxSwift')
    cd /Users/darisadam/Documents/Projects/iOS\ Apps/madabank-ios/Madabank/Tuist/.build/tuist-derived/RxSwift
    

SwiftCompile normal arm64 /Users/darisadam/Documents/Projects/iOS\ Apps/madabank-ios/Madabank/Tuist/.build/checkouts/RxSwift/Sources/RxSwift/ObservableConvertibleType+Infallible.swift (in target 'RxSwift' from project 'RxSwift')
    cd /Users/darisadam/Documents/Projects/iOS\ Apps/madabank-ios/Madabank/Tuist/.build/tuist-derived/RxSwift
    

SwiftCompile normal arm64 /Users/darisadam/Documents/Projects/iOS\ Apps/madabank-ios/Madabank/Tuist/.build/checkouts/RxSwift/Sources/RxSwift/ObservableConvertibleType.swift (in target 'RxSwift' from project 'RxSwift')
    cd /Users/darisadam/Documents/Projects/iOS\ Apps/madabank-ios/Madabank/Tuist/.build/tuist-derived/RxSwift
    

SwiftCompile normal arm64 /Users/darisadam/Documents/Projects/iOS\ Apps/madabank-ios/Madabank/Tuist/.build/checkouts/RxSwift/Sources/RxSwift/ObservableType+Extensions.swift (in target 'RxSwift' from project 'RxSwift')
    cd /Users/darisadam/Documents/Projects/iOS\ Apps/madabank-ios/Madabank/Tuist/.build/tuist-derived/RxSwift
    

SwiftCompile normal arm64 /Users/darisadam/Documents/Projects/iOS\ Apps/madabank-ios/Madabank/Tuist/.build/checkouts/RxSwift/Sources/RxSwift/ObservableType+PrimitiveSequence.swift (in target 'RxSwift' from project 'RxSwift')
    cd /Users/darisadam/Documents/Projects/iOS\ Apps/madabank-ios/Madabank/Tuist/.build/tuist-derived/RxSwift
    

SwiftCompile normal arm64 /Users/darisadam/Documents/Projects/iOS\ Apps/madabank-ios/Madabank/Tuist/.build/checkouts/RxSwift/Sources/RxSwift/ObservableType.swift (in target 'RxSwift' from project 'RxSwift')
    cd /Users/darisadam/Documents/Projects/iOS\ Apps/madabank-ios/Madabank/Tuist/.build/tuist-derived/RxSwift
    

SwiftCompile normal arm64 /Users/darisadam/Documents/Projects/iOS\ Apps/madabank-ios/Madabank/Tuist/.build/checkouts/RxSwift/Sources/RxSwift/ObserveOn.swift (in target 'RxSwift' from project 'RxSwift')
    cd /Users/darisadam/Documents/Projects/iOS\ Apps/madabank-ios/Madabank/Tuist/.build/tuist-derived/RxSwift
    

SwiftCompile normal arm64 /Users/darisadam/Documents/Projects/iOS\ Apps/madabank-ios/Madabank/Tuist/.build/checkouts/RxSwift/Sources/RxSwift/ObserverBase.swift (in target 'RxSwift' from project 'RxSwift')
    cd /Users/darisadam/Documents/Projects/iOS\ Apps/madabank-ios/Madabank/Tuist/.build/tuist-derived/RxSwift
    

SwiftCompile normal arm64 /Users/darisadam/Documents/Projects/iOS\ Apps/madabank-ios/Madabank/Tuist/.build/checkouts/RxSwift/Sources/RxSwift/ObserverType.swift (in target 'RxSwift' from project 'RxSwift')
    cd /Users/darisadam/Documents/Projects/iOS\ Apps/madabank-ios/Madabank/Tuist/.build/tuist-derived/RxSwift
    

SwiftCompile normal arm64 /Users/darisadam/Documents/Projects/iOS\ Apps/madabank-ios/Madabank/Tuist/.build/checkouts/RxSwift/Sources/RxSwift/OperationQueueScheduler.swift (in target 'RxSwift' from project 'RxSwift')
    cd /Users/darisadam/Documents/Projects/iOS\ Apps/madabank-ios/Madabank/Tuist/.build/tuist-derived/RxSwift
    

SwiftCompile normal arm64 /Users/darisadam/Documents/Projects/iOS\ Apps/madabank-ios/Madabank/Tuist/.build/checkouts/RxSwift/Sources/RxSwift/Optional.swift (in target 'RxSwift' from project 'RxSwift')
    cd /Users/darisadam/Documents/Projects/iOS\ Apps/madabank-ios/Madabank/Tuist/.build/tuist-derived/RxSwift
    

SwiftCompile normal arm64 /Users/darisadam/Documents/Projects/iOS\ Apps/madabank-ios/Madabank/Tuist/.build/checkouts/RxSwift/Sources/RxSwift/Platform.Darwin.swift (in target 'RxSwift' from project 'RxSwift')
    cd /Users/darisadam/Documents/Projects/iOS\ Apps/madabank-ios/Madabank/Tuist/.build/tuist-derived/RxSwift
    

SwiftCompile normal arm64 /Users/darisadam/Documents/Projects/iOS\ Apps/madabank-ios/Madabank/Tuist/.build/checkouts/RxSwift/Sources/RxSwift/Platform.Linux.swift (in target 'RxSwift' from project 'RxSwift')
    cd /Users/darisadam/Documents/Projects/iOS\ Apps/madabank-ios/Madabank/Tuist/.build/tuist-derived/RxSwift
    

SwiftCompile normal arm64 /Users/darisadam/Documents/Projects/iOS\ Apps/madabank-ios/Madabank/Tuist/.build/checkouts/RxSwift/Sources/RxSwift/PrimitiveSequence+Concurrency.swift (in target 'RxSwift' from project 'RxSwift')
    cd /Users/darisadam/Documents/Projects/iOS\ Apps/madabank-ios/Madabank/Tuist/.build/tuist-derived/RxSwift
    

SwiftCompile normal arm64 /Users/darisadam/Documents/Projects/iOS\ Apps/madabank-ios/Madabank/Tuist/.build/checkouts/RxSwift/Sources/RxSwift/PrimitiveSequence+Zip+arity.swift (in target 'RxSwift' from project 'RxSwift')
    cd /Users/darisadam/Documents/Projects/iOS\ Apps/madabank-ios/Madabank/Tuist/.build/tuist-derived/RxSwift
    

SwiftCompile normal arm64 /Users/darisadam/Documents/Projects/iOS\ Apps/madabank-ios/Madabank/Tuist/.build/checkouts/RxSwift/Sources/RxSwift/PrimitiveSequence.swift (in target 'RxSwift' from project 'RxSwift')
    cd /Users/darisadam/Documents/Projects/iOS\ Apps/madabank-ios/Madabank/Tuist/.build/tuist-derived/RxSwift
    

SwiftCompile normal arm64 /Users/darisadam/Documents/Projects/iOS\ Apps/madabank-ios/Madabank/Tuist/.build/checkouts/RxSwift/Sources/RxSwift/PriorityQueue.swift (in target 'RxSwift' from project 'RxSwift')
    cd /Users/darisadam/Documents/Projects/iOS\ Apps/madabank-ios/Madabank/Tuist/.build/tuist-derived/RxSwift
    

SwiftCompile normal arm64 Compiling\ Infallible+CombineLatest+Collection.swift,\ Infallible+CombineLatest+arity.swift,\ Infallible+Concurrency.swift,\ Infallible+Create.swift,\ Infallible+Debug.swift,\ Infallible+Operators.swift,\ Infallible+Zip+arity.swift,\ Infallible.swift,\ InfiniteSequence.swift,\ InvocableScheduledItem.swift,\ InvocableType.swift,\ Just.swift,\ Lock.swift,\ LockOwnerType.swift,\ MainScheduler.swift,\ Map.swift,\ Materialize.swift,\ Maybe.swift,\ Merge.swift,\ Multicast.swift /Users/darisadam/Documents/Projects/iOS\ Apps/madabank-ios/Madabank/Tuist/.build/checkouts/RxSwift/Sources/RxSwift/Infallible+CombineLatest+Collection.swift /Users/darisadam/Documents/Projects/iOS\ Apps/madabank-ios/Madabank/Tuist/.build/checkouts/RxSwift/Sources/RxSwift/Infallible+CombineLatest+arity.swift /Users/darisadam/Documents/Projects/iOS\ Apps/madabank-ios/Madabank/Tuist/.build/checkouts/RxSwift/Sources/RxSwift/Infallible+Concurrency.swift /Users/darisadam/Documents/Projects/iOS\ Apps/madabank-ios/Madabank/Tuist/.build/checkouts/RxSwift/Sources/RxSwift/Infallible+Create.swift /Users/darisadam/Documents/Projects/iOS\ Apps/madabank-ios/Madabank/Tuist/.build/checkouts/RxSwift/Sources/RxSwift/Infallible+Debug.swift /Users/darisadam/Documents/Projects/iOS\ Apps/madabank-ios/Madabank/Tuist/.build/checkouts/RxSwift/Sources/RxSwift/Infallible+Operators.swift /Users/darisadam/Documents/Projects/iOS\ Apps/madabank-ios/Madabank/Tuist/.build/checkouts/RxSwift/Sources/RxSwift/Infallible+Zip+arity.swift /Users/darisadam/Documents/Projects/iOS\ Apps/madabank-ios/Madabank/Tuist/.build/checkouts/RxSwift/Sources/RxSwift/Infallible.swift /Users/darisadam/Documents/Projects/iOS\ Apps/madabank-ios/Madabank/Tuist/.build/checkouts/RxSwift/Sources/RxSwift/InfiniteSequence.swift /Users/darisadam/Documents/Projects/iOS\ Apps/madabank-ios/Madabank/Tuist/.build/checkouts/RxSwift/Sources/RxSwift/InvocableScheduledItem.swift /Users/darisadam/Documents/Projects/iOS\ Apps/madabank-ios/Madabank/Tuist/.build/checkouts/RxSwift/Sources/RxSwift/InvocableType.swift /Users/darisadam/Documents/Projects/iOS\ Apps/madabank-ios/Madabank/Tuist/.build/checkouts/RxSwift/Sources/RxSwift/Just.swift /Users/darisadam/Documents/Projects/iOS\ Apps/madabank-ios/Madabank/Tuist/.build/checkouts/RxSwift/Sources/RxSwift/Lock.swift /Users/darisadam/Documents/Projects/iOS\ Apps/madabank-ios/Madabank/Tuist/.build/checkouts/RxSwift/Sources/RxSwift/LockOwnerType.swift /Users/darisadam/Documents/Projects/iOS\ Apps/madabank-ios/Madabank/Tuist/.build/checkouts/RxSwift/Sources/RxSwift/MainScheduler.swift /Users/darisadam/Documents/Projects/iOS\ Apps/madabank-ios/Madabank/Tuist/.build/checkouts/RxSwift/Sources/RxSwift/Map.swift /Users/darisadam/Documents/Projects/iOS\ Apps/madabank-ios/Madabank/Tuist/.build/checkouts/RxSwift/Sources/RxSwift/Materialize.swift /Users/darisadam/Documents/Projects/iOS\ Apps/madabank-ios/Madabank/Tuist/.build/checkouts/RxSwift/Sources/RxSwift/Maybe.swift /Users/darisadam/Documents/Projects/iOS\ Apps/madabank-ios/Madabank/Tuist/.build/checkouts/RxSwift/Sources/RxSwift/Merge.swift /Users/darisadam/Documents/Projects/iOS\ Apps/madabank-ios/Madabank/Tuist/.build/checkouts/RxSwift/Sources/RxSwift/Multicast.swift (in target 'RxSwift' from project 'RxSwift')

SwiftCompile normal arm64 /Users/darisadam/Documents/Projects/iOS\ Apps/madabank-ios/Madabank/Tuist/.build/checkouts/RxSwift/Sources/RxSwift/Infallible+CombineLatest+Collection.swift (in target 'RxSwift' from project 'RxSwift')
    cd /Users/darisadam/Documents/Projects/iOS\ Apps/madabank-ios/Madabank/Tuist/.build/tuist-derived/RxSwift
    

SwiftCompile normal arm64 /Users/darisadam/Documents/Projects/iOS\ Apps/madabank-ios/Madabank/Tuist/.build/checkouts/RxSwift/Sources/RxSwift/Infallible+CombineLatest+arity.swift (in target 'RxSwift' from project 'RxSwift')
    cd /Users/darisadam/Documents/Projects/iOS\ Apps/madabank-ios/Madabank/Tuist/.build/tuist-derived/RxSwift
    

SwiftCompile normal arm64 /Users/darisadam/Documents/Projects/iOS\ Apps/madabank-ios/Madabank/Tuist/.build/checkouts/RxSwift/Sources/RxSwift/Infallible+Concurrency.swift (in target 'RxSwift' from project 'RxSwift')
    cd /Users/darisadam/Documents/Projects/iOS\ Apps/madabank-ios/Madabank/Tuist/.build/tuist-derived/RxSwift
    

SwiftCompile normal arm64 /Users/darisadam/Documents/Projects/iOS\ Apps/madabank-ios/Madabank/Tuist/.build/checkouts/RxSwift/Sources/RxSwift/Infallible+Create.swift (in target 'RxSwift' from project 'RxSwift')
    cd /Users/darisadam/Documents/Projects/iOS\ Apps/madabank-ios/Madabank/Tuist/.build/tuist-derived/RxSwift
    

SwiftCompile normal arm64 /Users/darisadam/Documents/Projects/iOS\ Apps/madabank-ios/Madabank/Tuist/.build/checkouts/RxSwift/Sources/RxSwift/Infallible+Debug.swift (in target 'RxSwift' from project 'RxSwift')
    cd /Users/darisadam/Documents/Projects/iOS\ Apps/madabank-ios/Madabank/Tuist/.build/tuist-derived/RxSwift
    

SwiftCompile normal arm64 /Users/darisadam/Documents/Projects/iOS\ Apps/madabank-ios/Madabank/Tuist/.build/checkouts/RxSwift/Sources/RxSwift/Infallible+Operators.swift (in target 'RxSwift' from project 'RxSwift')
    cd /Users/darisadam/Documents/Projects/iOS\ Apps/madabank-ios/Madabank/Tuist/.build/tuist-derived/RxSwift
    

SwiftCompile normal arm64 /Users/darisadam/Documents/Projects/iOS\ Apps/madabank-ios/Madabank/Tuist/.build/checkouts/RxSwift/Sources/RxSwift/Infallible+Zip+arity.swift (in target 'RxSwift' from project 'RxSwift')
    cd /Users/darisadam/Documents/Projects/iOS\ Apps/madabank-ios/Madabank/Tuist/.build/tuist-derived/RxSwift
    

SwiftCompile normal arm64 /Users/darisadam/Documents/Projects/iOS\ Apps/madabank-ios/Madabank/Tuist/.build/checkouts/RxSwift/Sources/RxSwift/Infallible.swift (in target 'RxSwift' from project 'RxSwift')
    cd /Users/darisadam/Documents/Projects/iOS\ Apps/madabank-ios/Madabank/Tuist/.build/tuist-derived/RxSwift
    

SwiftCompile normal arm64 /Users/darisadam/Documents/Projects/iOS\ Apps/madabank-ios/Madabank/Tuist/.build/checkouts/RxSwift/Sources/RxSwift/InfiniteSequence.swift (in target 'RxSwift' from project 'RxSwift')
    cd /Users/darisadam/Documents/Projects/iOS\ Apps/madabank-ios/Madabank/Tuist/.build/tuist-derived/RxSwift
    

SwiftCompile normal arm64 /Users/darisadam/Documents/Projects/iOS\ Apps/madabank-ios/Madabank/Tuist/.build/checkouts/RxSwift/Sources/RxSwift/InvocableScheduledItem.swift (in target 'RxSwift' from project 'RxSwift')
    cd /Users/darisadam/Documents/Projects/iOS\ Apps/madabank-ios/Madabank/Tuist/.build/tuist-derived/RxSwift
    

SwiftCompile normal arm64 /Users/darisadam/Documents/Projects/iOS\ Apps/madabank-ios/Madabank/Tuist/.build/checkouts/RxSwift/Sources/RxSwift/InvocableType.swift (in target 'RxSwift' from project 'RxSwift')
    cd /Users/darisadam/Documents/Projects/iOS\ Apps/madabank-ios/Madabank/Tuist/.build/tuist-derived/RxSwift
    

SwiftCompile normal arm64 /Users/darisadam/Documents/Projects/iOS\ Apps/madabank-ios/Madabank/Tuist/.build/checkouts/RxSwift/Sources/RxSwift/Just.swift (in target 'RxSwift' from project 'RxSwift')
    cd /Users/darisadam/Documents/Projects/iOS\ Apps/madabank-ios/Madabank/Tuist/.build/tuist-derived/RxSwift
    

SwiftCompile normal arm64 /Users/darisadam/Documents/Projects/iOS\ Apps/madabank-ios/Madabank/Tuist/.build/checkouts/RxSwift/Sources/RxSwift/Lock.swift (in target 'RxSwift' from project 'RxSwift')
    cd /Users/darisadam/Documents/Projects/iOS\ Apps/madabank-ios/Madabank/Tuist/.build/tuist-derived/RxSwift
    

SwiftCompile normal arm64 /Users/darisadam/Documents/Projects/iOS\ Apps/madabank-ios/Madabank/Tuist/.build/checkouts/RxSwift/Sources/RxSwift/LockOwnerType.swift (in target 'RxSwift' from project 'RxSwift')
    cd /Users/darisadam/Documents/Projects/iOS\ Apps/madabank-ios/Madabank/Tuist/.build/tuist-derived/RxSwift
    

SwiftCompile normal arm64 /Users/darisadam/Documents/Projects/iOS\ Apps/madabank-ios/Madabank/Tuist/.build/checkouts/RxSwift/Sources/RxSwift/MainScheduler.swift (in target 'RxSwift' from project 'RxSwift')
    cd /Users/darisadam/Documents/Projects/iOS\ Apps/madabank-ios/Madabank/Tuist/.build/tuist-derived/RxSwift
    

SwiftCompile normal arm64 /Users/darisadam/Documents/Projects/iOS\ Apps/madabank-ios/Madabank/Tuist/.build/checkouts/RxSwift/Sources/RxSwift/Map.swift (in target 'RxSwift' from project 'RxSwift')
    cd /Users/darisadam/Documents/Projects/iOS\ Apps/madabank-ios/Madabank/Tuist/.build/tuist-derived/RxSwift
    

SwiftCompile normal arm64 /Users/darisadam/Documents/Projects/iOS\ Apps/madabank-ios/Madabank/Tuist/.build/checkouts/RxSwift/Sources/RxSwift/Materialize.swift (in target 'RxSwift' from project 'RxSwift')
    cd /Users/darisadam/Documents/Projects/iOS\ Apps/madabank-ios/Madabank/Tuist/.build/tuist-derived/RxSwift
    

SwiftCompile normal arm64 /Users/darisadam/Documents/Projects/iOS\ Apps/madabank-ios/Madabank/Tuist/.build/checkouts/RxSwift/Sources/RxSwift/Maybe.swift (in target 'RxSwift' from project 'RxSwift')
    cd /Users/darisadam/Documents/Projects/iOS\ Apps/madabank-ios/Madabank/Tuist/.build/tuist-derived/RxSwift
    

SwiftCompile normal arm64 /Users/darisadam/Documents/Projects/iOS\ Apps/madabank-ios/Madabank/Tuist/.build/checkouts/RxSwift/Sources/RxSwift/Merge.swift (in target 'RxSwift' from project 'RxSwift')
    cd /Users/darisadam/Documents/Projects/iOS\ Apps/madabank-ios/Madabank/Tuist/.build/tuist-derived/RxSwift
    

SwiftCompile normal arm64 /Users/darisadam/Documents/Projects/iOS\ Apps/madabank-ios/Madabank/Tuist/.build/checkouts/RxSwift/Sources/RxSwift/Multicast.swift (in target 'RxSwift' from project 'RxSwift')
    cd /Users/darisadam/Documents/Projects/iOS\ Apps/madabank-ios/Madabank/Tuist/.build/tuist-derived/RxSwift
    

SwiftDriverJobDiscovery normal arm64 Compiling Alamofire.swift, AFError.swift, DataRequest.swift, DataStreamRequest.swift, DownloadRequest.swift, HTTPHeaders.swift (in target 'Alamofire' from project 'Alamofire')

SwiftCompile normal arm64 Compiling\ LanguageManager.swift /Users/darisadam/Documents/Projects/iOS\ Apps/madabank-ios/Madabank/Modules/Shared/Core/Sources/LanguageManager.swift (in target 'Core' from project 'Core')

SwiftCompile normal arm64 /Users/darisadam/Documents/Projects/iOS\ Apps/madabank-ios/Madabank/Modules/Shared/Core/Sources/LanguageManager.swift (in target 'Core' from project 'Core')
    cd /Users/darisadam/Documents/Projects/iOS\ Apps/madabank-ios/Madabank/Modules/Shared/Core
    

SwiftDriverJobDiscovery normal arm64 Compiling DispatchQueueConfiguration.swift, Disposable.swift, Disposables.swift, DisposeBag.swift, DisposeBase.swift, DistinctUntilChanged.swift, Do.swift, ElementAt.swift, Empty.swift, Enumerated.swift, Error.swift, Errors.swift, Event.swift, Filter.swift, First.swift, Generate.swift, GroupBy.swift, GroupedObservable.swift, HistoricalScheduler.swift, HistoricalSchedulerTimeConverter.swift, ImmediateSchedulerType.swift (in target 'RxSwift' from project 'RxSwift')

SwiftCompile normal arm64 Compiling\ ThemeManager.swift /Users/darisadam/Documents/Projects/iOS\ Apps/madabank-ios/Madabank/Modules/Shared/Core/Sources/ThemeManager.swift (in target 'Core' from project 'Core')

SwiftCompile normal arm64 /Users/darisadam/Documents/Projects/iOS\ Apps/madabank-ios/Madabank/Modules/Shared/Core/Sources/ThemeManager.swift (in target 'Core' from project 'Core')
    cd /Users/darisadam/Documents/Projects/iOS\ Apps/madabank-ios/Madabank/Modules/Shared/Core
    

SwiftDriverJobDiscovery normal arm64 Compiling SchedulerType.swift, Sequence.swift, SerialDispatchQueueScheduler.swift, SerialDisposable.swift, ShareReplayScope.swift, Single.swift, SingleAssignmentDisposable.swift, SingleAsync.swift, Sink.swift, Skip.swift, SkipUntil.swift, SkipWhile.swift, StartWith.swift, SubjectType.swift, SubscribeOn.swift, SubscriptionDisposable.swift, SwiftSupport.swift, Switch.swift, SwitchIfEmpty.swift, SynchronizedDisposeType.swift (in target 'RxSwift' from project 'RxSwift')

SwiftDriverJobDiscovery normal arm64 Compiling LanguageManager.swift (in target 'Core' from project 'Core')

SwiftCompile normal arm64 Compiling\ KeychainManager.swift /Users/darisadam/Documents/Projects/iOS\ Apps/madabank-ios/Madabank/Modules/Shared/Core/Sources/KeychainManager.swift (in target 'Core' from project 'Core')

SwiftCompile normal arm64 /Users/darisadam/Documents/Projects/iOS\ Apps/madabank-ios/Madabank/Modules/Shared/Core/Sources/KeychainManager.swift (in target 'Core' from project 'Core')
    cd /Users/darisadam/Documents/Projects/iOS\ Apps/madabank-ios/Madabank/Modules/Shared/Core
    

SwiftCompile normal arm64 Compiling\ TokenManager.swift /Users/darisadam/Documents/Projects/iOS\ Apps/madabank-ios/Madabank/Modules/Shared/Core/Sources/TokenManager.swift (in target 'Core' from project 'Core')

SwiftCompile normal arm64 /Users/darisadam/Documents/Projects/iOS\ Apps/madabank-ios/Madabank/Modules/Shared/Core/Sources/TokenManager.swift (in target 'Core' from project 'Core')
    cd /Users/darisadam/Documents/Projects/iOS\ Apps/madabank-ios/Madabank/Modules/Shared/Core
    

SwiftDriverJobDiscovery normal arm64 Compiling ThemeManager.swift (in target 'Core' from project 'Core')

SwiftCompile normal arm64 Compiling\ Core.swift /Users/darisadam/Documents/Projects/iOS\ Apps/madabank-ios/Madabank/Modules/Shared/Core/Sources/Core.swift (in target 'Core' from project 'Core')

SwiftCompile normal arm64 /Users/darisadam/Documents/Projects/iOS\ Apps/madabank-ios/Madabank/Modules/Shared/Core/Sources/Core.swift (in target 'Core' from project 'Core')
    cd /Users/darisadam/Documents/Projects/iOS\ Apps/madabank-ios/Madabank/Modules/Shared/Core
    

SwiftDriverJobDiscovery normal arm64 Compiling Producer.swift, PublishSubject.swift, Queue.swift, Range.swift, Reactive.swift, RecursiveLock.swift, RecursiveScheduler.swift, Reduce.swift, RefCountDisposable.swift, Repeat.swift, ReplaySubject.swift, RetryWhen.swift, Rx.swift, RxMutableBox.swift, Sample.swift, Scan.swift, ScheduledDisposable.swift, ScheduledItem.swift, ScheduledItemType.swift, SchedulerServices+Emulation.swift (in target 'RxSwift' from project 'RxSwift')

SwiftCompile normal arm64 Compiling\ RequestTaskMap.swift,\ Response.swift,\ Session.swift,\ SessionDelegate.swift,\ URLConvertible+URLRequestConvertible.swift,\ UploadRequest.swift /Users/darisadam/Documents/Projects/iOS\ Apps/madabank-ios/Madabank/Tuist/.build/checkouts/Alamofire/Source/Core/RequestTaskMap.swift /Users/darisadam/Documents/Projects/iOS\ Apps/madabank-ios/Madabank/Tuist/.build/checkouts/Alamofire/Source/Core/Response.swift /Users/darisadam/Documents/Projects/iOS\ Apps/madabank-ios/Madabank/Tuist/.build/checkouts/Alamofire/Source/Core/Session.swift /Users/darisadam/Documents/Projects/iOS\ Apps/madabank-ios/Madabank/Tuist/.build/checkouts/Alamofire/Source/Core/SessionDelegate.swift /Users/darisadam/Documents/Projects/iOS\ Apps/madabank-ios/Madabank/Tuist/.build/checkouts/Alamofire/Source/Core/URLConvertible+URLRequestConvertible.swift /Users/darisadam/Documents/Projects/iOS\ Apps/madabank-ios/Madabank/Tuist/.build/checkouts/Alamofire/Source/Core/UploadRequest.swift (in target 'Alamofire' from project 'Alamofire')
SwiftCompile normal arm64 /Users/darisadam/Documents/Projects/iOS\ Apps/madabank-ios/Madabank/Tuist/.build/checkouts/Alamofire/Source/Core/RequestTaskMap.swift (in target 'Alamofire' from project 'Alamofire')
    cd /Users/darisadam/Documents/Projects/iOS\ Apps/madabank-ios/Madabank/Tuist/.build/tuist-derived/Alamofire
    

SwiftCompile normal arm64 /Users/darisadam/Documents/Projects/iOS\ Apps/madabank-ios/Madabank/Tuist/.build/checkouts/Alamofire/Source/Core/Response.swift (in target 'Alamofire' from project 'Alamofire')
    cd /Users/darisadam/Documents/Projects/iOS\ Apps/madabank-ios/Madabank/Tuist/.build/tuist-derived/Alamofire
    

SwiftCompile normal arm64 /Users/darisadam/Documents/Projects/iOS\ Apps/madabank-ios/Madabank/Tuist/.build/checkouts/Alamofire/Source/Core/Session.swift (in target 'Alamofire' from project 'Alamofire')
    cd /Users/darisadam/Documents/Projects/iOS\ Apps/madabank-ios/Madabank/Tuist/.build/tuist-derived/Alamofire
    

SwiftCompile normal arm64 /Users/darisadam/Documents/Projects/iOS\ Apps/madabank-ios/Madabank/Tuist/.build/checkouts/Alamofire/Source/Core/SessionDelegate.swift (in target 'Alamofire' from project 'Alamofire')
    cd /Users/darisadam/Documents/Projects/iOS\ Apps/madabank-ios/Madabank/Tuist/.build/tuist-derived/Alamofire
    

SwiftCompile normal arm64 /Users/darisadam/Documents/Projects/iOS\ Apps/madabank-ios/Madabank/Tuist/.build/checkouts/Alamofire/Source/Core/URLConvertible+URLRequestConvertible.swift (in target 'Alamofire' from project 'Alamofire')
    cd /Users/darisadam/Documents/Projects/iOS\ Apps/madabank-ios/Madabank/Tuist/.build/tuist-derived/Alamofire
    

SwiftCompile normal arm64 /Users/darisadam/Documents/Projects/iOS\ Apps/madabank-ios/Madabank/Tuist/.build/checkouts/Alamofire/Source/Core/UploadRequest.swift (in target 'Alamofire' from project 'Alamofire')
    cd /Users/darisadam/Documents/Projects/iOS\ Apps/madabank-ios/Madabank/Tuist/.build/tuist-derived/Alamofire
    

SwiftCompile normal arm64 Compiling\ OfflineRetrier.swift,\ RedirectHandler.swift,\ RequestCompression.swift,\ RequestInterceptor.swift,\ ResponseSerialization.swift /Users/darisadam/Documents/Projects/iOS\ Apps/madabank-ios/Madabank/Tuist/.build/checkouts/Alamofire/Source/Features/OfflineRetrier.swift /Users/darisadam/Documents/Projects/iOS\ Apps/madabank-ios/Madabank/Tuist/.build/checkouts/Alamofire/Source/Features/RedirectHandler.swift /Users/darisadam/Documents/Projects/iOS\ Apps/madabank-ios/Madabank/Tuist/.build/checkouts/Alamofire/Source/Features/RequestCompression.swift /Users/darisadam/Documents/Projects/iOS\ Apps/madabank-ios/Madabank/Tuist/.build/checkouts/Alamofire/Source/Features/RequestInterceptor.swift /Users/darisadam/Documents/Projects/iOS\ Apps/madabank-ios/Madabank/Tuist/.build/checkouts/Alamofire/Source/Features/ResponseSerialization.swift (in target 'Alamofire' from project 'Alamofire')

SwiftCompile normal arm64 /Users/darisadam/Documents/Projects/iOS\ Apps/madabank-ios/Madabank/Tuist/.build/checkouts/Alamofire/Source/Features/OfflineRetrier.swift (in target 'Alamofire' from project 'Alamofire')
    cd /Users/darisadam/Documents/Projects/iOS\ Apps/madabank-ios/Madabank/Tuist/.build/tuist-derived/Alamofire
    

SwiftCompile normal arm64 /Users/darisadam/Documents/Projects/iOS\ Apps/madabank-ios/Madabank/Tuist/.build/checkouts/Alamofire/Source/Features/RedirectHandler.swift (in target 'Alamofire' from project 'Alamofire')
    cd /Users/darisadam/Documents/Projects/iOS\ Apps/madabank-ios/Madabank/Tuist/.build/tuist-derived/Alamofire
    

SwiftCompile normal arm64 /Users/darisadam/Documents/Projects/iOS\ Apps/madabank-ios/Madabank/Tuist/.build/checkouts/Alamofire/Source/Features/RequestCompression.swift (in target 'Alamofire' from project 'Alamofire')
    cd /Users/darisadam/Documents/Projects/iOS\ Apps/madabank-ios/Madabank/Tuist/.build/tuist-derived/Alamofire
    

SwiftCompile normal arm64 /Users/darisadam/Documents/Projects/iOS\ Apps/madabank-ios/Madabank/Tuist/.build/checkouts/Alamofire/Source/Features/RequestInterceptor.swift (in target 'Alamofire' from project 'Alamofire')
    cd /Users/darisadam/Documents/Projects/iOS\ Apps/madabank-ios/Madabank/Tuist/.build/tuist-derived/Alamofire
    

SwiftCompile normal arm64 /Users/darisadam/Documents/Projects/iOS\ Apps/madabank-ios/Madabank/Tuist/.build/checkouts/Alamofire/Source/Features/ResponseSerialization.swift (in target 'Alamofire' from project 'Alamofire')
    cd /Users/darisadam/Documents/Projects/iOS\ Apps/madabank-ios/Madabank/Tuist/.build/tuist-derived/Alamofire
    

SwiftDriverJobDiscovery normal arm64 Compiling KeychainManager.swift (in target 'Core' from project 'Core')

SwiftDriverJobDiscovery normal arm64 Compiling TokenManager.swift (in target 'Core' from project 'Core')

SwiftDriverJobDiscovery normal arm64 Compiling Core.swift (in target 'Core' from project 'Core')

SwiftDriver\ Compilation Core normal arm64 com.apple.xcode.tools.swift.compiler (in target 'Core' from project 'Core')
    cd /Users/darisadam/Documents/Projects/iOS\ Apps/madabank-ios/Madabank/Modules/Shared/Core
    builtin-Swift-Compilation -- /Applications/Xcode.app/Contents/Developer/Toolchains/XcodeDefault.xctoolchain/usr/bin/swiftc -module-name Core -Onone -enforce-exclusivity\=checked @/Users/darisadam/Library/Developer/Xcode/DerivedData/Madabank-hkohthnbjtgnoechirsoymtykttx/Build/Intermediates.noindex/Core.build/Debug-iphonesimulator/Core.build/Objects-normal/arm64/Core.SwiftFileList -DDEBUG -enable-bare-slash-regex -enable-experimental-feature DebugDescriptionMacro -sdk /Applications/Xcode.app/Contents/Developer/Platforms/iPhoneSimulator.platform/Developer/SDKs/iPhoneSimulator26.1.sdk -target arm64-apple-ios15.0-simulator -g -module-cache-path /Users/darisadam/Library/Developer/Xcode/DerivedData/ModuleCache.noindex -Xfrontend -serialize-debugging-options -enable-testing -index-store-path /Users/darisadam/Library/Developer/Xcode/DerivedData/Madabank-hkohthnbjtgnoechirsoymtykttx/Index.noindex/DataStore -Xcc -D_LIBCPP_HARDENING_MODE\=_LIBCPP_HARDENING_MODE_DEBUG -swift-version 5 -I /Users/darisadam/Library/Developer/Xcode/DerivedData/Madabank-hkohthnbjtgnoechirsoymtykttx/Build/Products/Debug-iphonesimulator -F /Users/darisadam/Library/Developer/Xcode/DerivedData/Madabank-hkohthnbjtgnoechirsoymtykttx/Build/Products/Debug-iphonesimulator -c -j8 -enable-batch-mode -incremental -Xcc -ivfsstatcache -Xcc /Users/darisadam/Library/Developer/Xcode/DerivedData/SDKStatCaches.noindex/iphonesimulator26.1-23B77-3885c01c3e6b6a337905948deab2002e90cf18a4295e390e64c810bc6bd7acbc.sdkstatcache -output-file-map /Users/darisadam/Library/Developer/Xcode/DerivedData/Madabank-hkohthnbjtgnoechirsoymtykttx/Build/Intermediates.noindex/Core.build/Debug-iphonesimulator/Core.build/Objects-normal/arm64/Core-OutputFileMap.json -use-frontend-parseable-output -save-temps -no-color-diagnostics -explicit-module-build -module-cache-path /Users/darisadam/Library/Developer/Xcode/DerivedData/Madabank-hkohthnbjtgnoechirsoymtykttx/Build/Intermediates.noindex/SwiftExplicitPrecompiledModules -clang-scanner-module-cache-path /Users/darisadam/Library/Developer/Xcode/DerivedData/ModuleCache.noindex -sdk-module-cache-path /Users/darisadam/Library/Developer/Xcode/DerivedData/ModuleCache.noindex -serialize-diagnostics -emit-dependencies -emit-module -emit-module-path /Users/darisadam/Library/Developer/Xcode/DerivedData/Madabank-hkohthnbjtgnoechirsoymtykttx/Build/Intermediates.noindex/Core.build/Debug-iphonesimulator/Core.build/Objects-normal/arm64/Core.swiftmodule -validate-clang-modules-once -clang-build-session-file /Users/darisadam/Library/Developer/Xcode/DerivedData/ModuleCache.noindex/Session.modulevalidation -Xcc -I/Users/darisadam/Library/Developer/Xcode/DerivedData/Madabank-hkohthnbjtgnoechirsoymtykttx/Build/Intermediates.noindex/Core.build/Debug-iphonesimulator/Core.build/swift-overrides.hmap -emit-const-values -Xfrontend -const-gather-protocols-file -Xfrontend /Users/darisadam/Library/Developer/Xcode/DerivedData/Madabank-hkohthnbjtgnoechirsoymtykttx/Build/Intermediates.noindex/Core.build/Debug-iphonesimulator/Core.build/Objects-normal/arm64/Core_const_extract_protocols.json -Xcc -iquote -Xcc /Users/darisadam/Library/Developer/Xcode/DerivedData/Madabank-hkohthnbjtgnoechirsoymtykttx/Build/Intermediates.noindex/Core.build/Debug-iphonesimulator/Core.build/Core-generated-files.hmap -Xcc -I/Users/darisadam/Library/Developer/Xcode/DerivedData/Madabank-hkohthnbjtgnoechirsoymtykttx/Build/Intermediates.noindex/Core.build/Debug-iphonesimulator/Core.build/Core-own-target-headers.hmap -Xcc -I/Users/darisadam/Library/Developer/Xcode/DerivedData/Madabank-hkohthnbjtgnoechirsoymtykttx/Build/Intermediates.noindex/Core.build/Debug-iphonesimulator/Core.build/Core-all-non-framework-target-headers.hmap -Xcc -ivfsoverlay -Xcc /Users/darisadam/Library/Developer/Xcode/DerivedData/Madabank-hkohthnbjtgnoechirsoymtykttx/Build/Intermediates.noindex/Core.build/Debug-iphonesimulator/Core-011bcb69b58bd754ba2ab26f60c77229-VFS-iphonesimulator/all-product-headers.yaml -Xcc -iquote -Xcc /Users/darisadam/Library/Developer/Xcode/DerivedData/Madabank-hkohthnbjtgnoechirsoymtykttx/Build/Intermediates.noindex/Core.build/Debug-iphonesimulator/Core.build/Core-project-headers.hmap -Xcc -I/Users/darisadam/Library/Developer/Xcode/DerivedData/Madabank-hkohthnbjtgnoechirsoymtykttx/Build/Products/Debug-iphonesimulator/include -Xcc -I/Users/darisadam/Library/Developer/Xcode/DerivedData/Madabank-hkohthnbjtgnoechirsoymtykttx/Build/Intermediates.noindex/Core.build/Debug-iphonesimulator/Core.build/DerivedSources-normal/arm64 -Xcc -I/Users/darisadam/Library/Developer/Xcode/DerivedData/Madabank-hkohthnbjtgnoechirsoymtykttx/Build/Intermediates.noindex/Core.build/Debug-iphonesimulator/Core.build/DerivedSources/arm64 -Xcc -I/Users/darisadam/Library/Developer/Xcode/DerivedData/Madabank-hkohthnbjtgnoechirsoymtykttx/Build/Intermediates.noindex/Core.build/Debug-iphonesimulator/Core.build/DerivedSources -Xcc -DDEBUG\=1 -emit-objc-header -emit-objc-header-path /Users/darisadam/Library/Developer/Xcode/DerivedData/Madabank-hkohthnbjtgnoechirsoymtykttx/Build/Intermediates.noindex/Core.build/Debug-iphonesimulator/Core.build/Objects-normal/arm64/Core-Swift.h -working-directory /Users/darisadam/Documents/Projects/iOS\ Apps/madabank-ios/Madabank/Modules/Shared/Core -experimental-emit-module-separately -disable-cmo

ScanDependencies /Users/darisadam/Library/Developer/Xcode/DerivedData/Madabank-hkohthnbjtgnoechirsoymtykttx/Build/Intermediates.noindex/RxSwift.build/Debug-iphonesimulator/RxSwift.build/Objects-normal/arm64/RxSwift_vers.o /Users/darisadam/Library/Developer/Xcode/DerivedData/Madabank-hkohthnbjtgnoechirsoymtykttx/Build/Intermediates.noindex/RxSwift.build/Debug-iphonesimulator/RxSwift.build/DerivedSources/RxSwift_vers.c normal arm64 c com.apple.compilers.llvm.clang.1_0.compiler (in target 'RxSwift' from project 'RxSwift')
    cd /Users/darisadam/Documents/Projects/iOS\ Apps/madabank-ios/Madabank/Tuist/.build/tuist-derived/RxSwift
    
    Using response file: /Users/darisadam/Library/Developer/Xcode/DerivedData/Madabank-hkohthnbjtgnoechirsoymtykttx/Build/Intermediates.noindex/RxSwift.build/Debug-iphonesimulator/RxSwift.build/Objects-normal/arm64/7187679823f38a2a940e0043cdf9d637-common-args.resp
    
    builtin-ScanDependencies -o /Users/darisadam/Library/Developer/Xcode/DerivedData/Madabank-hkohthnbjtgnoechirsoymtykttx/Build/Intermediates.noindex/RxSwift.build/Debug-iphonesimulator/RxSwift.build/Objects-normal/arm64/RxSwift_vers.o.scan -- /Applications/Xcode.app/Contents/Developer/Toolchains/XcodeDefault.xctoolchain/usr/bin/clang -x c -ivfsstatcache /Users/darisadam/Library/Developer/Xcode/DerivedData/SDKStatCaches.noindex/iphonesimulator26.1-23B77-3885c01c3e6b6a337905948deab2002e90cf18a4295e390e64c810bc6bd7acbc.sdkstatcache -fmessage-length\=0 -fdiagnostics-show-note-include-stack -fmacro-backtrace-limit\=0 -fno-color-diagnostics -fmodules-prune-interval\=86400 -fmodules-prune-after\=345600 -fbuild-session-file\=/Users/darisadam/Library/Developer/Xcode/DerivedData/ModuleCache.noindex/Session.modulevalidation -fmodules-validate-once-per-build-session -Wnon-modular-include-in-framework-module -Werror\=non-modular-include-in-framework-module -Wno-trigraphs -Wno-missing-field-initializers -Wno-missing-prototypes -Werror\=return-type -Wdocumentation -Wunreachable-code -Werror\=deprecated-objc-isa-usage -Werror\=objc-root-class -Wno-missing-braces -Wparentheses -Wswitch -Wunused-function -Wno-unused-label -Wno-unused-parameter -Wunused-variable -Wunused-value -Wempty-body -Wuninitialized -Wconditional-uninitialized -Wno-unknown-pragmas -w -Wno-shadow -Wno-four-char-constants -Wno-conversion -Wconstant-conversion -Wint-conversion -Wbool-conversion -Wenum-conversion -Wno-float-conversion -Wnon-literal-null-conversion -Wobjc-literal-conversion -Wshorten-64-to-32 -Wpointer-sign -Wno-newline-eof -Wno-implicit-fallthrough -fstrict-aliasing -Wdeprecated-declarations -Wno-sign-conversion -Winfinite-recursion -Wcomma -Wblock-capture-autoreleasing -Wstrict-prototypes -Wno-semicolon-before-method-body -Wunguarded-availability -index-store-path /Users/darisadam/Library/Developer/Xcode/DerivedData/Madabank-hkohthnbjtgnoechirsoymtykttx/Index.noindex/DataStore @/Users/darisadam/Library/Developer/Xcode/DerivedData/Madabank-hkohthnbjtgnoechirsoymtykttx/Build/Intermediates.noindex/RxSwift.build/Debug-iphonesimulator/RxSwift.build/Objects-normal/arm64/7187679823f38a2a940e0043cdf9d637-common-args.resp -MMD -MT dependencies -MF /Users/darisadam/Library/Developer/Xcode/DerivedData/Madabank-hkohthnbjtgnoechirsoymtykttx/Build/Intermediates.noindex/RxSwift.build/Debug-iphonesimulator/RxSwift.build/Objects-normal/arm64/RxSwift_vers.d --serialize-diagnostics /Users/darisadam/Library/Developer/Xcode/DerivedData/Madabank-hkohthnbjtgnoechirsoymtykttx/Build/Intermediates.noindex/RxSwift.build/Debug-iphonesimulator/RxSwift.build/Objects-normal/arm64/RxSwift_vers.dia -c /Users/darisadam/Library/Developer/Xcode/DerivedData/Madabank-hkohthnbjtgnoechirsoymtykttx/Build/Intermediates.noindex/RxSwift.build/Debug-iphonesimulator/RxSwift.build/DerivedSources/RxSwift_vers.c -o /Users/darisadam/Library/Developer/Xcode/DerivedData/Madabank-hkohthnbjtgnoechirsoymtykttx/Build/Intermediates.noindex/RxSwift.build/Debug-iphonesimulator/RxSwift.build/Objects-normal/arm64/RxSwift_vers.o -index-unit-output-path /RxSwift.build/Debug-iphonesimulator/RxSwift.build/Objects-normal/arm64/RxSwift_vers.o

ScanDependencies /Users/darisadam/Library/Developer/Xcode/DerivedData/Madabank-hkohthnbjtgnoechirsoymtykttx/Build/Intermediates.noindex/Core.build/Debug-iphonesimulator/Core.build/Objects-normal/arm64/Core_vers.o /Users/darisadam/Library/Developer/Xcode/DerivedData/Madabank-hkohthnbjtgnoechirsoymtykttx/Build/Intermediates.noindex/Core.build/Debug-iphonesimulator/Core.build/DerivedSources/Core_vers.c normal arm64 c com.apple.compilers.llvm.clang.1_0.compiler (in target 'Core' from project 'Core')
    cd /Users/darisadam/Documents/Projects/iOS\ Apps/madabank-ios/Madabank/Modules/Shared/Core
    
    Using response file: /Users/darisadam/Library/Developer/Xcode/DerivedData/Madabank-hkohthnbjtgnoechirsoymtykttx/Build/Intermediates.noindex/Core.build/Debug-iphonesimulator/Core.build/Objects-normal/arm64/7187679823f38a2a940e0043cdf9d637-common-args.resp
    
    builtin-ScanDependencies -o /Users/darisadam/Library/Developer/Xcode/DerivedData/Madabank-hkohthnbjtgnoechirsoymtykttx/Build/Intermediates.noindex/Core.build/Debug-iphonesimulator/Core.build/Objects-normal/arm64/Core_vers.o.scan -- /Applications/Xcode.app/Contents/Developer/Toolchains/XcodeDefault.xctoolchain/usr/bin/clang -x c -ivfsstatcache /Users/darisadam/Library/Developer/Xcode/DerivedData/SDKStatCaches.noindex/iphonesimulator26.1-23B77-3885c01c3e6b6a337905948deab2002e90cf18a4295e390e64c810bc6bd7acbc.sdkstatcache -fmessage-length\=0 -fdiagnostics-show-note-include-stack -fmacro-backtrace-limit\=0 -fno-color-diagnostics -fmodules-prune-interval\=86400 -fmodules-prune-after\=345600 -fbuild-session-file\=/Users/darisadam/Library/Developer/Xcode/DerivedData/ModuleCache.noindex/Session.modulevalidation -fmodules-validate-once-per-build-session -Wnon-modular-include-in-framework-module -Werror\=non-modular-include-in-framework-module -Wno-trigraphs -Wno-missing-field-initializers -Wno-missing-prototypes -Werror\=return-type -Wdocumentation -Wunreachable-code -Wquoted-include-in-framework-header -Werror\=deprecated-objc-isa-usage -Werror\=objc-root-class -Wno-missing-braces -Wparentheses -Wswitch -Wunused-function -Wno-unused-label -Wno-unused-parameter -Wunused-variable -Wunused-value -Wempty-body -Wuninitialized -Wconditional-uninitialized -Wno-unknown-pragmas -Wno-shadow -Wno-four-char-constants -Wno-conversion -Wconstant-conversion -Wint-conversion -Wbool-conversion -Wenum-conversion -Wno-float-conversion -Wnon-literal-null-conversion -Wobjc-literal-conversion -Wshorten-64-to-32 -Wpointer-sign -Wno-newline-eof -Wno-implicit-fallthrough -fstrict-aliasing -Wdeprecated-declarations -Wno-sign-conversion -Winfinite-recursion -Wcomma -Wblock-capture-autoreleasing -Wstrict-prototypes -Wno-semicolon-before-method-body -Wunguarded-availability -index-store-path /Users/darisadam/Library/Developer/Xcode/DerivedData/Madabank-hkohthnbjtgnoechirsoymtykttx/Index.noindex/DataStore @/Users/darisadam/Library/Developer/Xcode/DerivedData/Madabank-hkohthnbjtgnoechirsoymtykttx/Build/Intermediates.noindex/Core.build/Debug-iphonesimulator/Core.build/Objects-normal/arm64/7187679823f38a2a940e0043cdf9d637-common-args.resp -MMD -MT dependencies -MF /Users/darisadam/Library/Developer/Xcode/DerivedData/Madabank-hkohthnbjtgnoechirsoymtykttx/Build/Intermediates.noindex/Core.build/Debug-iphonesimulator/Core.build/Objects-normal/arm64/Core_vers.d --serialize-diagnostics /Users/darisadam/Library/Developer/Xcode/DerivedData/Madabank-hkohthnbjtgnoechirsoymtykttx/Build/Intermediates.noindex/Core.build/Debug-iphonesimulator/Core.build/Objects-normal/arm64/Core_vers.dia -c /Users/darisadam/Library/Developer/Xcode/DerivedData/Madabank-hkohthnbjtgnoechirsoymtykttx/Build/Intermediates.noindex/Core.build/Debug-iphonesimulator/Core.build/DerivedSources/Core_vers.c -o /Users/darisadam/Library/Developer/Xcode/DerivedData/Madabank-hkohthnbjtgnoechirsoymtykttx/Build/Intermediates.noindex/Core.build/Debug-iphonesimulator/Core.build/Objects-normal/arm64/Core_vers.o -index-unit-output-path /Core.build/Debug-iphonesimulator/Core.build/Objects-normal/arm64/Core_vers.o

CompileC /Users/darisadam/Library/Developer/Xcode/DerivedData/Madabank-hkohthnbjtgnoechirsoymtykttx/Build/Intermediates.noindex/RxSwift.build/Debug-iphonesimulator/RxSwift.build/Objects-normal/arm64/RxSwift_vers.o /Users/darisadam/Library/Developer/Xcode/DerivedData/Madabank-hkohthnbjtgnoechirsoymtykttx/Build/Intermediates.noindex/RxSwift.build/Debug-iphonesimulator/RxSwift.build/DerivedSources/RxSwift_vers.c normal arm64 c com.apple.compilers.llvm.clang.1_0.compiler (in target 'RxSwift' from project 'RxSwift')
    cd /Users/darisadam/Documents/Projects/iOS\ Apps/madabank-ios/Madabank/Tuist/.build/tuist-derived/RxSwift
    
    Using response file: /Users/darisadam/Library/Developer/Xcode/DerivedData/Madabank-hkohthnbjtgnoechirsoymtykttx/Build/Intermediates.noindex/RxSwift.build/Debug-iphonesimulator/RxSwift.build/Objects-normal/arm64/7187679823f38a2a940e0043cdf9d637-common-args.resp
    
    /Applications/Xcode.app/Contents/Developer/Toolchains/XcodeDefault.xctoolchain/usr/bin/clang -x c -ivfsstatcache /Users/darisadam/Library/Developer/Xcode/DerivedData/SDKStatCaches.noindex/iphonesimulator26.1-23B77-3885c01c3e6b6a337905948deab2002e90cf18a4295e390e64c810bc6bd7acbc.sdkstatcache -fmessage-length\=0 -fdiagnostics-show-note-include-stack -fmacro-backtrace-limit\=0 -fno-color-diagnostics -fmodules-prune-interval\=86400 -fmodules-prune-after\=345600 -fbuild-session-file\=/Users/darisadam/Library/Developer/Xcode/DerivedData/ModuleCache.noindex/Session.modulevalidation -fmodules-validate-once-per-build-session -Wnon-modular-include-in-framework-module -Werror\=non-modular-include-in-framework-module -Wno-trigraphs -Wno-missing-field-initializers -Wno-missing-prototypes -Werror\=return-type -Wdocumentation -Wunreachable-code -Werror\=deprecated-objc-isa-usage -Werror\=objc-root-class -Wno-missing-braces -Wparentheses -Wswitch -Wunused-function -Wno-unused-label -Wno-unused-parameter -Wunused-variable -Wunused-value -Wempty-body -Wuninitialized -Wconditional-uninitialized -Wno-unknown-pragmas -w -Wno-shadow -Wno-four-char-constants -Wno-conversion -Wconstant-conversion -Wint-conversion -Wbool-conversion -Wenum-conversion -Wno-float-conversion -Wnon-literal-null-conversion -Wobjc-literal-conversion -Wshorten-64-to-32 -Wpointer-sign -Wno-newline-eof -Wno-implicit-fallthrough -fstrict-aliasing -Wdeprecated-declarations -Wno-sign-conversion -Winfinite-recursion -Wcomma -Wblock-capture-autoreleasing -Wstrict-prototypes -Wno-semicolon-before-method-body -Wunguarded-availability -index-store-path /Users/darisadam/Library/Developer/Xcode/DerivedData/Madabank-hkohthnbjtgnoechirsoymtykttx/Index.noindex/DataStore @/Users/darisadam/Library/Developer/Xcode/DerivedData/Madabank-hkohthnbjtgnoechirsoymtykttx/Build/Intermediates.noindex/RxSwift.build/Debug-iphonesimulator/RxSwift.build/Objects-normal/arm64/7187679823f38a2a940e0043cdf9d637-common-args.resp -MMD -MT dependencies -MF /Users/darisadam/Library/Developer/Xcode/DerivedData/Madabank-hkohthnbjtgnoechirsoymtykttx/Build/Intermediates.noindex/RxSwift.build/Debug-iphonesimulator/RxSwift.build/Objects-normal/arm64/RxSwift_vers.d --serialize-diagnostics /Users/darisadam/Library/Developer/Xcode/DerivedData/Madabank-hkohthnbjtgnoechirsoymtykttx/Build/Intermediates.noindex/RxSwift.build/Debug-iphonesimulator/RxSwift.build/Objects-normal/arm64/RxSwift_vers.dia -c /Users/darisadam/Library/Developer/Xcode/DerivedData/Madabank-hkohthnbjtgnoechirsoymtykttx/Build/Intermediates.noindex/RxSwift.build/Debug-iphonesimulator/RxSwift.build/DerivedSources/RxSwift_vers.c -o /Users/darisadam/Library/Developer/Xcode/DerivedData/Madabank-hkohthnbjtgnoechirsoymtykttx/Build/Intermediates.noindex/RxSwift.build/Debug-iphonesimulator/RxSwift.build/Objects-normal/arm64/RxSwift_vers.o -index-unit-output-path /RxSwift.build/Debug-iphonesimulator/RxSwift.build/Objects-normal/arm64/RxSwift_vers.o

CompileC /Users/darisadam/Library/Developer/Xcode/DerivedData/Madabank-hkohthnbjtgnoechirsoymtykttx/Build/Intermediates.noindex/Core.build/Debug-iphonesimulator/Core.build/Objects-normal/arm64/Core_vers.o /Users/darisadam/Library/Developer/Xcode/DerivedData/Madabank-hkohthnbjtgnoechirsoymtykttx/Build/Intermediates.noindex/Core.build/Debug-iphonesimulator/Core.build/DerivedSources/Core_vers.c normal arm64 c com.apple.compilers.llvm.clang.1_0.compiler (in target 'Core' from project 'Core')
    cd /Users/darisadam/Documents/Projects/iOS\ Apps/madabank-ios/Madabank/Modules/Shared/Core
    
    Using response file: /Users/darisadam/Library/Developer/Xcode/DerivedData/Madabank-hkohthnbjtgnoechirsoymtykttx/Build/Intermediates.noindex/Core.build/Debug-iphonesimulator/Core.build/Objects-normal/arm64/7187679823f38a2a940e0043cdf9d637-common-args.resp
    
    /Applications/Xcode.app/Contents/Developer/Toolchains/XcodeDefault.xctoolchain/usr/bin/clang -x c -ivfsstatcache /Users/darisadam/Library/Developer/Xcode/DerivedData/SDKStatCaches.noindex/iphonesimulator26.1-23B77-3885c01c3e6b6a337905948deab2002e90cf18a4295e390e64c810bc6bd7acbc.sdkstatcache -fmessage-length\=0 -fdiagnostics-show-note-include-stack -fmacro-backtrace-limit\=0 -fno-color-diagnostics -fmodules-prune-interval\=86400 -fmodules-prune-after\=345600 -fbuild-session-file\=/Users/darisadam/Library/Developer/Xcode/DerivedData/ModuleCache.noindex/Session.modulevalidation -fmodules-validate-once-per-build-session -Wnon-modular-include-in-framework-module -Werror\=non-modular-include-in-framework-module -Wno-trigraphs -Wno-missing-field-initializers -Wno-missing-prototypes -Werror\=return-type -Wdocumentation -Wunreachable-code -Wquoted-include-in-framework-header -Werror\=deprecated-objc-isa-usage -Werror\=objc-root-class -Wno-missing-braces -Wparentheses -Wswitch -Wunused-function -Wno-unused-label -Wno-unused-parameter -Wunused-variable -Wunused-value -Wempty-body -Wuninitialized -Wconditional-uninitialized -Wno-unknown-pragmas -Wno-shadow -Wno-four-char-constants -Wno-conversion -Wconstant-conversion -Wint-conversion -Wbool-conversion -Wenum-conversion -Wno-float-conversion -Wnon-literal-null-conversion -Wobjc-literal-conversion -Wshorten-64-to-32 -Wpointer-sign -Wno-newline-eof -Wno-implicit-fallthrough -fstrict-aliasing -Wdeprecated-declarations -Wno-sign-conversion -Winfinite-recursion -Wcomma -Wblock-capture-autoreleasing -Wstrict-prototypes -Wno-semicolon-before-method-body -Wunguarded-availability -index-store-path /Users/darisadam/Library/Developer/Xcode/DerivedData/Madabank-hkohthnbjtgnoechirsoymtykttx/Index.noindex/DataStore @/Users/darisadam/Library/Developer/Xcode/DerivedData/Madabank-hkohthnbjtgnoechirsoymtykttx/Build/Intermediates.noindex/Core.build/Debug-iphonesimulator/Core.build/Objects-normal/arm64/7187679823f38a2a940e0043cdf9d637-common-args.resp -MMD -MT dependencies -MF /Users/darisadam/Library/Developer/Xcode/DerivedData/Madabank-hkohthnbjtgnoechirsoymtykttx/Build/Intermediates.noindex/Core.build/Debug-iphonesimulator/Core.build/Objects-normal/arm64/Core_vers.d --serialize-diagnostics /Users/darisadam/Library/Developer/Xcode/DerivedData/Madabank-hkohthnbjtgnoechirsoymtykttx/Build/Intermediates.noindex/Core.build/Debug-iphonesimulator/Core.build/Objects-normal/arm64/Core_vers.dia -c /Users/darisadam/Library/Developer/Xcode/DerivedData/Madabank-hkohthnbjtgnoechirsoymtykttx/Build/Intermediates.noindex/Core.build/Debug-iphonesimulator/Core.build/DerivedSources/Core_vers.c -o /Users/darisadam/Library/Developer/Xcode/DerivedData/Madabank-hkohthnbjtgnoechirsoymtykttx/Build/Intermediates.noindex/Core.build/Debug-iphonesimulator/Core.build/Objects-normal/arm64/Core_vers.o -index-unit-output-path /Core.build/Debug-iphonesimulator/Core.build/Objects-normal/arm64/Core_vers.o

ScanDependencies /Users/darisadam/Library/Developer/Xcode/DerivedData/Madabank-hkohthnbjtgnoechirsoymtykttx/Build/Intermediates.noindex/Alamofire.build/Debug-iphonesimulator/Alamofire.build/Objects-normal/arm64/Alamofire_vers.o /Users/darisadam/Library/Developer/Xcode/DerivedData/Madabank-hkohthnbjtgnoechirsoymtykttx/Build/Intermediates.noindex/Alamofire.build/Debug-iphonesimulator/Alamofire.build/DerivedSources/Alamofire_vers.c normal arm64 c com.apple.compilers.llvm.clang.1_0.compiler (in target 'Alamofire' from project 'Alamofire')
    cd /Users/darisadam/Documents/Projects/iOS\ Apps/madabank-ios/Madabank/Tuist/.build/tuist-derived/Alamofire
    
    Using response file: /Users/darisadam/Library/Developer/Xcode/DerivedData/Madabank-hkohthnbjtgnoechirsoymtykttx/Build/Intermediates.noindex/Alamofire.build/Debug-iphonesimulator/Alamofire.build/Objects-normal/arm64/7187679823f38a2a940e0043cdf9d637-common-args.resp
    
    builtin-ScanDependencies -o /Users/darisadam/Library/Developer/Xcode/DerivedData/Madabank-hkohthnbjtgnoechirsoymtykttx/Build/Intermediates.noindex/Alamofire.build/Debug-iphonesimulator/Alamofire.build/Objects-normal/arm64/Alamofire_vers.o.scan -- /Applications/Xcode.app/Contents/Developer/Toolchains/XcodeDefault.xctoolchain/usr/bin/clang -x c -ivfsstatcache /Users/darisadam/Library/Developer/Xcode/DerivedData/SDKStatCaches.noindex/iphonesimulator26.1-23B77-3885c01c3e6b6a337905948deab2002e90cf18a4295e390e64c810bc6bd7acbc.sdkstatcache -fmessage-length\=0 -fdiagnostics-show-note-include-stack -fmacro-backtrace-limit\=0 -fno-color-diagnostics -fmodules-prune-interval\=86400 -fmodules-prune-after\=345600 -fbuild-session-file\=/Users/darisadam/Library/Developer/Xcode/DerivedData/ModuleCache.noindex/Session.modulevalidation -fmodules-validate-once-per-build-session -Wnon-modular-include-in-framework-module -Werror\=non-modular-include-in-framework-module -Wno-trigraphs -Wno-missing-field-initializers -Wno-missing-prototypes -Werror\=return-type -Wdocumentation -Wunreachable-code -Werror\=deprecated-objc-isa-usage -Werror\=objc-root-class -Wno-missing-braces -Wparentheses -Wswitch -Wunused-function -Wno-unused-label -Wno-unused-parameter -Wunused-variable -Wunused-value -Wempty-body -Wuninitialized -Wconditional-uninitialized -Wno-unknown-pragmas -w -Wno-shadow -Wno-four-char-constants -Wno-conversion -Wconstant-conversion -Wint-conversion -Wbool-conversion -Wenum-conversion -Wno-float-conversion -Wnon-literal-null-conversion -Wobjc-literal-conversion -Wshorten-64-to-32 -Wpointer-sign -Wno-newline-eof -Wno-implicit-fallthrough -fstrict-aliasing -Wdeprecated-declarations -Wno-sign-conversion -Winfinite-recursion -Wcomma -Wblock-capture-autoreleasing -Wstrict-prototypes -Wno-semicolon-before-method-body -Wunguarded-availability -index-store-path /Users/darisadam/Library/Developer/Xcode/DerivedData/Madabank-hkohthnbjtgnoechirsoymtykttx/Index.noindex/DataStore @/Users/darisadam/Library/Developer/Xcode/DerivedData/Madabank-hkohthnbjtgnoechirsoymtykttx/Build/Intermediates.noindex/Alamofire.build/Debug-iphonesimulator/Alamofire.build/Objects-normal/arm64/7187679823f38a2a940e0043cdf9d637-common-args.resp -MMD -MT dependencies -MF /Users/darisadam/Library/Developer/Xcode/DerivedData/Madabank-hkohthnbjtgnoechirsoymtykttx/Build/Intermediates.noindex/Alamofire.build/Debug-iphonesimulator/Alamofire.build/Objects-normal/arm64/Alamofire_vers.d --serialize-diagnostics /Users/darisadam/Library/Developer/Xcode/DerivedData/Madabank-hkohthnbjtgnoechirsoymtykttx/Build/Intermediates.noindex/Alamofire.build/Debug-iphonesimulator/Alamofire.build/Objects-normal/arm64/Alamofire_vers.dia -c /Users/darisadam/Library/Developer/Xcode/DerivedData/Madabank-hkohthnbjtgnoechirsoymtykttx/Build/Intermediates.noindex/Alamofire.build/Debug-iphonesimulator/Alamofire.build/DerivedSources/Alamofire_vers.c -o /Users/darisadam/Library/Developer/Xcode/DerivedData/Madabank-hkohthnbjtgnoechirsoymtykttx/Build/Intermediates.noindex/Alamofire.build/Debug-iphonesimulator/Alamofire.build/Objects-normal/arm64/Alamofire_vers.o -index-unit-output-path /Alamofire.build/Debug-iphonesimulator/Alamofire.build/Objects-normal/arm64/Alamofire_vers.o

Ld /Users/darisadam/Library/Developer/Xcode/DerivedData/Madabank-hkohthnbjtgnoechirsoymtykttx/Build/Products/Debug-iphonesimulator/Core.framework/Core normal (in target 'Core' from project 'Core')
    cd /Users/darisadam/Documents/Projects/iOS\ Apps/madabank-ios/Madabank/Modules/Shared/Core
    /Applications/Xcode.app/Contents/Developer/Toolchains/XcodeDefault.xctoolchain/usr/bin/clang -Xlinker -reproducible -target arm64-apple-ios15.0-simulator -dynamiclib -isysroot /Applications/Xcode.app/Contents/Developer/Platforms/iPhoneSimulator.platform/Developer/SDKs/iPhoneSimulator26.1.sdk -O0 -L/Users/darisadam/Library/Developer/Xcode/DerivedData/Madabank-hkohthnbjtgnoechirsoymtykttx/Build/Intermediates.noindex/EagerLinkingTBDs/Debug-iphonesimulator -L/Users/darisadam/Library/Developer/Xcode/DerivedData/Madabank-hkohthnbjtgnoechirsoymtykttx/Build/Products/Debug-iphonesimulator -F/Users/darisadam/Library/Developer/Xcode/DerivedData/Madabank-hkohthnbjtgnoechirsoymtykttx/Build/Intermediates.noindex/EagerLinkingTBDs/Debug-iphonesimulator -F/Users/darisadam/Library/Developer/Xcode/DerivedData/Madabank-hkohthnbjtgnoechirsoymtykttx/Build/Products/Debug-iphonesimulator -filelist /Users/darisadam/Library/Developer/Xcode/DerivedData/Madabank-hkohthnbjtgnoechirsoymtykttx/Build/Intermediates.noindex/Core.build/Debug-iphonesimulator/Core.build/Objects-normal/arm64/Core.LinkFileList -install_name @rpath/Core.framework/Core -Xlinker -rpath -Xlinker /usr/lib/swift -Xlinker -rpath -Xlinker @executable_path/Frameworks -Xlinker -rpath -Xlinker @loader_path/Frameworks -dead_strip -Xlinker -object_path_lto -Xlinker /Users/darisadam/Library/Developer/Xcode/DerivedData/Madabank-hkohthnbjtgnoechirsoymtykttx/Build/Intermediates.noindex/Core.build/Debug-iphonesimulator/Core.build/Objects-normal/arm64/Core_lto.o -rdynamic -Xlinker -no_deduplicate -Xlinker -objc_abi_version -Xlinker 2 -Xlinker -dependency_info -Xlinker /Users/darisadam/Library/Developer/Xcode/DerivedData/Madabank-hkohthnbjtgnoechirsoymtykttx/Build/Intermediates.noindex/Core.build/Debug-iphonesimulator/Core.build/Objects-normal/arm64/Core_dependency_info.dat -fobjc-link-runtime -L/Applications/Xcode.app/Contents/Developer/Toolchains/XcodeDefault.xctoolchain/usr/lib/swift/iphonesimulator -L/usr/lib/swift -Xlinker -add_ast_path -Xlinker /Users/darisadam/Library/Developer/Xcode/DerivedData/Madabank-hkohthnbjtgnoechirsoymtykttx/Build/Intermediates.noindex/Core.build/Debug-iphonesimulator/Core.build/Objects-normal/arm64/Core.swiftmodule @/Users/darisadam/Library/Developer/Xcode/DerivedData/Madabank-hkohthnbjtgnoechirsoymtykttx/Build/Intermediates.noindex/Core.build/Debug-iphonesimulator/Core.build/Objects-normal/arm64/Core-linker-args.resp -Xlinker -no_adhoc_codesign -compatibility_version 1 -current_version 1 -o /Users/darisadam/Library/Developer/Xcode/DerivedData/Madabank-hkohthnbjtgnoechirsoymtykttx/Build/Products/Debug-iphonesimulator/Core.framework/Core

CompileC /Users/darisadam/Library/Developer/Xcode/DerivedData/Madabank-hkohthnbjtgnoechirsoymtykttx/Build/Intermediates.noindex/Alamofire.build/Debug-iphonesimulator/Alamofire.build/Objects-normal/arm64/Alamofire_vers.o /Users/darisadam/Library/Developer/Xcode/DerivedData/Madabank-hkohthnbjtgnoechirsoymtykttx/Build/Intermediates.noindex/Alamofire.build/Debug-iphonesimulator/Alamofire.build/DerivedSources/Alamofire_vers.c normal arm64 c com.apple.compilers.llvm.clang.1_0.compiler (in target 'Alamofire' from project 'Alamofire')
    cd /Users/darisadam/Documents/Projects/iOS\ Apps/madabank-ios/Madabank/Tuist/.build/tuist-derived/Alamofire
    
    Using response file: /Users/darisadam/Library/Developer/Xcode/DerivedData/Madabank-hkohthnbjtgnoechirsoymtykttx/Build/Intermediates.noindex/Alamofire.build/Debug-iphonesimulator/Alamofire.build/Objects-normal/arm64/7187679823f38a2a940e0043cdf9d637-common-args.resp
    
    /Applications/Xcode.app/Contents/Developer/Toolchains/XcodeDefault.xctoolchain/usr/bin/clang -x c -ivfsstatcache /Users/darisadam/Library/Developer/Xcode/DerivedData/SDKStatCaches.noindex/iphonesimulator26.1-23B77-3885c01c3e6b6a337905948deab2002e90cf18a4295e390e64c810bc6bd7acbc.sdkstatcache -fmessage-length\=0 -fdiagnostics-show-note-include-stack -fmacro-backtrace-limit\=0 -fno-color-diagnostics -fmodules-prune-interval\=86400 -fmodules-prune-after\=345600 -fbuild-session-file\=/Users/darisadam/Library/Developer/Xcode/DerivedData/ModuleCache.noindex/Session.modulevalidation -fmodules-validate-once-per-build-session -Wnon-modular-include-in-framework-module -Werror\=non-modular-include-in-framework-module -Wno-trigraphs -Wno-missing-field-initializers -Wno-missing-prototypes -Werror\=return-type -Wdocumentation -Wunreachable-code -Werror\=deprecated-objc-isa-usage -Werror\=objc-root-class -Wno-missing-braces -Wparentheses -Wswitch -Wunused-function -Wno-unused-label -Wno-unused-parameter -Wunused-variable -Wunused-value -Wempty-body -Wuninitialized -Wconditional-uninitialized -Wno-unknown-pragmas -w -Wno-shadow -Wno-four-char-constants -Wno-conversion -Wconstant-conversion -Wint-conversion -Wbool-conversion -Wenum-conversion -Wno-float-conversion -Wnon-literal-null-conversion -Wobjc-literal-conversion -Wshorten-64-to-32 -Wpointer-sign -Wno-newline-eof -Wno-implicit-fallthrough -fstrict-aliasing -Wdeprecated-declarations -Wno-sign-conversion -Winfinite-recursion -Wcomma -Wblock-capture-autoreleasing -Wstrict-prototypes -Wno-semicolon-before-method-body -Wunguarded-availability -index-store-path /Users/darisadam/Library/Developer/Xcode/DerivedData/Madabank-hkohthnbjtgnoechirsoymtykttx/Index.noindex/DataStore @/Users/darisadam/Library/Developer/Xcode/DerivedData/Madabank-hkohthnbjtgnoechirsoymtykttx/Build/Intermediates.noindex/Alamofire.build/Debug-iphonesimulator/Alamofire.build/Objects-normal/arm64/7187679823f38a2a940e0043cdf9d637-common-args.resp -MMD -MT dependencies -MF /Users/darisadam/Library/Developer/Xcode/DerivedData/Madabank-hkohthnbjtgnoechirsoymtykttx/Build/Intermediates.noindex/Alamofire.build/Debug-iphonesimulator/Alamofire.build/Objects-normal/arm64/Alamofire_vers.d --serialize-diagnostics /Users/darisadam/Library/Developer/Xcode/DerivedData/Madabank-hkohthnbjtgnoechirsoymtykttx/Build/Intermediates.noindex/Alamofire.build/Debug-iphonesimulator/Alamofire.build/Objects-normal/arm64/Alamofire_vers.dia -c /Users/darisadam/Library/Developer/Xcode/DerivedData/Madabank-hkohthnbjtgnoechirsoymtykttx/Build/Intermediates.noindex/Alamofire.build/Debug-iphonesimulator/Alamofire.build/DerivedSources/Alamofire_vers.c -o /Users/darisadam/Library/Developer/Xcode/DerivedData/Madabank-hkohthnbjtgnoechirsoymtykttx/Build/Intermediates.noindex/Alamofire.build/Debug-iphonesimulator/Alamofire.build/Objects-normal/arm64/Alamofire_vers.o -index-unit-output-path /Alamofire.build/Debug-iphonesimulator/Alamofire.build/Objects-normal/arm64/Alamofire_vers.o

SwiftDriverJobDiscovery normal arm64 Compiling CombineLatest.swift, CompactMap.swift, Completable+AndThen.swift, Completable.swift, CompositeDisposable.swift, Concat.swift, ConcurrentDispatchQueueScheduler.swift, ConcurrentMainScheduler.swift, ConnectableObservableType.swift, Create.swift, CurrentThreadScheduler.swift, Date+Dispatch.swift, Debounce.swift, Debug.swift, Decode.swift, DefaultIfEmpty.swift, Deferred.swift, Delay.swift, DelaySubscription.swift, Dematerialize.swift, DispatchQueue+Extensions.swift (in target 'RxSwift' from project 'RxSwift')

SwiftDriver Networking normal arm64 com.apple.xcode.tools.swift.compiler (in target 'Networking' from project 'Networking')
    cd /Users/darisadam/Documents/Projects/iOS\ Apps/madabank-ios/Madabank/Modules/Shared/Networking
    builtin-SwiftDriver -- /Applications/Xcode.app/Contents/Developer/Toolchains/XcodeDefault.xctoolchain/usr/bin/swiftc -module-name Networking -Onone -enforce-exclusivity\=checked @/Users/darisadam/Library/Developer/Xcode/DerivedData/Madabank-hkohthnbjtgnoechirsoymtykttx/Build/Intermediates.noindex/Networking.build/Debug-iphonesimulator/Networking.build/Objects-normal/arm64/Networking.SwiftFileList -DDEBUG -enable-bare-slash-regex -enable-experimental-feature DebugDescriptionMacro -sdk /Applications/Xcode.app/Contents/Developer/Platforms/iPhoneSimulator.platform/Developer/SDKs/iPhoneSimulator26.1.sdk -target arm64-apple-ios15.0-simulator -g -module-cache-path /Users/darisadam/Library/Developer/Xcode/DerivedData/ModuleCache.noindex -Xfrontend -serialize-debugging-options -enable-testing -index-store-path /Users/darisadam/Library/Developer/Xcode/DerivedData/Madabank-hkohthnbjtgnoechirsoymtykttx/Index.noindex/DataStore -Xcc -D_LIBCPP_HARDENING_MODE\=_LIBCPP_HARDENING_MODE_DEBUG -swift-version 5 -I /Users/darisadam/Library/Developer/Xcode/DerivedData/Madabank-hkohthnbjtgnoechirsoymtykttx/Build/Products/Debug-iphonesimulator -F /Users/darisadam/Library/Developer/Xcode/DerivedData/Madabank-hkohthnbjtgnoechirsoymtykttx/Build/Products/Debug-iphonesimulator -c -j8 -enable-batch-mode -incremental -Xcc -ivfsstatcache -Xcc /Users/darisadam/Library/Developer/Xcode/DerivedData/SDKStatCaches.noindex/iphonesimulator26.1-23B77-3885c01c3e6b6a337905948deab2002e90cf18a4295e390e64c810bc6bd7acbc.sdkstatcache -output-file-map /Users/darisadam/Library/Developer/Xcode/DerivedData/Madabank-hkohthnbjtgnoechirsoymtykttx/Build/Intermediates.noindex/Networking.build/Debug-iphonesimulator/Networking.build/Objects-normal/arm64/Networking-OutputFileMap.json -use-frontend-parseable-output -save-temps -no-color-diagnostics -explicit-module-build -module-cache-path /Users/darisadam/Library/Developer/Xcode/DerivedData/Madabank-hkohthnbjtgnoechirsoymtykttx/Build/Intermediates.noindex/SwiftExplicitPrecompiledModules -clang-scanner-module-cache-path /Users/darisadam/Library/Developer/Xcode/DerivedData/ModuleCache.noindex -sdk-module-cache-path /Users/darisadam/Library/Developer/Xcode/DerivedData/ModuleCache.noindex -serialize-diagnostics -emit-dependencies -emit-module -emit-module-path /Users/darisadam/Library/Developer/Xcode/DerivedData/Madabank-hkohthnbjtgnoechirsoymtykttx/Build/Intermediates.noindex/Networking.build/Debug-iphonesimulator/Networking.build/Objects-normal/arm64/Networking.swiftmodule -validate-clang-modules-once -clang-build-session-file /Users/darisadam/Library/Developer/Xcode/DerivedData/ModuleCache.noindex/Session.modulevalidation -Xcc -I/Users/darisadam/Library/Developer/Xcode/DerivedData/Madabank-hkohthnbjtgnoechirsoymtykttx/Build/Intermediates.noindex/Networking.build/Debug-iphonesimulator/Networking.build/swift-overrides.hmap -emit-const-values -Xfrontend -const-gather-protocols-file -Xfrontend /Users/darisadam/Library/Developer/Xcode/DerivedData/Madabank-hkohthnbjtgnoechirsoymtykttx/Build/Intermediates.noindex/Networking.build/Debug-iphonesimulator/Networking.build/Objects-normal/arm64/Networking_const_extract_protocols.json -Xcc -iquote -Xcc /Users/darisadam/Library/Developer/Xcode/DerivedData/Madabank-hkohthnbjtgnoechirsoymtykttx/Build/Intermediates.noindex/Networking.build/Debug-iphonesimulator/Networking.build/Networking-generated-files.hmap -Xcc -I/Users/darisadam/Library/Developer/Xcode/DerivedData/Madabank-hkohthnbjtgnoechirsoymtykttx/Build/Intermediates.noindex/Networking.build/Debug-iphonesimulator/Networking.build/Networking-own-target-headers.hmap -Xcc -I/Users/darisadam/Library/Developer/Xcode/DerivedData/Madabank-hkohthnbjtgnoechirsoymtykttx/Build/Intermediates.noindex/Networking.build/Debug-iphonesimulator/Networking.build/Networking-all-non-framework-target-headers.hmap -Xcc -ivfsoverlay -Xcc /Users/darisadam/Library/Developer/Xcode/DerivedData/Madabank-hkohthnbjtgnoechirsoymtykttx/Build/Intermediates.noindex/Networking.build/Debug-iphonesimulator/Networking-a24779b3f5236e694180f2099028ea2b-VFS-iphonesimulator/all-product-headers.yaml -Xcc -iquote -Xcc /Users/darisadam/Library/Developer/Xcode/DerivedData/Madabank-hkohthnbjtgnoechirsoymtykttx/Build/Intermediates.noindex/Networking.build/Debug-iphonesimulator/Networking.build/Networking-project-headers.hmap -Xcc -I/Users/darisadam/Library/Developer/Xcode/DerivedData/Madabank-hkohthnbjtgnoechirsoymtykttx/Build/Products/Debug-iphonesimulator/include -Xcc -I/Users/darisadam/Library/Developer/Xcode/DerivedData/Madabank-hkohthnbjtgnoechirsoymtykttx/Build/Intermediates.noindex/Networking.build/Debug-iphonesimulator/Networking.build/DerivedSources-normal/arm64 -Xcc -I/Users/darisadam/Library/Developer/Xcode/DerivedData/Madabank-hkohthnbjtgnoechirsoymtykttx/Build/Intermediates.noindex/Networking.build/Debug-iphonesimulator/Networking.build/DerivedSources/arm64 -Xcc -I/Users/darisadam/Library/Developer/Xcode/DerivedData/Madabank-hkohthnbjtgnoechirsoymtykttx/Build/Intermediates.noindex/Networking.build/Debug-iphonesimulator/Networking.build/DerivedSources -Xcc -DDEBUG\=1 -emit-objc-header -emit-objc-header-path /Users/darisadam/Library/Developer/Xcode/DerivedData/Madabank-hkohthnbjtgnoechirsoymtykttx/Build/Intermediates.noindex/Networking.build/Debug-iphonesimulator/Networking.build/Objects-normal/arm64/Networking-Swift.h -working-directory /Users/darisadam/Documents/Projects/iOS\ Apps/madabank-ios/Madabank/Modules/Shared/Networking -experimental-emit-module-separately -disable-cmo

SwiftDriverJobDiscovery normal arm64 Compiling Never.swift, NopDisposable.swift, Observable+Concurrency.swift, Observable.swift, ObservableConvertibleType+Infallible.swift, ObservableConvertibleType.swift, ObservableType+Extensions.swift, ObservableType+PrimitiveSequence.swift, ObservableType.swift, ObserveOn.swift, ObserverBase.swift, ObserverType.swift, OperationQueueScheduler.swift, Optional.swift, Platform.Darwin.swift, Platform.Linux.swift, PrimitiveSequence+Concurrency.swift, PrimitiveSequence+Zip+arity.swift, PrimitiveSequence.swift, PriorityQueue.swift (in target 'RxSwift' from project 'RxSwift')

SwiftDriverJobDiscovery normal arm64 Compiling AddRef.swift, Amb.swift, AnonymousDisposable.swift, AnonymousObserver.swift, AnyObserver.swift, AsMaybe.swift, AsSingle.swift, AsyncLock.swift, AsyncSubject.swift, AtomicInt.swift, Bag+Rx.swift, Bag.swift, BehaviorSubject.swift, BinaryDisposable.swift, Binder.swift, BooleanDisposable.swift, Buffer.swift, Cancelable.swift, Catch.swift, CombineLatest+Collection.swift, CombineLatest+arity.swift (in target 'RxSwift' from project 'RxSwift')

ExtractAppIntentsMetadata (in target 'Core' from project 'Core')
    cd /Users/darisadam/Documents/Projects/iOS\ Apps/madabank-ios/Madabank/Modules/Shared/Core
    /Applications/Xcode.app/Contents/Developer/Toolchains/XcodeDefault.xctoolchain/usr/bin/appintentsmetadataprocessor --toolchain-dir /var/run/com.apple.security.cryptexd/mnt/com.apple.MobileAsset.MetalToolchain-v17.2.54.0.wH8bUi/Metal.xctoolchain --module-name Core --sdk-root /Applications/Xcode.app/Contents/Developer/Platforms/iPhoneSimulator.platform/Developer/SDKs/iPhoneSimulator26.1.sdk --xcode-version 17B100 --platform-family iOS --deployment-target 15.0 --bundle-identifier online.darisadam.core --output /Users/darisadam/Library/Developer/Xcode/DerivedData/Madabank-hkohthnbjtgnoechirsoymtykttx/Build/Products/Debug-iphonesimulator/Core.framework --target-triple arm64-apple-ios15.0-simulator --binary-file /Users/darisadam/Library/Developer/Xcode/DerivedData/Madabank-hkohthnbjtgnoechirsoymtykttx/Build/Products/Debug-iphonesimulator/Core.framework/Core --dependency-file /Users/darisadam/Library/Developer/Xcode/DerivedData/Madabank-hkohthnbjtgnoechirsoymtykttx/Build/Intermediates.noindex/Core.build/Debug-iphonesimulator/Core.build/Objects-normal/arm64/Core_dependency_info.dat --stringsdata-file /Users/darisadam/Library/Developer/Xcode/DerivedData/Madabank-hkohthnbjtgnoechirsoymtykttx/Build/Intermediates.noindex/Core.build/Debug-iphonesimulator/Core.build/Objects-normal/arm64/ExtractedAppShortcutsMetadata.stringsdata --source-file-list /Users/darisadam/Library/Developer/Xcode/DerivedData/Madabank-hkohthnbjtgnoechirsoymtykttx/Build/Intermediates.noindex/Core.build/Debug-iphonesimulator/Core.build/Objects-normal/arm64/Core.SwiftFileList --metadata-file-list /Users/darisadam/Library/Developer/Xcode/DerivedData/Madabank-hkohthnbjtgnoechirsoymtykttx/Build/Intermediates.noindex/Core.build/Debug-iphonesimulator/Core.build/Core.DependencyMetadataFileList --static-metadata-file-list /Users/darisadam/Library/Developer/Xcode/DerivedData/Madabank-hkohthnbjtgnoechirsoymtykttx/Build/Intermediates.noindex/Core.build/Debug-iphonesimulator/Core.build/Core.DependencyStaticMetadataFileList --swift-const-vals-list /Users/darisadam/Library/Developer/Xcode/DerivedData/Madabank-hkohthnbjtgnoechirsoymtykttx/Build/Intermediates.noindex/Core.build/Debug-iphonesimulator/Core.build/Objects-normal/arm64/Core.SwiftConstValuesFileList --compile-time-extraction --deployment-aware-processing --validate-assistant-intents --no-app-shortcuts-localization
2026-02-04 20:00:20.931 appintentsmetadataprocessor[9329:2533642] Starting appintentsmetadataprocessor export
2026-02-04 20:00:20.933 appintentsmetadataprocessor[9329:2533642] warning: Metadata extraction skipped. No AppIntents.framework dependency found.

SwiftEmitModule normal arm64 Emitting\ module\ for\ Networking (in target 'Networking' from project 'Networking')

EmitSwiftModule normal arm64 (in target 'Networking' from project 'Networking')
    cd /Users/darisadam/Documents/Projects/iOS\ Apps/madabank-ios/Madabank/Modules/Shared/Networking
    
/Users/darisadam/Documents/Projects/iOS Apps/madabank-ios/Madabank/Modules/Shared/Networking/Sources/Endpoints/APIEndpoint.swift:8:10: warning: associated value 'login' of 'Sendable'-conforming enum 'APIEndpoint' has non-Sendable type 'LoginRequest'; this is an error in the Swift 6 language mode
    case login(LoginRequest)
         ^
/Users/darisadam/Documents/Projects/iOS Apps/madabank-ios/Madabank/Modules/Shared/Networking/Sources/Models/AuthModels.swift:5:15: note: consider making struct 'LoginRequest' conform to the 'Sendable' protocol
public struct LoginRequest: Encodable {
              ^
                                     , Sendable
/Users/darisadam/Documents/Projects/iOS Apps/madabank-ios/Madabank/Modules/Shared/Networking/Sources/Endpoints/APIEndpoint.swift:9:10: warning: associated value 'register' of 'Sendable'-conforming enum 'APIEndpoint' has non-Sendable type 'RegisterRequest'; this is an error in the Swift 6 language mode
    case register(RegisterRequest)
         ^
/Users/darisadam/Documents/Projects/iOS Apps/madabank-ios/Madabank/Modules/Shared/Networking/Sources/Models/AuthModels.swift:15:15: note: consider making struct 'RegisterRequest' conform to the 'Sendable' protocol
public struct RegisterRequest: Encodable {
              ^
                                        , Sendable
/Users/darisadam/Documents/Projects/iOS Apps/madabank-ios/Madabank/Modules/Shared/Networking/Sources/Endpoints/APIEndpoint.swift:10:10: warning: associated value 'refreshToken' of 'Sendable'-conforming enum 'APIEndpoint' has non-Sendable type 'RefreshTokenRequest'; this is an error in the Swift 6 language mode
    case refreshToken(RefreshTokenRequest)
         ^
/Users/darisadam/Documents/Projects/iOS Apps/madabank-ios/Madabank/Modules/Shared/Networking/Sources/Models/AuthModels.swift:73:15: note: consider making struct 'RefreshTokenRequest' conform to the 'Sendable' protocol
public struct RefreshTokenRequest: Encodable {
              ^
                                            , Sendable
/Users/darisadam/Documents/Projects/iOS Apps/madabank-ios/Madabank/Modules/Shared/Networking/Sources/Endpoints/APIEndpoint.swift:11:10: warning: associated value 'forgotPassword' of 'Sendable'-conforming enum 'APIEndpoint' has non-Sendable type 'ForgotPasswordRequest'; this is an error in the Swift 6 language mode
    case forgotPassword(ForgotPasswordRequest)
         ^
/Users/darisadam/Documents/Projects/iOS Apps/madabank-ios/Madabank/Modules/Shared/Networking/Sources/Models/AuthModels.swift:85:15: note: consider making struct 'ForgotPasswordRequest' conform to the 'Sendable' protocol
public struct ForgotPasswordRequest: Encodable {
              ^
                                              , Sendable
/Users/darisadam/Documents/Projects/iOS Apps/madabank-ios/Madabank/Modules/Shared/Networking/Sources/Endpoints/APIEndpoint.swift:12:10: warning: associated value 'resetPassword' of 'Sendable'-conforming enum 'APIEndpoint' has non-Sendable type 'ResetPasswordRequest'; this is an error in the Swift 6 language mode
    case resetPassword(ResetPasswordRequest)
         ^
/Users/darisadam/Documents/Projects/iOS Apps/madabank-ios/Madabank/Modules/Shared/Networking/Sources/Models/AuthModels.swift:94:15: note: consider making struct 'ResetPasswordRequest' conform to the 'Sendable' protocol
public struct ResetPasswordRequest: Encodable {
              ^
                                             , Sendable
/Users/darisadam/Documents/Projects/iOS Apps/madabank-ios/Madabank/Modules/Shared/Networking/Sources/Endpoints/APIEndpoint.swift:13:10: warning: associated value 'changePassword' of 'Sendable'-conforming enum 'APIEndpoint' has non-Sendable type 'ChangePasswordRequest'; this is an error in the Swift 6 language mode
    case changePassword(ChangePasswordRequest)
         ^
/Users/darisadam/Documents/Projects/iOS Apps/madabank-ios/Madabank/Modules/Shared/Networking/Sources/Models/AuthModels.swift:115:15: note: consider making struct 'ChangePasswordRequest' conform to the 'Sendable' protocol
public struct ChangePasswordRequest: Encodable {
              ^
                                              , Sendable
/Users/darisadam/Documents/Projects/iOS Apps/madabank-ios/Madabank/Modules/Shared/Networking/Sources/Endpoints/APIEndpoint.swift:17:10: warning: associated value 'updateProfile' of 'Sendable'-conforming enum 'APIEndpoint' has non-Sendable type 'UpdateProfileRequest'; this is an error in the Swift 6 language mode
    case updateProfile(UpdateProfileRequest)
         ^
/Users/darisadam/Documents/Projects/iOS Apps/madabank-ios/Madabank/Modules/Shared/Networking/Sources/Models/UserModels.swift:38:15: note: consider making struct 'UpdateProfileRequest' conform to the 'Sendable' protocol
public struct UpdateProfileRequest: Encodable {
              ^
                                             , Sendable
/Users/darisadam/Documents/Projects/iOS Apps/madabank-ios/Madabank/Modules/Shared/Networking/Sources/Endpoints/APIEndpoint.swift:22:10: warning: associated value 'createAccount' of 'Sendable'-conforming enum 'APIEndpoint' has non-Sendable type 'CreateAccountRequest'; this is an error in the Swift 6 language mode
    case createAccount(CreateAccountRequest)
         ^
/Users/darisadam/Documents/Projects/iOS Apps/madabank-ios/Madabank/Modules/Shared/Networking/Sources/Models/AccountModels.swift:49:15: note: consider making struct 'CreateAccountRequest' conform to the 'Sendable' protocol
public struct CreateAccountRequest: Encodable {
              ^
                                             , Sendable
/Users/darisadam/Documents/Projects/iOS Apps/madabank-ios/Madabank/Modules/Shared/Networking/Sources/Endpoints/APIEndpoint.swift:29:10: warning: associated value 'getTransactions' of 'Sendable'-conforming enum 'APIEndpoint' has non-Sendable type 'GetTransactionsRequest'; this is an error in the Swift 6 language mode
    case getTransactions(GetTransactionsRequest)
         ^
/Users/darisadam/Documents/Projects/iOS Apps/madabank-ios/Madabank/Modules/Shared/Networking/Sources/Models/TransactionModels.swift:61:15: note: consider making struct 'GetTransactionsRequest' conform to the 'Sendable' protocol
public struct GetTransactionsRequest: Encodable {
              ^
                                               , Sendable
/Users/darisadam/Documents/Projects/iOS Apps/madabank-ios/Madabank/Modules/Shared/Networking/Sources/Endpoints/APIEndpoint.swift:31:10: warning: associated value 'transfer' of 'Sendable'-conforming enum 'APIEndpoint' has non-Sendable type 'TransferRequest'; this is an error in the Swift 6 language mode
    case transfer(TransferRequest)
         ^
/Users/darisadam/Documents/Projects/iOS Apps/madabank-ios/Madabank/Modules/Shared/Networking/Sources/Models/TransactionModels.swift:86:15: note: consider making struct 'TransferRequest' conform to the 'Sendable' protocol
public struct TransferRequest: Encodable {
              ^
                                        , Sendable
/Users/darisadam/Documents/Projects/iOS Apps/madabank-ios/Madabank/Modules/Shared/Networking/Sources/Endpoints/APIEndpoint.swift:89:10: warning: associated value 'deposit' of 'Sendable'-conforming enum 'APIEndpoint' has non-Sendable type 'DepositRequest'; this is an error in the Swift 6 language mode
    case deposit(DepositRequest)
         ^
/Users/darisadam/Documents/Projects/iOS Apps/madabank-ios/Madabank/Modules/Shared/Networking/Sources/Models/TransactionModels.swift:109:15: note: consider making struct 'DepositRequest' conform to the 'Sendable' protocol
public struct DepositRequest: Encodable {
              ^
                                       , Sendable
/Users/darisadam/Documents/Projects/iOS Apps/madabank-ios/Madabank/Modules/Shared/Networking/Sources/Endpoints/APIEndpoint.swift:90:10: warning: associated value 'withdraw' of 'Sendable'-conforming enum 'APIEndpoint' has non-Sendable type 'WithdrawRequest'; this is an error in the Swift 6 language mode
    case withdraw(WithdrawRequest)
         ^
/Users/darisadam/Documents/Projects/iOS Apps/madabank-ios/Madabank/Modules/Shared/Networking/Sources/Models/TransactionModels.swift:127:15: note: consider making struct 'WithdrawRequest' conform to the 'Sendable' protocol
public struct WithdrawRequest: Encodable {
              ^
                                        , Sendable
/Users/darisadam/Documents/Projects/iOS Apps/madabank-ios/Madabank/Modules/Shared/Networking/Sources/Endpoints/APIEndpoint.swift:91:10: warning: associated value 'resolveQR' of 'Sendable'-conforming enum 'APIEndpoint' has non-Sendable type 'ResolveQRRequest'; this is an error in the Swift 6 language mode
    case resolveQR(ResolveQRRequest)
         ^
/Users/darisadam/Documents/Projects/iOS Apps/madabank-ios/Madabank/Modules/Shared/Networking/Sources/Models/TransactionModels.swift:145:15: note: consider making struct 'ResolveQRRequest' conform to the 'Sendable' protocol
public struct ResolveQRRequest: Encodable {
              ^
                                         , Sendable
/Users/darisadam/Documents/Projects/iOS Apps/madabank-ios/Madabank/Modules/Shared/Networking/Sources/Endpoints/APIEndpoint.swift:95:10: warning: associated value 'issueCard' of 'Sendable'-conforming enum 'APIEndpoint' has non-Sendable type 'IssueCardRequest'; this is an error in the Swift 6 language mode
    case issueCard(IssueCardRequest)
         ^
/Users/darisadam/Documents/Projects/iOS Apps/madabank-ios/Madabank/Modules/Shared/Networking/Sources/Models/CardModels.swift:54:15: note: consider making struct 'IssueCardRequest' conform to the 'Sendable' protocol
public struct IssueCardRequest: Encodable {
              ^
                                         , Sendable
/Users/darisadam/Documents/Projects/iOS Apps/madabank-ios/Madabank/Modules/Shared/Networking/Sources/Endpoints/APIEndpoint.swift:96:10: warning: associated value 'getCardDetails' of 'Sendable'-conforming enum 'APIEndpoint' has non-Sendable type 'CardDetailsRequest'; this is an error in the Swift 6 language mode
    case getCardDetails(CardDetailsRequest)
         ^
/Users/darisadam/Documents/Projects/iOS Apps/madabank-ios/Madabank/Modules/Shared/Networking/Sources/Models/CardModels.swift:90:15: note: consider making struct 'CardDetailsRequest' conform to the 'Sendable' protocol
public struct CardDetailsRequest: Encodable {
              ^
                                           , Sendable
/Users/darisadam/Documents/Projects/iOS Apps/madabank-ios/Madabank/Modules/Shared/Networking/Sources/Endpoints/APIEndpoint.swift:97:10: warning: associated value 'updateCard(id:request:)' of 'Sendable'-conforming enum 'APIEndpoint' contains non-Sendable type 'UpdateCardRequest'; this is an error in the Swift 6 language mode
    case updateCard(id: String, request: UpdateCardRequest)
         ^
/Users/darisadam/Documents/Projects/iOS Apps/madabank-ios/Madabank/Modules/Shared/Networking/Sources/Models/CardModels.swift:75:15: note: consider making struct 'UpdateCardRequest' conform to the 'Sendable' protocol
public struct UpdateCardRequest: Encodable {
              ^
                                          , Sendable
/Users/darisadam/Documents/Projects/iOS Apps/madabank-ios/Madabank/Modules/Shared/Networking/Sources/Service/AuthInterceptor.swift:6:17: warning: stored property 'tokenProvider' of 'Sendable'-conforming class 'AuthInterceptor' has non-Sendable type '() -> String?'; this is an error in the Swift 6 language mode
    private let tokenProvider: () -> String?
                ^
/Users/darisadam/Documents/Projects/iOS Apps/madabank-ios/Madabank/Modules/Shared/Networking/Sources/Service/AuthInterceptor.swift:6:17: note: a function type must be marked '@Sendable' to conform to 'Sendable'
    private let tokenProvider: () -> String?
                ^
/Users/darisadam/Documents/Projects/iOS Apps/madabank-ios/Madabank/Modules/Shared/Networking/Sources/TokenRefreshInterceptor.swift:6:14: warning: non-final class 'TokenRefreshInterceptor' cannot conform to 'Sendable'; use '@unchecked Sendable'; this is an error in the Swift 6 language mode
public class TokenRefreshInterceptor: RequestInterceptor {
             ^
/Users/darisadam/Documents/Projects/iOS Apps/madabank-ios/Madabank/Modules/Shared/Networking/Sources/TokenRefreshInterceptor.swift:8:17: warning: stored property 'tokenManager' of 'Sendable'-conforming class 'TokenRefreshInterceptor' has non-Sendable type 'TokenManager'; this is an error in the Swift 6 language mode
    private let tokenManager: TokenManager
                ^
Core.TokenManager:1:20: note: class 'TokenManager' does not conform to the 'Sendable' protocol
final public class TokenManager {
                   ^
/Users/darisadam/Documents/Projects/iOS Apps/madabank-ios/Madabank/Modules/Shared/Networking/Sources/TokenRefreshInterceptor.swift:3:1: warning: add '@preconcurrency' to suppress 'Sendable'-related warnings from module 'Core'
import Core
^
@preconcurrency 
/Users/darisadam/Documents/Projects/iOS Apps/madabank-ios/Madabank/Modules/Shared/Networking/Sources/TokenRefreshInterceptor.swift:11:17: warning: stored property 'isRefreshing' of 'Sendable'-conforming class 'TokenRefreshInterceptor' is mutable; this is an error in the Swift 6 language mode
    private var isRefreshing = false
                ^

SwiftCompile normal arm64 Compiling\ APIEndpoint.swift,\ AccountModels.swift /Users/darisadam/Documents/Projects/iOS\ Apps/madabank-ios/Madabank/Modules/Shared/Networking/Sources/Endpoints/APIEndpoint.swift /Users/darisadam/Documents/Projects/iOS\ Apps/madabank-ios/Madabank/Modules/Shared/Networking/Sources/Models/AccountModels.swift (in target 'Networking' from project 'Networking')

SwiftCompile normal arm64 /Users/darisadam/Documents/Projects/iOS\ Apps/madabank-ios/Madabank/Modules/Shared/Networking/Sources/Endpoints/APIEndpoint.swift (in target 'Networking' from project 'Networking')
    cd /Users/darisadam/Documents/Projects/iOS\ Apps/madabank-ios/Madabank/Modules/Shared/Networking
    
/Users/darisadam/Documents/Projects/iOS Apps/madabank-ios/Madabank/Modules/Shared/Networking/Sources/Endpoints/APIEndpoint.swift:8:10: warning: associated value 'login' of 'Sendable'-conforming enum 'APIEndpoint' has non-Sendable type 'LoginRequest'; this is an error in the Swift 6 language mode
    case login(LoginRequest)
         ^
/Users/darisadam/Documents/Projects/iOS Apps/madabank-ios/Madabank/Modules/Shared/Networking/Sources/Models/AuthModels.swift:5:15: note: consider making struct 'LoginRequest' conform to the 'Sendable' protocol
public struct LoginRequest: Encodable {
              ^
                                     , Sendable
/Users/darisadam/Documents/Projects/iOS Apps/madabank-ios/Madabank/Modules/Shared/Networking/Sources/Endpoints/APIEndpoint.swift:9:10: warning: associated value 'register' of 'Sendable'-conforming enum 'APIEndpoint' has non-Sendable type 'RegisterRequest'; this is an error in the Swift 6 language mode
    case register(RegisterRequest)
         ^
/Users/darisadam/Documents/Projects/iOS Apps/madabank-ios/Madabank/Modules/Shared/Networking/Sources/Models/AuthModels.swift:15:15: note: consider making struct 'RegisterRequest' conform to the 'Sendable' protocol
public struct RegisterRequest: Encodable {
              ^
                                        , Sendable
/Users/darisadam/Documents/Projects/iOS Apps/madabank-ios/Madabank/Modules/Shared/Networking/Sources/Endpoints/APIEndpoint.swift:10:10: warning: associated value 'refreshToken' of 'Sendable'-conforming enum 'APIEndpoint' has non-Sendable type 'RefreshTokenRequest'; this is an error in the Swift 6 language mode
    case refreshToken(RefreshTokenRequest)
         ^
/Users/darisadam/Documents/Projects/iOS Apps/madabank-ios/Madabank/Modules/Shared/Networking/Sources/Models/AuthModels.swift:73:15: note: consider making struct 'RefreshTokenRequest' conform to the 'Sendable' protocol
public struct RefreshTokenRequest: Encodable {
              ^
                                            , Sendable
/Users/darisadam/Documents/Projects/iOS Apps/madabank-ios/Madabank/Modules/Shared/Networking/Sources/Endpoints/APIEndpoint.swift:11:10: warning: associated value 'forgotPassword' of 'Sendable'-conforming enum 'APIEndpoint' has non-Sendable type 'ForgotPasswordRequest'; this is an error in the Swift 6 language mode
    case forgotPassword(ForgotPasswordRequest)
         ^
/Users/darisadam/Documents/Projects/iOS Apps/madabank-ios/Madabank/Modules/Shared/Networking/Sources/Models/AuthModels.swift:85:15: note: consider making struct 'ForgotPasswordRequest' conform to the 'Sendable' protocol
public struct ForgotPasswordRequest: Encodable {
              ^
                                              , Sendable
/Users/darisadam/Documents/Projects/iOS Apps/madabank-ios/Madabank/Modules/Shared/Networking/Sources/Endpoints/APIEndpoint.swift:12:10: warning: associated value 'resetPassword' of 'Sendable'-conforming enum 'APIEndpoint' has non-Sendable type 'ResetPasswordRequest'; this is an error in the Swift 6 language mode
    case resetPassword(ResetPasswordRequest)
         ^
/Users/darisadam/Documents/Projects/iOS Apps/madabank-ios/Madabank/Modules/Shared/Networking/Sources/Models/AuthModels.swift:94:15: note: consider making struct 'ResetPasswordRequest' conform to the 'Sendable' protocol
public struct ResetPasswordRequest: Encodable {
              ^
                                             , Sendable
/Users/darisadam/Documents/Projects/iOS Apps/madabank-ios/Madabank/Modules/Shared/Networking/Sources/Endpoints/APIEndpoint.swift:13:10: warning: associated value 'changePassword' of 'Sendable'-conforming enum 'APIEndpoint' has non-Sendable type 'ChangePasswordRequest'; this is an error in the Swift 6 language mode
    case changePassword(ChangePasswordRequest)
         ^
/Users/darisadam/Documents/Projects/iOS Apps/madabank-ios/Madabank/Modules/Shared/Networking/Sources/Models/AuthModels.swift:115:15: note: consider making struct 'ChangePasswordRequest' conform to the 'Sendable' protocol
public struct ChangePasswordRequest: Encodable {
              ^
                                              , Sendable
/Users/darisadam/Documents/Projects/iOS Apps/madabank-ios/Madabank/Modules/Shared/Networking/Sources/Endpoints/APIEndpoint.swift:17:10: warning: associated value 'updateProfile' of 'Sendable'-conforming enum 'APIEndpoint' has non-Sendable type 'UpdateProfileRequest'; this is an error in the Swift 6 language mode
    case updateProfile(UpdateProfileRequest)
         ^
/Users/darisadam/Documents/Projects/iOS Apps/madabank-ios/Madabank/Modules/Shared/Networking/Sources/Models/UserModels.swift:38:15: note: consider making struct 'UpdateProfileRequest' conform to the 'Sendable' protocol
public struct UpdateProfileRequest: Encodable {
              ^
                                             , Sendable
/Users/darisadam/Documents/Projects/iOS Apps/madabank-ios/Madabank/Modules/Shared/Networking/Sources/Endpoints/APIEndpoint.swift:22:10: warning: associated value 'createAccount' of 'Sendable'-conforming enum 'APIEndpoint' has non-Sendable type 'CreateAccountRequest'; this is an error in the Swift 6 language mode
    case createAccount(CreateAccountRequest)
         ^
/Users/darisadam/Documents/Projects/iOS Apps/madabank-ios/Madabank/Modules/Shared/Networking/Sources/Models/AccountModels.swift:49:15: note: consider making struct 'CreateAccountRequest' conform to the 'Sendable' protocol
public struct CreateAccountRequest: Encodable {
              ^
                                             , Sendable
/Users/darisadam/Documents/Projects/iOS Apps/madabank-ios/Madabank/Modules/Shared/Networking/Sources/Endpoints/APIEndpoint.swift:29:10: warning: associated value 'getTransactions' of 'Sendable'-conforming enum 'APIEndpoint' has non-Sendable type 'GetTransactionsRequest'; this is an error in the Swift 6 language mode
    case getTransactions(GetTransactionsRequest)
         ^
/Users/darisadam/Documents/Projects/iOS Apps/madabank-ios/Madabank/Modules/Shared/Networking/Sources/Models/TransactionModels.swift:61:15: note: consider making struct 'GetTransactionsRequest' conform to the 'Sendable' protocol
public struct GetTransactionsRequest: Encodable {
              ^
                                               , Sendable
/Users/darisadam/Documents/Projects/iOS Apps/madabank-ios/Madabank/Modules/Shared/Networking/Sources/Endpoints/APIEndpoint.swift:31:10: warning: associated value 'transfer' of 'Sendable'-conforming enum 'APIEndpoint' has non-Sendable type 'TransferRequest'; this is an error in the Swift 6 language mode
    case transfer(TransferRequest)
         ^
/Users/darisadam/Documents/Projects/iOS Apps/madabank-ios/Madabank/Modules/Shared/Networking/Sources/Models/TransactionModels.swift:86:15: note: consider making struct 'TransferRequest' conform to the 'Sendable' protocol
public struct TransferRequest: Encodable {
              ^
                                        , Sendable
/Users/darisadam/Documents/Projects/iOS Apps/madabank-ios/Madabank/Modules/Shared/Networking/Sources/Endpoints/APIEndpoint.swift:89:10: warning: associated value 'deposit' of 'Sendable'-conforming enum 'APIEndpoint' has non-Sendable type 'DepositRequest'; this is an error in the Swift 6 language mode
    case deposit(DepositRequest)
         ^
/Users/darisadam/Documents/Projects/iOS Apps/madabank-ios/Madabank/Modules/Shared/Networking/Sources/Models/TransactionModels.swift:109:15: note: consider making struct 'DepositRequest' conform to the 'Sendable' protocol
public struct DepositRequest: Encodable {
              ^
                                       , Sendable
/Users/darisadam/Documents/Projects/iOS Apps/madabank-ios/Madabank/Modules/Shared/Networking/Sources/Endpoints/APIEndpoint.swift:90:10: warning: associated value 'withdraw' of 'Sendable'-conforming enum 'APIEndpoint' has non-Sendable type 'WithdrawRequest'; this is an error in the Swift 6 language mode
    case withdraw(WithdrawRequest)
         ^
/Users/darisadam/Documents/Projects/iOS Apps/madabank-ios/Madabank/Modules/Shared/Networking/Sources/Models/TransactionModels.swift:127:15: note: consider making struct 'WithdrawRequest' conform to the 'Sendable' protocol
public struct WithdrawRequest: Encodable {
              ^
                                        , Sendable
/Users/darisadam/Documents/Projects/iOS Apps/madabank-ios/Madabank/Modules/Shared/Networking/Sources/Endpoints/APIEndpoint.swift:91:10: warning: associated value 'resolveQR' of 'Sendable'-conforming enum 'APIEndpoint' has non-Sendable type 'ResolveQRRequest'; this is an error in the Swift 6 language mode
    case resolveQR(ResolveQRRequest)
         ^
/Users/darisadam/Documents/Projects/iOS Apps/madabank-ios/Madabank/Modules/Shared/Networking/Sources/Models/TransactionModels.swift:145:15: note: consider making struct 'ResolveQRRequest' conform to the 'Sendable' protocol
public struct ResolveQRRequest: Encodable {
              ^
                                         , Sendable
/Users/darisadam/Documents/Projects/iOS Apps/madabank-ios/Madabank/Modules/Shared/Networking/Sources/Endpoints/APIEndpoint.swift:95:10: warning: associated value 'issueCard' of 'Sendable'-conforming enum 'APIEndpoint' has non-Sendable type 'IssueCardRequest'; this is an error in the Swift 6 language mode
    case issueCard(IssueCardRequest)
         ^
/Users/darisadam/Documents/Projects/iOS Apps/madabank-ios/Madabank/Modules/Shared/Networking/Sources/Models/CardModels.swift:54:15: note: consider making struct 'IssueCardRequest' conform to the 'Sendable' protocol
public struct IssueCardRequest: Encodable {
              ^
                                         , Sendable
/Users/darisadam/Documents/Projects/iOS Apps/madabank-ios/Madabank/Modules/Shared/Networking/Sources/Endpoints/APIEndpoint.swift:96:10: warning: associated value 'getCardDetails' of 'Sendable'-conforming enum 'APIEndpoint' has non-Sendable type 'CardDetailsRequest'; this is an error in the Swift 6 language mode
    case getCardDetails(CardDetailsRequest)
         ^
/Users/darisadam/Documents/Projects/iOS Apps/madabank-ios/Madabank/Modules/Shared/Networking/Sources/Models/CardModels.swift:90:15: note: consider making struct 'CardDetailsRequest' conform to the 'Sendable' protocol
public struct CardDetailsRequest: Encodable {
              ^
                                           , Sendable
/Users/darisadam/Documents/Projects/iOS Apps/madabank-ios/Madabank/Modules/Shared/Networking/Sources/Endpoints/APIEndpoint.swift:97:10: warning: associated value 'updateCard(id:request:)' of 'Sendable'-conforming enum 'APIEndpoint' contains non-Sendable type 'UpdateCardRequest'; this is an error in the Swift 6 language mode
    case updateCard(id: String, request: UpdateCardRequest)
         ^
/Users/darisadam/Documents/Projects/iOS Apps/madabank-ios/Madabank/Modules/Shared/Networking/Sources/Models/CardModels.swift:75:15: note: consider making struct 'UpdateCardRequest' conform to the 'Sendable' protocol
public struct UpdateCardRequest: Encodable {
              ^
                                          , Sendable

SwiftCompile normal arm64 /Users/darisadam/Documents/Projects/iOS\ Apps/madabank-ios/Madabank/Modules/Shared/Networking/Sources/Models/AccountModels.swift (in target 'Networking' from project 'Networking')
    cd /Users/darisadam/Documents/Projects/iOS\ Apps/madabank-ios/Madabank/Modules/Shared/Networking
    

SwiftCompile normal arm64 Compiling\ AuthModels.swift,\ CardModels.swift /Users/darisadam/Documents/Projects/iOS\ Apps/madabank-ios/Madabank/Modules/Shared/Networking/Sources/Models/AuthModels.swift /Users/darisadam/Documents/Projects/iOS\ Apps/madabank-ios/Madabank/Modules/Shared/Networking/Sources/Models/CardModels.swift (in target 'Networking' from project 'Networking')

SwiftCompile normal arm64 /Users/darisadam/Documents/Projects/iOS\ Apps/madabank-ios/Madabank/Modules/Shared/Networking/Sources/Models/AuthModels.swift (in target 'Networking' from project 'Networking')
    cd /Users/darisadam/Documents/Projects/iOS\ Apps/madabank-ios/Madabank/Modules/Shared/Networking
    

SwiftCompile normal arm64 /Users/darisadam/Documents/Projects/iOS\ Apps/madabank-ios/Madabank/Modules/Shared/Networking/Sources/Models/CardModels.swift (in target 'Networking' from project 'Networking')
    cd /Users/darisadam/Documents/Projects/iOS\ Apps/madabank-ios/Madabank/Modules/Shared/Networking
    

SwiftCompile normal arm64 Compiling\ Networking.swift,\ AuthInterceptor.swift /Users/darisadam/Documents/Projects/iOS\ Apps/madabank-ios/Madabank/Modules/Shared/Networking/Sources/Networking.swift /Users/darisadam/Documents/Projects/iOS\ Apps/madabank-ios/Madabank/Modules/Shared/Networking/Sources/Service/AuthInterceptor.swift (in target 'Networking' from project 'Networking')

SwiftCompile normal arm64 /Users/darisadam/Documents/Projects/iOS\ Apps/madabank-ios/Madabank/Modules/Shared/Networking/Sources/Networking.swift (in target 'Networking' from project 'Networking')
    cd /Users/darisadam/Documents/Projects/iOS\ Apps/madabank-ios/Madabank/Modules/Shared/Networking
    

SwiftCompile normal arm64 /Users/darisadam/Documents/Projects/iOS\ Apps/madabank-ios/Madabank/Modules/Shared/Networking/Sources/Service/AuthInterceptor.swift (in target 'Networking' from project 'Networking')
    cd /Users/darisadam/Documents/Projects/iOS\ Apps/madabank-ios/Madabank/Modules/Shared/Networking
    
/Users/darisadam/Documents/Projects/iOS Apps/madabank-ios/Madabank/Modules/Shared/Networking/Sources/Service/AuthInterceptor.swift:6:17: warning: stored property 'tokenProvider' of 'Sendable'-conforming class 'AuthInterceptor' has non-Sendable type '() -> String?'; this is an error in the Swift 6 language mode
    private let tokenProvider: () -> String?
                ^
/Users/darisadam/Documents/Projects/iOS Apps/madabank-ios/Madabank/Modules/Shared/Networking/Sources/Service/AuthInterceptor.swift:6:17: note: a function type must be marked '@Sendable' to conform to 'Sendable'
    private let tokenProvider: () -> String?
                ^

SwiftCompile normal arm64 Compiling\ Environment.swift /Users/darisadam/Documents/Projects/iOS\ Apps/madabank-ios/Madabank/Modules/Shared/Networking/Sources/Service/Environment.swift (in target 'Networking' from project 'Networking')

SwiftCompile normal arm64 /Users/darisadam/Documents/Projects/iOS\ Apps/madabank-ios/Madabank/Modules/Shared/Networking/Sources/Service/Environment.swift (in target 'Networking' from project 'Networking')
    cd /Users/darisadam/Documents/Projects/iOS\ Apps/madabank-ios/Madabank/Modules/Shared/Networking
    

SwiftDriverJobDiscovery normal arm64 Compiling Networking.swift, AuthInterceptor.swift (in target 'Networking' from project 'Networking')

SwiftCompile normal arm64 Compiling\ TokenRefreshInterceptor.swift /Users/darisadam/Documents/Projects/iOS\ Apps/madabank-ios/Madabank/Modules/Shared/Networking/Sources/TokenRefreshInterceptor.swift (in target 'Networking' from project 'Networking')

SwiftCompile normal arm64 /Users/darisadam/Documents/Projects/iOS\ Apps/madabank-ios/Madabank/Modules/Shared/Networking/Sources/TokenRefreshInterceptor.swift (in target 'Networking' from project 'Networking')
    cd /Users/darisadam/Documents/Projects/iOS\ Apps/madabank-ios/Madabank/Modules/Shared/Networking
    
/Users/darisadam/Documents/Projects/iOS Apps/madabank-ios/Madabank/Modules/Shared/Networking/Sources/TokenRefreshInterceptor.swift:6:14: warning: non-final class 'TokenRefreshInterceptor' cannot conform to 'Sendable'; use '@unchecked Sendable'; this is an error in the Swift 6 language mode
public class TokenRefreshInterceptor: RequestInterceptor {
             ^
/Users/darisadam/Documents/Projects/iOS Apps/madabank-ios/Madabank/Modules/Shared/Networking/Sources/TokenRefreshInterceptor.swift:8:17: warning: stored property 'tokenManager' of 'Sendable'-conforming class 'TokenRefreshInterceptor' has non-Sendable type 'TokenManager'; this is an error in the Swift 6 language mode
    private let tokenManager: TokenManager
                ^
Core.TokenManager:1:20: note: class 'TokenManager' does not conform to the 'Sendable' protocol
final public class TokenManager {
                   ^
/Users/darisadam/Documents/Projects/iOS Apps/madabank-ios/Madabank/Modules/Shared/Networking/Sources/TokenRefreshInterceptor.swift:3:1: warning: add '@preconcurrency' to suppress 'Sendable'-related warnings from module 'Core'
import Core
^
@preconcurrency 
/Users/darisadam/Documents/Projects/iOS Apps/madabank-ios/Madabank/Modules/Shared/Networking/Sources/TokenRefreshInterceptor.swift:11:17: warning: stored property 'isRefreshing' of 'Sendable'-conforming class 'TokenRefreshInterceptor' is mutable; this is an error in the Swift 6 language mode
    private var isRefreshing = false
                ^

SwiftDriverJobDiscovery normal arm64 Emitting module for Networking (in target 'Networking' from project 'Networking')

SwiftDriver\ Compilation\ Requirements Networking normal arm64 com.apple.xcode.tools.swift.compiler (in target 'Networking' from project 'Networking')
    cd /Users/darisadam/Documents/Projects/iOS\ Apps/madabank-ios/Madabank/Modules/Shared/Networking
    builtin-Swift-Compilation-Requirements -- /Applications/Xcode.app/Contents/Developer/Toolchains/XcodeDefault.xctoolchain/usr/bin/swiftc -module-name Networking -Onone -enforce-exclusivity\=checked @/Users/darisadam/Library/Developer/Xcode/DerivedData/Madabank-hkohthnbjtgnoechirsoymtykttx/Build/Intermediates.noindex/Networking.build/Debug-iphonesimulator/Networking.build/Objects-normal/arm64/Networking.SwiftFileList -DDEBUG -enable-bare-slash-regex -enable-experimental-feature DebugDescriptionMacro -sdk /Applications/Xcode.app/Contents/Developer/Platforms/iPhoneSimulator.platform/Developer/SDKs/iPhoneSimulator26.1.sdk -target arm64-apple-ios15.0-simulator -g -module-cache-path /Users/darisadam/Library/Developer/Xcode/DerivedData/ModuleCache.noindex -Xfrontend -serialize-debugging-options -enable-testing -index-store-path /Users/darisadam/Library/Developer/Xcode/DerivedData/Madabank-hkohthnbjtgnoechirsoymtykttx/Index.noindex/DataStore -Xcc -D_LIBCPP_HARDENING_MODE\=_LIBCPP_HARDENING_MODE_DEBUG -swift-version 5 -I /Users/darisadam/Library/Developer/Xcode/DerivedData/Madabank-hkohthnbjtgnoechirsoymtykttx/Build/Products/Debug-iphonesimulator -F /Users/darisadam/Library/Developer/Xcode/DerivedData/Madabank-hkohthnbjtgnoechirsoymtykttx/Build/Products/Debug-iphonesimulator -c -j8 -enable-batch-mode -incremental -Xcc -ivfsstatcache -Xcc /Users/darisadam/Library/Developer/Xcode/DerivedData/SDKStatCaches.noindex/iphonesimulator26.1-23B77-3885c01c3e6b6a337905948deab2002e90cf18a4295e390e64c810bc6bd7acbc.sdkstatcache -output-file-map /Users/darisadam/Library/Developer/Xcode/DerivedData/Madabank-hkohthnbjtgnoechirsoymtykttx/Build/Intermediates.noindex/Networking.build/Debug-iphonesimulator/Networking.build/Objects-normal/arm64/Networking-OutputFileMap.json -use-frontend-parseable-output -save-temps -no-color-diagnostics -explicit-module-build -module-cache-path /Users/darisadam/Library/Developer/Xcode/DerivedData/Madabank-hkohthnbjtgnoechirsoymtykttx/Build/Intermediates.noindex/SwiftExplicitPrecompiledModules -clang-scanner-module-cache-path /Users/darisadam/Library/Developer/Xcode/DerivedData/ModuleCache.noindex -sdk-module-cache-path /Users/darisadam/Library/Developer/Xcode/DerivedData/ModuleCache.noindex -serialize-diagnostics -emit-dependencies -emit-module -emit-module-path /Users/darisadam/Library/Developer/Xcode/DerivedData/Madabank-hkohthnbjtgnoechirsoymtykttx/Build/Intermediates.noindex/Networking.build/Debug-iphonesimulator/Networking.build/Objects-normal/arm64/Networking.swiftmodule -validate-clang-modules-once -clang-build-session-file /Users/darisadam/Library/Developer/Xcode/DerivedData/ModuleCache.noindex/Session.modulevalidation -Xcc -I/Users/darisadam/Library/Developer/Xcode/DerivedData/Madabank-hkohthnbjtgnoechirsoymtykttx/Build/Intermediates.noindex/Networking.build/Debug-iphonesimulator/Networking.build/swift-overrides.hmap -emit-const-values -Xfrontend -const-gather-protocols-file -Xfrontend /Users/darisadam/Library/Developer/Xcode/DerivedData/Madabank-hkohthnbjtgnoechirsoymtykttx/Build/Intermediates.noindex/Networking.build/Debug-iphonesimulator/Networking.build/Objects-normal/arm64/Networking_const_extract_protocols.json -Xcc -iquote -Xcc /Users/darisadam/Library/Developer/Xcode/DerivedData/Madabank-hkohthnbjtgnoechirsoymtykttx/Build/Intermediates.noindex/Networking.build/Debug-iphonesimulator/Networking.build/Networking-generated-files.hmap -Xcc -I/Users/darisadam/Library/Developer/Xcode/DerivedData/Madabank-hkohthnbjtgnoechirsoymtykttx/Build/Intermediates.noindex/Networking.build/Debug-iphonesimulator/Networking.build/Networking-own-target-headers.hmap -Xcc -I/Users/darisadam/Library/Developer/Xcode/DerivedData/Madabank-hkohthnbjtgnoechirsoymtykttx/Build/Intermediates.noindex/Networking.build/Debug-iphonesimulator/Networking.build/Networking-all-non-framework-target-headers.hmap -Xcc -ivfsoverlay -Xcc /Users/darisadam/Library/Developer/Xcode/DerivedData/Madabank-hkohthnbjtgnoechirsoymtykttx/Build/Intermediates.noindex/Networking.build/Debug-iphonesimulator/Networking-a24779b3f5236e694180f2099028ea2b-VFS-iphonesimulator/all-product-headers.yaml -Xcc -iquote -Xcc /Users/darisadam/Library/Developer/Xcode/DerivedData/Madabank-hkohthnbjtgnoechirsoymtykttx/Build/Intermediates.noindex/Networking.build/Debug-iphonesimulator/Networking.build/Networking-project-headers.hmap -Xcc -I/Users/darisadam/Library/Developer/Xcode/DerivedData/Madabank-hkohthnbjtgnoechirsoymtykttx/Build/Products/Debug-iphonesimulator/include -Xcc -I/Users/darisadam/Library/Developer/Xcode/DerivedData/Madabank-hkohthnbjtgnoechirsoymtykttx/Build/Intermediates.noindex/Networking.build/Debug-iphonesimulator/Networking.build/DerivedSources-normal/arm64 -Xcc -I/Users/darisadam/Library/Developer/Xcode/DerivedData/Madabank-hkohthnbjtgnoechirsoymtykttx/Build/Intermediates.noindex/Networking.build/Debug-iphonesimulator/Networking.build/DerivedSources/arm64 -Xcc -I/Users/darisadam/Library/Developer/Xcode/DerivedData/Madabank-hkohthnbjtgnoechirsoymtykttx/Build/Intermediates.noindex/Networking.build/Debug-iphonesimulator/Networking.build/DerivedSources -Xcc -DDEBUG\=1 -emit-objc-header -emit-objc-header-path /Users/darisadam/Library/Developer/Xcode/DerivedData/Madabank-hkohthnbjtgnoechirsoymtykttx/Build/Intermediates.noindex/Networking.build/Debug-iphonesimulator/Networking.build/Objects-normal/arm64/Networking-Swift.h -working-directory /Users/darisadam/Documents/Projects/iOS\ Apps/madabank-ios/Madabank/Modules/Shared/Networking -experimental-emit-module-separately -disable-cmo

SwiftDriverJobDiscovery normal arm64 Compiling Environment.swift (in target 'Networking' from project 'Networking')

SwiftCompile normal arm64 Compiling\ NetworkManager.swift /Users/darisadam/Documents/Projects/iOS\ Apps/madabank-ios/Madabank/Modules/Shared/Networking/Sources/Service/NetworkManager.swift (in target 'Networking' from project 'Networking')

SwiftCompile normal arm64 /Users/darisadam/Documents/Projects/iOS\ Apps/madabank-ios/Madabank/Modules/Shared/Networking/Sources/Service/NetworkManager.swift (in target 'Networking' from project 'Networking')
    cd /Users/darisadam/Documents/Projects/iOS\ Apps/madabank-ios/Madabank/Modules/Shared/Networking
    
/Users/darisadam/Documents/Projects/iOS Apps/madabank-ios/Madabank/Modules/Shared/Networking/Sources/Service/NetworkManager.swift:63:25: warning: capture of 'self' with non-Sendable type 'NetworkManager' in a '@Sendable' closure
                        self.handleError(response.data, error: error, statusCode: response.response?.statusCode, continuation: continuation)
                        ^
/Users/darisadam/Documents/Projects/iOS Apps/madabank-ios/Madabank/Modules/Shared/Networking/Sources/Service/NetworkManager.swift:4:14: note: class 'NetworkManager' does not conform to the 'Sendable' protocol
public class NetworkManager: APIClientProtocol {
             ^
/Users/darisadam/Documents/Projects/iOS Apps/madabank-ios/Madabank/Modules/Shared/Networking/Sources/Service/NetworkManager.swift:94:25: warning: capture of 'self' with non-Sendable type 'NetworkManager' in a '@Sendable' closure
                        self.handleError(response.data, error: error, statusCode: response.response?.statusCode, continuation: continuation)
                        ^
/Users/darisadam/Documents/Projects/iOS Apps/madabank-ios/Madabank/Modules/Shared/Networking/Sources/Service/NetworkManager.swift:4:14: note: class 'NetworkManager' does not conform to the 'Sendable' protocol
public class NetworkManager: APIClientProtocol {
             ^

SwiftMergeGeneratedHeaders /Users/darisadam/Library/Developer/Xcode/DerivedData/Madabank-hkohthnbjtgnoechirsoymtykttx/Build/Products/Debug-iphonesimulator/Networking.framework/Headers/Networking-Swift.h /Users/darisadam/Library/Developer/Xcode/DerivedData/Madabank-hkohthnbjtgnoechirsoymtykttx/Build/Intermediates.noindex/Networking.build/Debug-iphonesimulator/Networking.build/Objects-normal/arm64/Networking-Swift.h (in target 'Networking' from project 'Networking')
    cd /Users/darisadam/Documents/Projects/iOS\ Apps/madabank-ios/Madabank/Modules/Shared/Networking
    builtin-swiftHeaderTool -arch arm64 /Users/darisadam/Library/Developer/Xcode/DerivedData/Madabank-hkohthnbjtgnoechirsoymtykttx/Build/Intermediates.noindex/Networking.build/Debug-iphonesimulator/Networking.build/Objects-normal/arm64/Networking-Swift.h -o /Users/darisadam/Library/Developer/Xcode/DerivedData/Madabank-hkohthnbjtgnoechirsoymtykttx/Build/Products/Debug-iphonesimulator/Networking.framework/Headers/Networking-Swift.h

SwiftDriverJobDiscovery normal arm64 Compiling APIEndpoint.swift, AccountModels.swift (in target 'Networking' from project 'Networking')

Copy /Users/darisadam/Library/Developer/Xcode/DerivedData/Madabank-hkohthnbjtgnoechirsoymtykttx/Build/Products/Debug-iphonesimulator/Networking.framework/Modules/Networking.swiftmodule/arm64-apple-ios-simulator.swiftmodule /Users/darisadam/Library/Developer/Xcode/DerivedData/Madabank-hkohthnbjtgnoechirsoymtykttx/Build/Intermediates.noindex/Networking.build/Debug-iphonesimulator/Networking.build/Objects-normal/arm64/Networking.swiftmodule (in target 'Networking' from project 'Networking')
    cd /Users/darisadam/Documents/Projects/iOS\ Apps/madabank-ios/Madabank/Modules/Shared/Networking
    builtin-copy -exclude .DS_Store -exclude CVS -exclude .svn -exclude .git -exclude .hg -resolve-src-symlinks -rename /Users/darisadam/Library/Developer/Xcode/DerivedData/Madabank-hkohthnbjtgnoechirsoymtykttx/Build/Intermediates.noindex/Networking.build/Debug-iphonesimulator/Networking.build/Objects-normal/arm64/Networking.swiftmodule /Users/darisadam/Library/Developer/Xcode/DerivedData/Madabank-hkohthnbjtgnoechirsoymtykttx/Build/Products/Debug-iphonesimulator/Networking.framework/Modules/Networking.swiftmodule/arm64-apple-ios-simulator.swiftmodule

Copy /Users/darisadam/Library/Developer/Xcode/DerivedData/Madabank-hkohthnbjtgnoechirsoymtykttx/Build/Products/Debug-iphonesimulator/Networking.framework/Modules/Networking.swiftmodule/arm64-apple-ios-simulator.swiftdoc /Users/darisadam/Library/Developer/Xcode/DerivedData/Madabank-hkohthnbjtgnoechirsoymtykttx/Build/Intermediates.noindex/Networking.build/Debug-iphonesimulator/Networking.build/Objects-normal/arm64/Networking.swiftdoc (in target 'Networking' from project 'Networking')
    cd /Users/darisadam/Documents/Projects/iOS\ Apps/madabank-ios/Madabank/Modules/Shared/Networking
    builtin-copy -exclude .DS_Store -exclude CVS -exclude .svn -exclude .git -exclude .hg -resolve-src-symlinks -rename /Users/darisadam/Library/Developer/Xcode/DerivedData/Madabank-hkohthnbjtgnoechirsoymtykttx/Build/Intermediates.noindex/Networking.build/Debug-iphonesimulator/Networking.build/Objects-normal/arm64/Networking.swiftdoc /Users/darisadam/Library/Developer/Xcode/DerivedData/Madabank-hkohthnbjtgnoechirsoymtykttx/Build/Products/Debug-iphonesimulator/Networking.framework/Modules/Networking.swiftmodule/arm64-apple-ios-simulator.swiftdoc

Copy /Users/darisadam/Library/Developer/Xcode/DerivedData/Madabank-hkohthnbjtgnoechirsoymtykttx/Build/Products/Debug-iphonesimulator/Networking.framework/Modules/Networking.swiftmodule/arm64-apple-ios-simulator.abi.json /Users/darisadam/Library/Developer/Xcode/DerivedData/Madabank-hkohthnbjtgnoechirsoymtykttx/Build/Intermediates.noindex/Networking.build/Debug-iphonesimulator/Networking.build/Objects-normal/arm64/Networking.abi.json (in target 'Networking' from project 'Networking')
    cd /Users/darisadam/Documents/Projects/iOS\ Apps/madabank-ios/Madabank/Modules/Shared/Networking
    builtin-copy -exclude .DS_Store -exclude CVS -exclude .svn -exclude .git -exclude .hg -resolve-src-symlinks -rename /Users/darisadam/Library/Developer/Xcode/DerivedData/Madabank-hkohthnbjtgnoechirsoymtykttx/Build/Intermediates.noindex/Networking.build/Debug-iphonesimulator/Networking.build/Objects-normal/arm64/Networking.abi.json /Users/darisadam/Library/Developer/Xcode/DerivedData/Madabank-hkohthnbjtgnoechirsoymtykttx/Build/Products/Debug-iphonesimulator/Networking.framework/Modules/Networking.swiftmodule/arm64-apple-ios-simulator.abi.json

Copy /Users/darisadam/Library/Developer/Xcode/DerivedData/Madabank-hkohthnbjtgnoechirsoymtykttx/Build/Products/Debug-iphonesimulator/Networking.framework/Modules/Networking.swiftmodule/Project/arm64-apple-ios-simulator.swiftsourceinfo /Users/darisadam/Library/Developer/Xcode/DerivedData/Madabank-hkohthnbjtgnoechirsoymtykttx/Build/Intermediates.noindex/Networking.build/Debug-iphonesimulator/Networking.build/Objects-normal/arm64/Networking.swiftsourceinfo (in target 'Networking' from project 'Networking')
    cd /Users/darisadam/Documents/Projects/iOS\ Apps/madabank-ios/Madabank/Modules/Shared/Networking
    builtin-copy -exclude .DS_Store -exclude CVS -exclude .svn -exclude .git -exclude .hg -resolve-src-symlinks -rename /Users/darisadam/Library/Developer/Xcode/DerivedData/Madabank-hkohthnbjtgnoechirsoymtykttx/Build/Intermediates.noindex/Networking.build/Debug-iphonesimulator/Networking.build/Objects-normal/arm64/Networking.swiftsourceinfo /Users/darisadam/Library/Developer/Xcode/DerivedData/Madabank-hkohthnbjtgnoechirsoymtykttx/Build/Products/Debug-iphonesimulator/Networking.framework/Modules/Networking.swiftmodule/Project/arm64-apple-ios-simulator.swiftsourceinfo

SwiftDriverJobDiscovery normal arm64 Compiling OfflineRetrier.swift, RedirectHandler.swift, RequestCompression.swift, RequestInterceptor.swift, ResponseSerialization.swift (in target 'Alamofire' from project 'Alamofire')

SwiftCompile normal arm64 Compiling\ MockResponseProvider.swift /Users/darisadam/Documents/Projects/iOS\ Apps/madabank-ios/Madabank/Modules/Shared/Networking/Sources/Service/MockResponseProvider.swift (in target 'Networking' from project 'Networking')

SwiftCompile normal arm64 /Users/darisadam/Documents/Projects/iOS\ Apps/madabank-ios/Madabank/Modules/Shared/Networking/Sources/Service/MockResponseProvider.swift (in target 'Networking' from project 'Networking')
    cd /Users/darisadam/Documents/Projects/iOS\ Apps/madabank-ios/Madabank/Modules/Shared/Networking
    

SwiftCompile normal arm64 Compiling\ TransactionModels.swift,\ UserModels.swift /Users/darisadam/Documents/Projects/iOS\ Apps/madabank-ios/Madabank/Modules/Shared/Networking/Sources/Models/TransactionModels.swift /Users/darisadam/Documents/Projects/iOS\ Apps/madabank-ios/Madabank/Modules/Shared/Networking/Sources/Models/UserModels.swift (in target 'Networking' from project 'Networking')
SwiftCompile normal arm64 /Users/darisadam/Documents/Projects/iOS\ Apps/madabank-ios/Madabank/Modules/Shared/Networking/Sources/Models/TransactionModels.swift (in target 'Networking' from project 'Networking')
    cd /Users/darisadam/Documents/Projects/iOS\ Apps/madabank-ios/Madabank/Modules/Shared/Networking
    

SwiftCompile normal arm64 /Users/darisadam/Documents/Projects/iOS\ Apps/madabank-ios/Madabank/Modules/Shared/Networking/Sources/Models/UserModels.swift (in target 'Networking' from project 'Networking')
    cd /Users/darisadam/Documents/Projects/iOS\ Apps/madabank-ios/Madabank/Modules/Shared/Networking
    

SwiftDriverJobDiscovery normal arm64 Compiling Infallible+CombineLatest+Collection.swift, Infallible+CombineLatest+arity.swift, Infallible+Concurrency.swift, Infallible+Create.swift, Infallible+Debug.swift, Infallible+Operators.swift, Infallible+Zip+arity.swift, Infallible.swift, InfiniteSequence.swift, InvocableScheduledItem.swift, InvocableType.swift, Just.swift, Lock.swift, LockOwnerType.swift, MainScheduler.swift, Map.swift, Materialize.swift, Maybe.swift, Merge.swift, Multicast.swift (in target 'RxSwift' from project 'RxSwift')

AppIntentsSSUTraining (in target 'Core' from project 'Core')
    cd /Users/darisadam/Documents/Projects/iOS\ Apps/madabank-ios/Madabank/Modules/Shared/Core
    /Applications/Xcode.app/Contents/Developer/Toolchains/XcodeDefault.xctoolchain/usr/bin/appintentsnltrainingprocessor --infoplist-path /Users/darisadam/Library/Developer/Xcode/DerivedData/Madabank-hkohthnbjtgnoechirsoymtykttx/Build/Products/Debug-iphonesimulator/Core.framework/Info.plist --temp-dir-path /Users/darisadam/Library/Developer/Xcode/DerivedData/Madabank-hkohthnbjtgnoechirsoymtykttx/Build/Intermediates.noindex/Core.build/Debug-iphonesimulator/Core.build/ssu --bundle-id online.darisadam.core --product-path /Users/darisadam/Library/Developer/Xcode/DerivedData/Madabank-hkohthnbjtgnoechirsoymtykttx/Build/Products/Debug-iphonesimulator/Core.framework --extracted-metadata-path /Users/darisadam/Library/Developer/Xcode/DerivedData/Madabank-hkohthnbjtgnoechirsoymtykttx/Build/Products/Debug-iphonesimulator/Core.framework/Metadata.appintents --metadata-file-list /Users/darisadam/Library/Developer/Xcode/DerivedData/Madabank-hkohthnbjtgnoechirsoymtykttx/Build/Intermediates.noindex/Core.build/Debug-iphonesimulator/Core.build/Core.DependencyMetadataFileList --archive-ssu-assets
2026-02-04 20:00:21.415 appintentsnltrainingprocessor[9340:2533686] Parsing options for appintentsnltrainingprocessor
2026-02-04 20:00:21.415 appintentsnltrainingprocessor[9340:2533686] No AppShortcuts found - Skipping.

SwiftDriverJobDiscovery normal arm64 Compiling AuthModels.swift, CardModels.swift (in target 'Networking' from project 'Networking')

ScanDependencies /Users/darisadam/Library/Developer/Xcode/DerivedData/Madabank-hkohthnbjtgnoechirsoymtykttx/Build/Intermediates.noindex/Networking.build/Debug-iphonesimulator/Networking.build/Objects-normal/arm64/Networking_vers.o /Users/darisadam/Library/Developer/Xcode/DerivedData/Madabank-hkohthnbjtgnoechirsoymtykttx/Build/Intermediates.noindex/Networking.build/Debug-iphonesimulator/Networking.build/DerivedSources/Networking_vers.c normal arm64 c com.apple.compilers.llvm.clang.1_0.compiler (in target 'Networking' from project 'Networking')
    cd /Users/darisadam/Documents/Projects/iOS\ Apps/madabank-ios/Madabank/Modules/Shared/Networking
    
    Using response file: /Users/darisadam/Library/Developer/Xcode/DerivedData/Madabank-hkohthnbjtgnoechirsoymtykttx/Build/Intermediates.noindex/Networking.build/Debug-iphonesimulator/Networking.build/Objects-normal/arm64/7187679823f38a2a940e0043cdf9d637-common-args.resp
    
    builtin-ScanDependencies -o /Users/darisadam/Library/Developer/Xcode/DerivedData/Madabank-hkohthnbjtgnoechirsoymtykttx/Build/Intermediates.noindex/Networking.build/Debug-iphonesimulator/Networking.build/Objects-normal/arm64/Networking_vers.o.scan -- /Applications/Xcode.app/Contents/Developer/Toolchains/XcodeDefault.xctoolchain/usr/bin/clang -x c -ivfsstatcache /Users/darisadam/Library/Developer/Xcode/DerivedData/SDKStatCaches.noindex/iphonesimulator26.1-23B77-3885c01c3e6b6a337905948deab2002e90cf18a4295e390e64c810bc6bd7acbc.sdkstatcache -fmessage-length\=0 -fdiagnostics-show-note-include-stack -fmacro-backtrace-limit\=0 -fno-color-diagnostics -fmodules-prune-interval\=86400 -fmodules-prune-after\=345600 -fbuild-session-file\=/Users/darisadam/Library/Developer/Xcode/DerivedData/ModuleCache.noindex/Session.modulevalidation -fmodules-validate-once-per-build-session -Wnon-modular-include-in-framework-module -Werror\=non-modular-include-in-framework-module -Wno-trigraphs -Wno-missing-field-initializers -Wno-missing-prototypes -Werror\=return-type -Wdocumentation -Wunreachable-code -Wquoted-include-in-framework-header -Werror\=deprecated-objc-isa-usage -Werror\=objc-root-class -Wno-missing-braces -Wparentheses -Wswitch -Wunused-function -Wno-unused-label -Wno-unused-parameter -Wunused-variable -Wunused-value -Wempty-body -Wuninitialized -Wconditional-uninitialized -Wno-unknown-pragmas -Wno-shadow -Wno-four-char-constants -Wno-conversion -Wconstant-conversion -Wint-conversion -Wbool-conversion -Wenum-conversion -Wno-float-conversion -Wnon-literal-null-conversion -Wobjc-literal-conversion -Wshorten-64-to-32 -Wpointer-sign -Wno-newline-eof -Wno-implicit-fallthrough -fstrict-aliasing -Wdeprecated-declarations -Wno-sign-conversion -Winfinite-recursion -Wcomma -Wblock-capture-autoreleasing -Wstrict-prototypes -Wno-semicolon-before-method-body -Wunguarded-availability -index-store-path /Users/darisadam/Library/Developer/Xcode/DerivedData/Madabank-hkohthnbjtgnoechirsoymtykttx/Index.noindex/DataStore @/Users/darisadam/Library/Developer/Xcode/DerivedData/Madabank-hkohthnbjtgnoechirsoymtykttx/Build/Intermediates.noindex/Networking.build/Debug-iphonesimulator/Networking.build/Objects-normal/arm64/7187679823f38a2a940e0043cdf9d637-common-args.resp -MMD -MT dependencies -MF /Users/darisadam/Library/Developer/Xcode/DerivedData/Madabank-hkohthnbjtgnoechirsoymtykttx/Build/Intermediates.noindex/Networking.build/Debug-iphonesimulator/Networking.build/Objects-normal/arm64/Networking_vers.d --serialize-diagnostics /Users/darisadam/Library/Developer/Xcode/DerivedData/Madabank-hkohthnbjtgnoechirsoymtykttx/Build/Intermediates.noindex/Networking.build/Debug-iphonesimulator/Networking.build/Objects-normal/arm64/Networking_vers.dia -c /Users/darisadam/Library/Developer/Xcode/DerivedData/Madabank-hkohthnbjtgnoechirsoymtykttx/Build/Intermediates.noindex/Networking.build/Debug-iphonesimulator/Networking.build/DerivedSources/Networking_vers.c -o /Users/darisadam/Library/Developer/Xcode/DerivedData/Madabank-hkohthnbjtgnoechirsoymtykttx/Build/Intermediates.noindex/Networking.build/Debug-iphonesimulator/Networking.build/Objects-normal/arm64/Networking_vers.o -index-unit-output-path /Networking.build/Debug-iphonesimulator/Networking.build/Objects-normal/arm64/Networking_vers.o

CompileC /Users/darisadam/Library/Developer/Xcode/DerivedData/Madabank-hkohthnbjtgnoechirsoymtykttx/Build/Intermediates.noindex/Networking.build/Debug-iphonesimulator/Networking.build/Objects-normal/arm64/Networking_vers.o /Users/darisadam/Library/Developer/Xcode/DerivedData/Madabank-hkohthnbjtgnoechirsoymtykttx/Build/Intermediates.noindex/Networking.build/Debug-iphonesimulator/Networking.build/DerivedSources/Networking_vers.c normal arm64 c com.apple.compilers.llvm.clang.1_0.compiler (in target 'Networking' from project 'Networking')
    cd /Users/darisadam/Documents/Projects/iOS\ Apps/madabank-ios/Madabank/Modules/Shared/Networking
    
    Using response file: /Users/darisadam/Library/Developer/Xcode/DerivedData/Madabank-hkohthnbjtgnoechirsoymtykttx/Build/Intermediates.noindex/Networking.build/Debug-iphonesimulator/Networking.build/Objects-normal/arm64/7187679823f38a2a940e0043cdf9d637-common-args.resp
    
    /Applications/Xcode.app/Contents/Developer/Toolchains/XcodeDefault.xctoolchain/usr/bin/clang -x c -ivfsstatcache /Users/darisadam/Library/Developer/Xcode/DerivedData/SDKStatCaches.noindex/iphonesimulator26.1-23B77-3885c01c3e6b6a337905948deab2002e90cf18a4295e390e64c810bc6bd7acbc.sdkstatcache -fmessage-length\=0 -fdiagnostics-show-note-include-stack -fmacro-backtrace-limit\=0 -fno-color-diagnostics -fmodules-prune-interval\=86400 -fmodules-prune-after\=345600 -fbuild-session-file\=/Users/darisadam/Library/Developer/Xcode/DerivedData/ModuleCache.noindex/Session.modulevalidation -fmodules-validate-once-per-build-session -Wnon-modular-include-in-framework-module -Werror\=non-modular-include-in-framework-module -Wno-trigraphs -Wno-missing-field-initializers -Wno-missing-prototypes -Werror\=return-type -Wdocumentation -Wunreachable-code -Wquoted-include-in-framework-header -Werror\=deprecated-objc-isa-usage -Werror\=objc-root-class -Wno-missing-braces -Wparentheses -Wswitch -Wunused-function -Wno-unused-label -Wno-unused-parameter -Wunused-variable -Wunused-value -Wempty-body -Wuninitialized -Wconditional-uninitialized -Wno-unknown-pragmas -Wno-shadow -Wno-four-char-constants -Wno-conversion -Wconstant-conversion -Wint-conversion -Wbool-conversion -Wenum-conversion -Wno-float-conversion -Wnon-literal-null-conversion -Wobjc-literal-conversion -Wshorten-64-to-32 -Wpointer-sign -Wno-newline-eof -Wno-implicit-fallthrough -fstrict-aliasing -Wdeprecated-declarations -Wno-sign-conversion -Winfinite-recursion -Wcomma -Wblock-capture-autoreleasing -Wstrict-prototypes -Wno-semicolon-before-method-body -Wunguarded-availability -index-store-path /Users/darisadam/Library/Developer/Xcode/DerivedData/Madabank-hkohthnbjtgnoechirsoymtykttx/Index.noindex/DataStore @/Users/darisadam/Library/Developer/Xcode/DerivedData/Madabank-hkohthnbjtgnoechirsoymtykttx/Build/Intermediates.noindex/Networking.build/Debug-iphonesimulator/Networking.build/Objects-normal/arm64/7187679823f38a2a940e0043cdf9d637-common-args.resp -MMD -MT dependencies -MF /Users/darisadam/Library/Developer/Xcode/DerivedData/Madabank-hkohthnbjtgnoechirsoymtykttx/Build/Intermediates.noindex/Networking.build/Debug-iphonesimulator/Networking.build/Objects-normal/arm64/Networking_vers.d --serialize-diagnostics /Users/darisadam/Library/Developer/Xcode/DerivedData/Madabank-hkohthnbjtgnoechirsoymtykttx/Build/Intermediates.noindex/Networking.build/Debug-iphonesimulator/Networking.build/Objects-normal/arm64/Networking_vers.dia -c /Users/darisadam/Library/Developer/Xcode/DerivedData/Madabank-hkohthnbjtgnoechirsoymtykttx/Build/Intermediates.noindex/Networking.build/Debug-iphonesimulator/Networking.build/DerivedSources/Networking_vers.c -o /Users/darisadam/Library/Developer/Xcode/DerivedData/Madabank-hkohthnbjtgnoechirsoymtykttx/Build/Intermediates.noindex/Networking.build/Debug-iphonesimulator/Networking.build/Objects-normal/arm64/Networking_vers.o -index-unit-output-path /Networking.build/Debug-iphonesimulator/Networking.build/Objects-normal/arm64/Networking_vers.o

GenerateTAPI /Users/darisadam/Library/Developer/Xcode/DerivedData/Madabank-hkohthnbjtgnoechirsoymtykttx/Build/Intermediates.noindex/EagerLinkingTBDs/Debug-iphonesimulator/Core.framework/Core.tbd (in target 'Core' from project 'Core')
    cd /Users/darisadam/Documents/Projects/iOS\ Apps/madabank-ios/Madabank/Modules/Shared/Core
    /Applications/Xcode.app/Contents/Developer/Toolchains/XcodeDefault.xctoolchain/usr/bin/tapi stubify -isysroot /Applications/Xcode.app/Contents/Developer/Platforms/iPhoneSimulator.platform/Developer/SDKs/iPhoneSimulator26.1.sdk -F/Users/darisadam/Library/Developer/Xcode/DerivedData/Madabank-hkohthnbjtgnoechirsoymtykttx/Build/Products/Debug-iphonesimulator -L/Users/darisadam/Library/Developer/Xcode/DerivedData/Madabank-hkohthnbjtgnoechirsoymtykttx/Build/Products/Debug-iphonesimulator /Users/darisadam/Library/Developer/Xcode/DerivedData/Madabank-hkohthnbjtgnoechirsoymtykttx/Build/Products/Debug-iphonesimulator/Core.framework/Core -o /Users/darisadam/Library/Developer/Xcode/DerivedData/Madabank-hkohthnbjtgnoechirsoymtykttx/Build/Intermediates.noindex/EagerLinkingTBDs/Debug-iphonesimulator/Core.framework/Core.tbd

SwiftDriver Domain normal arm64 com.apple.xcode.tools.swift.compiler (in target 'Domain' from project 'Domain')
    cd /Users/darisadam/Documents/Projects/iOS\ Apps/madabank-ios/Madabank/Modules/Shared/Domain
    builtin-SwiftDriver -- /Applications/Xcode.app/Contents/Developer/Toolchains/XcodeDefault.xctoolchain/usr/bin/swiftc -module-name Domain -Onone -enforce-exclusivity\=checked @/Users/darisadam/Library/Developer/Xcode/DerivedData/Madabank-hkohthnbjtgnoechirsoymtykttx/Build/Intermediates.noindex/Domain.build/Debug-iphonesimulator/Domain.build/Objects-normal/arm64/Domain.SwiftFileList -DDEBUG -enable-bare-slash-regex -enable-experimental-feature DebugDescriptionMacro -sdk /Applications/Xcode.app/Contents/Developer/Platforms/iPhoneSimulator.platform/Developer/SDKs/iPhoneSimulator26.1.sdk -target arm64-apple-ios15.0-simulator -g -module-cache-path /Users/darisadam/Library/Developer/Xcode/DerivedData/ModuleCache.noindex -Xfrontend -serialize-debugging-options -enable-testing -index-store-path /Users/darisadam/Library/Developer/Xcode/DerivedData/Madabank-hkohthnbjtgnoechirsoymtykttx/Index.noindex/DataStore -Xcc -D_LIBCPP_HARDENING_MODE\=_LIBCPP_HARDENING_MODE_DEBUG -swift-version 5 -I /Users/darisadam/Library/Developer/Xcode/DerivedData/Madabank-hkohthnbjtgnoechirsoymtykttx/Build/Products/Debug-iphonesimulator -F /Users/darisadam/Library/Developer/Xcode/DerivedData/Madabank-hkohthnbjtgnoechirsoymtykttx/Build/Products/Debug-iphonesimulator -c -j8 -enable-batch-mode -incremental -Xcc -ivfsstatcache -Xcc /Users/darisadam/Library/Developer/Xcode/DerivedData/SDKStatCaches.noindex/iphonesimulator26.1-23B77-3885c01c3e6b6a337905948deab2002e90cf18a4295e390e64c810bc6bd7acbc.sdkstatcache -output-file-map /Users/darisadam/Library/Developer/Xcode/DerivedData/Madabank-hkohthnbjtgnoechirsoymtykttx/Build/Intermediates.noindex/Domain.build/Debug-iphonesimulator/Domain.build/Objects-normal/arm64/Domain-OutputFileMap.json -use-frontend-parseable-output -save-temps -no-color-diagnostics -explicit-module-build -module-cache-path /Users/darisadam/Library/Developer/Xcode/DerivedData/Madabank-hkohthnbjtgnoechirsoymtykttx/Build/Intermediates.noindex/SwiftExplicitPrecompiledModules -clang-scanner-module-cache-path /Users/darisadam/Library/Developer/Xcode/DerivedData/ModuleCache.noindex -sdk-module-cache-path /Users/darisadam/Library/Developer/Xcode/DerivedData/ModuleCache.noindex -serialize-diagnostics -emit-dependencies -emit-module -emit-module-path /Users/darisadam/Library/Developer/Xcode/DerivedData/Madabank-hkohthnbjtgnoechirsoymtykttx/Build/Intermediates.noindex/Domain.build/Debug-iphonesimulator/Domain.build/Objects-normal/arm64/Domain.swiftmodule -validate-clang-modules-once -clang-build-session-file /Users/darisadam/Library/Developer/Xcode/DerivedData/ModuleCache.noindex/Session.modulevalidation -Xcc -I/Users/darisadam/Library/Developer/Xcode/DerivedData/Madabank-hkohthnbjtgnoechirsoymtykttx/Build/Intermediates.noindex/Domain.build/Debug-iphonesimulator/Domain.build/swift-overrides.hmap -emit-const-values -Xfrontend -const-gather-protocols-file -Xfrontend /Users/darisadam/Library/Developer/Xcode/DerivedData/Madabank-hkohthnbjtgnoechirsoymtykttx/Build/Intermediates.noindex/Domain.build/Debug-iphonesimulator/Domain.build/Objects-normal/arm64/Domain_const_extract_protocols.json -Xcc -iquote -Xcc /Users/darisadam/Library/Developer/Xcode/DerivedData/Madabank-hkohthnbjtgnoechirsoymtykttx/Build/Intermediates.noindex/Domain.build/Debug-iphonesimulator/Domain.build/Domain-generated-files.hmap -Xcc -I/Users/darisadam/Library/Developer/Xcode/DerivedData/Madabank-hkohthnbjtgnoechirsoymtykttx/Build/Intermediates.noindex/Domain.build/Debug-iphonesimulator/Domain.build/Domain-own-target-headers.hmap -Xcc -I/Users/darisadam/Library/Developer/Xcode/DerivedData/Madabank-hkohthnbjtgnoechirsoymtykttx/Build/Intermediates.noindex/Domain.build/Debug-iphonesimulator/Domain.build/Domain-all-non-framework-target-headers.hmap -Xcc -ivfsoverlay -Xcc /Users/darisadam/Library/Developer/Xcode/DerivedData/Madabank-hkohthnbjtgnoechirsoymtykttx/Build/Intermediates.noindex/Domain.build/Debug-iphonesimulator/Domain-38b95e0e74f454eb1697545f0c9d82bd-VFS-iphonesimulator/all-product-headers.yaml -Xcc -iquote -Xcc /Users/darisadam/Library/Developer/Xcode/DerivedData/Madabank-hkohthnbjtgnoechirsoymtykttx/Build/Intermediates.noindex/Domain.build/Debug-iphonesimulator/Domain.build/Domain-project-headers.hmap -Xcc -I/Users/darisadam/Library/Developer/Xcode/DerivedData/Madabank-hkohthnbjtgnoechirsoymtykttx/Build/Products/Debug-iphonesimulator/include -Xcc -I/Users/darisadam/Library/Developer/Xcode/DerivedData/Madabank-hkohthnbjtgnoechirsoymtykttx/Build/Intermediates.noindex/Domain.build/Debug-iphonesimulator/Domain.build/DerivedSources-normal/arm64 -Xcc -I/Users/darisadam/Library/Developer/Xcode/DerivedData/Madabank-hkohthnbjtgnoechirsoymtykttx/Build/Intermediates.noindex/Domain.build/Debug-iphonesimulator/Domain.build/DerivedSources/arm64 -Xcc -I/Users/darisadam/Library/Developer/Xcode/DerivedData/Madabank-hkohthnbjtgnoechirsoymtykttx/Build/Intermediates.noindex/Domain.build/Debug-iphonesimulator/Domain.build/DerivedSources -Xcc -DDEBUG\=1 -emit-objc-header -emit-objc-header-path /Users/darisadam/Library/Developer/Xcode/DerivedData/Madabank-hkohthnbjtgnoechirsoymtykttx/Build/Intermediates.noindex/Domain.build/Debug-iphonesimulator/Domain.build/Objects-normal/arm64/Domain-Swift.h -working-directory /Users/darisadam/Documents/Projects/iOS\ Apps/madabank-ios/Madabank/Modules/Shared/Domain -experimental-emit-module-separately -disable-cmo

SwiftDriverJobDiscovery normal arm64 Compiling SynchronizedOnType.swift, SynchronizedUnsubscribeType.swift, TailRecursiveSink.swift, Take.swift, TakeLast.swift, TakeWithPredicate.swift, Throttle.swift, Timeout.swift, Timer.swift, ToArray.swift, Using.swift, VirtualTimeConverterType.swift, VirtualTimeScheduler.swift, Window.swift, WithLatestFrom.swift, WithUnretained.swift, Zip+Collection.swift, Zip+arity.swift, Zip.swift, TuistBundle+RxSwift.swift (in target 'RxSwift' from project 'RxSwift')

SwiftDriverJobDiscovery normal arm64 Compiling TokenRefreshInterceptor.swift (in target 'Networking' from project 'Networking')

SwiftDriver\ Compilation RxSwift normal arm64 com.apple.xcode.tools.swift.compiler (in target 'RxSwift' from project 'RxSwift')
    cd /Users/darisadam/Documents/Projects/iOS\ Apps/madabank-ios/Madabank/Tuist/.build/tuist-derived/RxSwift
    builtin-Swift-Compilation -- /Applications/Xcode.app/Contents/Developer/Toolchains/XcodeDefault.xctoolchain/usr/bin/swiftc -module-name RxSwift -Onone -enforce-exclusivity\=checked @/Users/darisadam/Library/Developer/Xcode/DerivedData/Madabank-hkohthnbjtgnoechirsoymtykttx/Build/Intermediates.noindex/RxSwift.build/Debug-iphonesimulator/RxSwift.build/Objects-normal/arm64/RxSwift.SwiftFileList -DSWIFT_PACKAGE -DDEBUG -package-name RxSwift -enable-bare-slash-regex -enable-experimental-feature DebugDescriptionMacro -sdk /Applications/Xcode.app/Contents/Developer/Platforms/iPhoneSimulator.platform/Developer/SDKs/iPhoneSimulator26.1.sdk -target arm64-apple-ios12.0-simulator -g -module-cache-path /Users/darisadam/Library/Developer/Xcode/DerivedData/ModuleCache.noindex -Xfrontend -serialize-debugging-options -enable-testing -suppress-warnings -index-store-path /Users/darisadam/Library/Developer/Xcode/DerivedData/Madabank-hkohthnbjtgnoechirsoymtykttx/Index.noindex/DataStore -Xcc -D_LIBCPP_HARDENING_MODE\=_LIBCPP_HARDENING_MODE_DEBUG -swift-version 5 -I /Users/darisadam/Library/Developer/Xcode/DerivedData/Madabank-hkohthnbjtgnoechirsoymtykttx/Build/Products/Debug-iphonesimulator -F /Users/darisadam/Library/Developer/Xcode/DerivedData/Madabank-hkohthnbjtgnoechirsoymtykttx/Build/Products/Debug-iphonesimulator -F /Applications/Xcode.app/Contents/Developer/Platforms/iPhoneSimulator.platform/Developer/Library/Frameworks -c -j8 -enable-batch-mode -incremental -Xcc -ivfsstatcache -Xcc /Users/darisadam/Library/Developer/Xcode/DerivedData/SDKStatCaches.noindex/iphonesimulator26.1-23B77-3885c01c3e6b6a337905948deab2002e90cf18a4295e390e64c810bc6bd7acbc.sdkstatcache -output-file-map /Users/darisadam/Library/Developer/Xcode/DerivedData/Madabank-hkohthnbjtgnoechirsoymtykttx/Build/Intermediates.noindex/RxSwift.build/Debug-iphonesimulator/RxSwift.build/Objects-normal/arm64/RxSwift-OutputFileMap.json -use-frontend-parseable-output -save-temps -no-color-diagnostics -explicit-module-build -module-cache-path /Users/darisadam/Library/Developer/Xcode/DerivedData/Madabank-hkohthnbjtgnoechirsoymtykttx/Build/Intermediates.noindex/SwiftExplicitPrecompiledModules -clang-scanner-module-cache-path /Users/darisadam/Library/Developer/Xcode/DerivedData/ModuleCache.noindex -sdk-module-cache-path /Users/darisadam/Library/Developer/Xcode/DerivedData/ModuleCache.noindex -serialize-diagnostics -emit-dependencies -emit-module -emit-module-path /Users/darisadam/Library/Developer/Xcode/DerivedData/Madabank-hkohthnbjtgnoechirsoymtykttx/Build/Intermediates.noindex/RxSwift.build/Debug-iphonesimulator/RxSwift.build/Objects-normal/arm64/RxSwift.swiftmodule -validate-clang-modules-once -clang-build-session-file /Users/darisadam/Library/Developer/Xcode/DerivedData/ModuleCache.noindex/Session.modulevalidation -Xcc -I/Users/darisadam/Library/Developer/Xcode/DerivedData/Madabank-hkohthnbjtgnoechirsoymtykttx/Build/Intermediates.noindex/RxSwift.build/Debug-iphonesimulator/RxSwift.build/swift-overrides.hmap -emit-const-values -Xfrontend -const-gather-protocols-file -Xfrontend /Users/darisadam/Library/Developer/Xcode/DerivedData/Madabank-hkohthnbjtgnoechirsoymtykttx/Build/Intermediates.noindex/RxSwift.build/Debug-iphonesimulator/RxSwift.build/Objects-normal/arm64/RxSwift_const_extract_protocols.json -Xcc -I/Users/darisadam/Library/Developer/Xcode/DerivedData/Madabank-hkohthnbjtgnoechirsoymtykttx/Build/Products/Debug-iphonesimulator/include -Xcc -I/Users/darisadam/Library/Developer/Xcode/DerivedData/Madabank-hkohthnbjtgnoechirsoymtykttx/Build/Intermediates.noindex/RxSwift.build/Debug-iphonesimulator/RxSwift.build/DerivedSources-normal/arm64 -Xcc -I/Users/darisadam/Library/Developer/Xcode/DerivedData/Madabank-hkohthnbjtgnoechirsoymtykttx/Build/Intermediates.noindex/RxSwift.build/Debug-iphonesimulator/RxSwift.build/DerivedSources/arm64 -Xcc -I/Users/darisadam/Library/Developer/Xcode/DerivedData/Madabank-hkohthnbjtgnoechirsoymtykttx/Build/Intermediates.noindex/RxSwift.build/Debug-iphonesimulator/RxSwift.build/DerivedSources -Xcc -DDEBUG\=1 -Xcc -DSWIFT_PACKAGE\=1 -emit-objc-header -emit-objc-header-path /Users/darisadam/Library/Developer/Xcode/DerivedData/Madabank-hkohthnbjtgnoechirsoymtykttx/Build/Intermediates.noindex/RxSwift.build/Debug-iphonesimulator/RxSwift.build/Objects-normal/arm64/RxSwift-Swift.h -working-directory /Users/darisadam/Documents/Projects/iOS\ Apps/madabank-ios/Madabank/Tuist/.build/tuist-derived/RxSwift -experimental-emit-module-separately -disable-cmo

CodeSign /Users/darisadam/Library/Developer/Xcode/DerivedData/Madabank-hkohthnbjtgnoechirsoymtykttx/Build/Products/Debug-iphonesimulator/Core.framework (in target 'Core' from project 'Core')
    cd /Users/darisadam/Documents/Projects/iOS\ Apps/madabank-ios/Madabank/Modules/Shared/Core
    
    Signing Identity:     "Sign to Run Locally"
    
    /usr/bin/codesign --force --sign - --timestamp\=none --generate-entitlement-der /Users/darisadam/Library/Developer/Xcode/DerivedData/Madabank-hkohthnbjtgnoechirsoymtykttx/Build/Products/Debug-iphonesimulator/Core.framework

Ld /Users/darisadam/Library/Developer/Xcode/DerivedData/Madabank-hkohthnbjtgnoechirsoymtykttx/Build/Products/Debug-iphonesimulator/RxSwift.framework/RxSwift normal (in target 'RxSwift' from project 'RxSwift')
    cd /Users/darisadam/Documents/Projects/iOS\ Apps/madabank-ios/Madabank/Tuist/.build/tuist-derived/RxSwift
    /Applications/Xcode.app/Contents/Developer/Toolchains/XcodeDefault.xctoolchain/usr/bin/clang -Xlinker -reproducible -target arm64-apple-ios12.0-simulator -dynamiclib -isysroot /Applications/Xcode.app/Contents/Developer/Platforms/iPhoneSimulator.platform/Developer/SDKs/iPhoneSimulator26.1.sdk -O0 -L/Users/darisadam/Library/Developer/Xcode/DerivedData/Madabank-hkohthnbjtgnoechirsoymtykttx/Build/Intermediates.noindex/EagerLinkingTBDs/Debug-iphonesimulator -L/Users/darisadam/Library/Developer/Xcode/DerivedData/Madabank-hkohthnbjtgnoechirsoymtykttx/Build/Products/Debug-iphonesimulator -F/Users/darisadam/Library/Developer/Xcode/DerivedData/Madabank-hkohthnbjtgnoechirsoymtykttx/Build/Intermediates.noindex/EagerLinkingTBDs/Debug-iphonesimulator -F/Users/darisadam/Library/Developer/Xcode/DerivedData/Madabank-hkohthnbjtgnoechirsoymtykttx/Build/Products/Debug-iphonesimulator -F/Applications/Xcode.app/Contents/Developer/Platforms/iPhoneSimulator.platform/Developer/Library/Frameworks -filelist /Users/darisadam/Library/Developer/Xcode/DerivedData/Madabank-hkohthnbjtgnoechirsoymtykttx/Build/Intermediates.noindex/RxSwift.build/Debug-iphonesimulator/RxSwift.build/Objects-normal/arm64/RxSwift.LinkFileList -install_name @rpath/RxSwift.framework/RxSwift -Xlinker -rpath -Xlinker /usr/lib/swift -Xlinker -rpath -Xlinker @executable_path/Frameworks -Xlinker -rpath -Xlinker @loader_path/Frameworks -dead_strip -Xlinker -object_path_lto -Xlinker /Users/darisadam/Library/Developer/Xcode/DerivedData/Madabank-hkohthnbjtgnoechirsoymtykttx/Build/Intermediates.noindex/RxSwift.build/Debug-iphonesimulator/RxSwift.build/Objects-normal/arm64/RxSwift_lto.o -rdynamic -Xlinker -no_deduplicate -Xlinker -objc_abi_version -Xlinker 2 -Xlinker -dependency_info -Xlinker /Users/darisadam/Library/Developer/Xcode/DerivedData/Madabank-hkohthnbjtgnoechirsoymtykttx/Build/Intermediates.noindex/RxSwift.build/Debug-iphonesimulator/RxSwift.build/Objects-normal/arm64/RxSwift_dependency_info.dat -fobjc-link-runtime -L/Applications/Xcode.app/Contents/Developer/Toolchains/XcodeDefault.xctoolchain/usr/lib/swift/iphonesimulator -L/usr/lib/swift -Xlinker -add_ast_path -Xlinker /Users/darisadam/Library/Developer/Xcode/DerivedData/Madabank-hkohthnbjtgnoechirsoymtykttx/Build/Intermediates.noindex/RxSwift.build/Debug-iphonesimulator/RxSwift.build/Objects-normal/arm64/RxSwift.swiftmodule @/Users/darisadam/Library/Developer/Xcode/DerivedData/Madabank-hkohthnbjtgnoechirsoymtykttx/Build/Intermediates.noindex/RxSwift.build/Debug-iphonesimulator/RxSwift.build/Objects-normal/arm64/RxSwift-linker-args.resp -Xlinker -no_adhoc_codesign -compatibility_version 1 -current_version 1 -o /Users/darisadam/Library/Developer/Xcode/DerivedData/Madabank-hkohthnbjtgnoechirsoymtykttx/Build/Products/Debug-iphonesimulator/RxSwift.framework/RxSwift

RegisterExecutionPolicyException /Users/darisadam/Library/Developer/Xcode/DerivedData/Madabank-hkohthnbjtgnoechirsoymtykttx/Build/Products/Debug-iphonesimulator/Core.framework (in target 'Core' from project 'Core')
    cd /Users/darisadam/Documents/Projects/iOS\ Apps/madabank-ios/Madabank/Modules/Shared/Core
    builtin-RegisterExecutionPolicyException /Users/darisadam/Library/Developer/Xcode/DerivedData/Madabank-hkohthnbjtgnoechirsoymtykttx/Build/Products/Debug-iphonesimulator/Core.framework

SwiftDriverJobDiscovery normal arm64 Compiling MockResponseProvider.swift (in target 'Networking' from project 'Networking')

Touch /Users/darisadam/Library/Developer/Xcode/DerivedData/Madabank-hkohthnbjtgnoechirsoymtykttx/Build/Products/Debug-iphonesimulator/Core.framework (in target 'Core' from project 'Core')
    cd /Users/darisadam/Documents/Projects/iOS\ Apps/madabank-ios/Madabank/Modules/Shared/Core
    /usr/bin/touch -c /Users/darisadam/Library/Developer/Xcode/DerivedData/Madabank-hkohthnbjtgnoechirsoymtykttx/Build/Products/Debug-iphonesimulator/Core.framework

SwiftDriverJobDiscovery normal arm64 Compiling NetworkManager.swift (in target 'Networking' from project 'Networking')

ExtractAppIntentsMetadata (in target 'RxSwift' from project 'RxSwift')
    cd /Users/darisadam/Documents/Projects/iOS\ Apps/madabank-ios/Madabank/Tuist/.build/tuist-derived/RxSwift
    /Applications/Xcode.app/Contents/Developer/Toolchains/XcodeDefault.xctoolchain/usr/bin/appintentsmetadataprocessor --toolchain-dir /var/run/com.apple.security.cryptexd/mnt/com.apple.MobileAsset.MetalToolchain-v17.2.54.0.wH8bUi/Metal.xctoolchain --module-name RxSwift --sdk-root /Applications/Xcode.app/Contents/Developer/Platforms/iPhoneSimulator.platform/Developer/SDKs/iPhoneSimulator26.1.sdk --xcode-version 17B100 --platform-family iOS --deployment-target 12.0 --bundle-identifier dev.tuist.RxSwift --output /Users/darisadam/Library/Developer/Xcode/DerivedData/Madabank-hkohthnbjtgnoechirsoymtykttx/Build/Products/Debug-iphonesimulator/RxSwift.framework --target-triple arm64-apple-ios12.0-simulator --binary-file /Users/darisadam/Library/Developer/Xcode/DerivedData/Madabank-hkohthnbjtgnoechirsoymtykttx/Build/Products/Debug-iphonesimulator/RxSwift.framework/RxSwift --dependency-file /Users/darisadam/Library/Developer/Xcode/DerivedData/Madabank-hkohthnbjtgnoechirsoymtykttx/Build/Intermediates.noindex/RxSwift.build/Debug-iphonesimulator/RxSwift.build/Objects-normal/arm64/RxSwift_dependency_info.dat --stringsdata-file /Users/darisadam/Library/Developer/Xcode/DerivedData/Madabank-hkohthnbjtgnoechirsoymtykttx/Build/Intermediates.noindex/RxSwift.build/Debug-iphonesimulator/RxSwift.build/Objects-normal/arm64/ExtractedAppShortcutsMetadata.stringsdata --source-file-list /Users/darisadam/Library/Developer/Xcode/DerivedData/Madabank-hkohthnbjtgnoechirsoymtykttx/Build/Intermediates.noindex/RxSwift.build/Debug-iphonesimulator/RxSwift.build/Objects-normal/arm64/RxSwift.SwiftFileList --metadata-file-list /Users/darisadam/Library/Developer/Xcode/DerivedData/Madabank-hkohthnbjtgnoechirsoymtykttx/Build/Intermediates.noindex/RxSwift.build/Debug-iphonesimulator/RxSwift.build/RxSwift.DependencyMetadataFileList --static-metadata-file-list /Users/darisadam/Library/Developer/Xcode/DerivedData/Madabank-hkohthnbjtgnoechirsoymtykttx/Build/Intermediates.noindex/RxSwift.build/Debug-iphonesimulator/RxSwift.build/RxSwift.DependencyStaticMetadataFileList --swift-const-vals-list /Users/darisadam/Library/Developer/Xcode/DerivedData/Madabank-hkohthnbjtgnoechirsoymtykttx/Build/Intermediates.noindex/RxSwift.build/Debug-iphonesimulator/RxSwift.build/Objects-normal/arm64/RxSwift.SwiftConstValuesFileList --compile-time-extraction --deployment-aware-processing --validate-assistant-intents --no-app-shortcuts-localization
2026-02-04 20:00:21.715 appintentsmetadataprocessor[9349:2533734] Starting appintentsmetadataprocessor export
2026-02-04 20:00:21.716 appintentsmetadataprocessor[9349:2533734] warning: Metadata extraction skipped. No AppIntents.framework dependency found.

SwiftCompile normal arm64 Compiling\ TransactionRepositoryProtocol.swift,\ UserRepositoryProtocol.swift,\ ChangePasswordUseCase.swift,\ CheckSystemStatusUseCase.swift /Users/darisadam/Documents/Projects/iOS\ Apps/madabank-ios/Madabank/Modules/Shared/Domain/Sources/Interfaces/Repositories/TransactionRepositoryProtocol.swift /Users/darisadam/Documents/Projects/iOS\ Apps/madabank-ios/Madabank/Modules/Shared/Domain/Sources/Interfaces/Repositories/UserRepositoryProtocol.swift /Users/darisadam/Documents/Projects/iOS\ Apps/madabank-ios/Madabank/Modules/Shared/Domain/Sources/UseCases/ChangePasswordUseCase.swift /Users/darisadam/Documents/Projects/iOS\ Apps/madabank-ios/Madabank/Modules/Shared/Domain/Sources/UseCases/CheckSystemStatusUseCase.swift (in target 'Domain' from project 'Domain')
SwiftCompile normal arm64 /Users/darisadam/Documents/Projects/iOS\ Apps/madabank-ios/Madabank/Modules/Shared/Domain/Sources/Interfaces/Repositories/TransactionRepositoryProtocol.swift (in target 'Domain' from project 'Domain')
    cd /Users/darisadam/Documents/Projects/iOS\ Apps/madabank-ios/Madabank/Modules/Shared/Domain
    

SwiftCompile normal arm64 /Users/darisadam/Documents/Projects/iOS\ Apps/madabank-ios/Madabank/Modules/Shared/Domain/Sources/Interfaces/Repositories/UserRepositoryProtocol.swift (in target 'Domain' from project 'Domain')
    cd /Users/darisadam/Documents/Projects/iOS\ Apps/madabank-ios/Madabank/Modules/Shared/Domain
    

SwiftCompile normal arm64 /Users/darisadam/Documents/Projects/iOS\ Apps/madabank-ios/Madabank/Modules/Shared/Domain/Sources/UseCases/ChangePasswordUseCase.swift (in target 'Domain' from project 'Domain')
    cd /Users/darisadam/Documents/Projects/iOS\ Apps/madabank-ios/Madabank/Modules/Shared/Domain
    

SwiftCompile normal arm64 /Users/darisadam/Documents/Projects/iOS\ Apps/madabank-ios/Madabank/Modules/Shared/Domain/Sources/UseCases/CheckSystemStatusUseCase.swift (in target 'Domain' from project 'Domain')
    cd /Users/darisadam/Documents/Projects/iOS\ Apps/madabank-ios/Madabank/Modules/Shared/Domain
    

SwiftCompile normal arm64 Compiling\ User.swift,\ AccountRepositoryProtocol.swift,\ AuthRepositoryProtocol.swift,\ CardRepositoryProtocol.swift /Users/darisadam/Documents/Projects/iOS\ Apps/madabank-ios/Madabank/Modules/Shared/Domain/Sources/Entities/User.swift /Users/darisadam/Documents/Projects/iOS\ Apps/madabank-ios/Madabank/Modules/Shared/Domain/Sources/Interfaces/Repositories/AccountRepositoryProtocol.swift /Users/darisadam/Documents/Projects/iOS\ Apps/madabank-ios/Madabank/Modules/Shared/Domain/Sources/Interfaces/Repositories/AuthRepositoryProtocol.swift /Users/darisadam/Documents/Projects/iOS\ Apps/madabank-ios/Madabank/Modules/Shared/Domain/Sources/Interfaces/Repositories/CardRepositoryProtocol.swift (in target 'Domain' from project 'Domain')

SwiftCompile normal arm64 /Users/darisadam/Documents/Projects/iOS\ Apps/madabank-ios/Madabank/Modules/Shared/Domain/Sources/Entities/User.swift (in target 'Domain' from project 'Domain')
    cd /Users/darisadam/Documents/Projects/iOS\ Apps/madabank-ios/Madabank/Modules/Shared/Domain
    

SwiftCompile normal arm64 /Users/darisadam/Documents/Projects/iOS\ Apps/madabank-ios/Madabank/Modules/Shared/Domain/Sources/Interfaces/Repositories/AccountRepositoryProtocol.swift (in target 'Domain' from project 'Domain')
    cd /Users/darisadam/Documents/Projects/iOS\ Apps/madabank-ios/Madabank/Modules/Shared/Domain
    

SwiftCompile normal arm64 /Users/darisadam/Documents/Projects/iOS\ Apps/madabank-ios/Madabank/Modules/Shared/Domain/Sources/Interfaces/Repositories/AuthRepositoryProtocol.swift (in target 'Domain' from project 'Domain')
    cd /Users/darisadam/Documents/Projects/iOS\ Apps/madabank-ios/Madabank/Modules/Shared/Domain
    

SwiftCompile normal arm64 /Users/darisadam/Documents/Projects/iOS\ Apps/madabank-ios/Madabank/Modules/Shared/Domain/Sources/Interfaces/Repositories/CardRepositoryProtocol.swift (in target 'Domain' from project 'Domain')
    cd /Users/darisadam/Documents/Projects/iOS\ Apps/madabank-ios/Madabank/Modules/Shared/Domain
    

SwiftCompile normal arm64 Compiling\ GetAccountsUseCase.swift,\ GetCardsUseCase.swift,\ GetProfileUseCase.swift /Users/darisadam/Documents/Projects/iOS\ Apps/madabank-ios/Madabank/Modules/Shared/Domain/Sources/UseCases/GetAccountsUseCase.swift /Users/darisadam/Documents/Projects/iOS\ Apps/madabank-ios/Madabank/Modules/Shared/Domain/Sources/UseCases/GetCardsUseCase.swift /Users/darisadam/Documents/Projects/iOS\ Apps/madabank-ios/Madabank/Modules/Shared/Domain/Sources/UseCases/GetProfileUseCase.swift (in target 'Domain' from project 'Domain')

SwiftCompile normal arm64 /Users/darisadam/Documents/Projects/iOS\ Apps/madabank-ios/Madabank/Modules/Shared/Domain/Sources/UseCases/GetAccountsUseCase.swift (in target 'Domain' from project 'Domain')
    cd /Users/darisadam/Documents/Projects/iOS\ Apps/madabank-ios/Madabank/Modules/Shared/Domain
    

SwiftCompile normal arm64 /Users/darisadam/Documents/Projects/iOS\ Apps/madabank-ios/Madabank/Modules/Shared/Domain/Sources/UseCases/GetCardsUseCase.swift (in target 'Domain' from project 'Domain')
    cd /Users/darisadam/Documents/Projects/iOS\ Apps/madabank-ios/Madabank/Modules/Shared/Domain
    

SwiftCompile normal arm64 /Users/darisadam/Documents/Projects/iOS\ Apps/madabank-ios/Madabank/Modules/Shared/Domain/Sources/UseCases/GetProfileUseCase.swift (in target 'Domain' from project 'Domain')
    cd /Users/darisadam/Documents/Projects/iOS\ Apps/madabank-ios/Madabank/Modules/Shared/Domain
    

SwiftCompile normal arm64 Compiling\ Domain.swift,\ Account.swift,\ Card.swift,\ Transaction.swift /Users/darisadam/Documents/Projects/iOS\ Apps/madabank-ios/Madabank/Modules/Shared/Domain/Sources/Domain.swift /Users/darisadam/Documents/Projects/iOS\ Apps/madabank-ios/Madabank/Modules/Shared/Domain/Sources/Entities/Account.swift /Users/darisadam/Documents/Projects/iOS\ Apps/madabank-ios/Madabank/Modules/Shared/Domain/Sources/Entities/Card.swift /Users/darisadam/Documents/Projects/iOS\ Apps/madabank-ios/Madabank/Modules/Shared/Domain/Sources/Entities/Transaction.swift (in target 'Domain' from project 'Domain')
SwiftCompile normal arm64 /Users/darisadam/Documents/Projects/iOS\ Apps/madabank-ios/Madabank/Modules/Shared/Domain/Sources/Domain.swift (in target 'Domain' from project 'Domain')
    cd /Users/darisadam/Documents/Projects/iOS\ Apps/madabank-ios/Madabank/Modules/Shared/Domain
    

SwiftCompile normal arm64 /Users/darisadam/Documents/Projects/iOS\ Apps/madabank-ios/Madabank/Modules/Shared/Domain/Sources/Entities/Account.swift (in target 'Domain' from project 'Domain')
    cd /Users/darisadam/Documents/Projects/iOS\ Apps/madabank-ios/Madabank/Modules/Shared/Domain
    

SwiftCompile normal arm64 /Users/darisadam/Documents/Projects/iOS\ Apps/madabank-ios/Madabank/Modules/Shared/Domain/Sources/Entities/Card.swift (in target 'Domain' from project 'Domain')
    cd /Users/darisadam/Documents/Projects/iOS\ Apps/madabank-ios/Madabank/Modules/Shared/Domain
    

SwiftCompile normal arm64 /Users/darisadam/Documents/Projects/iOS\ Apps/madabank-ios/Madabank/Modules/Shared/Domain/Sources/Entities/Transaction.swift (in target 'Domain' from project 'Domain')
    cd /Users/darisadam/Documents/Projects/iOS\ Apps/madabank-ios/Madabank/Modules/Shared/Domain
    

SwiftCompile normal arm64 Compiling\ CreateAccountUseCase.swift,\ ForgotPasswordUseCase.swift,\ GetAccountBalanceUseCase.swift,\ GetAccountDetailsUseCase.swift /Users/darisadam/Documents/Projects/iOS\ Apps/madabank-ios/Madabank/Modules/Shared/Domain/Sources/UseCases/CreateAccountUseCase.swift /Users/darisadam/Documents/Projects/iOS\ Apps/madabank-ios/Madabank/Modules/Shared/Domain/Sources/UseCases/ForgotPasswordUseCase.swift /Users/darisadam/Documents/Projects/iOS\ Apps/madabank-ios/Madabank/Modules/Shared/Domain/Sources/UseCases/GetAccountBalanceUseCase.swift /Users/darisadam/Documents/Projects/iOS\ Apps/madabank-ios/Madabank/Modules/Shared/Domain/Sources/UseCases/GetAccountDetailsUseCase.swift (in target 'Domain' from project 'Domain')

SwiftCompile normal arm64 /Users/darisadam/Documents/Projects/iOS\ Apps/madabank-ios/Madabank/Modules/Shared/Domain/Sources/UseCases/CreateAccountUseCase.swift (in target 'Domain' from project 'Domain')
    cd /Users/darisadam/Documents/Projects/iOS\ Apps/madabank-ios/Madabank/Modules/Shared/Domain
    

SwiftCompile normal arm64 /Users/darisadam/Documents/Projects/iOS\ Apps/madabank-ios/Madabank/Modules/Shared/Domain/Sources/UseCases/ForgotPasswordUseCase.swift (in target 'Domain' from project 'Domain')
    cd /Users/darisadam/Documents/Projects/iOS\ Apps/madabank-ios/Madabank/Modules/Shared/Domain
    

SwiftCompile normal arm64 /Users/darisadam/Documents/Projects/iOS\ Apps/madabank-ios/Madabank/Modules/Shared/Domain/Sources/UseCases/GetAccountBalanceUseCase.swift (in target 'Domain' from project 'Domain')
    cd /Users/darisadam/Documents/Projects/iOS\ Apps/madabank-ios/Madabank/Modules/Shared/Domain
    

SwiftCompile normal arm64 /Users/darisadam/Documents/Projects/iOS\ Apps/madabank-ios/Madabank/Modules/Shared/Domain/Sources/UseCases/GetAccountDetailsUseCase.swift (in target 'Domain' from project 'Domain')
    cd /Users/darisadam/Documents/Projects/iOS\ Apps/madabank-ios/Madabank/Modules/Shared/Domain
    

SwiftEmitModule normal arm64 Emitting\ module\ for\ Domain (in target 'Domain' from project 'Domain')

EmitSwiftModule normal arm64 (in target 'Domain' from project 'Domain')
    cd /Users/darisadam/Documents/Projects/iOS\ Apps/madabank-ios/Madabank/Modules/Shared/Domain
    

AppIntentsSSUTraining (in target 'RxSwift' from project 'RxSwift')
    cd /Users/darisadam/Documents/Projects/iOS\ Apps/madabank-ios/Madabank/Tuist/.build/tuist-derived/RxSwift
    /Applications/Xcode.app/Contents/Developer/Toolchains/XcodeDefault.xctoolchain/usr/bin/appintentsnltrainingprocessor --infoplist-path /Users/darisadam/Library/Developer/Xcode/DerivedData/Madabank-hkohthnbjtgnoechirsoymtykttx/Build/Products/Debug-iphonesimulator/RxSwift.framework/Info.plist --temp-dir-path /Users/darisadam/Library/Developer/Xcode/DerivedData/Madabank-hkohthnbjtgnoechirsoymtykttx/Build/Intermediates.noindex/RxSwift.build/Debug-iphonesimulator/RxSwift.build/ssu --bundle-id dev.tuist.RxSwift --product-path /Users/darisadam/Library/Developer/Xcode/DerivedData/Madabank-hkohthnbjtgnoechirsoymtykttx/Build/Products/Debug-iphonesimulator/RxSwift.framework --extracted-metadata-path /Users/darisadam/Library/Developer/Xcode/DerivedData/Madabank-hkohthnbjtgnoechirsoymtykttx/Build/Products/Debug-iphonesimulator/RxSwift.framework/Metadata.appintents --metadata-file-list /Users/darisadam/Library/Developer/Xcode/DerivedData/Madabank-hkohthnbjtgnoechirsoymtykttx/Build/Intermediates.noindex/RxSwift.build/Debug-iphonesimulator/RxSwift.build/RxSwift.DependencyMetadataFileList --archive-ssu-assets
2026-02-04 20:00:21.861 appintentsnltrainingprocessor[9357:2533758] Parsing options for appintentsnltrainingprocessor
2026-02-04 20:00:21.862 appintentsnltrainingprocessor[9357:2533758] No AppShortcuts found - Skipping.

SwiftDriverJobDiscovery normal arm64 Compiling GetAccountsUseCase.swift, GetCardsUseCase.swift, GetProfileUseCase.swift (in target 'Domain' from project 'Domain')

SwiftCompile normal arm64 Compiling\ GetRecentTransactionsUseCase.swift,\ GetTransactionDetailsUseCase.swift,\ GetTransactionsUseCase.swift /Users/darisadam/Documents/Projects/iOS\ Apps/madabank-ios/Madabank/Modules/Shared/Domain/Sources/UseCases/GetRecentTransactionsUseCase.swift /Users/darisadam/Documents/Projects/iOS\ Apps/madabank-ios/Madabank/Modules/Shared/Domain/Sources/UseCases/GetTransactionDetailsUseCase.swift /Users/darisadam/Documents/Projects/iOS\ Apps/madabank-ios/Madabank/Modules/Shared/Domain/Sources/UseCases/GetTransactionsUseCase.swift (in target 'Domain' from project 'Domain')

SwiftCompile normal arm64 /Users/darisadam/Documents/Projects/iOS\ Apps/madabank-ios/Madabank/Modules/Shared/Domain/Sources/UseCases/GetRecentTransactionsUseCase.swift (in target 'Domain' from project 'Domain')
    cd /Users/darisadam/Documents/Projects/iOS\ Apps/madabank-ios/Madabank/Modules/Shared/Domain
    

SwiftCompile normal arm64 /Users/darisadam/Documents/Projects/iOS\ Apps/madabank-ios/Madabank/Modules/Shared/Domain/Sources/UseCases/GetTransactionDetailsUseCase.swift (in target 'Domain' from project 'Domain')
    cd /Users/darisadam/Documents/Projects/iOS\ Apps/madabank-ios/Madabank/Modules/Shared/Domain
    

SwiftCompile normal arm64 /Users/darisadam/Documents/Projects/iOS\ Apps/madabank-ios/Madabank/Modules/Shared/Domain/Sources/UseCases/GetTransactionsUseCase.swift (in target 'Domain' from project 'Domain')
    cd /Users/darisadam/Documents/Projects/iOS\ Apps/madabank-ios/Madabank/Modules/Shared/Domain
    

SwiftCompile normal arm64 Compiling\ GetUserProfileUseCase.swift,\ LoginUseCase.swift,\ ManageCardUseCase.swift /Users/darisadam/Documents/Projects/iOS\ Apps/madabank-ios/Madabank/Modules/Shared/Domain/Sources/UseCases/GetUserProfileUseCase.swift /Users/darisadam/Documents/Projects/iOS\ Apps/madabank-ios/Madabank/Modules/Shared/Domain/Sources/UseCases/LoginUseCase.swift /Users/darisadam/Documents/Projects/iOS\ Apps/madabank-ios/Madabank/Modules/Shared/Domain/Sources/UseCases/ManageCardUseCase.swift (in target 'Domain' from project 'Domain')

SwiftCompile normal arm64 /Users/darisadam/Documents/Projects/iOS\ Apps/madabank-ios/Madabank/Modules/Shared/Domain/Sources/UseCases/GetUserProfileUseCase.swift (in target 'Domain' from project 'Domain')
    cd /Users/darisadam/Documents/Projects/iOS\ Apps/madabank-ios/Madabank/Modules/Shared/Domain
    

SwiftCompile normal arm64 /Users/darisadam/Documents/Projects/iOS\ Apps/madabank-ios/Madabank/Modules/Shared/Domain/Sources/UseCases/LoginUseCase.swift (in target 'Domain' from project 'Domain')
    cd /Users/darisadam/Documents/Projects/iOS\ Apps/madabank-ios/Madabank/Modules/Shared/Domain
    

SwiftCompile normal arm64 /Users/darisadam/Documents/Projects/iOS\ Apps/madabank-ios/Madabank/Modules/Shared/Domain/Sources/UseCases/ManageCardUseCase.swift (in target 'Domain' from project 'Domain')
    cd /Users/darisadam/Documents/Projects/iOS\ Apps/madabank-ios/Madabank/Modules/Shared/Domain
    

SwiftDriverJobDiscovery normal arm64 Compiling User.swift, AccountRepositoryProtocol.swift, AuthRepositoryProtocol.swift, CardRepositoryProtocol.swift (in target 'Domain' from project 'Domain')

SwiftCompile normal arm64 Compiling\ RegisterUseCase.swift,\ TransferMoneyUseCase.swift,\ UpdateProfileUseCase.swift /Users/darisadam/Documents/Projects/iOS\ Apps/madabank-ios/Madabank/Modules/Shared/Domain/Sources/UseCases/RegisterUseCase.swift /Users/darisadam/Documents/Projects/iOS\ Apps/madabank-ios/Madabank/Modules/Shared/Domain/Sources/UseCases/TransferMoneyUseCase.swift /Users/darisadam/Documents/Projects/iOS\ Apps/madabank-ios/Madabank/Modules/Shared/Domain/Sources/UseCases/UpdateProfileUseCase.swift (in target 'Domain' from project 'Domain')

SwiftCompile normal arm64 /Users/darisadam/Documents/Projects/iOS\ Apps/madabank-ios/Madabank/Modules/Shared/Domain/Sources/UseCases/RegisterUseCase.swift (in target 'Domain' from project 'Domain')
    cd /Users/darisadam/Documents/Projects/iOS\ Apps/madabank-ios/Madabank/Modules/Shared/Domain
    

SwiftCompile normal arm64 /Users/darisadam/Documents/Projects/iOS\ Apps/madabank-ios/Madabank/Modules/Shared/Domain/Sources/UseCases/TransferMoneyUseCase.swift (in target 'Domain' from project 'Domain')
    cd /Users/darisadam/Documents/Projects/iOS\ Apps/madabank-ios/Madabank/Modules/Shared/Domain
    

SwiftCompile normal arm64 /Users/darisadam/Documents/Projects/iOS\ Apps/madabank-ios/Madabank/Modules/Shared/Domain/Sources/UseCases/UpdateProfileUseCase.swift (in target 'Domain' from project 'Domain')
    cd /Users/darisadam/Documents/Projects/iOS\ Apps/madabank-ios/Madabank/Modules/Shared/Domain
    

SwiftDriverJobDiscovery normal arm64 Emitting module for Domain (in target 'Domain' from project 'Domain')

SwiftDriver\ Compilation\ Requirements Domain normal arm64 com.apple.xcode.tools.swift.compiler (in target 'Domain' from project 'Domain')
    cd /Users/darisadam/Documents/Projects/iOS\ Apps/madabank-ios/Madabank/Modules/Shared/Domain
    builtin-Swift-Compilation-Requirements -- /Applications/Xcode.app/Contents/Developer/Toolchains/XcodeDefault.xctoolchain/usr/bin/swiftc -module-name Domain -Onone -enforce-exclusivity\=checked @/Users/darisadam/Library/Developer/Xcode/DerivedData/Madabank-hkohthnbjtgnoechirsoymtykttx/Build/Intermediates.noindex/Domain.build/Debug-iphonesimulator/Domain.build/Objects-normal/arm64/Domain.SwiftFileList -DDEBUG -enable-bare-slash-regex -enable-experimental-feature DebugDescriptionMacro -sdk /Applications/Xcode.app/Contents/Developer/Platforms/iPhoneSimulator.platform/Developer/SDKs/iPhoneSimulator26.1.sdk -target arm64-apple-ios15.0-simulator -g -module-cache-path /Users/darisadam/Library/Developer/Xcode/DerivedData/ModuleCache.noindex -Xfrontend -serialize-debugging-options -enable-testing -index-store-path /Users/darisadam/Library/Developer/Xcode/DerivedData/Madabank-hkohthnbjtgnoechirsoymtykttx/Index.noindex/DataStore -Xcc -D_LIBCPP_HARDENING_MODE\=_LIBCPP_HARDENING_MODE_DEBUG -swift-version 5 -I /Users/darisadam/Library/Developer/Xcode/DerivedData/Madabank-hkohthnbjtgnoechirsoymtykttx/Build/Products/Debug-iphonesimulator -F /Users/darisadam/Library/Developer/Xcode/DerivedData/Madabank-hkohthnbjtgnoechirsoymtykttx/Build/Products/Debug-iphonesimulator -c -j8 -enable-batch-mode -incremental -Xcc -ivfsstatcache -Xcc /Users/darisadam/Library/Developer/Xcode/DerivedData/SDKStatCaches.noindex/iphonesimulator26.1-23B77-3885c01c3e6b6a337905948deab2002e90cf18a4295e390e64c810bc6bd7acbc.sdkstatcache -output-file-map /Users/darisadam/Library/Developer/Xcode/DerivedData/Madabank-hkohthnbjtgnoechirsoymtykttx/Build/Intermediates.noindex/Domain.build/Debug-iphonesimulator/Domain.build/Objects-normal/arm64/Domain-OutputFileMap.json -use-frontend-parseable-output -save-temps -no-color-diagnostics -explicit-module-build -module-cache-path /Users/darisadam/Library/Developer/Xcode/DerivedData/Madabank-hkohthnbjtgnoechirsoymtykttx/Build/Intermediates.noindex/SwiftExplicitPrecompiledModules -clang-scanner-module-cache-path /Users/darisadam/Library/Developer/Xcode/DerivedData/ModuleCache.noindex -sdk-module-cache-path /Users/darisadam/Library/Developer/Xcode/DerivedData/ModuleCache.noindex -serialize-diagnostics -emit-dependencies -emit-module -emit-module-path /Users/darisadam/Library/Developer/Xcode/DerivedData/Madabank-hkohthnbjtgnoechirsoymtykttx/Build/Intermediates.noindex/Domain.build/Debug-iphonesimulator/Domain.build/Objects-normal/arm64/Domain.swiftmodule -validate-clang-modules-once -clang-build-session-file /Users/darisadam/Library/Developer/Xcode/DerivedData/ModuleCache.noindex/Session.modulevalidation -Xcc -I/Users/darisadam/Library/Developer/Xcode/DerivedData/Madabank-hkohthnbjtgnoechirsoymtykttx/Build/Intermediates.noindex/Domain.build/Debug-iphonesimulator/Domain.build/swift-overrides.hmap -emit-const-values -Xfrontend -const-gather-protocols-file -Xfrontend /Users/darisadam/Library/Developer/Xcode/DerivedData/Madabank-hkohthnbjtgnoechirsoymtykttx/Build/Intermediates.noindex/Domain.build/Debug-iphonesimulator/Domain.build/Objects-normal/arm64/Domain_const_extract_protocols.json -Xcc -iquote -Xcc /Users/darisadam/Library/Developer/Xcode/DerivedData/Madabank-hkohthnbjtgnoechirsoymtykttx/Build/Intermediates.noindex/Domain.build/Debug-iphonesimulator/Domain.build/Domain-generated-files.hmap -Xcc -I/Users/darisadam/Library/Developer/Xcode/DerivedData/Madabank-hkohthnbjtgnoechirsoymtykttx/Build/Intermediates.noindex/Domain.build/Debug-iphonesimulator/Domain.build/Domain-own-target-headers.hmap -Xcc -I/Users/darisadam/Library/Developer/Xcode/DerivedData/Madabank-hkohthnbjtgnoechirsoymtykttx/Build/Intermediates.noindex/Domain.build/Debug-iphonesimulator/Domain.build/Domain-all-non-framework-target-headers.hmap -Xcc -ivfsoverlay -Xcc /Users/darisadam/Library/Developer/Xcode/DerivedData/Madabank-hkohthnbjtgnoechirsoymtykttx/Build/Intermediates.noindex/Domain.build/Debug-iphonesimulator/Domain-38b95e0e74f454eb1697545f0c9d82bd-VFS-iphonesimulator/all-product-headers.yaml -Xcc -iquote -Xcc /Users/darisadam/Library/Developer/Xcode/DerivedData/Madabank-hkohthnbjtgnoechirsoymtykttx/Build/Intermediates.noindex/Domain.build/Debug-iphonesimulator/Domain.build/Domain-project-headers.hmap -Xcc -I/Users/darisadam/Library/Developer/Xcode/DerivedData/Madabank-hkohthnbjtgnoechirsoymtykttx/Build/Products/Debug-iphonesimulator/include -Xcc -I/Users/darisadam/Library/Developer/Xcode/DerivedData/Madabank-hkohthnbjtgnoechirsoymtykttx/Build/Intermediates.noindex/Domain.build/Debug-iphonesimulator/Domain.build/DerivedSources-normal/arm64 -Xcc -I/Users/darisadam/Library/Developer/Xcode/DerivedData/Madabank-hkohthnbjtgnoechirsoymtykttx/Build/Intermediates.noindex/Domain.build/Debug-iphonesimulator/Domain.build/DerivedSources/arm64 -Xcc -I/Users/darisadam/Library/Developer/Xcode/DerivedData/Madabank-hkohthnbjtgnoechirsoymtykttx/Build/Intermediates.noindex/Domain.build/Debug-iphonesimulator/Domain.build/DerivedSources -Xcc -DDEBUG\=1 -emit-objc-header -emit-objc-header-path /Users/darisadam/Library/Developer/Xcode/DerivedData/Madabank-hkohthnbjtgnoechirsoymtykttx/Build/Intermediates.noindex/Domain.build/Debug-iphonesimulator/Domain.build/Objects-normal/arm64/Domain-Swift.h -working-directory /Users/darisadam/Documents/Projects/iOS\ Apps/madabank-ios/Madabank/Modules/Shared/Domain -experimental-emit-module-separately -disable-cmo

SwiftDriverJobDiscovery normal arm64 Compiling RequestTaskMap.swift, Response.swift, Session.swift, SessionDelegate.swift, URLConvertible+URLRequestConvertible.swift, UploadRequest.swift (in target 'Alamofire' from project 'Alamofire')

SwiftDriverJobDiscovery normal arm64 Compiling CreateAccountUseCase.swift, ForgotPasswordUseCase.swift, GetAccountBalanceUseCase.swift, GetAccountDetailsUseCase.swift (in target 'Domain' from project 'Domain')

SwiftDriver\ Compilation Alamofire normal arm64 com.apple.xcode.tools.swift.compiler (in target 'Alamofire' from project 'Alamofire')
    cd /Users/darisadam/Documents/Projects/iOS\ Apps/madabank-ios/Madabank/Tuist/.build/tuist-derived/Alamofire
    builtin-Swift-Compilation -- /Applications/Xcode.app/Contents/Developer/Toolchains/XcodeDefault.xctoolchain/usr/bin/swiftc -module-name Alamofire -Onone -enforce-exclusivity\=checked @/Users/darisadam/Library/Developer/Xcode/DerivedData/Madabank-hkohthnbjtgnoechirsoymtykttx/Build/Intermediates.noindex/Alamofire.build/Debug-iphonesimulator/Alamofire.build/Objects-normal/arm64/Alamofire.SwiftFileList -DSWIFT_PACKAGE -DDEBUG -package-name Alamofire -enable-upcoming-feature ExistentialAny -enable-bare-slash-regex -enable-experimental-feature DebugDescriptionMacro -sdk /Applications/Xcode.app/Contents/Developer/Platforms/iPhoneSimulator.platform/Developer/SDKs/iPhoneSimulator26.1.sdk -target arm64-apple-ios12.0-simulator -g -module-cache-path /Users/darisadam/Library/Developer/Xcode/DerivedData/ModuleCache.noindex -Xfrontend -serialize-debugging-options -enable-testing -suppress-warnings -index-store-path /Users/darisadam/Library/Developer/Xcode/DerivedData/Madabank-hkohthnbjtgnoechirsoymtykttx/Index.noindex/DataStore -Xcc -D_LIBCPP_HARDENING_MODE\=_LIBCPP_HARDENING_MODE_DEBUG -swift-version 5 -I /Users/darisadam/Library/Developer/Xcode/DerivedData/Madabank-hkohthnbjtgnoechirsoymtykttx/Build/Products/Debug-iphonesimulator -F /Users/darisadam/Library/Developer/Xcode/DerivedData/Madabank-hkohthnbjtgnoechirsoymtykttx/Build/Products/Debug-iphonesimulator -F /Applications/Xcode.app/Contents/Developer/Platforms/iPhoneSimulator.platform/Developer/Library/Frameworks -c -j8 -enable-batch-mode -incremental -Xcc -ivfsstatcache -Xcc /Users/darisadam/Library/Developer/Xcode/DerivedData/SDKStatCaches.noindex/iphonesimulator26.1-23B77-3885c01c3e6b6a337905948deab2002e90cf18a4295e390e64c810bc6bd7acbc.sdkstatcache -output-file-map /Users/darisadam/Library/Developer/Xcode/DerivedData/Madabank-hkohthnbjtgnoechirsoymtykttx/Build/Intermediates.noindex/Alamofire.build/Debug-iphonesimulator/Alamofire.build/Objects-normal/arm64/Alamofire-OutputFileMap.json -use-frontend-parseable-output -save-temps -no-color-diagnostics -explicit-module-build -module-cache-path /Users/darisadam/Library/Developer/Xcode/DerivedData/Madabank-hkohthnbjtgnoechirsoymtykttx/Build/Intermediates.noindex/SwiftExplicitPrecompiledModules -clang-scanner-module-cache-path /Users/darisadam/Library/Developer/Xcode/DerivedData/ModuleCache.noindex -sdk-module-cache-path /Users/darisadam/Library/Developer/Xcode/DerivedData/ModuleCache.noindex -serialize-diagnostics -emit-dependencies -emit-module -emit-module-path /Users/darisadam/Library/Developer/Xcode/DerivedData/Madabank-hkohthnbjtgnoechirsoymtykttx/Build/Intermediates.noindex/Alamofire.build/Debug-iphonesimulator/Alamofire.build/Objects-normal/arm64/Alamofire.swiftmodule -validate-clang-modules-once -clang-build-session-file /Users/darisadam/Library/Developer/Xcode/DerivedData/ModuleCache.noindex/Session.modulevalidation -Xcc -I/Users/darisadam/Library/Developer/Xcode/DerivedData/Madabank-hkohthnbjtgnoechirsoymtykttx/Build/Intermediates.noindex/Alamofire.build/Debug-iphonesimulator/Alamofire.build/swift-overrides.hmap -emit-const-values -Xfrontend -const-gather-protocols-file -Xfrontend /Users/darisadam/Library/Developer/Xcode/DerivedData/Madabank-hkohthnbjtgnoechirsoymtykttx/Build/Intermediates.noindex/Alamofire.build/Debug-iphonesimulator/Alamofire.build/Objects-normal/arm64/Alamofire_const_extract_protocols.json -Xcc -I/Users/darisadam/Library/Developer/Xcode/DerivedData/Madabank-hkohthnbjtgnoechirsoymtykttx/Build/Products/Debug-iphonesimulator/include -Xcc -I/Users/darisadam/Library/Developer/Xcode/DerivedData/Madabank-hkohthnbjtgnoechirsoymtykttx/Build/Intermediates.noindex/Alamofire.build/Debug-iphonesimulator/Alamofire.build/DerivedSources-normal/arm64 -Xcc -I/Users/darisadam/Library/Developer/Xcode/DerivedData/Madabank-hkohthnbjtgnoechirsoymtykttx/Build/Intermediates.noindex/Alamofire.build/Debug-iphonesimulator/Alamofire.build/DerivedSources/arm64 -Xcc -I/Users/darisadam/Library/Developer/Xcode/DerivedData/Madabank-hkohthnbjtgnoechirsoymtykttx/Build/Intermediates.noindex/Alamofire.build/Debug-iphonesimulator/Alamofire.build/DerivedSources -Xcc -DDEBUG\=1 -Xcc -DSWIFT_PACKAGE\=1 -emit-objc-header -emit-objc-header-path /Users/darisadam/Library/Developer/Xcode/DerivedData/Madabank-hkohthnbjtgnoechirsoymtykttx/Build/Intermediates.noindex/Alamofire.build/Debug-iphonesimulator/Alamofire.build/Objects-normal/arm64/Alamofire-Swift.h -working-directory /Users/darisadam/Documents/Projects/iOS\ Apps/madabank-ios/Madabank/Tuist/.build/tuist-derived/Alamofire -experimental-emit-module-separately -disable-cmo

SwiftMergeGeneratedHeaders /Users/darisadam/Library/Developer/Xcode/DerivedData/Madabank-hkohthnbjtgnoechirsoymtykttx/Build/Products/Debug-iphonesimulator/Domain.framework/Headers/Domain-Swift.h /Users/darisadam/Library/Developer/Xcode/DerivedData/Madabank-hkohthnbjtgnoechirsoymtykttx/Build/Intermediates.noindex/Domain.build/Debug-iphonesimulator/Domain.build/Objects-normal/arm64/Domain-Swift.h (in target 'Domain' from project 'Domain')
    cd /Users/darisadam/Documents/Projects/iOS\ Apps/madabank-ios/Madabank/Modules/Shared/Domain
    builtin-swiftHeaderTool -arch arm64 /Users/darisadam/Library/Developer/Xcode/DerivedData/Madabank-hkohthnbjtgnoechirsoymtykttx/Build/Intermediates.noindex/Domain.build/Debug-iphonesimulator/Domain.build/Objects-normal/arm64/Domain-Swift.h -o /Users/darisadam/Library/Developer/Xcode/DerivedData/Madabank-hkohthnbjtgnoechirsoymtykttx/Build/Products/Debug-iphonesimulator/Domain.framework/Headers/Domain-Swift.h

Copy /Users/darisadam/Library/Developer/Xcode/DerivedData/Madabank-hkohthnbjtgnoechirsoymtykttx/Build/Products/Debug-iphonesimulator/Domain.framework/Modules/Domain.swiftmodule/arm64-apple-ios-simulator.swiftdoc /Users/darisadam/Library/Developer/Xcode/DerivedData/Madabank-hkohthnbjtgnoechirsoymtykttx/Build/Intermediates.noindex/Domain.build/Debug-iphonesimulator/Domain.build/Objects-normal/arm64/Domain.swiftdoc (in target 'Domain' from project 'Domain')
    cd /Users/darisadam/Documents/Projects/iOS\ Apps/madabank-ios/Madabank/Modules/Shared/Domain
    builtin-copy -exclude .DS_Store -exclude CVS -exclude .svn -exclude .git -exclude .hg -resolve-src-symlinks -rename /Users/darisadam/Library/Developer/Xcode/DerivedData/Madabank-hkohthnbjtgnoechirsoymtykttx/Build/Intermediates.noindex/Domain.build/Debug-iphonesimulator/Domain.build/Objects-normal/arm64/Domain.swiftdoc /Users/darisadam/Library/Developer/Xcode/DerivedData/Madabank-hkohthnbjtgnoechirsoymtykttx/Build/Products/Debug-iphonesimulator/Domain.framework/Modules/Domain.swiftmodule/arm64-apple-ios-simulator.swiftdoc

Copy /Users/darisadam/Library/Developer/Xcode/DerivedData/Madabank-hkohthnbjtgnoechirsoymtykttx/Build/Products/Debug-iphonesimulator/Domain.framework/Modules/Domain.swiftmodule/arm64-apple-ios-simulator.swiftmodule /Users/darisadam/Library/Developer/Xcode/DerivedData/Madabank-hkohthnbjtgnoechirsoymtykttx/Build/Intermediates.noindex/Domain.build/Debug-iphonesimulator/Domain.build/Objects-normal/arm64/Domain.swiftmodule (in target 'Domain' from project 'Domain')
    cd /Users/darisadam/Documents/Projects/iOS\ Apps/madabank-ios/Madabank/Modules/Shared/Domain
    builtin-copy -exclude .DS_Store -exclude CVS -exclude .svn -exclude .git -exclude .hg -resolve-src-symlinks -rename /Users/darisadam/Library/Developer/Xcode/DerivedData/Madabank-hkohthnbjtgnoechirsoymtykttx/Build/Intermediates.noindex/Domain.build/Debug-iphonesimulator/Domain.build/Objects-normal/arm64/Domain.swiftmodule /Users/darisadam/Library/Developer/Xcode/DerivedData/Madabank-hkohthnbjtgnoechirsoymtykttx/Build/Products/Debug-iphonesimulator/Domain.framework/Modules/Domain.swiftmodule/arm64-apple-ios-simulator.swiftmodule

Copy /Users/darisadam/Library/Developer/Xcode/DerivedData/Madabank-hkohthnbjtgnoechirsoymtykttx/Build/Products/Debug-iphonesimulator/Domain.framework/Modules/Domain.swiftmodule/arm64-apple-ios-simulator.abi.json /Users/darisadam/Library/Developer/Xcode/DerivedData/Madabank-hkohthnbjtgnoechirsoymtykttx/Build/Intermediates.noindex/Domain.build/Debug-iphonesimulator/Domain.build/Objects-normal/arm64/Domain.abi.json (in target 'Domain' from project 'Domain')
    cd /Users/darisadam/Documents/Projects/iOS\ Apps/madabank-ios/Madabank/Modules/Shared/Domain
    builtin-copy -exclude .DS_Store -exclude CVS -exclude .svn -exclude .git -exclude .hg -resolve-src-symlinks -rename /Users/darisadam/Library/Developer/Xcode/DerivedData/Madabank-hkohthnbjtgnoechirsoymtykttx/Build/Intermediates.noindex/Domain.build/Debug-iphonesimulator/Domain.build/Objects-normal/arm64/Domain.abi.json /Users/darisadam/Library/Developer/Xcode/DerivedData/Madabank-hkohthnbjtgnoechirsoymtykttx/Build/Products/Debug-iphonesimulator/Domain.framework/Modules/Domain.swiftmodule/arm64-apple-ios-simulator.abi.json

Copy /Users/darisadam/Library/Developer/Xcode/DerivedData/Madabank-hkohthnbjtgnoechirsoymtykttx/Build/Products/Debug-iphonesimulator/Domain.framework/Modules/Domain.swiftmodule/Project/arm64-apple-ios-simulator.swiftsourceinfo /Users/darisadam/Library/Developer/Xcode/DerivedData/Madabank-hkohthnbjtgnoechirsoymtykttx/Build/Intermediates.noindex/Domain.build/Debug-iphonesimulator/Domain.build/Objects-normal/arm64/Domain.swiftsourceinfo (in target 'Domain' from project 'Domain')
    cd /Users/darisadam/Documents/Projects/iOS\ Apps/madabank-ios/Madabank/Modules/Shared/Domain
    builtin-copy -exclude .DS_Store -exclude CVS -exclude .svn -exclude .git -exclude .hg -resolve-src-symlinks -rename /Users/darisadam/Library/Developer/Xcode/DerivedData/Madabank-hkohthnbjtgnoechirsoymtykttx/Build/Intermediates.noindex/Domain.build/Debug-iphonesimulator/Domain.build/Objects-normal/arm64/Domain.swiftsourceinfo /Users/darisadam/Library/Developer/Xcode/DerivedData/Madabank-hkohthnbjtgnoechirsoymtykttx/Build/Products/Debug-iphonesimulator/Domain.framework/Modules/Domain.swiftmodule/Project/arm64-apple-ios-simulator.swiftsourceinfo

Ld /Users/darisadam/Library/Developer/Xcode/DerivedData/Madabank-hkohthnbjtgnoechirsoymtykttx/Build/Products/Debug-iphonesimulator/Alamofire.framework/Alamofire normal (in target 'Alamofire' from project 'Alamofire')
    cd /Users/darisadam/Documents/Projects/iOS\ Apps/madabank-ios/Madabank/Tuist/.build/tuist-derived/Alamofire
    /Applications/Xcode.app/Contents/Developer/Toolchains/XcodeDefault.xctoolchain/usr/bin/clang -Xlinker -reproducible -target arm64-apple-ios12.0-simulator -dynamiclib -isysroot /Applications/Xcode.app/Contents/Developer/Platforms/iPhoneSimulator.platform/Developer/SDKs/iPhoneSimulator26.1.sdk -O0 -L/Users/darisadam/Library/Developer/Xcode/DerivedData/Madabank-hkohthnbjtgnoechirsoymtykttx/Build/Intermediates.noindex/EagerLinkingTBDs/Debug-iphonesimulator -L/Users/darisadam/Library/Developer/Xcode/DerivedData/Madabank-hkohthnbjtgnoechirsoymtykttx/Build/Products/Debug-iphonesimulator -F/Users/darisadam/Library/Developer/Xcode/DerivedData/Madabank-hkohthnbjtgnoechirsoymtykttx/Build/Intermediates.noindex/EagerLinkingTBDs/Debug-iphonesimulator -F/Users/darisadam/Library/Developer/Xcode/DerivedData/Madabank-hkohthnbjtgnoechirsoymtykttx/Build/Products/Debug-iphonesimulator -F/Applications/Xcode.app/Contents/Developer/Platforms/iPhoneSimulator.platform/Developer/Library/Frameworks -filelist /Users/darisadam/Library/Developer/Xcode/DerivedData/Madabank-hkohthnbjtgnoechirsoymtykttx/Build/Intermediates.noindex/Alamofire.build/Debug-iphonesimulator/Alamofire.build/Objects-normal/arm64/Alamofire.LinkFileList -install_name @rpath/Alamofire.framework/Alamofire -Xlinker -rpath -Xlinker /usr/lib/swift -Xlinker -rpath -Xlinker @executable_path/Frameworks -Xlinker -rpath -Xlinker @loader_path/Frameworks -dead_strip -Xlinker -object_path_lto -Xlinker /Users/darisadam/Library/Developer/Xcode/DerivedData/Madabank-hkohthnbjtgnoechirsoymtykttx/Build/Intermediates.noindex/Alamofire.build/Debug-iphonesimulator/Alamofire.build/Objects-normal/arm64/Alamofire_lto.o -rdynamic -Xlinker -no_deduplicate -Xlinker -objc_abi_version -Xlinker 2 -Xlinker -dependency_info -Xlinker /Users/darisadam/Library/Developer/Xcode/DerivedData/Madabank-hkohthnbjtgnoechirsoymtykttx/Build/Intermediates.noindex/Alamofire.build/Debug-iphonesimulator/Alamofire.build/Objects-normal/arm64/Alamofire_dependency_info.dat -fobjc-link-runtime -L/Applications/Xcode.app/Contents/Developer/Toolchains/XcodeDefault.xctoolchain/usr/lib/swift/iphonesimulator -L/usr/lib/swift -Xlinker -add_ast_path -Xlinker /Users/darisadam/Library/Developer/Xcode/DerivedData/Madabank-hkohthnbjtgnoechirsoymtykttx/Build/Intermediates.noindex/Alamofire.build/Debug-iphonesimulator/Alamofire.build/Objects-normal/arm64/Alamofire.swiftmodule @/Users/darisadam/Library/Developer/Xcode/DerivedData/Madabank-hkohthnbjtgnoechirsoymtykttx/Build/Intermediates.noindex/Alamofire.build/Debug-iphonesimulator/Alamofire.build/Objects-normal/arm64/Alamofire-linker-args.resp -framework CFNetwork -Xlinker -no_adhoc_codesign -compatibility_version 1 -current_version 1 -o /Users/darisadam/Library/Developer/Xcode/DerivedData/Madabank-hkohthnbjtgnoechirsoymtykttx/Build/Products/Debug-iphonesimulator/Alamofire.framework/Alamofire

GenerateTAPI /Users/darisadam/Library/Developer/Xcode/DerivedData/Madabank-hkohthnbjtgnoechirsoymtykttx/Build/Intermediates.noindex/EagerLinkingTBDs/Debug-iphonesimulator/RxSwift.framework/RxSwift.tbd (in target 'RxSwift' from project 'RxSwift')
    cd /Users/darisadam/Documents/Projects/iOS\ Apps/madabank-ios/Madabank/Tuist/.build/tuist-derived/RxSwift
    /Applications/Xcode.app/Contents/Developer/Toolchains/XcodeDefault.xctoolchain/usr/bin/tapi stubify -isysroot /Applications/Xcode.app/Contents/Developer/Platforms/iPhoneSimulator.platform/Developer/SDKs/iPhoneSimulator26.1.sdk -F/Users/darisadam/Library/Developer/Xcode/DerivedData/Madabank-hkohthnbjtgnoechirsoymtykttx/Build/Products/Debug-iphonesimulator -F/Applications/Xcode.app/Contents/Developer/Platforms/iPhoneSimulator.platform/Developer/Library/Frameworks -L/Users/darisadam/Library/Developer/Xcode/DerivedData/Madabank-hkohthnbjtgnoechirsoymtykttx/Build/Products/Debug-iphonesimulator /Users/darisadam/Library/Developer/Xcode/DerivedData/Madabank-hkohthnbjtgnoechirsoymtykttx/Build/Products/Debug-iphonesimulator/RxSwift.framework/RxSwift -o /Users/darisadam/Library/Developer/Xcode/DerivedData/Madabank-hkohthnbjtgnoechirsoymtykttx/Build/Intermediates.noindex/EagerLinkingTBDs/Debug-iphonesimulator/RxSwift.framework/RxSwift.tbd

ScanDependencies /Users/darisadam/Library/Developer/Xcode/DerivedData/Madabank-hkohthnbjtgnoechirsoymtykttx/Build/Intermediates.noindex/Domain.build/Debug-iphonesimulator/Domain.build/Objects-normal/arm64/Domain_vers.o /Users/darisadam/Library/Developer/Xcode/DerivedData/Madabank-hkohthnbjtgnoechirsoymtykttx/Build/Intermediates.noindex/Domain.build/Debug-iphonesimulator/Domain.build/DerivedSources/Domain_vers.c normal arm64 c com.apple.compilers.llvm.clang.1_0.compiler (in target 'Domain' from project 'Domain')
    cd /Users/darisadam/Documents/Projects/iOS\ Apps/madabank-ios/Madabank/Modules/Shared/Domain
    
    Using response file: /Users/darisadam/Library/Developer/Xcode/DerivedData/Madabank-hkohthnbjtgnoechirsoymtykttx/Build/Intermediates.noindex/Domain.build/Debug-iphonesimulator/Domain.build/Objects-normal/arm64/7187679823f38a2a940e0043cdf9d637-common-args.resp
    
    builtin-ScanDependencies -o /Users/darisadam/Library/Developer/Xcode/DerivedData/Madabank-hkohthnbjtgnoechirsoymtykttx/Build/Intermediates.noindex/Domain.build/Debug-iphonesimulator/Domain.build/Objects-normal/arm64/Domain_vers.o.scan -- /Applications/Xcode.app/Contents/Developer/Toolchains/XcodeDefault.xctoolchain/usr/bin/clang -x c -ivfsstatcache /Users/darisadam/Library/Developer/Xcode/DerivedData/SDKStatCaches.noindex/iphonesimulator26.1-23B77-3885c01c3e6b6a337905948deab2002e90cf18a4295e390e64c810bc6bd7acbc.sdkstatcache -fmessage-length\=0 -fdiagnostics-show-note-include-stack -fmacro-backtrace-limit\=0 -fno-color-diagnostics -fmodules-prune-interval\=86400 -fmodules-prune-after\=345600 -fbuild-session-file\=/Users/darisadam/Library/Developer/Xcode/DerivedData/ModuleCache.noindex/Session.modulevalidation -fmodules-validate-once-per-build-session -Wnon-modular-include-in-framework-module -Werror\=non-modular-include-in-framework-module -Wno-trigraphs -Wno-missing-field-initializers -Wno-missing-prototypes -Werror\=return-type -Wdocumentation -Wunreachable-code -Wquoted-include-in-framework-header -Werror\=deprecated-objc-isa-usage -Werror\=objc-root-class -Wno-missing-braces -Wparentheses -Wswitch -Wunused-function -Wno-unused-label -Wno-unused-parameter -Wunused-variable -Wunused-value -Wempty-body -Wuninitialized -Wconditional-uninitialized -Wno-unknown-pragmas -Wno-shadow -Wno-four-char-constants -Wno-conversion -Wconstant-conversion -Wint-conversion -Wbool-conversion -Wenum-conversion -Wno-float-conversion -Wnon-literal-null-conversion -Wobjc-literal-conversion -Wshorten-64-to-32 -Wpointer-sign -Wno-newline-eof -Wno-implicit-fallthrough -fstrict-aliasing -Wdeprecated-declarations -Wno-sign-conversion -Winfinite-recursion -Wcomma -Wblock-capture-autoreleasing -Wstrict-prototypes -Wno-semicolon-before-method-body -Wunguarded-availability -index-store-path /Users/darisadam/Library/Developer/Xcode/DerivedData/Madabank-hkohthnbjtgnoechirsoymtykttx/Index.noindex/DataStore @/Users/darisadam/Library/Developer/Xcode/DerivedData/Madabank-hkohthnbjtgnoechirsoymtykttx/Build/Intermediates.noindex/Domain.build/Debug-iphonesimulator/Domain.build/Objects-normal/arm64/7187679823f38a2a940e0043cdf9d637-common-args.resp -MMD -MT dependencies -MF /Users/darisadam/Library/Developer/Xcode/DerivedData/Madabank-hkohthnbjtgnoechirsoymtykttx/Build/Intermediates.noindex/Domain.build/Debug-iphonesimulator/Domain.build/Objects-normal/arm64/Domain_vers.d --serialize-diagnostics /Users/darisadam/Library/Developer/Xcode/DerivedData/Madabank-hkohthnbjtgnoechirsoymtykttx/Build/Intermediates.noindex/Domain.build/Debug-iphonesimulator/Domain.build/Objects-normal/arm64/Domain_vers.dia -c /Users/darisadam/Library/Developer/Xcode/DerivedData/Madabank-hkohthnbjtgnoechirsoymtykttx/Build/Intermediates.noindex/Domain.build/Debug-iphonesimulator/Domain.build/DerivedSources/Domain_vers.c -o /Users/darisadam/Library/Developer/Xcode/DerivedData/Madabank-hkohthnbjtgnoechirsoymtykttx/Build/Intermediates.noindex/Domain.build/Debug-iphonesimulator/Domain.build/Objects-normal/arm64/Domain_vers.o -index-unit-output-path /Domain.build/Debug-iphonesimulator/Domain.build/Objects-normal/arm64/Domain_vers.o

CompileC /Users/darisadam/Library/Developer/Xcode/DerivedData/Madabank-hkohthnbjtgnoechirsoymtykttx/Build/Intermediates.noindex/Domain.build/Debug-iphonesimulator/Domain.build/Objects-normal/arm64/Domain_vers.o /Users/darisadam/Library/Developer/Xcode/DerivedData/Madabank-hkohthnbjtgnoechirsoymtykttx/Build/Intermediates.noindex/Domain.build/Debug-iphonesimulator/Domain.build/DerivedSources/Domain_vers.c normal arm64 c com.apple.compilers.llvm.clang.1_0.compiler (in target 'Domain' from project 'Domain')
    cd /Users/darisadam/Documents/Projects/iOS\ Apps/madabank-ios/Madabank/Modules/Shared/Domain
    
    Using response file: /Users/darisadam/Library/Developer/Xcode/DerivedData/Madabank-hkohthnbjtgnoechirsoymtykttx/Build/Intermediates.noindex/Domain.build/Debug-iphonesimulator/Domain.build/Objects-normal/arm64/7187679823f38a2a940e0043cdf9d637-common-args.resp
    
    /Applications/Xcode.app/Contents/Developer/Toolchains/XcodeDefault.xctoolchain/usr/bin/clang -x c -ivfsstatcache /Users/darisadam/Library/Developer/Xcode/DerivedData/SDKStatCaches.noindex/iphonesimulator26.1-23B77-3885c01c3e6b6a337905948deab2002e90cf18a4295e390e64c810bc6bd7acbc.sdkstatcache -fmessage-length\=0 -fdiagnostics-show-note-include-stack -fmacro-backtrace-limit\=0 -fno-color-diagnostics -fmodules-prune-interval\=86400 -fmodules-prune-after\=345600 -fbuild-session-file\=/Users/darisadam/Library/Developer/Xcode/DerivedData/ModuleCache.noindex/Session.modulevalidation -fmodules-validate-once-per-build-session -Wnon-modular-include-in-framework-module -Werror\=non-modular-include-in-framework-module -Wno-trigraphs -Wno-missing-field-initializers -Wno-missing-prototypes -Werror\=return-type -Wdocumentation -Wunreachable-code -Wquoted-include-in-framework-header -Werror\=deprecated-objc-isa-usage -Werror\=objc-root-class -Wno-missing-braces -Wparentheses -Wswitch -Wunused-function -Wno-unused-label -Wno-unused-parameter -Wunused-variable -Wunused-value -Wempty-body -Wuninitialized -Wconditional-uninitialized -Wno-unknown-pragmas -Wno-shadow -Wno-four-char-constants -Wno-conversion -Wconstant-conversion -Wint-conversion -Wbool-conversion -Wenum-conversion -Wno-float-conversion -Wnon-literal-null-conversion -Wobjc-literal-conversion -Wshorten-64-to-32 -Wpointer-sign -Wno-newline-eof -Wno-implicit-fallthrough -fstrict-aliasing -Wdeprecated-declarations -Wno-sign-conversion -Winfinite-recursion -Wcomma -Wblock-capture-autoreleasing -Wstrict-prototypes -Wno-semicolon-before-method-body -Wunguarded-availability -index-store-path /Users/darisadam/Library/Developer/Xcode/DerivedData/Madabank-hkohthnbjtgnoechirsoymtykttx/Index.noindex/DataStore @/Users/darisadam/Library/Developer/Xcode/DerivedData/Madabank-hkohthnbjtgnoechirsoymtykttx/Build/Intermediates.noindex/Domain.build/Debug-iphonesimulator/Domain.build/Objects-normal/arm64/7187679823f38a2a940e0043cdf9d637-common-args.resp -MMD -MT dependencies -MF /Users/darisadam/Library/Developer/Xcode/DerivedData/Madabank-hkohthnbjtgnoechirsoymtykttx/Build/Intermediates.noindex/Domain.build/Debug-iphonesimulator/Domain.build/Objects-normal/arm64/Domain_vers.d --serialize-diagnostics /Users/darisadam/Library/Developer/Xcode/DerivedData/Madabank-hkohthnbjtgnoechirsoymtykttx/Build/Intermediates.noindex/Domain.build/Debug-iphonesimulator/Domain.build/Objects-normal/arm64/Domain_vers.dia -c /Users/darisadam/Library/Developer/Xcode/DerivedData/Madabank-hkohthnbjtgnoechirsoymtykttx/Build/Intermediates.noindex/Domain.build/Debug-iphonesimulator/Domain.build/DerivedSources/Domain_vers.c -o /Users/darisadam/Library/Developer/Xcode/DerivedData/Madabank-hkohthnbjtgnoechirsoymtykttx/Build/Intermediates.noindex/Domain.build/Debug-iphonesimulator/Domain.build/Objects-normal/arm64/Domain_vers.o -index-unit-output-path /Domain.build/Debug-iphonesimulator/Domain.build/Objects-normal/arm64/Domain_vers.o

CodeSign /Users/darisadam/Library/Developer/Xcode/DerivedData/Madabank-hkohthnbjtgnoechirsoymtykttx/Build/Products/Debug-iphonesimulator/RxSwift.framework (in target 'RxSwift' from project 'RxSwift')
    cd /Users/darisadam/Documents/Projects/iOS\ Apps/madabank-ios/Madabank/Tuist/.build/tuist-derived/RxSwift
    
    Signing Identity:     "Sign to Run Locally"
    
    /usr/bin/codesign --force --sign - --timestamp\=none --generate-entitlement-der /Users/darisadam/Library/Developer/Xcode/DerivedData/Madabank-hkohthnbjtgnoechirsoymtykttx/Build/Products/Debug-iphonesimulator/RxSwift.framework

SwiftDriverJobDiscovery normal arm64 Compiling TransactionModels.swift, UserModels.swift (in target 'Networking' from project 'Networking')

SwiftDriver\ Compilation Networking normal arm64 com.apple.xcode.tools.swift.compiler (in target 'Networking' from project 'Networking')
    cd /Users/darisadam/Documents/Projects/iOS\ Apps/madabank-ios/Madabank/Modules/Shared/Networking
    builtin-Swift-Compilation -- /Applications/Xcode.app/Contents/Developer/Toolchains/XcodeDefault.xctoolchain/usr/bin/swiftc -module-name Networking -Onone -enforce-exclusivity\=checked @/Users/darisadam/Library/Developer/Xcode/DerivedData/Madabank-hkohthnbjtgnoechirsoymtykttx/Build/Intermediates.noindex/Networking.build/Debug-iphonesimulator/Networking.build/Objects-normal/arm64/Networking.SwiftFileList -DDEBUG -enable-bare-slash-regex -enable-experimental-feature DebugDescriptionMacro -sdk /Applications/Xcode.app/Contents/Developer/Platforms/iPhoneSimulator.platform/Developer/SDKs/iPhoneSimulator26.1.sdk -target arm64-apple-ios15.0-simulator -g -module-cache-path /Users/darisadam/Library/Developer/Xcode/DerivedData/ModuleCache.noindex -Xfrontend -serialize-debugging-options -enable-testing -index-store-path /Users/darisadam/Library/Developer/Xcode/DerivedData/Madabank-hkohthnbjtgnoechirsoymtykttx/Index.noindex/DataStore -Xcc -D_LIBCPP_HARDENING_MODE\=_LIBCPP_HARDENING_MODE_DEBUG -swift-version 5 -I /Users/darisadam/Library/Developer/Xcode/DerivedData/Madabank-hkohthnbjtgnoechirsoymtykttx/Build/Products/Debug-iphonesimulator -F /Users/darisadam/Library/Developer/Xcode/DerivedData/Madabank-hkohthnbjtgnoechirsoymtykttx/Build/Products/Debug-iphonesimulator -c -j8 -enable-batch-mode -incremental -Xcc -ivfsstatcache -Xcc /Users/darisadam/Library/Developer/Xcode/DerivedData/SDKStatCaches.noindex/iphonesimulator26.1-23B77-3885c01c3e6b6a337905948deab2002e90cf18a4295e390e64c810bc6bd7acbc.sdkstatcache -output-file-map /Users/darisadam/Library/Developer/Xcode/DerivedData/Madabank-hkohthnbjtgnoechirsoymtykttx/Build/Intermediates.noindex/Networking.build/Debug-iphonesimulator/Networking.build/Objects-normal/arm64/Networking-OutputFileMap.json -use-frontend-parseable-output -save-temps -no-color-diagnostics -explicit-module-build -module-cache-path /Users/darisadam/Library/Developer/Xcode/DerivedData/Madabank-hkohthnbjtgnoechirsoymtykttx/Build/Intermediates.noindex/SwiftExplicitPrecompiledModules -clang-scanner-module-cache-path /Users/darisadam/Library/Developer/Xcode/DerivedData/ModuleCache.noindex -sdk-module-cache-path /Users/darisadam/Library/Developer/Xcode/DerivedData/ModuleCache.noindex -serialize-diagnostics -emit-dependencies -emit-module -emit-module-path /Users/darisadam/Library/Developer/Xcode/DerivedData/Madabank-hkohthnbjtgnoechirsoymtykttx/Build/Intermediates.noindex/Networking.build/Debug-iphonesimulator/Networking.build/Objects-normal/arm64/Networking.swiftmodule -validate-clang-modules-once -clang-build-session-file /Users/darisadam/Library/Developer/Xcode/DerivedData/ModuleCache.noindex/Session.modulevalidation -Xcc -I/Users/darisadam/Library/Developer/Xcode/DerivedData/Madabank-hkohthnbjtgnoechirsoymtykttx/Build/Intermediates.noindex/Networking.build/Debug-iphonesimulator/Networking.build/swift-overrides.hmap -emit-const-values -Xfrontend -const-gather-protocols-file -Xfrontend /Users/darisadam/Library/Developer/Xcode/DerivedData/Madabank-hkohthnbjtgnoechirsoymtykttx/Build/Intermediates.noindex/Networking.build/Debug-iphonesimulator/Networking.build/Objects-normal/arm64/Networking_const_extract_protocols.json -Xcc -iquote -Xcc /Users/darisadam/Library/Developer/Xcode/DerivedData/Madabank-hkohthnbjtgnoechirsoymtykttx/Build/Intermediates.noindex/Networking.build/Debug-iphonesimulator/Networking.build/Networking-generated-files.hmap -Xcc -I/Users/darisadam/Library/Developer/Xcode/DerivedData/Madabank-hkohthnbjtgnoechirsoymtykttx/Build/Intermediates.noindex/Networking.build/Debug-iphonesimulator/Networking.build/Networking-own-target-headers.hmap -Xcc -I/Users/darisadam/Library/Developer/Xcode/DerivedData/Madabank-hkohthnbjtgnoechirsoymtykttx/Build/Intermediates.noindex/Networking.build/Debug-iphonesimulator/Networking.build/Networking-all-non-framework-target-headers.hmap -Xcc -ivfsoverlay -Xcc /Users/darisadam/Library/Developer/Xcode/DerivedData/Madabank-hkohthnbjtgnoechirsoymtykttx/Build/Intermediates.noindex/Networking.build/Debug-iphonesimulator/Networking-a24779b3f5236e694180f2099028ea2b-VFS-iphonesimulator/all-product-headers.yaml -Xcc -iquote -Xcc /Users/darisadam/Library/Developer/Xcode/DerivedData/Madabank-hkohthnbjtgnoechirsoymtykttx/Build/Intermediates.noindex/Networking.build/Debug-iphonesimulator/Networking.build/Networking-project-headers.hmap -Xcc -I/Users/darisadam/Library/Developer/Xcode/DerivedData/Madabank-hkohthnbjtgnoechirsoymtykttx/Build/Products/Debug-iphonesimulator/include -Xcc -I/Users/darisadam/Library/Developer/Xcode/DerivedData/Madabank-hkohthnbjtgnoechirsoymtykttx/Build/Intermediates.noindex/Networking.build/Debug-iphonesimulator/Networking.build/DerivedSources-normal/arm64 -Xcc -I/Users/darisadam/Library/Developer/Xcode/DerivedData/Madabank-hkohthnbjtgnoechirsoymtykttx/Build/Intermediates.noindex/Networking.build/Debug-iphonesimulator/Networking.build/DerivedSources/arm64 -Xcc -I/Users/darisadam/Library/Developer/Xcode/DerivedData/Madabank-hkohthnbjtgnoechirsoymtykttx/Build/Intermediates.noindex/Networking.build/Debug-iphonesimulator/Networking.build/DerivedSources -Xcc -DDEBUG\=1 -emit-objc-header -emit-objc-header-path /Users/darisadam/Library/Developer/Xcode/DerivedData/Madabank-hkohthnbjtgnoechirsoymtykttx/Build/Intermediates.noindex/Networking.build/Debug-iphonesimulator/Networking.build/Objects-normal/arm64/Networking-Swift.h -working-directory /Users/darisadam/Documents/Projects/iOS\ Apps/madabank-ios/Madabank/Modules/Shared/Networking -experimental-emit-module-separately -disable-cmo

RegisterExecutionPolicyException /Users/darisadam/Library/Developer/Xcode/DerivedData/Madabank-hkohthnbjtgnoechirsoymtykttx/Build/Products/Debug-iphonesimulator/RxSwift.framework (in target 'RxSwift' from project 'RxSwift')
    cd /Users/darisadam/Documents/Projects/iOS\ Apps/madabank-ios/Madabank/Tuist/.build/tuist-derived/RxSwift
    builtin-RegisterExecutionPolicyException /Users/darisadam/Library/Developer/Xcode/DerivedData/Madabank-hkohthnbjtgnoechirsoymtykttx/Build/Products/Debug-iphonesimulator/RxSwift.framework

SwiftDriverJobDiscovery normal arm64 Compiling TransactionRepositoryProtocol.swift, UserRepositoryProtocol.swift, ChangePasswordUseCase.swift, CheckSystemStatusUseCase.swift (in target 'Domain' from project 'Domain')

Touch /Users/darisadam/Library/Developer/Xcode/DerivedData/Madabank-hkohthnbjtgnoechirsoymtykttx/Build/Products/Debug-iphonesimulator/RxSwift.framework (in target 'RxSwift' from project 'RxSwift')
    cd /Users/darisadam/Documents/Projects/iOS\ Apps/madabank-ios/Madabank/Tuist/.build/tuist-derived/RxSwift
    /usr/bin/touch -c /Users/darisadam/Library/Developer/Xcode/DerivedData/Madabank-hkohthnbjtgnoechirsoymtykttx/Build/Products/Debug-iphonesimulator/RxSwift.framework

SwiftDriverJobDiscovery normal arm64 Compiling GetRecentTransactionsUseCase.swift, GetTransactionDetailsUseCase.swift, GetTransactionsUseCase.swift (in target 'Domain' from project 'Domain')

SwiftDriverJobDiscovery normal arm64 Compiling GetUserProfileUseCase.swift, LoginUseCase.swift, ManageCardUseCase.swift (in target 'Domain' from project 'Domain')

SwiftDriverJobDiscovery normal arm64 Compiling RegisterUseCase.swift, TransferMoneyUseCase.swift, UpdateProfileUseCase.swift (in target 'Domain' from project 'Domain')

ExtractAppIntentsMetadata (in target 'Alamofire' from project 'Alamofire')
    cd /Users/darisadam/Documents/Projects/iOS\ Apps/madabank-ios/Madabank/Tuist/.build/tuist-derived/Alamofire
    /Applications/Xcode.app/Contents/Developer/Toolchains/XcodeDefault.xctoolchain/usr/bin/appintentsmetadataprocessor --toolchain-dir /var/run/com.apple.security.cryptexd/mnt/com.apple.MobileAsset.MetalToolchain-v17.2.54.0.wH8bUi/Metal.xctoolchain --module-name Alamofire --sdk-root /Applications/Xcode.app/Contents/Developer/Platforms/iPhoneSimulator.platform/Developer/SDKs/iPhoneSimulator26.1.sdk --xcode-version 17B100 --platform-family iOS --deployment-target 12.0 --bundle-identifier dev.tuist.Alamofire --output /Users/darisadam/Library/Developer/Xcode/DerivedData/Madabank-hkohthnbjtgnoechirsoymtykttx/Build/Products/Debug-iphonesimulator/Alamofire.framework --target-triple arm64-apple-ios12.0-simulator --binary-file /Users/darisadam/Library/Developer/Xcode/DerivedData/Madabank-hkohthnbjtgnoechirsoymtykttx/Build/Products/Debug-iphonesimulator/Alamofire.framework/Alamofire --dependency-file /Users/darisadam/Library/Developer/Xcode/DerivedData/Madabank-hkohthnbjtgnoechirsoymtykttx/Build/Intermediates.noindex/Alamofire.build/Debug-iphonesimulator/Alamofire.build/Objects-normal/arm64/Alamofire_dependency_info.dat --stringsdata-file /Users/darisadam/Library/Developer/Xcode/DerivedData/Madabank-hkohthnbjtgnoechirsoymtykttx/Build/Intermediates.noindex/Alamofire.build/Debug-iphonesimulator/Alamofire.build/Objects-normal/arm64/ExtractedAppShortcutsMetadata.stringsdata --source-file-list /Users/darisadam/Library/Developer/Xcode/DerivedData/Madabank-hkohthnbjtgnoechirsoymtykttx/Build/Intermediates.noindex/Alamofire.build/Debug-iphonesimulator/Alamofire.build/Objects-normal/arm64/Alamofire.SwiftFileList --metadata-file-list /Users/darisadam/Library/Developer/Xcode/DerivedData/Madabank-hkohthnbjtgnoechirsoymtykttx/Build/Intermediates.noindex/Alamofire.build/Debug-iphonesimulator/Alamofire.build/Alamofire.DependencyMetadataFileList --static-metadata-file-list /Users/darisadam/Library/Developer/Xcode/DerivedData/Madabank-hkohthnbjtgnoechirsoymtykttx/Build/Intermediates.noindex/Alamofire.build/Debug-iphonesimulator/Alamofire.build/Alamofire.DependencyStaticMetadataFileList --swift-const-vals-list /Users/darisadam/Library/Developer/Xcode/DerivedData/Madabank-hkohthnbjtgnoechirsoymtykttx/Build/Intermediates.noindex/Alamofire.build/Debug-iphonesimulator/Alamofire.build/Objects-normal/arm64/Alamofire.SwiftConstValuesFileList --compile-time-extraction --deployment-aware-processing --validate-assistant-intents --no-app-shortcuts-localization
2026-02-04 20:00:22.141 appintentsmetadataprocessor[9367:2533813] Starting appintentsmetadataprocessor export
2026-02-04 20:00:22.142 appintentsmetadataprocessor[9367:2533813] warning: Metadata extraction skipped. No AppIntents.framework dependency found.

AppIntentsSSUTraining (in target 'Alamofire' from project 'Alamofire')
    cd /Users/darisadam/Documents/Projects/iOS\ Apps/madabank-ios/Madabank/Tuist/.build/tuist-derived/Alamofire
    /Applications/Xcode.app/Contents/Developer/Toolchains/XcodeDefault.xctoolchain/usr/bin/appintentsnltrainingprocessor --infoplist-path /Users/darisadam/Library/Developer/Xcode/DerivedData/Madabank-hkohthnbjtgnoechirsoymtykttx/Build/Products/Debug-iphonesimulator/Alamofire.framework/Info.plist --temp-dir-path /Users/darisadam/Library/Developer/Xcode/DerivedData/Madabank-hkohthnbjtgnoechirsoymtykttx/Build/Intermediates.noindex/Alamofire.build/Debug-iphonesimulator/Alamofire.build/ssu --bundle-id dev.tuist.Alamofire --product-path /Users/darisadam/Library/Developer/Xcode/DerivedData/Madabank-hkohthnbjtgnoechirsoymtykttx/Build/Products/Debug-iphonesimulator/Alamofire.framework --extracted-metadata-path /Users/darisadam/Library/Developer/Xcode/DerivedData/Madabank-hkohthnbjtgnoechirsoymtykttx/Build/Products/Debug-iphonesimulator/Alamofire.framework/Metadata.appintents --metadata-file-list /Users/darisadam/Library/Developer/Xcode/DerivedData/Madabank-hkohthnbjtgnoechirsoymtykttx/Build/Intermediates.noindex/Alamofire.build/Debug-iphonesimulator/Alamofire.build/Alamofire.DependencyMetadataFileList --archive-ssu-assets
2026-02-04 20:00:22.157 appintentsnltrainingprocessor[9368:2533814] Parsing options for appintentsnltrainingprocessor
2026-02-04 20:00:22.158 appintentsnltrainingprocessor[9368:2533814] No AppShortcuts found - Skipping.

SwiftDriverJobDiscovery normal arm64 Compiling Domain.swift, Account.swift, Card.swift, Transaction.swift (in target 'Domain' from project 'Domain')

SwiftDriver\ Compilation Domain normal arm64 com.apple.xcode.tools.swift.compiler (in target 'Domain' from project 'Domain')
    cd /Users/darisadam/Documents/Projects/iOS\ Apps/madabank-ios/Madabank/Modules/Shared/Domain
    builtin-Swift-Compilation -- /Applications/Xcode.app/Contents/Developer/Toolchains/XcodeDefault.xctoolchain/usr/bin/swiftc -module-name Domain -Onone -enforce-exclusivity\=checked @/Users/darisadam/Library/Developer/Xcode/DerivedData/Madabank-hkohthnbjtgnoechirsoymtykttx/Build/Intermediates.noindex/Domain.build/Debug-iphonesimulator/Domain.build/Objects-normal/arm64/Domain.SwiftFileList -DDEBUG -enable-bare-slash-regex -enable-experimental-feature DebugDescriptionMacro -sdk /Applications/Xcode.app/Contents/Developer/Platforms/iPhoneSimulator.platform/Developer/SDKs/iPhoneSimulator26.1.sdk -target arm64-apple-ios15.0-simulator -g -module-cache-path /Users/darisadam/Library/Developer/Xcode/DerivedData/ModuleCache.noindex -Xfrontend -serialize-debugging-options -enable-testing -index-store-path /Users/darisadam/Library/Developer/Xcode/DerivedData/Madabank-hkohthnbjtgnoechirsoymtykttx/Index.noindex/DataStore -Xcc -D_LIBCPP_HARDENING_MODE\=_LIBCPP_HARDENING_MODE_DEBUG -swift-version 5 -I /Users/darisadam/Library/Developer/Xcode/DerivedData/Madabank-hkohthnbjtgnoechirsoymtykttx/Build/Products/Debug-iphonesimulator -F /Users/darisadam/Library/Developer/Xcode/DerivedData/Madabank-hkohthnbjtgnoechirsoymtykttx/Build/Products/Debug-iphonesimulator -c -j8 -enable-batch-mode -incremental -Xcc -ivfsstatcache -Xcc /Users/darisadam/Library/Developer/Xcode/DerivedData/SDKStatCaches.noindex/iphonesimulator26.1-23B77-3885c01c3e6b6a337905948deab2002e90cf18a4295e390e64c810bc6bd7acbc.sdkstatcache -output-file-map /Users/darisadam/Library/Developer/Xcode/DerivedData/Madabank-hkohthnbjtgnoechirsoymtykttx/Build/Intermediates.noindex/Domain.build/Debug-iphonesimulator/Domain.build/Objects-normal/arm64/Domain-OutputFileMap.json -use-frontend-parseable-output -save-temps -no-color-diagnostics -explicit-module-build -module-cache-path /Users/darisadam/Library/Developer/Xcode/DerivedData/Madabank-hkohthnbjtgnoechirsoymtykttx/Build/Intermediates.noindex/SwiftExplicitPrecompiledModules -clang-scanner-module-cache-path /Users/darisadam/Library/Developer/Xcode/DerivedData/ModuleCache.noindex -sdk-module-cache-path /Users/darisadam/Library/Developer/Xcode/DerivedData/ModuleCache.noindex -serialize-diagnostics -emit-dependencies -emit-module -emit-module-path /Users/darisadam/Library/Developer/Xcode/DerivedData/Madabank-hkohthnbjtgnoechirsoymtykttx/Build/Intermediates.noindex/Domain.build/Debug-iphonesimulator/Domain.build/Objects-normal/arm64/Domain.swiftmodule -validate-clang-modules-once -clang-build-session-file /Users/darisadam/Library/Developer/Xcode/DerivedData/ModuleCache.noindex/Session.modulevalidation -Xcc -I/Users/darisadam/Library/Developer/Xcode/DerivedData/Madabank-hkohthnbjtgnoechirsoymtykttx/Build/Intermediates.noindex/Domain.build/Debug-iphonesimulator/Domain.build/swift-overrides.hmap -emit-const-values -Xfrontend -const-gather-protocols-file -Xfrontend /Users/darisadam/Library/Developer/Xcode/DerivedData/Madabank-hkohthnbjtgnoechirsoymtykttx/Build/Intermediates.noindex/Domain.build/Debug-iphonesimulator/Domain.build/Objects-normal/arm64/Domain_const_extract_protocols.json -Xcc -iquote -Xcc /Users/darisadam/Library/Developer/Xcode/DerivedData/Madabank-hkohthnbjtgnoechirsoymtykttx/Build/Intermediates.noindex/Domain.build/Debug-iphonesimulator/Domain.build/Domain-generated-files.hmap -Xcc -I/Users/darisadam/Library/Developer/Xcode/DerivedData/Madabank-hkohthnbjtgnoechirsoymtykttx/Build/Intermediates.noindex/Domain.build/Debug-iphonesimulator/Domain.build/Domain-own-target-headers.hmap -Xcc -I/Users/darisadam/Library/Developer/Xcode/DerivedData/Madabank-hkohthnbjtgnoechirsoymtykttx/Build/Intermediates.noindex/Domain.build/Debug-iphonesimulator/Domain.build/Domain-all-non-framework-target-headers.hmap -Xcc -ivfsoverlay -Xcc /Users/darisadam/Library/Developer/Xcode/DerivedData/Madabank-hkohthnbjtgnoechirsoymtykttx/Build/Intermediates.noindex/Domain.build/Debug-iphonesimulator/Domain-38b95e0e74f454eb1697545f0c9d82bd-VFS-iphonesimulator/all-product-headers.yaml -Xcc -iquote -Xcc /Users/darisadam/Library/Developer/Xcode/DerivedData/Madabank-hkohthnbjtgnoechirsoymtykttx/Build/Intermediates.noindex/Domain.build/Debug-iphonesimulator/Domain.build/Domain-project-headers.hmap -Xcc -I/Users/darisadam/Library/Developer/Xcode/DerivedData/Madabank-hkohthnbjtgnoechirsoymtykttx/Build/Products/Debug-iphonesimulator/include -Xcc -I/Users/darisadam/Library/Developer/Xcode/DerivedData/Madabank-hkohthnbjtgnoechirsoymtykttx/Build/Intermediates.noindex/Domain.build/Debug-iphonesimulator/Domain.build/DerivedSources-normal/arm64 -Xcc -I/Users/darisadam/Library/Developer/Xcode/DerivedData/Madabank-hkohthnbjtgnoechirsoymtykttx/Build/Intermediates.noindex/Domain.build/Debug-iphonesimulator/Domain.build/DerivedSources/arm64 -Xcc -I/Users/darisadam/Library/Developer/Xcode/DerivedData/Madabank-hkohthnbjtgnoechirsoymtykttx/Build/Intermediates.noindex/Domain.build/Debug-iphonesimulator/Domain.build/DerivedSources -Xcc -DDEBUG\=1 -emit-objc-header -emit-objc-header-path /Users/darisadam/Library/Developer/Xcode/DerivedData/Madabank-hkohthnbjtgnoechirsoymtykttx/Build/Intermediates.noindex/Domain.build/Debug-iphonesimulator/Domain.build/Objects-normal/arm64/Domain-Swift.h -working-directory /Users/darisadam/Documents/Projects/iOS\ Apps/madabank-ios/Madabank/Modules/Shared/Domain -experimental-emit-module-separately -disable-cmo

GenerateTAPI /Users/darisadam/Library/Developer/Xcode/DerivedData/Madabank-hkohthnbjtgnoechirsoymtykttx/Build/Intermediates.noindex/EagerLinkingTBDs/Debug-iphonesimulator/Alamofire.framework/Alamofire.tbd (in target 'Alamofire' from project 'Alamofire')
    cd /Users/darisadam/Documents/Projects/iOS\ Apps/madabank-ios/Madabank/Tuist/.build/tuist-derived/Alamofire
    /Applications/Xcode.app/Contents/Developer/Toolchains/XcodeDefault.xctoolchain/usr/bin/tapi stubify -isysroot /Applications/Xcode.app/Contents/Developer/Platforms/iPhoneSimulator.platform/Developer/SDKs/iPhoneSimulator26.1.sdk -F/Users/darisadam/Library/Developer/Xcode/DerivedData/Madabank-hkohthnbjtgnoechirsoymtykttx/Build/Products/Debug-iphonesimulator -F/Applications/Xcode.app/Contents/Developer/Platforms/iPhoneSimulator.platform/Developer/Library/Frameworks -L/Users/darisadam/Library/Developer/Xcode/DerivedData/Madabank-hkohthnbjtgnoechirsoymtykttx/Build/Products/Debug-iphonesimulator /Users/darisadam/Library/Developer/Xcode/DerivedData/Madabank-hkohthnbjtgnoechirsoymtykttx/Build/Products/Debug-iphonesimulator/Alamofire.framework/Alamofire -o /Users/darisadam/Library/Developer/Xcode/DerivedData/Madabank-hkohthnbjtgnoechirsoymtykttx/Build/Intermediates.noindex/EagerLinkingTBDs/Debug-iphonesimulator/Alamofire.framework/Alamofire.tbd

CodeSign /Users/darisadam/Library/Developer/Xcode/DerivedData/Madabank-hkohthnbjtgnoechirsoymtykttx/Build/Products/Debug-iphonesimulator/Alamofire.framework (in target 'Alamofire' from project 'Alamofire')
    cd /Users/darisadam/Documents/Projects/iOS\ Apps/madabank-ios/Madabank/Tuist/.build/tuist-derived/Alamofire
    
    Signing Identity:     "Sign to Run Locally"
    
    /usr/bin/codesign --force --sign - --timestamp\=none --generate-entitlement-der /Users/darisadam/Library/Developer/Xcode/DerivedData/Madabank-hkohthnbjtgnoechirsoymtykttx/Build/Products/Debug-iphonesimulator/Alamofire.framework

RegisterExecutionPolicyException /Users/darisadam/Library/Developer/Xcode/DerivedData/Madabank-hkohthnbjtgnoechirsoymtykttx/Build/Products/Debug-iphonesimulator/Alamofire.framework (in target 'Alamofire' from project 'Alamofire')
    cd /Users/darisadam/Documents/Projects/iOS\ Apps/madabank-ios/Madabank/Tuist/.build/tuist-derived/Alamofire
    builtin-RegisterExecutionPolicyException /Users/darisadam/Library/Developer/Xcode/DerivedData/Madabank-hkohthnbjtgnoechirsoymtykttx/Build/Products/Debug-iphonesimulator/Alamofire.framework

Touch /Users/darisadam/Library/Developer/Xcode/DerivedData/Madabank-hkohthnbjtgnoechirsoymtykttx/Build/Products/Debug-iphonesimulator/Alamofire.framework (in target 'Alamofire' from project 'Alamofire')
    cd /Users/darisadam/Documents/Projects/iOS\ Apps/madabank-ios/Madabank/Tuist/.build/tuist-derived/Alamofire
    /usr/bin/touch -c /Users/darisadam/Library/Developer/Xcode/DerivedData/Madabank-hkohthnbjtgnoechirsoymtykttx/Build/Products/Debug-iphonesimulator/Alamofire.framework

ProcessInfoPlistFile /Users/darisadam/Library/Developer/Xcode/DerivedData/Madabank-hkohthnbjtgnoechirsoymtykttx/Build/Products/Debug-iphonesimulator/Networking.framework/Info.plist /Users/darisadam/Documents/Projects/iOS\ Apps/madabank-ios/Madabank/Modules/Shared/Networking/Derived/InfoPlists/Networking-Info.plist (in target 'Networking' from project 'Networking')
    cd /Users/darisadam/Documents/Projects/iOS\ Apps/madabank-ios/Madabank/Modules/Shared/Networking
    builtin-infoPlistUtility /Users/darisadam/Documents/Projects/iOS\ Apps/madabank-ios/Madabank/Modules/Shared/Networking/Derived/InfoPlists/Networking-Info.plist -producttype com.apple.product-type.framework -expandbuildsettings -format binary -platform iphonesimulator -o /Users/darisadam/Library/Developer/Xcode/DerivedData/Madabank-hkohthnbjtgnoechirsoymtykttx/Build/Products/Debug-iphonesimulator/Networking.framework/Info.plist

Ld /Users/darisadam/Library/Developer/Xcode/DerivedData/Madabank-hkohthnbjtgnoechirsoymtykttx/Build/Products/Debug-iphonesimulator/Networking.framework/Networking normal (in target 'Networking' from project 'Networking')
    cd /Users/darisadam/Documents/Projects/iOS\ Apps/madabank-ios/Madabank/Modules/Shared/Networking
    /Applications/Xcode.app/Contents/Developer/Toolchains/XcodeDefault.xctoolchain/usr/bin/clang -Xlinker -reproducible -target arm64-apple-ios15.0-simulator -dynamiclib -isysroot /Applications/Xcode.app/Contents/Developer/Platforms/iPhoneSimulator.platform/Developer/SDKs/iPhoneSimulator26.1.sdk -O0 -L/Users/darisadam/Library/Developer/Xcode/DerivedData/Madabank-hkohthnbjtgnoechirsoymtykttx/Build/Intermediates.noindex/EagerLinkingTBDs/Debug-iphonesimulator -L/Users/darisadam/Library/Developer/Xcode/DerivedData/Madabank-hkohthnbjtgnoechirsoymtykttx/Build/Products/Debug-iphonesimulator -F/Users/darisadam/Library/Developer/Xcode/DerivedData/Madabank-hkohthnbjtgnoechirsoymtykttx/Build/Intermediates.noindex/EagerLinkingTBDs/Debug-iphonesimulator -F/Users/darisadam/Library/Developer/Xcode/DerivedData/Madabank-hkohthnbjtgnoechirsoymtykttx/Build/Products/Debug-iphonesimulator -filelist /Users/darisadam/Library/Developer/Xcode/DerivedData/Madabank-hkohthnbjtgnoechirsoymtykttx/Build/Intermediates.noindex/Networking.build/Debug-iphonesimulator/Networking.build/Objects-normal/arm64/Networking.LinkFileList -install_name @rpath/Networking.framework/Networking -Xlinker -rpath -Xlinker /usr/lib/swift -Xlinker -rpath -Xlinker @executable_path/Frameworks -Xlinker -rpath -Xlinker @loader_path/Frameworks -dead_strip -Xlinker -object_path_lto -Xlinker /Users/darisadam/Library/Developer/Xcode/DerivedData/Madabank-hkohthnbjtgnoechirsoymtykttx/Build/Intermediates.noindex/Networking.build/Debug-iphonesimulator/Networking.build/Objects-normal/arm64/Networking_lto.o -rdynamic -Xlinker -no_deduplicate -Xlinker -objc_abi_version -Xlinker 2 -Xlinker -dependency_info -Xlinker /Users/darisadam/Library/Developer/Xcode/DerivedData/Madabank-hkohthnbjtgnoechirsoymtykttx/Build/Intermediates.noindex/Networking.build/Debug-iphonesimulator/Networking.build/Objects-normal/arm64/Networking_dependency_info.dat -fobjc-link-runtime -L/Applications/Xcode.app/Contents/Developer/Toolchains/XcodeDefault.xctoolchain/usr/lib/swift/iphonesimulator -L/usr/lib/swift -Xlinker -add_ast_path -Xlinker /Users/darisadam/Library/Developer/Xcode/DerivedData/Madabank-hkohthnbjtgnoechirsoymtykttx/Build/Intermediates.noindex/Networking.build/Debug-iphonesimulator/Networking.build/Objects-normal/arm64/Networking.swiftmodule @/Users/darisadam/Library/Developer/Xcode/DerivedData/Madabank-hkohthnbjtgnoechirsoymtykttx/Build/Intermediates.noindex/Networking.build/Debug-iphonesimulator/Networking.build/Objects-normal/arm64/Networking-linker-args.resp -framework Alamofire -framework Core -Xlinker -no_adhoc_codesign -compatibility_version 1 -current_version 1 -o /Users/darisadam/Library/Developer/Xcode/DerivedData/Madabank-hkohthnbjtgnoechirsoymtykttx/Build/Products/Debug-iphonesimulator/Networking.framework/Networking

ExtractAppIntentsMetadata (in target 'Networking' from project 'Networking')
    cd /Users/darisadam/Documents/Projects/iOS\ Apps/madabank-ios/Madabank/Modules/Shared/Networking
    /Applications/Xcode.app/Contents/Developer/Toolchains/XcodeDefault.xctoolchain/usr/bin/appintentsmetadataprocessor --toolchain-dir /var/run/com.apple.security.cryptexd/mnt/com.apple.MobileAsset.MetalToolchain-v17.2.54.0.wH8bUi/Metal.xctoolchain --module-name Networking --sdk-root /Applications/Xcode.app/Contents/Developer/Platforms/iPhoneSimulator.platform/Developer/SDKs/iPhoneSimulator26.1.sdk --xcode-version 17B100 --platform-family iOS --deployment-target 15.0 --bundle-identifier online.darisadam.networking --output /Users/darisadam/Library/Developer/Xcode/DerivedData/Madabank-hkohthnbjtgnoechirsoymtykttx/Build/Products/Debug-iphonesimulator/Networking.framework --target-triple arm64-apple-ios15.0-simulator --binary-file /Users/darisadam/Library/Developer/Xcode/DerivedData/Madabank-hkohthnbjtgnoechirsoymtykttx/Build/Products/Debug-iphonesimulator/Networking.framework/Networking --dependency-file /Users/darisadam/Library/Developer/Xcode/DerivedData/Madabank-hkohthnbjtgnoechirsoymtykttx/Build/Intermediates.noindex/Networking.build/Debug-iphonesimulator/Networking.build/Objects-normal/arm64/Networking_dependency_info.dat --stringsdata-file /Users/darisadam/Library/Developer/Xcode/DerivedData/Madabank-hkohthnbjtgnoechirsoymtykttx/Build/Intermediates.noindex/Networking.build/Debug-iphonesimulator/Networking.build/Objects-normal/arm64/ExtractedAppShortcutsMetadata.stringsdata --source-file-list /Users/darisadam/Library/Developer/Xcode/DerivedData/Madabank-hkohthnbjtgnoechirsoymtykttx/Build/Intermediates.noindex/Networking.build/Debug-iphonesimulator/Networking.build/Objects-normal/arm64/Networking.SwiftFileList --metadata-file-list /Users/darisadam/Library/Developer/Xcode/DerivedData/Madabank-hkohthnbjtgnoechirsoymtykttx/Build/Intermediates.noindex/Networking.build/Debug-iphonesimulator/Networking.build/Networking.DependencyMetadataFileList --static-metadata-file-list /Users/darisadam/Library/Developer/Xcode/DerivedData/Madabank-hkohthnbjtgnoechirsoymtykttx/Build/Intermediates.noindex/Networking.build/Debug-iphonesimulator/Networking.build/Networking.DependencyStaticMetadataFileList --swift-const-vals-list /Users/darisadam/Library/Developer/Xcode/DerivedData/Madabank-hkohthnbjtgnoechirsoymtykttx/Build/Intermediates.noindex/Networking.build/Debug-iphonesimulator/Networking.build/Objects-normal/arm64/Networking.SwiftConstValuesFileList --compile-time-extraction --deployment-aware-processing --validate-assistant-intents --no-app-shortcuts-localization
2026-02-04 20:00:22.386 appintentsmetadataprocessor[9375:2533839] Starting appintentsmetadataprocessor export
2026-02-04 20:00:22.387 appintentsmetadataprocessor[9375:2533839] warning: Metadata extraction skipped. No AppIntents.framework dependency found.

AppIntentsSSUTraining (in target 'Networking' from project 'Networking')
    cd /Users/darisadam/Documents/Projects/iOS\ Apps/madabank-ios/Madabank/Modules/Shared/Networking
    /Applications/Xcode.app/Contents/Developer/Toolchains/XcodeDefault.xctoolchain/usr/bin/appintentsnltrainingprocessor --infoplist-path /Users/darisadam/Library/Developer/Xcode/DerivedData/Madabank-hkohthnbjtgnoechirsoymtykttx/Build/Products/Debug-iphonesimulator/Networking.framework/Info.plist --temp-dir-path /Users/darisadam/Library/Developer/Xcode/DerivedData/Madabank-hkohthnbjtgnoechirsoymtykttx/Build/Intermediates.noindex/Networking.build/Debug-iphonesimulator/Networking.build/ssu --bundle-id online.darisadam.networking --product-path /Users/darisadam/Library/Developer/Xcode/DerivedData/Madabank-hkohthnbjtgnoechirsoymtykttx/Build/Products/Debug-iphonesimulator/Networking.framework --extracted-metadata-path /Users/darisadam/Library/Developer/Xcode/DerivedData/Madabank-hkohthnbjtgnoechirsoymtykttx/Build/Products/Debug-iphonesimulator/Networking.framework/Metadata.appintents --metadata-file-list /Users/darisadam/Library/Developer/Xcode/DerivedData/Madabank-hkohthnbjtgnoechirsoymtykttx/Build/Intermediates.noindex/Networking.build/Debug-iphonesimulator/Networking.build/Networking.DependencyMetadataFileList --archive-ssu-assets
2026-02-04 20:00:22.400 appintentsnltrainingprocessor[9376:2533840] Parsing options for appintentsnltrainingprocessor
2026-02-04 20:00:22.400 appintentsnltrainingprocessor[9376:2533840] No AppShortcuts found - Skipping.

GenerateTAPI /Users/darisadam/Library/Developer/Xcode/DerivedData/Madabank-hkohthnbjtgnoechirsoymtykttx/Build/Intermediates.noindex/EagerLinkingTBDs/Debug-iphonesimulator/Networking.framework/Networking.tbd (in target 'Networking' from project 'Networking')
    cd /Users/darisadam/Documents/Projects/iOS\ Apps/madabank-ios/Madabank/Modules/Shared/Networking
    /Applications/Xcode.app/Contents/Developer/Toolchains/XcodeDefault.xctoolchain/usr/bin/tapi stubify -isysroot /Applications/Xcode.app/Contents/Developer/Platforms/iPhoneSimulator.platform/Developer/SDKs/iPhoneSimulator26.1.sdk -F/Users/darisadam/Library/Developer/Xcode/DerivedData/Madabank-hkohthnbjtgnoechirsoymtykttx/Build/Products/Debug-iphonesimulator -L/Users/darisadam/Library/Developer/Xcode/DerivedData/Madabank-hkohthnbjtgnoechirsoymtykttx/Build/Products/Debug-iphonesimulator /Users/darisadam/Library/Developer/Xcode/DerivedData/Madabank-hkohthnbjtgnoechirsoymtykttx/Build/Products/Debug-iphonesimulator/Networking.framework/Networking -o /Users/darisadam/Library/Developer/Xcode/DerivedData/Madabank-hkohthnbjtgnoechirsoymtykttx/Build/Intermediates.noindex/EagerLinkingTBDs/Debug-iphonesimulator/Networking.framework/Networking.tbd

CodeSign /Users/darisadam/Library/Developer/Xcode/DerivedData/Madabank-hkohthnbjtgnoechirsoymtykttx/Build/Products/Debug-iphonesimulator/Networking.framework (in target 'Networking' from project 'Networking')
    cd /Users/darisadam/Documents/Projects/iOS\ Apps/madabank-ios/Madabank/Modules/Shared/Networking
    
    Signing Identity:     "Sign to Run Locally"
    
    /usr/bin/codesign --force --sign - --timestamp\=none --generate-entitlement-der /Users/darisadam/Library/Developer/Xcode/DerivedData/Madabank-hkohthnbjtgnoechirsoymtykttx/Build/Products/Debug-iphonesimulator/Networking.framework

RegisterExecutionPolicyException /Users/darisadam/Library/Developer/Xcode/DerivedData/Madabank-hkohthnbjtgnoechirsoymtykttx/Build/Products/Debug-iphonesimulator/Networking.framework (in target 'Networking' from project 'Networking')
    cd /Users/darisadam/Documents/Projects/iOS\ Apps/madabank-ios/Madabank/Modules/Shared/Networking
    builtin-RegisterExecutionPolicyException /Users/darisadam/Library/Developer/Xcode/DerivedData/Madabank-hkohthnbjtgnoechirsoymtykttx/Build/Products/Debug-iphonesimulator/Networking.framework

Touch /Users/darisadam/Library/Developer/Xcode/DerivedData/Madabank-hkohthnbjtgnoechirsoymtykttx/Build/Products/Debug-iphonesimulator/Networking.framework (in target 'Networking' from project 'Networking')
    cd /Users/darisadam/Documents/Projects/iOS\ Apps/madabank-ios/Madabank/Modules/Shared/Networking
    /usr/bin/touch -c /Users/darisadam/Library/Developer/Xcode/DerivedData/Madabank-hkohthnbjtgnoechirsoymtykttx/Build/Products/Debug-iphonesimulator/Networking.framework

ProcessInfoPlistFile /Users/darisadam/Library/Developer/Xcode/DerivedData/Madabank-hkohthnbjtgnoechirsoymtykttx/Build/Products/Debug-iphonesimulator/Domain.framework/Info.plist /Users/darisadam/Documents/Projects/iOS\ Apps/madabank-ios/Madabank/Modules/Shared/Domain/Derived/InfoPlists/Domain-Info.plist (in target 'Domain' from project 'Domain')
    cd /Users/darisadam/Documents/Projects/iOS\ Apps/madabank-ios/Madabank/Modules/Shared/Domain
    builtin-infoPlistUtility /Users/darisadam/Documents/Projects/iOS\ Apps/madabank-ios/Madabank/Modules/Shared/Domain/Derived/InfoPlists/Domain-Info.plist -producttype com.apple.product-type.framework -expandbuildsettings -format binary -platform iphonesimulator -o /Users/darisadam/Library/Developer/Xcode/DerivedData/Madabank-hkohthnbjtgnoechirsoymtykttx/Build/Products/Debug-iphonesimulator/Domain.framework/Info.plist

Ld /Users/darisadam/Library/Developer/Xcode/DerivedData/Madabank-hkohthnbjtgnoechirsoymtykttx/Build/Products/Debug-iphonesimulator/Domain.framework/Domain normal (in target 'Domain' from project 'Domain')
    cd /Users/darisadam/Documents/Projects/iOS\ Apps/madabank-ios/Madabank/Modules/Shared/Domain
    /Applications/Xcode.app/Contents/Developer/Toolchains/XcodeDefault.xctoolchain/usr/bin/clang -Xlinker -reproducible -target arm64-apple-ios15.0-simulator -dynamiclib -isysroot /Applications/Xcode.app/Contents/Developer/Platforms/iPhoneSimulator.platform/Developer/SDKs/iPhoneSimulator26.1.sdk -O0 -L/Users/darisadam/Library/Developer/Xcode/DerivedData/Madabank-hkohthnbjtgnoechirsoymtykttx/Build/Intermediates.noindex/EagerLinkingTBDs/Debug-iphonesimulator -L/Users/darisadam/Library/Developer/Xcode/DerivedData/Madabank-hkohthnbjtgnoechirsoymtykttx/Build/Products/Debug-iphonesimulator -F/Users/darisadam/Library/Developer/Xcode/DerivedData/Madabank-hkohthnbjtgnoechirsoymtykttx/Build/Intermediates.noindex/EagerLinkingTBDs/Debug-iphonesimulator -F/Users/darisadam/Library/Developer/Xcode/DerivedData/Madabank-hkohthnbjtgnoechirsoymtykttx/Build/Products/Debug-iphonesimulator -filelist /Users/darisadam/Library/Developer/Xcode/DerivedData/Madabank-hkohthnbjtgnoechirsoymtykttx/Build/Intermediates.noindex/Domain.build/Debug-iphonesimulator/Domain.build/Objects-normal/arm64/Domain.LinkFileList -install_name @rpath/Domain.framework/Domain -Xlinker -rpath -Xlinker /usr/lib/swift -Xlinker -rpath -Xlinker @executable_path/Frameworks -Xlinker -rpath -Xlinker @loader_path/Frameworks -dead_strip -Xlinker -object_path_lto -Xlinker /Users/darisadam/Library/Developer/Xcode/DerivedData/Madabank-hkohthnbjtgnoechirsoymtykttx/Build/Intermediates.noindex/Domain.build/Debug-iphonesimulator/Domain.build/Objects-normal/arm64/Domain_lto.o -rdynamic -Xlinker -no_deduplicate -Xlinker -objc_abi_version -Xlinker 2 -Xlinker -dependency_info -Xlinker /Users/darisadam/Library/Developer/Xcode/DerivedData/Madabank-hkohthnbjtgnoechirsoymtykttx/Build/Intermediates.noindex/Domain.build/Debug-iphonesimulator/Domain.build/Objects-normal/arm64/Domain_dependency_info.dat -fobjc-link-runtime -L/Applications/Xcode.app/Contents/Developer/Toolchains/XcodeDefault.xctoolchain/usr/lib/swift/iphonesimulator -L/usr/lib/swift -Xlinker -add_ast_path -Xlinker /Users/darisadam/Library/Developer/Xcode/DerivedData/Madabank-hkohthnbjtgnoechirsoymtykttx/Build/Intermediates.noindex/Domain.build/Debug-iphonesimulator/Domain.build/Objects-normal/arm64/Domain.swiftmodule @/Users/darisadam/Library/Developer/Xcode/DerivedData/Madabank-hkohthnbjtgnoechirsoymtykttx/Build/Intermediates.noindex/Domain.build/Debug-iphonesimulator/Domain.build/Objects-normal/arm64/Domain-linker-args.resp -framework Core -framework Networking -framework RxSwift -Xlinker -no_adhoc_codesign -compatibility_version 1 -current_version 1 -o /Users/darisadam/Library/Developer/Xcode/DerivedData/Madabank-hkohthnbjtgnoechirsoymtykttx/Build/Products/Debug-iphonesimulator/Domain.framework/Domain

ExtractAppIntentsMetadata (in target 'Domain' from project 'Domain')
    cd /Users/darisadam/Documents/Projects/iOS\ Apps/madabank-ios/Madabank/Modules/Shared/Domain
    /Applications/Xcode.app/Contents/Developer/Toolchains/XcodeDefault.xctoolchain/usr/bin/appintentsmetadataprocessor --toolchain-dir /var/run/com.apple.security.cryptexd/mnt/com.apple.MobileAsset.MetalToolchain-v17.2.54.0.wH8bUi/Metal.xctoolchain --module-name Domain --sdk-root /Applications/Xcode.app/Contents/Developer/Platforms/iPhoneSimulator.platform/Developer/SDKs/iPhoneSimulator26.1.sdk --xcode-version 17B100 --platform-family iOS --deployment-target 15.0 --bundle-identifier online.darisadam.domain --output /Users/darisadam/Library/Developer/Xcode/DerivedData/Madabank-hkohthnbjtgnoechirsoymtykttx/Build/Products/Debug-iphonesimulator/Domain.framework --target-triple arm64-apple-ios15.0-simulator --binary-file /Users/darisadam/Library/Developer/Xcode/DerivedData/Madabank-hkohthnbjtgnoechirsoymtykttx/Build/Products/Debug-iphonesimulator/Domain.framework/Domain --dependency-file /Users/darisadam/Library/Developer/Xcode/DerivedData/Madabank-hkohthnbjtgnoechirsoymtykttx/Build/Intermediates.noindex/Domain.build/Debug-iphonesimulator/Domain.build/Objects-normal/arm64/Domain_dependency_info.dat --stringsdata-file /Users/darisadam/Library/Developer/Xcode/DerivedData/Madabank-hkohthnbjtgnoechirsoymtykttx/Build/Intermediates.noindex/Domain.build/Debug-iphonesimulator/Domain.build/Objects-normal/arm64/ExtractedAppShortcutsMetadata.stringsdata --source-file-list /Users/darisadam/Library/Developer/Xcode/DerivedData/Madabank-hkohthnbjtgnoechirsoymtykttx/Build/Intermediates.noindex/Domain.build/Debug-iphonesimulator/Domain.build/Objects-normal/arm64/Domain.SwiftFileList --metadata-file-list /Users/darisadam/Library/Developer/Xcode/DerivedData/Madabank-hkohthnbjtgnoechirsoymtykttx/Build/Intermediates.noindex/Domain.build/Debug-iphonesimulator/Domain.build/Domain.DependencyMetadataFileList --static-metadata-file-list /Users/darisadam/Library/Developer/Xcode/DerivedData/Madabank-hkohthnbjtgnoechirsoymtykttx/Build/Intermediates.noindex/Domain.build/Debug-iphonesimulator/Domain.build/Domain.DependencyStaticMetadataFileList --swift-const-vals-list /Users/darisadam/Library/Developer/Xcode/DerivedData/Madabank-hkohthnbjtgnoechirsoymtykttx/Build/Intermediates.noindex/Domain.build/Debug-iphonesimulator/Domain.build/Objects-normal/arm64/Domain.SwiftConstValuesFileList --compile-time-extraction --deployment-aware-processing --validate-assistant-intents --no-app-shortcuts-localization
2026-02-04 20:00:22.617 appintentsmetadataprocessor[9382:2533860] Starting appintentsmetadataprocessor export
2026-02-04 20:00:22.618 appintentsmetadataprocessor[9382:2533860] warning: Metadata extraction skipped. No AppIntents.framework dependency found.

AppIntentsSSUTraining (in target 'Domain' from project 'Domain')
    cd /Users/darisadam/Documents/Projects/iOS\ Apps/madabank-ios/Madabank/Modules/Shared/Domain
    /Applications/Xcode.app/Contents/Developer/Toolchains/XcodeDefault.xctoolchain/usr/bin/appintentsnltrainingprocessor --infoplist-path /Users/darisadam/Library/Developer/Xcode/DerivedData/Madabank-hkohthnbjtgnoechirsoymtykttx/Build/Products/Debug-iphonesimulator/Domain.framework/Info.plist --temp-dir-path /Users/darisadam/Library/Developer/Xcode/DerivedData/Madabank-hkohthnbjtgnoechirsoymtykttx/Build/Intermediates.noindex/Domain.build/Debug-iphonesimulator/Domain.build/ssu --bundle-id online.darisadam.domain --product-path /Users/darisadam/Library/Developer/Xcode/DerivedData/Madabank-hkohthnbjtgnoechirsoymtykttx/Build/Products/Debug-iphonesimulator/Domain.framework --extracted-metadata-path /Users/darisadam/Library/Developer/Xcode/DerivedData/Madabank-hkohthnbjtgnoechirsoymtykttx/Build/Products/Debug-iphonesimulator/Domain.framework/Metadata.appintents --metadata-file-list /Users/darisadam/Library/Developer/Xcode/DerivedData/Madabank-hkohthnbjtgnoechirsoymtykttx/Build/Intermediates.noindex/Domain.build/Debug-iphonesimulator/Domain.build/Domain.DependencyMetadataFileList --archive-ssu-assets
2026-02-04 20:00:22.631 appintentsnltrainingprocessor[9383:2533861] Parsing options for appintentsnltrainingprocessor
2026-02-04 20:00:22.632 appintentsnltrainingprocessor[9383:2533861] No AppShortcuts found - Skipping.

GenerateTAPI /Users/darisadam/Library/Developer/Xcode/DerivedData/Madabank-hkohthnbjtgnoechirsoymtykttx/Build/Intermediates.noindex/EagerLinkingTBDs/Debug-iphonesimulator/Domain.framework/Domain.tbd (in target 'Domain' from project 'Domain')
    cd /Users/darisadam/Documents/Projects/iOS\ Apps/madabank-ios/Madabank/Modules/Shared/Domain
    /Applications/Xcode.app/Contents/Developer/Toolchains/XcodeDefault.xctoolchain/usr/bin/tapi stubify -isysroot /Applications/Xcode.app/Contents/Developer/Platforms/iPhoneSimulator.platform/Developer/SDKs/iPhoneSimulator26.1.sdk -F/Users/darisadam/Library/Developer/Xcode/DerivedData/Madabank-hkohthnbjtgnoechirsoymtykttx/Build/Products/Debug-iphonesimulator -L/Users/darisadam/Library/Developer/Xcode/DerivedData/Madabank-hkohthnbjtgnoechirsoymtykttx/Build/Products/Debug-iphonesimulator /Users/darisadam/Library/Developer/Xcode/DerivedData/Madabank-hkohthnbjtgnoechirsoymtykttx/Build/Products/Debug-iphonesimulator/Domain.framework/Domain -o /Users/darisadam/Library/Developer/Xcode/DerivedData/Madabank-hkohthnbjtgnoechirsoymtykttx/Build/Intermediates.noindex/EagerLinkingTBDs/Debug-iphonesimulator/Domain.framework/Domain.tbd

CodeSign /Users/darisadam/Library/Developer/Xcode/DerivedData/Madabank-hkohthnbjtgnoechirsoymtykttx/Build/Products/Debug-iphonesimulator/Domain.framework (in target 'Domain' from project 'Domain')
    cd /Users/darisadam/Documents/Projects/iOS\ Apps/madabank-ios/Madabank/Modules/Shared/Domain
    
    Signing Identity:     "Sign to Run Locally"
    
    /usr/bin/codesign --force --sign - --timestamp\=none --generate-entitlement-der /Users/darisadam/Library/Developer/Xcode/DerivedData/Madabank-hkohthnbjtgnoechirsoymtykttx/Build/Products/Debug-iphonesimulator/Domain.framework

RegisterExecutionPolicyException /Users/darisadam/Library/Developer/Xcode/DerivedData/Madabank-hkohthnbjtgnoechirsoymtykttx/Build/Products/Debug-iphonesimulator/Domain.framework (in target 'Domain' from project 'Domain')
    cd /Users/darisadam/Documents/Projects/iOS\ Apps/madabank-ios/Madabank/Modules/Shared/Domain
    builtin-RegisterExecutionPolicyException /Users/darisadam/Library/Developer/Xcode/DerivedData/Madabank-hkohthnbjtgnoechirsoymtykttx/Build/Products/Debug-iphonesimulator/Domain.framework

Touch /Users/darisadam/Library/Developer/Xcode/DerivedData/Madabank-hkohthnbjtgnoechirsoymtykttx/Build/Products/Debug-iphonesimulator/Domain.framework (in target 'Domain' from project 'Domain')
    cd /Users/darisadam/Documents/Projects/iOS\ Apps/madabank-ios/Madabank/Modules/Shared/Domain
    /usr/bin/touch -c /Users/darisadam/Library/Developer/Xcode/DerivedData/Madabank-hkohthnbjtgnoechirsoymtykttx/Build/Products/Debug-iphonesimulator/Domain.framework

** BUILD SUCCEEDED **

